{
	"start":	{
		"connected":	[{
				"socket":	274,
				"local_host":	"100.124.85.183",
				"local_port":	45254,
				"remote_host":	"52.240.159.197",
				"remote_port":	5201
			}],
		"version":	"iperf 3.7",
		"system_info":	"Linux localhost 4.19.110-g9ceb3bf92e0a-ab6790968 #2 SMP PREEMPT Wed Aug 26 04:14:37 UTC 2020 aarch64",
		"timestamp":	{
			"time":	"Mon, 17 May 2021 23:21:57 GMT",
			"timesecs":	1621293717
		},
		"connecting_to":	{
			"host":	"52.240.159.197",
			"port":	5201
		},
		"cookie":	"eyyjtmtmuvpm6pqoa2ogrwxohmopf7crayj5",
		"tcp_mss_default":	1376,
		"target_bitrate":	3000000000,
		"sock_bufsize":	0,
		"sndbuf_actual":	2097152,
		"rcvbuf_actual":	6291456,
		"test_start":	{
			"protocol":	"TCP",
			"num_streams":	1,
			"blksize":	131072,
			"omit":	0,
			"duration":	30,
			"bytes":	0,
			"blocks":	0,
			"reverse":	1,
			"tos":	0
		}
	},
	"intervals":	[{
			"streams":	[{
					"socket":	274,
					"start":	0,
					"end":	1.000098,
					"seconds":	1.0000979900360107,
					"bytes":	9351296,
					"bits_per_second":	74803038.047608,
					"omitted":	false,
					"sender":	false
				}],
			"sum":	{
				"start":	0,
				"end":	1.000098,
				"seconds":	1.0000979900360107,
				"bytes":	9351296,
				"bits_per_second":	74803038.047608,
				"omitted":	false,
				"sender":	false
			}
		}, {
			"streams":	[{
					"socket":	274,
					"start":	1.000098,
					"end":	2.000427,
					"seconds":	1.0003290176391602,
					"bytes":	54900672,
					"bits_per_second":	439060917.21357089,
					"omitted":	false,
					"sender":	false
				}],
			"sum":	{
				"start":	1.000098,
				"end":	2.000427,
				"seconds":	1.0003290176391602,
				"bytes":	54900672,
				"bits_per_second":	439060917.21357089,
				"omitted":	false,
				"sender":	false
			}
		}, {
			"streams":	[{
					"socket":	274,
					"start":	2.000427,
					"end":	3.00019,
					"seconds":	0.999763011932373,
					"bytes":	102553408,
					"bits_per_second":	820621741.56078517,
					"omitted":	false,
					"sender":	false
				}],
			"sum":	{
				"start":	2.000427,
				"end":	3.00019,
				"seconds":	0.999763011932373,
				"bytes":	102553408,
				"bits_per_second":	820621741.56078517,
				"omitted":	false,
				"sender":	false
			}
		}, {
			"streams":	[{
					"socket":	274,
					"start":	3.00019,
					"end":	4.000358,
					"seconds":	1.0001679658889771,
					"bytes":	81835968,
					"bits_per_second":	654577797.25837886,
					"omitted":	false,
					"sender":	false
				}],
			"sum":	{
				"start":	3.00019,
				"end":	4.000358,
				"seconds":	1.0001679658889771,
				"bytes":	81835968,
				"bits_per_second":	654577797.25837886,
				"omitted":	false,
				"sender":	false
			}
		}, {
			"streams":	[{
					"socket":	274,
					"start":	4.000358,
					"end":	5.000096,
					"seconds":	0.99973797798156738,
					"bytes":	71112448,
					"bits_per_second":	569048687.285629,
					"omitted":	false,
					"sender":	false
				}],
			"sum":	{
				"start":	4.000358,
				"end":	5.000096,
				"seconds":	0.99973797798156738,
				"bytes":	71112448,
				"bits_per_second":	569048687.285629,
				"omitted":	false,
				"sender":	false
			}
		}, {
			"streams":	[{
					"socket":	274,
					"start":	5.000096,
					"end":	6.000089,
					"seconds":	0.99999302625656128,
					"bytes":	47639040,
					"bits_per_second":	381114977.7980758,
					"omitted":	false,
					"sender":	false
				}],
			"sum":	{
				"start":	5.000096,
				"end":	6.000089,
				"seconds":	0.99999302625656128,
				"bytes":	47639040,
				"bits_per_second":	381114977.7980758,
				"omitted":	false,
				"sender":	false
			}
		}, {
			"streams":	[{
					"socket":	274,
					"start":	6.000089,
					"end":	7.000395,
					"seconds":	1.0003060102462769,
					"bytes":	47988000,
					"bits_per_second":	383786557.3810581,
					"omitted":	false,
					"sender":	false
				}],
			"sum":	{
				"start":	6.000089,
				"end":	7.000395,
				"seconds":	1.0003060102462769,
				"bytes":	47988000,
				"bits_per_second":	383786557.3810581,
				"omitted":	false,
				"sender":	false
			}
		}, {
			"streams":	[{
					"socket":	274,
					"start":	7.000395,
					"end":	8.000103,
					"seconds":	0.99970799684524536,
					"bytes":	50588640,
					"bits_per_second":	404827330.85774136,
					"omitted":	false,
					"sender":	false
				}],
			"sum":	{
				"start":	7.000395,
				"end":	8.000103,
				"seconds":	0.99970799684524536,
				"bytes":	50588640,
				"bits_per_second":	404827330.85774136,
				"omitted":	false,
				"sender":	false
			}
		}, {
			"streams":	[{
					"socket":	274,
					"start":	8.000103,
					"end":	9.000826,
					"seconds":	1.0007230043411255,
					"bytes":	52260480,
					"bits_per_second":	417781781.9580012,
					"omitted":	false,
					"sender":	false
				}],
			"sum":	{
				"start":	8.000103,
				"end":	9.000826,
				"seconds":	1.0007230043411255,
				"bytes":	52260480,
				"bits_per_second":	417781781.9580012,
				"omitted":	false,
				"sender":	false
			}
		}, {
			"streams":	[{
					"socket":	274,
					"start":	9.000826,
					"end":	10.000154,
					"seconds":	0.99932801723480225,
					"bytes":	40248000,
					"bits_per_second":	322200513.19180274,
					"omitted":	false,
					"sender":	false
				}],
			"sum":	{
				"start":	9.000826,
				"end":	10.000154,
				"seconds":	0.99932801723480225,
				"bytes":	40248000,
				"bits_per_second":	322200513.19180274,
				"omitted":	false,
				"sender":	false
			}
		}, {
			"streams":	[{
					"socket":	274,
					"start":	10.000154,
					"end":	11.000145,
					"seconds":	0.99999099969863892,
					"bytes":	32447456,
					"bits_per_second":	259581984.31608674,
					"omitted":	false,
					"sender":	false
				}],
			"sum":	{
				"start":	10.000154,
				"end":	11.000145,
				"seconds":	0.99999099969863892,
				"bytes":	32447456,
				"bits_per_second":	259581984.31608674,
				"omitted":	false,
				"sender":	false
			}
		}, {
			"streams":	[{
					"socket":	274,
					"start":	11.000145,
					"end":	12.00014,
					"seconds":	0.99999499320983887,
					"bytes":	27092064,
					"bits_per_second":	216737597.159669,
					"omitted":	false,
					"sender":	false
				}],
			"sum":	{
				"start":	11.000145,
				"end":	12.00014,
				"seconds":	0.99999499320983887,
				"bytes":	27092064,
				"bits_per_second":	216737597.159669,
				"omitted":	false,
				"sender":	false
			}
		}, {
			"streams":	[{
					"socket":	274,
					"start":	12.00014,
					"end":	13.000487,
					"seconds":	1.0003470182418823,
					"bytes":	30623232,
					"bits_per_second":	244900870.9303343,
					"omitted":	false,
					"sender":	false
				}],
			"sum":	{
				"start":	12.00014,
				"end":	13.000487,
				"seconds":	1.0003470182418823,
				"bytes":	30623232,
				"bits_per_second":	244900870.9303343,
				"omitted":	false,
				"sender":	false
			}
		}, {
			"streams":	[{
					"socket":	274,
					"start":	13.000487,
					"end":	14.001915,
					"seconds":	1.0014280080795288,
					"bytes":	23281920,
					"bits_per_second":	185989765.11270937,
					"omitted":	false,
					"sender":	false
				}],
			"sum":	{
				"start":	13.000487,
				"end":	14.001915,
				"seconds":	1.0014280080795288,
				"bytes":	23281920,
				"bits_per_second":	185989765.11270937,
				"omitted":	false,
				"sender":	false
			}
		}, {
			"streams":	[{
					"socket":	274,
					"start":	14.001915,
					"end":	15.000194,
					"seconds":	0.99827897548675537,
					"bytes":	25657920,
					"bits_per_second":	205617232.29712889,
					"omitted":	false,
					"sender":	false
				}],
			"sum":	{
				"start":	14.001915,
				"end":	15.000194,
				"seconds":	0.99827897548675537,
				"bytes":	25657920,
				"bits_per_second":	205617232.29712889,
				"omitted":	false,
				"sender":	false
			}
		}, {
			"streams":	[{
					"socket":	274,
					"start":	15.000194,
					"end":	16.000146,
					"seconds":	0.99995201826095581,
					"bytes":	13133920,
					"bits_per_second":	105076401.7484884,
					"omitted":	false,
					"sender":	false
				}],
			"sum":	{
				"start":	15.000194,
				"end":	16.000146,
				"seconds":	0.99995201826095581,
				"bytes":	13133920,