{"start": {"connected": [{"socket": 141, "local_host": "100.123.106.128", "local_port": 46690, "remote_host": "20.96.192.197", "remote_port": 5201}], "version": "iperf 3.7", "system_info": "Linux localhost 4.19.110-g9ceb3bf92e0a-ab6790968 #2 SMP PREEMPT Wed Aug 26 04:14:37 UTC 2020 aarch64", "timestamp": {"time": "2021-01-25 06:40:45 ", "timesecs": 1611596445.0}, "connecting_to": {"host": "20.96.192.197", "port": 5201}, "cookie": "446ji3uo2r2ouzlfkgsm4h5z4ls5kh5somhe", "sock_bufsize": 0, "sndbuf_actual": 212992, "rcvbuf_actual": 212992, "test_start": {"protocol": "UDP", "num_streams": 1, "blksize": 1376, "omit": 0, "duration": 30, "bytes": 0, "blocks": 0, "reverse": 1, "tos": 0}}, "intervals": [{"streams": [{"socket": 141, "start": 0, "end": 1.002039, "seconds": 1.0020389556884766, "bytes": 14108128, "bits_per_second": 112635365.48082922, "jitter_ms": 0.032500297215196004, "lost_packets": 168881, "packets": 179134, "lost_percent": 94.27635178134804, "omitted": false, "sender": false}], "sum": {"start": 0, "end": 1.002039, "seconds": 1.0020389556884766, "bytes": 14108128, "bits_per_second": 112635365.48082922, "jitter_ms": 0.032500297215196004, "lost_packets": 168881, "packets": 179134, "lost_percent": 94.27635178134804, "omitted": false, "sender": false}}, {"streams": [{"socket": 141, "start": 1.002039, "end": 2.000013, "seconds": 0.9979739785194397, "bytes": 86517376, "bits_per_second": 693544143.3321077, "jitter_ms": 0.003510567230214056, "lost_packets": 158907, "packets": 221783, "lost_percent": 71.64976576202865, "omitted": false, "sender": false}], "sum": {"start": 1.002039, "end": 2.000013, "seconds": 0.9979739785194397, "bytes": 86517376, "bits_per_second": 693544143.3321077, "jitter_ms": 0.003510567230214056, "lost_packets": 158907, "packets": 221783, "lost_percent": 71.64976576202865, "omitted": false, "sender": false}}, {"streams": [{"socket": 141, "start": 2.000013, "end": 3.000012, "seconds": 0.9999989867210388, "bytes": 126004448, "bits_per_second": 1008036605.4222844, "jitter_ms": 0.001571140532017725, "lost_packets": 128066, "packets": 219639, "lost_percent": 58.30749548122146, "omitted": false, "sender": false}], "sum": {"start": 2.000013, "end": 3.000012, "seconds": 0.9999989867210388, "bytes": 126004448, "bits_per_second": 1008036605.4222844, "jitter_ms": 0.001571140532017725, "lost_packets": 128066, "packets": 219639, "lost_percent": 58.30749548122146, "omitted": false, "sender": false}}, {"streams": [{"socket": 141, "start": 3.000012, "end": 4.001207, "seconds": 1.001194953918457, "bytes": 199039776, "bits_per_second": 1590417732.0990448, "jitter_ms": 0.18768909413174076, "lost_packets": 78103, "packets": 222754, "lost_percent": 35.062445567756356, "omitted": false, "sender": false}], "sum": {"start": 3.000012, "end": 4.001207, "seconds": 1.001194953918457, "bytes": 199039776, "bits_per_second": 1590417732.0990448, "jitter_ms": 0.18768909413174076, "lost_packets": 78103, "packets": 222754, "lost_percent": 35.062445567756356, "omitted": false, "sender": false}}, {"streams": [{"socket": 141, "start": 4.001207, "end": 5.002613, "seconds": 1.001405954360962, "bytes": 151973696, "bits_per_second": 1214082623.2412858, "jitter_ms": 0.196604501181662, "lost_packets": 110665, "packets": 221111, "lost_percent": 50.04952263795107, "omitted": false, "sender": false}], "sum": {"start": 4.001207, "end": 5.002613, "seconds": 1.001405954360962, "bytes": 151973696, "bits_per_second": 1214082623.2412858, "jitter_ms": 0.196604501181662, "lost_packets": 110665, "packets": 221111, "lost_percent": 50.04952263795107, "omitted": false, "sender": false}}, {"streams": [{"socket": 141, "start": 5.002613, "end": 6.000014, "seconds": 0.9974009990692139, "bytes": 213720320, "bits_per_second": 1714217813.6933591, "jitter_ms": 0.0016172882317858277, "lost_packets": 59410, "packets": 214730, "lost_percent": 27.667303124854467, "omitted": false, "sender": false}], "sum": {"start": 5.002613, "end": 6.000014, "seconds": 0.9974009990692139, "bytes": 213720320, "bits_per_second": 1714217813.6933591, "jitter_ms": 0.0016172882317858277, "lost_packets": 59410, "packets": 214730, "lost_percent": 27.667303124854467, "omitted": false, "sender": false}}, {"streams": [{"socket": 141, "start": 6.000014, "end": 7.000014, "seconds": 1, "bytes": 234153920, "bits_per_second": 1873231360, "jitter_ms": 0.0012070243165864557, "lost_packets": 49406, "packets": 219576, "lost_percent": 22.500637592450904, "omitted": false, "sender": false}], "sum": {"start": 6.000014, "end": 7.000014, "seconds": 1, "bytes": 234153920, "bits_per_second": 1873231360, "jitter_ms": 0.0012070243165864557, "lost_packets": 49406, "packets": 219576, "lost_percent": 22.500637592450904, "omitted": false, "sender": false}}, {"streams": [{"socket": 141, "start": 7.000014, "end": 8.000178, "seconds": 1.0001640319824219, "bytes": 200463936, "bits_per_second": 1603448471.168563, "jitter_ms": 0.1102737183565054, "lost_packets": 70918, "packets": 216604, "lost_percent": 32.74085427785267, "omitted": false, "sender": false}], "sum": {"start": 7.000014, "end": 8.000178, "seconds": 1.0001640319824219, "bytes": 200463936, "bits_per_second": 1603448471.168563, "jitter_ms": 0.1102737183565054, "lost_packets": 70918, "packets": 216604, "lost_percent": 32.74085427785267, "omitted": false, "sender": false}}, {"streams": [{"socket": 141, "start": 8.000178, "end": 9.001163, "seconds": 1.000985026359558, "bytes": 226654720, "bits_per_second": 1811453430.6217256, "jitter_ms": 0.0015706620984207698, "lost_packets": 51593, "packets": 216313, "lost_percent": 23.851086157558722, "omitted": false, "sender": false}], "sum": {"start": 8.000178, "end": 9.001163, "seconds": 1.000985026359558, "bytes": 226654720, "bits_per_second": 1811453430.6217256, "jitter_ms": 0.0015706620984207698, "lost_packets": 51593, "packets": 216313, "lost_percent": 23.851086157558722, "omitted": false, "sender": false}}, {"streams": [{"socket": 141, "start": 9.001163, "end": 10.000012, "seconds": 0.9988489747047424, "bytes": 227860096, "bits_per_second": 1824981367.7176168, "jitter_ms": 0.0017799943743370846, "lost_packets": 57564, "packets": 223160, "lost_percent": 25.794945330704426, "omitted": false, "sender": false}], "sum": {"start": 9.001163, "end": 10.000012, "seconds": 0.9988489747047424, "bytes": 227860096, "bits_per_second": 1824981367.7176168, "jitter_ms": 0.0017799943743370846, "lost_packets": 57564, "packets": 223160, "lost_percent": 25.794945330704426, "omitted": false, "sender": false}}, {"streams": [{"socket": 141, "start": 10.000012, "end": 11.002098, "seconds": 1.0020860433578491, "bytes": 35814528, "bits_per_second": 285919782.9359288, "jitter_ms": 0.32686512232333814, "lost_packets": 183485, "packets": 209513, "lost_percent": 87.57690453575673, "omitted": false, "sender": false}], "sum": {"start": 10.000012, "end": 11.002098, "seconds": 1.0020860433578491, "bytes": 35814528, "bits_per_second": 285919782.9359288, "jitter_ms": 0.32686512232333814, "lost_packets": 183485, "packets": 209513, "lost_percent": 87.57690453575673, "omitted": false, "sender": false}}, {"streams": [{"socket": 141, "start": 11.002098, "end": 12.000348, "seconds": 0.9982500076293945, "bytes": 24699200, "bits_per_second": 197939993.47842494, "jitter_ms": 0.03265294290175933, "lost_packets": 200608, "packets": 218558, "lost_percent": 91.78707711454167, "omitted": false, "sender": false}], "sum": {"start": 11.002098, "end": 12.000348, "seconds": 0.9982500076293945, "bytes": 24699200, "bits_per_second": 197939993.47842494, "jitter_ms": 0.03265294290175933, "lost_packets": 200608, "packets": 218558, "lost_percent": 91.78707711454167, "omitted": false, "sender": false}}, {"streams": [{"socket": 141, "start": 12.000348, "end": 13.002598, "seconds": 1.0022499561309814, "bytes": 29864704, "bits_per_second": 238381284.56727663, "jitter_ms": 0.4421953564404303, "lost_packets": 206425, "packets": 228129, "lost_percent": 90.48608462755722, "omitted": false, "sender": false}],