{
	"start":	{
		"connected":	[{
				"socket":	197,
				"local_host":	"100.124.59.153",
				"local_port":	38966,
				"remote_host":	"104.210.37.160",
				"remote_port":	5201
			}],
		"version":	"iperf 3.7",
		"system_info":	"Linux localhost 4.19.110-g9ceb3bf92e0a-ab6790968 #2 SMP PREEMPT Wed Aug 26 04:14:37 UTC 2020 aarch64",
		"timestamp":	{
			"time":	"Tue, 11 May 2021 17:04:36 GMT",
			"timesecs":	1620752676
		},
		"connecting_to":	{
			"host":	"104.210.37.160",
			"port":	5201
		},
		"cookie":	"ok22s6gpruouyorbh3ulory4i7xvpi75g3oq",
		"tcp_mss_default":	1376,
		"target_bitrate":	2000000000,
		"sock_bufsize":	0,
		"sndbuf_actual":	2097152,
		"rcvbuf_actual":	6291456,
		"test_start":	{
			"protocol":	"TCP",
			"num_streams":	1,
			"blksize":	131072,
			"omit":	0,
			"duration":	30,
			"bytes":	0,
			"blocks":	0,
			"reverse":	1,
			"tos":	0
		}
	},
	"intervals":	[{
			"streams":	[{
					"socket":	197,
					"start":	0,
					"end":	1.000103,
					"seconds":	1.0001029968261719,
					"bytes":	4811872,
					"bits_per_second":	38491011.547974415,
					"omitted":	false,
					"sender":	false
				}],
			"sum":	{
				"start":	0,
				"end":	1.000103,
				"seconds":	1.0001029968261719,
				"bytes":	4811872,
				"bits_per_second":	38491011.547974415,
				"omitted":	false,
				"sender":	false
			}
		}, {
			"streams":	[{
					"socket":	197,
					"start":	1.000103,
					"end":	2.000113,
					"seconds":	1.0000100135803223,
					"bytes":	11723520,
					"bits_per_second":	93787220.854130775,
					"omitted":	false,
					"sender":	false
				}],
			"sum":	{
				"start":	1.000103,
				"end":	2.000113,
				"seconds":	1.0000100135803223,
				"bytes":	11723520,
				"bits_per_second":	93787220.854130775,
				"omitted":	false,
				"sender":	false
			}
		}, {
			"streams":	[{
					"socket":	197,
					"start":	2.000113,
					"end":	3.000118,
					"seconds":	1.0000050067901611,
					"bytes":	20784480,
					"bits_per_second":	166275007.49592844,
					"omitted":	false,
					"sender":	false
				}],
			"sum":	{
				"start":	2.000113,
				"end":	3.000118,
				"seconds":	1.0000050067901611,
				"bytes":	20784480,
				"bits_per_second":	166275007.49592844,
				"omitted":	false,
				"sender":	false
			}
		}, {
			"streams":	[{
					"socket":	197,
					"start":	3.000118,
					"end":	4.000108,
					"seconds":	0.99998998641967773,
					"bytes":	33643680,
					"bits_per_second":	269152135.17652452,
					"omitted":	false,
					"sender":	false
				}],
			"sum":	{
				"start":	3.000118,
				"end":	4.000108,
				"seconds":	0.99998998641967773,
				"bytes":	33643680,
				"bits_per_second":	269152135.17652452,
				"omitted":	false,
				"sender":	false
			}
		}, {
			"streams":	[{
					"socket":	197,
					"start":	4.000108,
					"end":	5.000122,
					"seconds":	1.0000139474868774,
					"bytes":	34059680,
					"bits_per_second":	272473639.67748612,
					"omitted":	false,
					"sender":	false
				}],
			"sum":	{
				"start":	4.000108,
				"end":	5.000122,
				"seconds":	1.0000139474868774,
				"bytes":	34059680,
				"bits_per_second":	272473639.67748612,
				"omitted":	false,
				"sender":	false
			}
		}, {
			"streams":	[{
					"socket":	197,
					"start":	5.000122,
					"end":	6.000302,
					"seconds":	1.0001800060272217,
					"bytes":	34496448,
					"bits_per_second":	275921916.39200687,
					"omitted":	false,
					"sender":	false
				}],
			"sum":	{
				"start":	5.000122,
				"end":	6.000302,
				"seconds":	1.0001800060272217,
				"bytes":	34496448,
				"bits_per_second":	275921916.39200687,
				"omitted":	false,
				"sender":	false
			}
		}, {
			"streams":	[{
					"socket":	197,
					"start":	6.000302,
					"end":	7.000115,
					"seconds":	0.9998130202293396,
					"bytes":	36857088,
					"bits_per_second":	294911846.54943287,
					"omitted":	false,
					"sender":	false
				}],
			"sum":	{
				"start":	6.000302,
				"end":	7.000115,
				"seconds":	0.9998130202293396,
				"bytes":	36857088,
				"bits_per_second":	294911846.54943287,
				"omitted":	false,
				"sender":	false
			}
		}, {
			"streams":	[{
					"socket":	197,
					"start":	7.000115,
					"end":	8.000158,
					"seconds":	1.0000430345535278,
					"bytes":	39008800,
					"bits_per_second":	312056970.76758778,
					"omitted":	false,
					"sender":	false
				}],
			"sum":	{
				"start":	7.000115,
				"end":	8.000158,
				"seconds":	1.0000430345535278,
				"bytes":	39008800,
				"bits_per_second":	312056970.76758778,
				"omitted":	false,
				"sender":	false
			}
		}, {
			"streams":	[{
					"socket":	197,
					"start":	8.000158,
					"end":	9.000116,
					"seconds":	0.99995797872543335,
					"bytes":	37487040,
					"bits_per_second":	299908922.55517966,
					"omitted":	false,
					"sender":	false
				}],
			"sum":	{
				"start":	8.000158,
				"end":	9.000116,
				"seconds":	0.99995797872543335,
				"bytes":	37487040,
				"bits_per_second":	299908922.55517966,
				"omitted":	false,
				"sender":	false
			}
		}, {
			"streams":	[{
					"socket":	197,
					"start":	9.000116,
					"end":	10.000389,
					"seconds":	1.0002729892730713,
					"bytes":	34043904,
					"bits_per_second":	272276903.32608694,
					"omitted":	false,
					"sender":	false
				}],
			"sum":	{
				"start":	9.000116,
				"end":	10.000389,
				"seconds":	1.0002729892730713,
				"bytes":	34043904,
				"bits_per_second":	272276903.32608694,
				"omitted":	false,
				"sender":	false
			}
		}, {
			"streams":	[{
					"socket":	197,
					"start":	10.000389,
					"end":	11.000115,
					"seconds":	0.99972599744796753,
					"bytes":	34375520,
					"bits_per_second":	275079532.49391526,
					"omitted":	false,
					"sender":	false
				}],
			"sum":	{
				"start":	10.000389,
				"end":	11.000115,
				"seconds":	0.99972599744796753,
				"bytes":	34375520,
				"bits_per_second":	275079532.49391526,
				"omitted":	false,
				"sender":	false
			}
		}, {
			"streams":	[{
					"socket":	197,
					"start":	11.000115,
					"end":	12.000051,
					"seconds":	0.99993598461151123,
					"bytes":	34339232,
					"bits_per_second":	274731443.04005629,
					"omitted":	false,
					"sender":	false
				}],
			"sum":	{
				"start":	11.000115,
				"end":	12.000051,
				"seconds":	0.99993598461151123,
				"bytes":	34339232,
				"bits_per_second":	274731443.04005629,
				"omitted":	false,
				"sender":	false
			}
		}, {
			"streams":	[{
					"socket":	197,
					"start":	12.000051,
					"end":	13.00012,
					"seconds":	1.00006902217865,
					"bytes":	31721056,
					"bits_per_second":	253750933.55773139,
					"omitted":	false,
					"sender":	false
				}],
			"sum":	{
				"start":	12.000051,
				"end":	13.00012,
				"seconds":	1.00006902217865,
				"bytes":	31721056,
				"bits_per_second":	253750933.55773139,
				"omitted":	false,
				"sender":	false
			}
		}, {
			"streams":	[{
					"socket":	197,
					"start":	13.00012,
					"end":	14.000098,
					"seconds":	0.99997800588607788,
					"bytes":	34340608,
					"bits_per_second":	274730906.46285468,
					"omitted":	false,
					"sender":	false
				}],
			"sum":	{
				"start":	13.00012,
				"end":	14.000098,
				"seconds":	0.99997800588607788,
				"bytes":	34340608,
				"bits_per_second":	274730906.46285468,
				"omitted":	false,
				"sender":	false
			}
		}, {
			"streams":	[{
					"socket":	197,
					"start":	14.000098,
					"end":	15.000121,
					"seconds":	1.0000230073928833,
					"bytes":	39714432,
					"bits_per_second":	317708146.36385441,
					"omitted":	false,
					"sender":	false
				}],
			"sum":	{
				"start":	14.000098,
				"end":	15.000121,
				"seconds":	1.0000230073928833,
				"bytes":	39714432,
				"bits_per_second":	317708146.36385441,
				"omitted":	false,
				"sender":	false
			}
		}, {
			"streams":	[{
					"socket":	197,
					"start":	15.000121,
					"end":	16.000147,
					"seconds":	1.0000259876251221,
					"bytes":	34350880,
					"bits_per_second":	274799898.60325152,
					"omitted":	false,
					"sender":	false
				}],
			"sum":	{
				"start":	15.000121,
				"end":	16.000147,
				"seconds":	1.0000259876251221,
				"bytes":	34350880,