{
	"start":	{
		"connected":	[{
				"socket":	481,
				"local_host":	"100.124.59.153",
				"local_port":	40962,
				"remote_host":	"52.237.164.255",
				"remote_port":	5201
			}],
		"version":	"iperf 3.7",
		"system_info":	"Linux localhost 4.19.110-g9ceb3bf92e0a-ab6790968 #2 SMP PREEMPT Wed Aug 26 04:14:37 UTC 2020 aarch64",
		"timestamp":	{
			"time":	"Tue, 11 May 2021 18:02:51 GMT",
			"timesecs":	1620756171
		},
		"connecting_to":	{
			"host":	"52.237.164.255",
			"port":	5201
		},
		"cookie":	"54dedmg5qrox6iaq5ehgj7ffz32u35gcjjdx",
		"tcp_mss_default":	1376,
		"target_bitrate":	2000000000,
		"sock_bufsize":	0,
		"sndbuf_actual":	2097152,
		"rcvbuf_actual":	6291456,
		"test_start":	{
			"protocol":	"TCP",
			"num_streams":	1,
			"blksize":	131072,
			"omit":	0,
			"duration":	30,
			"bytes":	0,
			"blocks":	0,
			"reverse":	1,
			"tos":	0
		}
	},
	"intervals":	[{
			"streams":	[{
					"socket":	481,
					"start":	0,
					"end":	1.000504,
					"seconds":	1.0005040168762207,
					"bytes":	4981472,
					"bits_per_second":	39831700.150915377,
					"omitted":	false,
					"sender":	false
				}],
			"sum":	{
				"start":	0,
				"end":	1.000504,
				"seconds":	1.0005040168762207,
				"bytes":	4981472,
				"bits_per_second":	39831700.150915377,
				"omitted":	false,
				"sender":	false
			}
		}, {
			"streams":	[{
					"socket":	481,
					"start":	1.000504,
					"end":	2.000117,
					"seconds":	0.99961298704147339,
					"bytes":	29956896,
					"bits_per_second":	239747953.56480983,
					"omitted":	false,
					"sender":	false
				}],
			"sum":	{
				"start":	1.000504,
				"end":	2.000117,
				"seconds":	0.99961298704147339,
				"bytes":	29956896,
				"bits_per_second":	239747953.56480983,
				"omitted":	false,
				"sender":	false
			}
		}, {
			"streams":	[{
					"socket":	481,
					"start":	2.000117,
					"end":	3.000116,
					"seconds":	0.99999898672103882,
					"bytes":	54418048,
					"bits_per_second":	435344825.12575215,
					"omitted":	false,
					"sender":	false
				}],
			"sum":	{
				"start":	2.000117,
				"end":	3.000116,
				"seconds":	0.99999898672103882,
				"bytes":	54418048,
				"bits_per_second":	435344825.12575215,
				"omitted":	false,
				"sender":	false
			}
		}, {
			"streams":	[{
					"socket":	481,
					"start":	3.000116,
					"end":	4.000126,
					"seconds":	1.0000100135803223,
					"bytes":	48367776,
					"bits_per_second":	386938333.36191911,
					"omitted":	false,
					"sender":	false
				}],
			"sum":	{
				"start":	3.000116,
				"end":	4.000126,
				"seconds":	1.0000100135803223,
				"bytes":	48367776,
				"bits_per_second":	386938333.36191911,
				"omitted":	false,
				"sender":	false
			}
		}, {
			"streams":	[{
					"socket":	481,
					"start":	4.000126,
					"end":	5.000116,
					"seconds":	0.99998998641967773,
					"bytes":	45178208,
					"bits_per_second":	361429283.20115817,
					"omitted":	false,
					"sender":	false
				}],
			"sum":	{
				"start":	4.000126,
				"end":	5.000116,
				"seconds":	0.99998998641967773,
				"bytes":	45178208,
				"bits_per_second":	361429283.20115817,
				"omitted":	false,
				"sender":	false
			}
		}, {
			"streams":	[{
					"socket":	481,
					"start":	5.000116,
					"end":	6.000117,
					"seconds":	1.0000009536743164,
					"bytes":	34976544,
					"bits_per_second":	279812085.150401,
					"omitted":	false,
					"sender":	false
				}],
			"sum":	{
				"start":	5.000116,
				"end":	6.000117,
				"seconds":	1.0000009536743164,
				"bytes":	34976544,
				"bits_per_second":	279812085.150401,
				"omitted":	false,
				"sender":	false
			}
		}, {
			"streams":	[{
					"socket":	481,
					"start":	6.000117,
					"end":	7.000117,
					"seconds":	1,
					"bytes":	30931104,
					"bits_per_second":	247448832,
					"omitted":	false,
					"sender":	false
				}],
			"sum":	{
				"start":	6.000117,
				"end":	7.000117,
				"seconds":	1,
				"bytes":	30931104,
				"bits_per_second":	247448832,
				"omitted":	false,
				"sender":	false
			}
		}, {
			"streams":	[{
					"socket":	481,
					"start":	7.000117,
					"end":	8.000119,
					"seconds":	1.0000020265579224,
					"bytes":	26424704,
					"bits_per_second":	211397203.5913223,
					"omitted":	false,
					"sender":	false
				}],
			"sum":	{
				"start":	7.000117,
				"end":	8.000119,
				"seconds":	1.0000020265579224,
				"bytes":	26424704,
				"bits_per_second":	211397203.5913223,
				"omitted":	false,
				"sender":	false
			}
		}, {
			"streams":	[{
					"socket":	481,
					"start":	8.000119,
					"end":	9.000121,
					"seconds":	1.0000020265579224,
					"bytes":	22615936,
					"bits_per_second":	180927121.34070888,
					"omitted":	false,
					"sender":	false
				}],
			"sum":	{
				"start":	8.000119,
				"end":	9.000121,
				"seconds":	1.0000020265579224,
				"bytes":	22615936,
				"bits_per_second":	180927121.34070888,
				"omitted":	false,
				"sender":	false
			}
		}, {
			"streams":	[{
					"socket":	481,
					"start":	9.000121,
					"end":	10.00014,
					"seconds":	1.0000189542770386,
					"bytes":	19543328,
					"bits_per_second":	156343660.61894339,
					"omitted":	false,
					"sender":	false
				}],
			"sum":	{
				"start":	9.000121,
				"end":	10.00014,
				"seconds":	1.0000189542770386,
				"bytes":	19543328,
				"bits_per_second":	156343660.61894339,
				"omitted":	false,
				"sender":	false
			}
		}, {
			"streams":	[{
					"socket":	481,
					"start":	10.00014,
					"end":	11.000226,
					"seconds":	1.0000859498977661,
					"bytes":	13982912,
					"bits_per_second":	111853682.18745123,
					"omitted":	false,
					"sender":	false
				}],
			"sum":	{
				"start":	10.00014,
				"end":	11.000226,
				"seconds":	1.0000859498977661,
				"bytes":	13982912,
				"bits_per_second":	111853682.18745123,
				"omitted":	false,
				"sender":	false
			}
		}, {
			"streams":	[{
					"socket":	481,
					"start":	11.000226,
					"end":	12.000125,
					"seconds":	0.99989902973175049,
					"bytes":	14336544,
					"bits_per_second":	114703933.68695365,
					"omitted":	false,
					"sender":	false
				}],
			"sum":	{
				"start":	11.000226,
				"end":	12.000125,
				"seconds":	0.99989902973175049,
				"bytes":	14336544,
				"bits_per_second":	114703933.68695365,
				"omitted":	false,
				"sender":	false
			}
		}, {
			"streams":	[{
					"socket":	481,
					"start":	12.000125,
					"end":	13.000516,
					"seconds":	1.0003910064697266,
					"bytes":	13623776,
					"bits_per_second":	108947608.78010574,
					"omitted":	false,
					"sender":	false
				}],
			"sum":	{
				"start":	12.000125,
				"end":	13.000516,
				"seconds":	1.0003910064697266,
				"bytes":	13623776,
				"bits_per_second":	108947608.78010574,
				"omitted":	false,
				"sender":	false
			}
		}, {
			"streams":	[{
					"socket":	481,
					"start":	13.000516,
					"end":	14.001372,
					"seconds":	1.0008560419082642,
					"bytes":	10885536,
					"bits_per_second":	87009803.961379215,
					"omitted":	false,
					"sender":	false
				}],
			"sum":	{
				"start":	13.000516,
				"end":	14.001372,
				"seconds":	1.0008560419082642,
				"bytes":	10885536,
				"bits_per_second":	87009803.961379215,
				"omitted":	false,
				"sender":	false
			}
		}, {
			"streams":	[{
					"socket":	481,
					"start":	14.001372,
					"end":	15.000432,
					"seconds":	0.99905997514724731,
					"bytes":	6996960,
					"bits_per_second":	56028348.039615914,
					"omitted":	false,
					"sender":	false
				}],
			"sum":	{
				"start":	14.001372,
				"end":	15.000432,
				"seconds":	0.99905997514724731,
				"bytes":	6996960,
				"bits_per_second":	56028348.039615914,
				"omitted":	false,
				"sender":	false
			}
		}, {
			"streams":	[{
					"socket":	481,
					"start":	15.000432,
					"end":	16.000944,
					"seconds":	1.0005120038986206,
					"bytes":	6158976,
					"bits_per_second":	49246593.552107535,
					"omitted":	false,
					"sender":	false
				}],
			"sum":	{
				"start":	15.000432,
				"end":	16.000944,
				"seconds":	1.0005120038986206,
				"bytes":	6158976,
				"bits_per_second":	49246593.552107535,
				"omitted":	false,