{"start": {"connected": [{"socket": 601, "local_host": "100.124.85.183", "local_port": 37728, "remote_host": "20.96.192.197", "remote_port": 5201}], "version": "iperf 3.7", "system_info": "Linux localhost 4.19.110-g9ceb3bf92e0a-ab6790968 #2 SMP PREEMPT Wed Aug 26 04:14:37 UTC 2020 aarch64", "timestamp": {"time": "Mon, 18 Jan 2021 21:25:43 ", "timesecs": 1608348343.0}, "connecting_to": {"host": "20.96.192.197", "port": 5201}, "cookie": "wun2kbj77inqm4dg5uzwyukgn24umrl3k7kf", "sock_bufsize": 0, "sndbuf_actual": 212992, "rcvbuf_actual": 212992, "test_start": {"protocol": "UDP", "num_streams": 1, "blksize": 1376, "omit": 0, "duration": 30, "bytes": 0, "blocks": 0, "reverse": 1, "tos": 0}}, "intervals": [{"streams": [{"socket": 601, "start": 0, "end": 1.000357, "seconds": 1.0003570318222046, "bytes": 74438848, "bits_per_second": 595298243.5833383, "jitter_ms": 0.012933419074126592, "lost_packets": 143152, "packets": 197250, "lost_percent": 72.57389100126743, "omitted": false, "sender": false}], "sum": {"start": 0, "end": 1.000357, "seconds": 1.0003570318222046, "bytes": 74438848, "bits_per_second": 595298243.5833383, "jitter_ms": 0.012933419074126592, "lost_packets": 143152, "packets": 197250, "lost_percent": 72.57389100126743, "omitted": false, "sender": false}}, {"streams": [{"socket": 601, "start": 1.000357, "end": 2.000517, "seconds": 1.0001599788665771, "bytes": 72742240, "bits_per_second": 581844837.1224334, "jitter_ms": 0.0011944899045856208, "lost_packets": 128456, "packets": 181321, "lost_percent": 70.8445243518401, "omitted": false, "sender": false}], "sum": {"start": 1.000357, "end": 2.000517, "seconds": 1.0001599788665771, "bytes": 72742240, "bits_per_second": 581844837.1224334, "jitter_ms": 0.0011944899045856208, "lost_packets": 128456, "packets": 181321, "lost_percent": 70.8445243518401, "omitted": false, "sender": false}}, {"streams": [{"socket": 601, "start": 2.000517, "end": 3.000181, "seconds": 0.9996640086174011, "bytes": 75069056, "bits_per_second": 600754296.2666048, "jitter_ms": 0.016126654974965435, "lost_packets": 136312, "packets": 190868, "lost_percent": 71.41689544606744, "omitted": false, "sender": false}], "sum": {"start": 2.000517, "end": 3.000181, "seconds": 0.9996640086174011, "bytes": 75069056, "bits_per_second": 600754296.2666048, "jitter_ms": 0.016126654974965435, "lost_packets": 136312, "packets": 190868, "lost_percent": 71.41689544606744, "omitted": false, "sender": false}}, {"streams": [{"socket": 601, "start": 3.000181, "end": 4.000459, "seconds": 1.0002779960632324, "bytes": 75989600, "bits_per_second": 607747848.4906816, "jitter_ms": 0.0005492667156373148, "lost_packets": 135385, "packets": 190610, "lost_percent": 71.02722837206862, "omitted": false, "sender": false}], "sum": {"start": 3.000181, "end": 4.000459, "seconds": 1.0002779960632324, "bytes": 75989600, "bits_per_second": 607747848.4906816, "jitter_ms": 0.0005492667156373148, "lost_packets": 135385, "packets": 190610, "lost_percent": 71.02722837206862, "omitted": false, "sender": false}}, {"streams": [{"socket": 601, "start": 4.000459, "end": 5.000096, "seconds": 0.9996370077133179, "bytes": 72943136, "bits_per_second": 583756987.2836808, "jitter_ms": 0.0033076205027764, "lost_packets": 137689, "packets": 190700, "lost_percent": 72.20188778185631, "omitted": false, "sender": false}], "sum": {"start": 4.000459, "end": 5.000096, "seconds": 0.9996370077133179, "bytes": 72943136, "bits_per_second": 583756987.2836808, "jitter_ms": 0.0033076205027764, "lost_packets": 137689, "packets": 190700, "lost_percent": 72.20188778185631, "omitted": false, "sender": false}}, {"streams": [{"socket": 601, "start": 5.000096, "end": 6.000017, "seconds": 0.9999210238456726, "bytes": 75247936, "bits_per_second": 602031034.0958587, "jitter_ms": 0.0005510513140948367, "lost_packets": 135965, "packets": 190651, "lost_percent": 71.3161745807785, "omitted": false, "sender": false}], "sum": {"start": 5.000096, "end": 6.000017, "seconds": 0.9999210238456726, "bytes": 75247936, "bits_per_second": 602031034.0958587, "jitter_ms": 0.0005510513140948367, "lost_packets": 135965, "packets": 190651, "lost_percent": 71.3161745807785, "omitted": false, "sender": false}}, {"streams": [{"socket": 601, "start": 6.000017, "end": 7.000418, "seconds": 1.0004010200500488, "bytes": 74514528, "bits_per_second": 595877265.2692587, "jitter_ms": 0.005599692154617513, "lost_packets": 139423, "packets": 193576, "lost_percent": 72.02494110840186, "omitted": false, "sender": false}], "sum": {"start": 6.000017, "end": 7.000418, "seconds": 1.0004010200500488, "bytes": 74514528, "bits_per_second": 595877265.2692587, "jitter_ms": 0.005599692154617513, "lost_packets": 139423, "packets": 193576, "lost_percent": 72.02494110840186, "omitted": false, "sender": false}}, {"streams": [{"socket": 601, "start": 7.000418, "end": 8.000084, "seconds": 0.9996659755706787, "bytes": 71184608, "bits_per_second": 569667146.7435942, "jitter_ms": 0.0005077156433039563, "lost_packets": 141795, "packets": 193528, "lost_percent": 73.26846761192179, "omitted": false, "sender": false}], "sum": {"start": 7.000418, "end": 8.000084, "seconds": 0.9996659755706787, "bytes": 71184608, "bits_per_second": 569667146.7435942, "jitter_ms": 0.0005077156433039563, "lost_packets": 141795, "packets": 193528, "lost_percent": 73.26846761192179, "omitted": false, "sender": false}}, {"streams": [{"socket": 601, "start": 8.000084, "end": 9.00002, "seconds": 0.9999359846115112, "bytes": 75993728, "bits_per_second": 607988744.6356846, "jitter_ms": 0.0007991608090704728, "lost_packets": 138845, "packets": 194073, "lost_percent": 71.54266693460708, "omitted": false, "sender": false}], "sum": {"start": 8.000084, "end": 9.00002, "seconds": 0.9999359846115112, "bytes": 75993728, "bits_per_second": 607988744.6356846, "jitter_ms": 0.0007991608090704728, "lost_packets": 138845, "packets": 194073, "lost_percent": 71.54266693460708, "omitted": false, "sender": false}}, {"streams": [{"socket": 601, "start": 9.00002, "end": 10.000094, "seconds": 1.000074028968811, "bytes": 75085568, "bits_per_second": 600640079.2343076, "jitter_ms": 0.003819231384851429, "lost_packets": 138462, "packets": 193030, "lost_percent": 71.73081904367197, "omitted": false, "sender": false}], "sum": {"start": 9.00002, "end": 10.000094, "seconds": 1.000074028968811, "bytes": 75085568, "bits_per_second": 600640079.2343076, "jitter_ms": 0.003819231384851429, "lost_packets": 138462, "packets": 193030, "lost_percent": 71.73081904367197, "omitted": false, "sender": false}}, {"streams": [{"socket": 601, "start": 10.000094, "end": 11.000016, "seconds": 0.999921977519989, "bytes": 76271680, "bits_per_second": 610221050.9597508, "jitter_ms": 0.0016210653192953838, "lost_packets": 139359, "packets": 194789, "lost_percent": 71.54356765525775, "omitted": false, "sender": false}], "sum": {"start": 10.000094, "end": 11.000016, "seconds": 0.999921977519989, "bytes": 76271680, "bits_per_second": 610221050.9597508, "jitter_ms": 0.0016210653192953838, "lost_packets": 139359, "packets": 194789, "lost_percent": 71.54356765525775, "omitted": false, "sender": false}}, {"streams": [{"socket": 601, "start": 11.000016, "end": 12.000016, "seconds": 1, "bytes": 74319136, "bits_per_second": 594553088, "jitter_ms": 0.0010209502050379778, "lost_packets": 140031, "packets": 194042, "lost_percent": 72.16530441863102, "omitted": false, "sender": false}], "sum": {"start": 11.000016, "end": 12.000016, "seconds": 1, "bytes": 74319136, "bits_per_second": 594553088, "jitter_ms": 0.0010209502050379778, "lost_packets": 140031, "packets": 194042, "lost_percent": 72.16530441863102, "omitted": false, "sender": false}}, {"streams": [{"socket": 601, "start": 12.000016, "end": 13.000251, "seconds": 1.0002349615097046, "bytes": 74789728, "bits_per_second": 598177275.3643094, "jitter_ms": 0.02375427718947526, "lost_packets": 138522, "packets": 192875, "lost_percent": 71.8195722618276, "omitted": false, "sender": false}],