{
	"start":	{
		"connected":	[{
				"socket":	286,
				"local_host":	"100.124.85.183",
				"local_port":	45262,
				"remote_host":	"52.240.159.197",
				"remote_port":	5201
			}],
		"version":	"iperf 3.7",
		"system_info":	"Linux localhost 4.19.110-g9ceb3bf92e0a-ab6790968 #2 SMP PREEMPT Wed Aug 26 04:14:37 UTC 2020 aarch64",
		"timestamp":	{
			"time":	"Mon, 17 May 2021 23:22:32 GMT",
			"timesecs":	1621293752
		},
		"connecting_to":	{
			"host":	"52.240.159.197",
			"port":	5201
		},
		"cookie":	"awrphbkmqejzf56qk7ujxufndi77dxf2dgrf",
		"tcp_mss_default":	1376,
		"target_bitrate":	3000000000,
		"sock_bufsize":	0,
		"sndbuf_actual":	2097152,
		"rcvbuf_actual":	6291456,
		"test_start":	{
			"protocol":	"TCP",
			"num_streams":	1,
			"blksize":	131072,
			"omit":	0,
			"duration":	30,
			"bytes":	0,
			"blocks":	0,
			"reverse":	1,
			"tos":	0
		}
	},
	"intervals":	[{
			"streams":	[{
					"socket":	286,
					"start":	0,
					"end":	1.000386,
					"seconds":	1.0003859996795654,
					"bytes":	6006240,
					"bits_per_second":	48031379.902748451,
					"omitted":	false,
					"sender":	false
				}],
			"sum":	{
				"start":	0,
				"end":	1.000386,
				"seconds":	1.0003859996795654,
				"bytes":	6006240,
				"bits_per_second":	48031379.902748451,
				"omitted":	false,
				"sender":	false
			}
		}, {
			"streams":	[{
					"socket":	286,
					"start":	1.000386,
					"end":	2.000179,
					"seconds":	0.99979299306869507,
					"bytes":	32985472,
					"bits_per_second":	263938413.08094537,
					"omitted":	false,
					"sender":	false
				}],
			"sum":	{
				"start":	1.000386,
				"end":	2.000179,
				"seconds":	0.99979299306869507,
				"bytes":	32985472,
				"bits_per_second":	263938413.08094537,
				"omitted":	false,
				"sender":	false
			}
		}, {
			"streams":	[{
					"socket":	286,
					"start":	2.000179,
					"end":	3.000193,
					"seconds":	1.0000139474868774,
					"bytes":	99991552,
					"bits_per_second":	799921259.10873556,
					"omitted":	false,
					"sender":	false
				}],
			"sum":	{
				"start":	2.000179,
				"end":	3.000193,
				"seconds":	1.0000139474868774,
				"bytes":	99991552,
				"bits_per_second":	799921259.10873556,
				"omitted":	false,
				"sender":	false
			}
		}, {
			"streams":	[{
					"socket":	286,
					"start":	3.000193,
					"end":	4.000421,
					"seconds":	1.0002280473709106,
					"bytes":	103313408,
					"bits_per_second":	826318824.16461527,
					"omitted":	false,
					"sender":	false
				}],
			"sum":	{
				"start":	3.000193,
				"end":	4.000421,
				"seconds":	1.0002280473709106,
				"bytes":	103313408,
				"bits_per_second":	826318824.16461527,
				"omitted":	false,
				"sender":	false
			}
		}, {
			"streams":	[{
					"socket":	286,
					"start":	4.000421,
					"end":	5.000094,
					"seconds":	0.99967300891876221,
					"bytes":	103656640,
					"bits_per_second":	829524367.06970119,
					"omitted":	false,
					"sender":	false
				}],
			"sum":	{
				"start":	4.000421,
				"end":	5.000094,
				"seconds":	0.99967300891876221,
				"bytes":	103656640,
				"bits_per_second":	829524367.06970119,
				"omitted":	false,
				"sender":	false
			}
		}, {
			"streams":	[{
					"socket":	286,
					"start":	5.000094,
					"end":	6.00049,
					"seconds":	1.0003960132598877,
					"bytes":	103808512,
					"bits_per_second":	830139349.80992067,
					"omitted":	false,
					"sender":	false
				}],
			"sum":	{
				"start":	5.000094,
				"end":	6.00049,
				"seconds":	1.0003960132598877,
				"bytes":	103808512,
				"bits_per_second":	830139349.80992067,
				"omitted":	false,
				"sender":	false
			}
		}, {
			"streams":	[{
					"socket":	286,
					"start":	6.00049,
					"end":	7.000122,
					"seconds":	0.99963200092315674,
					"bytes":	104070496,
					"bits_per_second":	832870463.56172073,
					"omitted":	false,
					"sender":	false
				}],
			"sum":	{
				"start":	6.00049,
				"end":	7.000122,
				"seconds":	0.99963200092315674,
				"bytes":	104070496,
				"bits_per_second":	832870463.56172073,
				"omitted":	false,
				"sender":	false
			}
		}, {
			"streams":	[{
					"socket":	286,
					"start":	7.000122,
					"end":	8.000112,
					"seconds":	0.99998998641967773,
					"bytes":	98035808,
					"bits_per_second":	784294317.59414554,
					"omitted":	false,
					"sender":	false
				}],
			"sum":	{
				"start":	7.000122,
				"end":	8.000112,
				"seconds":	0.99998998641967773,
				"bytes":	98035808,
				"bits_per_second":	784294317.59414554,
				"omitted":	false,
				"sender":	false
			}
		}, {
			"streams":	[{
					"socket":	286,
					"start":	8.000112,
					"end":	9.000287,
					"seconds":	1.0001749992370605,
					"bytes":	101717280,
					"bits_per_second":	813595861.34498906,
					"omitted":	false,
					"sender":	false
				}],
			"sum":	{
				"start":	8.000112,
				"end":	9.000287,
				"seconds":	1.0001749992370605,
				"bytes":	101717280,
				"bits_per_second":	813595861.34498906,
				"omitted":	false,
				"sender":	false
			}
		}, {
			"streams":	[{
					"socket":	286,
					"start":	9.000287,
					"end":	10.000155,
					"seconds":	0.99986797571182251,
					"bytes":	89524000,
					"bits_per_second":	716286567.2241689,
					"omitted":	false,
					"sender":	false
				}],
			"sum":	{
				"start":	9.000287,
				"end":	10.000155,
				"seconds":	0.99986797571182251,
				"bytes":	89524000,
				"bits_per_second":	716286567.2241689,
				"omitted":	false,
				"sender":	false
			}
		}, {
			"streams":	[{
					"socket":	286,
					"start":	10.000155,
					"end":	11.00015,
					"seconds":	0.99999499320983887,
					"bytes":	96070144,
					"bits_per_second":	768565000.04368043,
					"omitted":	false,
					"sender":	false
				}],
			"sum":	{
				"start":	10.000155,
				"end":	11.00015,
				"seconds":	0.99999499320983887,
				"bytes":	96070144,
				"bits_per_second":	768565000.04368043,
				"omitted":	false,
				"sender":	false
			}
		}, {
			"streams":	[{
					"socket":	286,
					"start":	11.00015,
					"end":	12.000136,
					"seconds":	0.99998599290847778,
					"bytes":	98440704,
					"bits_per_second":	787536663.09811711,
					"omitted":	false,
					"sender":	false
				}],
			"sum":	{
				"start":	11.00015,
				"end":	12.000136,
				"seconds":	0.99998599290847778,
				"bytes":	98440704,
				"bits_per_second":	787536663.09811711,
				"omitted":	false,
				"sender":	false
			}
		}, {
			"streams":	[{
					"socket":	286,
					"start":	12.000136,
					"end":	13.00013,
					"seconds":	0.99999397993087769,
					"bytes":	70570656,
					"bits_per_second":	564568646.74227762,
					"omitted":	false,
					"sender":	false
				}],
			"sum":	{
				"start":	12.000136,
				"end":	13.00013,
				"seconds":	0.99999397993087769,
				"bytes":	70570656,
				"bits_per_second":	564568646.74227762,
				"omitted":	false,
				"sender":	false
			}
		}, {
			"streams":	[{
					"socket":	286,
					"start":	13.00013,
					"end":	14.000499,
					"seconds":	1.0003689527511597,
					"bytes":	79321248,
					"bits_per_second":	634335944.00829864,
					"omitted":	false,
					"sender":	false
				}],
			"sum":	{
				"start":	13.00013,
				"end":	14.000499,
				"seconds":	1.0003689527511597,
				"bytes":	79321248,
				"bits_per_second":	634335944.00829864,
				"omitted":	false,
				"sender":	false
			}
		}, {
			"streams":	[{
					"socket":	286,
					"start":	14.000499,
					"end":	15.000123,
					"seconds":	0.99962401390075684,
					"bytes":	86661440,
					"bits_per_second":	693552286.01864135,
					"omitted":	false,
					"sender":	false
				}],
			"sum":	{
				"start":	14.000499,
				"end":	15.000123,
				"seconds":	0.99962401390075684,
				"bytes":	86661440,
				"bits_per_second":	693552286.01864135,
				"omitted":	false,
				"sender":	false
			}
		}, {
			"streams":	[{
					"socket":	286,
					"start":	15.000123,
					"end":	16.000153,
					"seconds":	1.0000300407409668,
					"bytes":	91329888,
					"bits_per_second":	730617155.71927917,
					"omitted":	false,
					"sender":	false
				}],
			"sum":	{
				"start":	15.000123,
				"end":	16.000153,
				"seconds":	1.0000300407409668,