{
	"start":	{
		"connected":	[{
				"socket":	129,
				"local_host":	"100.124.85.183",
				"local_port":	44122,
				"remote_host":	"20.64.146.192",
				"remote_port":	5201
			}],
		"version":	"iperf 3.7",
		"system_info":	"Linux localhost 4.19.110-g9ceb3bf92e0a-ab6790968 #2 SMP PREEMPT Wed Aug 26 04:14:37 UTC 2020 aarch64",
		"timestamp":	{
			"time":	"Mon, 17 May 2021 23:13:20 GMT",
			"timesecs":	1621293200
		},
		"connecting_to":	{
			"host":	"20.64.146.192",
			"port":	5201
		},
		"cookie":	"job4dozdnzmwkfz63yq6gquwaqaf5esn33dp",
		"tcp_mss_default":	1376,
		"target_bitrate":	3000000000,
		"sock_bufsize":	0,
		"sndbuf_actual":	2097152,
		"rcvbuf_actual":	6291456,
		"test_start":	{
			"protocol":	"TCP",
			"num_streams":	1,
			"blksize":	131072,
			"omit":	0,
			"duration":	30,
			"bytes":	0,
			"blocks":	0,
			"reverse":	1,
			"tos":	0
		}
	},
	"intervals":	[{
			"streams":	[{
					"socket":	129,
					"start":	0,
					"end":	1.000598,
					"seconds":	1.0005979537963867,
					"bytes":	17266336,
					"bits_per_second":	138048141.58965233,
					"omitted":	false,
					"sender":	false
				}],
			"sum":	{
				"start":	0,
				"end":	1.000598,
				"seconds":	1.0005979537963867,
				"bytes":	17266336,
				"bits_per_second":	138048141.58965233,
				"omitted":	false,
				"sender":	false
			}
		}, {
			"streams":	[{
					"socket":	129,
					"start":	1.000598,
					"end":	2.000087,
					"seconds":	0.99948900938034058,
					"bytes":	33424448,
					"bits_per_second":	267532290.49089685,
					"omitted":	false,
					"sender":	false
				}],
			"sum":	{
				"start":	1.000598,
				"end":	2.000087,
				"seconds":	0.99948900938034058,
				"bytes":	33424448,
				"bits_per_second":	267532290.49089685,
				"omitted":	false,
				"sender":	false
			}
		}, {
			"streams":	[{
					"socket":	129,
					"start":	2.000087,
					"end":	3.000106,
					"seconds":	1.0000189542770386,
					"bytes":	36437856,
					"bits_per_second":	291497322.87898612,
					"omitted":	false,
					"sender":	false
				}],
			"sum":	{
				"start":	2.000087,
				"end":	3.000106,
				"seconds":	1.0000189542770386,
				"bytes":	36437856,
				"bits_per_second":	291497322.87898612,
				"omitted":	false,
				"sender":	false
			}
		}, {
			"streams":	[{
					"socket":	129,
					"start":	3.000106,
					"end":	4.000057,
					"seconds":	0.99995100498199463,
					"bytes":	27371680,
					"bits_per_second":	218984169.13330957,
					"omitted":	false,
					"sender":	false
				}],
			"sum":	{
				"start":	3.000106,
				"end":	4.000057,
				"seconds":	0.99995100498199463,
				"bytes":	27371680,
				"bits_per_second":	218984169.13330957,
				"omitted":	false,
				"sender":	false
			}
		}, {
			"streams":	[{
					"socket":	129,
					"start":	4.000057,
					"end":	5.000127,
					"seconds":	1.0000699758529663,
					"bytes":	30343552,
					"bits_per_second":	242731430.66109776,
					"omitted":	false,
					"sender":	false
				}],
			"sum":	{
				"start":	4.000057,
				"end":	5.000127,
				"seconds":	1.0000699758529663,
				"bytes":	30343552,
				"bits_per_second":	242731430.66109776,
				"omitted":	false,
				"sender":	false
			}
		}, {
			"streams":	[{
					"socket":	129,
					"start":	5.000127,
					"end":	6.000532,
					"seconds":	1.000404953956604,
					"bytes":	24118528,
					"bits_per_second":	192870120.48160028,
					"omitted":	false,
					"sender":	false
				}],
			"sum":	{
				"start":	5.000127,
				"end":	6.000532,
				"seconds":	1.000404953956604,
				"bytes":	24118528,
				"bits_per_second":	192870120.48160028,
				"omitted":	false,
				"sender":	false
			}
		}, {
			"streams":	[{
					"socket":	129,
					"start":	6.000532,
					"end":	7.000141,
					"seconds":	0.99960899353027344,
					"bytes":	24547424,
					"bits_per_second":	196456207.64820838,
					"omitted":	false,
					"sender":	false
				}],
			"sum":	{
				"start":	6.000532,
				"end":	7.000141,
				"seconds":	0.99960899353027344,
				"bytes":	24547424,
				"bits_per_second":	196456207.64820838,
				"omitted":	false,
				"sender":	false
			}
		}, {
			"streams":	[{
					"socket":	129,
					"start":	7.000141,
					"end":	8.000209,
					"seconds":	1.0000679492950439,
					"bytes":	20184544,
					"bits_per_second":	161465380.54121822,
					"omitted":	false,
					"sender":	false
				}],
			"sum":	{
				"start":	7.000141,
				"end":	8.000209,
				"seconds":	1.0000679492950439,
				"bytes":	20184544,
				"bits_per_second":	161465380.54121822,
				"omitted":	false,
				"sender":	false
			}
		}, {
			"streams":	[{
					"socket":	129,
					"start":	8.000209,
					"end":	9.000141,
					"seconds":	0.99993199110031128,
					"bytes":	21547744,
					"bits_per_second":	172393676.30423874,
					"omitted":	false,
					"sender":	false
				}],
			"sum":	{
				"start":	8.000209,
				"end":	9.000141,
				"seconds":	0.99993199110031128,
				"bytes":	21547744,
				"bits_per_second":	172393676.30423874,
				"omitted":	false,
				"sender":	false
			}
		}, {
			"streams":	[{
					"socket":	129,
					"start":	9.000141,
					"end":	10.000093,
					"seconds":	0.99995201826095581,
					"bytes":	12035872,
					"bits_per_second":	96291596.23824285,
					"omitted":	false,
					"sender":	false
				}],
			"sum":	{
				"start":	9.000141,
				"end":	10.000093,
				"seconds":	0.99995201826095581,
				"bytes":	12035872,
				"bits_per_second":	96291596.23824285,
				"omitted":	false,
				"sender":	false
			}
		}, {
			"streams":	[{
					"socket":	129,
					"start":	10.000093,
					"end":	11.000136,
					"seconds":	1.0000430345535278,
					"bytes":	11752416,
					"bits_per_second":	94015282.094310284,
					"omitted":	false,
					"sender":	false
				}],
			"sum":	{
				"start":	10.000093,
				"end":	11.000136,
				"seconds":	1.0000430345535278,
				"bytes":	11752416,
				"bits_per_second":	94015282.094310284,
				"omitted":	false,
				"sender":	false
			}
		}, {
			"streams":	[{
					"socket":	129,
					"start":	11.000136,
					"end":	12.00015,
					"seconds":	1.0000139474868774,
					"bytes":	12443168,
					"bits_per_second":	99543955.611985371,
					"omitted":	false,
					"sender":	false
				}],
			"sum":	{
				"start":	11.000136,
				"end":	12.00015,
				"seconds":	1.0000139474868774,
				"bytes":	12443168,
				"bits_per_second":	99543955.611985371,
				"omitted":	false,
				"sender":	false
			}
		}, {
			"streams":	[{
					"socket":	129,
					"start":	12.00015,
					"end":	13.000157,
					"seconds":	1.0000070333480835,
					"bytes":	13991168,
					"bits_per_second":	111928556.76749977,
					"omitted":	false,
					"sender":	false
				}],
			"sum":	{
				"start":	12.00015,
				"end":	13.000157,
				"seconds":	1.0000070333480835,
				"bytes":	13991168,
				"bits_per_second":	111928556.76749977,
				"omitted":	false,
				"sender":	false
			}
		}, {
			"streams":	[{
					"socket":	129,
					"start":	13.000157,
					"end":	14.000302,
					"seconds":	1.0001449584960938,
					"bytes":	13257760,
					"bits_per_second":	106046707.62874645,
					"omitted":	false,
					"sender":	false
				}],
			"sum":	{
				"start":	13.000157,
				"end":	14.000302,
				"seconds":	1.0001449584960938,
				"bytes":	13257760,
				"bits_per_second":	106046707.62874645,
				"omitted":	false,
				"sender":	false
			}
		}, {
			"streams":	[{
					"socket":	129,
					"start":	14.000302,
					"end":	15.000126,
					"seconds":	0.99982398748397827,
					"bytes":	12733504,
					"bits_per_second":	101885965.20508304,
					"omitted":	false,
					"sender":	false
				}],
			"sum":	{
				"start":	14.000302,
				"end":	15.000126,
				"seconds":	0.99982398748397827,
				"bytes":	12733504,
				"bits_per_second":	101885965.20508304,
				"omitted":	false,
				"sender":	false
			}
		}, {
			"streams":	[{
					"socket":	129,
					"start":	15.000126,
					"end":	16.000517,
					"seconds":	1.0003910064697266,
					"bytes":	9909952,
					"bits_per_second":	79248629.2732372,
					"omitted":	false,
					"sender":	false
				}],
			"sum":	{
				"start":	15.000126,
				"end":	16.000517,
				"seconds":	1.0003910064697266,
				"bytes":	9909952,