{
	"start":	{
		"connected":	[{
				"socket":	536,
				"local_host":	"100.124.59.153",
				"local_port":	45338,
				"remote_host":	"13.78.215.115",
				"remote_port":	5201
			}],
		"version":	"iperf 3.7",
		"system_info":	"Linux localhost 4.19.110-g9ceb3bf92e0a-ab6790968 #2 SMP PREEMPT Wed Aug 26 04:14:37 UTC 2020 aarch64",
		"timestamp":	{
			"time":	"Tue, 11 May 2021 18:16:13 GMT",
			"timesecs":	1620756973
		},
		"connecting_to":	{
			"host":	"13.78.215.115",
			"port":	5201
		},
		"cookie":	"e4vilmtussxz2liyyaaol7etayhdedohoiyu",
		"tcp_mss_default":	1376,
		"target_bitrate":	2000000000,
		"sock_bufsize":	0,
		"sndbuf_actual":	2097152,
		"rcvbuf_actual":	6291456,
		"test_start":	{
			"protocol":	"TCP",
			"num_streams":	1,
			"blksize":	131072,
			"omit":	0,
			"duration":	30,
			"bytes":	0,
			"blocks":	0,
			"reverse":	1,
			"tos":	0
		}
	},
	"intervals":	[{
			"streams":	[{
					"socket":	536,
					"start":	0,
					"end":	1.000428,
					"seconds":	1.0004279613494873,
					"bytes":	7120800,
					"bits_per_second":	56942031.011565745,
					"omitted":	false,
					"sender":	false
				}],
			"sum":	{
				"start":	0,
				"end":	1.000428,
				"seconds":	1.0004279613494873,
				"bytes":	7120800,
				"bits_per_second":	56942031.011565745,
				"omitted":	false,
				"sender":	false
			}
		}, {
			"streams":	[{
					"socket":	536,
					"start":	1.000428,
					"end":	2.000126,
					"seconds":	0.9996979832649231,
					"bytes":	14208576,
					"bits_per_second":	113702948.19318192,
					"omitted":	false,
					"sender":	false
				}],
			"sum":	{
				"start":	1.000428,
				"end":	2.000126,
				"seconds":	0.9996979832649231,
				"bytes":	14208576,
				"bits_per_second":	113702948.19318192,
				"omitted":	false,
				"sender":	false
			}
		}, {
			"streams":	[{
					"socket":	536,
					"start":	2.000126,
					"end":	3.000114,
					"seconds":	0.99998801946640015,
					"bytes":	42240448,
					"bits_per_second":	337927632.55335611,
					"omitted":	false,
					"sender":	false
				}],
			"sum":	{
				"start":	2.000126,
				"end":	3.000114,
				"seconds":	0.99998801946640015,
				"bytes":	42240448,
				"bits_per_second":	337927632.55335611,
				"omitted":	false,
				"sender":	false
			}
		}, {
			"streams":	[{
					"socket":	536,
					"start":	3.000114,
					"end":	4.000429,
					"seconds":	1.0003149509429932,
					"bytes":	55628928,
					"bits_per_second":	444891305.06394064,
					"omitted":	false,
					"sender":	false
				}],
			"sum":	{
				"start":	3.000114,
				"end":	4.000429,
				"seconds":	1.0003149509429932,
				"bytes":	55628928,
				"bits_per_second":	444891305.06394064,
				"omitted":	false,
				"sender":	false
			}
		}, {
			"streams":	[{
					"socket":	536,
					"start":	4.000429,
					"end":	5.00045,
					"seconds":	1.0000209808349609,
					"bytes":	60468672,
					"bits_per_second":	483739226.74711949,
					"omitted":	false,
					"sender":	false
				}],
			"sum":	{
				"start":	4.000429,
				"end":	5.00045,
				"seconds":	1.0000209808349609,
				"bytes":	60468672,
				"bits_per_second":	483739226.74711949,
				"omitted":	false,
				"sender":	false
			}
		}, {
			"streams":	[{
					"socket":	536,
					"start":	5.00045,
					"end":	6.00076,
					"seconds":	1.000309944152832,
					"bytes":	62407104,
					"bits_per_second":	499102138.21059567,
					"omitted":	false,
					"sender":	false
				}],
			"sum":	{
				"start":	5.00045,
				"end":	6.00076,
				"seconds":	1.000309944152832,
				"bytes":	62407104,
				"bits_per_second":	499102138.21059567,
				"omitted":	false,
				"sender":	false
			}
		}, {
			"streams":	[{
					"socket":	536,
					"start":	6.00076,
					"end":	7.000307,
					"seconds":	0.999547004699707,
					"bytes":	63840896,
					"bits_per_second":	510958629.85796982,
					"omitted":	false,
					"sender":	false
				}],
			"sum":	{
				"start":	6.00076,
				"end":	7.000307,
				"seconds":	0.999547004699707,
				"bytes":	63840896,
				"bits_per_second":	510958629.85796982,
				"omitted":	false,
				"sender":	false
			}
		}, {
			"streams":	[{
					"socket":	536,
					"start":	7.000307,
					"end":	8.000114,
					"seconds":	0.99980700016021729,
					"bytes":	103023520,
					"bits_per_second":	824347258.88889086,
					"omitted":	false,
					"sender":	false
				}],
			"sum":	{
				"start":	7.000307,
				"end":	8.000114,
				"seconds":	0.99980700016021729,
				"bytes":	103023520,
				"bits_per_second":	824347258.88889086,
				"omitted":	false,
				"sender":	false
			}
		}, {
			"streams":	[{
					"socket":	536,
					"start":	8.000114,
					"end":	9.000143,
					"seconds":	1.0000289678573608,
					"bytes":	102074432,
					"bits_per_second":	816571801.66452456,
					"omitted":	false,
					"sender":	false
				}],
			"sum":	{
				"start":	8.000114,
				"end":	9.000143,
				"seconds":	1.0000289678573608,
				"bytes":	102074432,
				"bits_per_second":	816571801.66452456,
				"omitted":	false,
				"sender":	false
			}
		}, {
			"streams":	[{
					"socket":	536,
					"start":	9.000143,
					"end":	10.000111,
					"seconds":	0.99996799230575562,
					"bytes":	95062336,
					"bits_per_second":	760523030.58862889,
					"omitted":	false,
					"sender":	false
				}],
			"sum":	{
				"start":	9.000143,
				"end":	10.000111,
				"seconds":	0.99996799230575562,
				"bytes":	95062336,
				"bits_per_second":	760523030.58862889,
				"omitted":	false,
				"sender":	false
			}
		}, {
			"streams":	[{
					"socket":	536,
					"start":	10.000111,
					"end":	11.000104,
					"seconds":	0.99999302625656128,
					"bytes":	97687744,
					"bits_per_second":	781507402.03211725,
					"omitted":	false,
					"sender":	false
				}],
			"sum":	{
				"start":	10.000111,
				"end":	11.000104,
				"seconds":	0.99999302625656128,
				"bytes":	97687744,
				"bits_per_second":	781507402.03211725,
				"omitted":	false,
				"sender":	false
			}
		}, {
			"streams":	[{
					"socket":	536,
					"start":	11.000104,
					"end":	12.000384,
					"seconds":	1.0002800226211548,
					"bytes":	115264768,
					"bits_per_second":	921860002.34580541,
					"omitted":	false,
					"sender":	false
				}],
			"sum":	{
				"start":	11.000104,
				"end":	12.000384,
				"seconds":	1.0002800226211548,
				"bytes":	115264768,
				"bits_per_second":	921860002.34580541,
				"omitted":	false,
				"sender":	false
			}
		}, {
			"streams":	[{
					"socket":	536,
					"start":	12.000384,
					"end":	13.000161,
					"seconds":	0.99977701902389526,
					"bytes":	118561664,
					"bits_per_second":	948704855.13463318,
					"omitted":	false,
					"sender":	false
				}],
			"sum":	{
				"start":	12.000384,
				"end":	13.000161,
				"seconds":	0.99977701902389526,
				"bytes":	118561664,
				"bits_per_second":	948704855.13463318,
				"omitted":	false,
				"sender":	false
			}
		}, {
			"streams":	[{
					"socket":	536,
					"start":	13.000161,
					"end":	14.0001,
					"seconds":	0.99993902444839478,
					"bytes":	117341152,
					"bits_per_second":	938786459.02217841,
					"omitted":	false,
					"sender":	false
				}],
			"sum":	{
				"start":	13.000161,
				"end":	14.0001,
				"seconds":	0.99993902444839478,
				"bytes":	117341152,
				"bits_per_second":	938786459.02217841,
				"omitted":	false,
				"sender":	false
			}
		}, {
			"streams":	[{
					"socket":	536,
					"start":	14.0001,
					"end":	15.007076,
					"seconds":	1.0069760084152222,
					"bytes":	112946560,
					"bits_per_second":	897312818.22894812,
					"omitted":	false,
					"sender":	false
				}],
			"sum":	{
				"start":	14.0001,
				"end":	15.007076,
				"seconds":	1.0069760084152222,
				"bytes":	112946560,
				"bits_per_second":	897312818.22894812,
				"omitted":	false,
				"sender":	false
			}
		}, {
			"streams":	[{
					"socket":	536,
					"start":	15.007076,
					"end":	16.000437,
					"seconds":	0.99336099624633789,
					"bytes":	120161600,
					"bits_per_second":	967717479.98208547,
					"omitted":	false,
					"sender":	false
				}],
			"sum":	{
				"start":	15.007076,
				"end":	16.000437,
				"seconds":	0.99336099624633789,
				"bytes":	120161600,