{"start": {"connected": [{"socket": 167, "local_host": "100.125.82.37", "local_port": 42035, "remote_host": "104.214.106.220", "remote_port": 5201}], "version": "iperf 3.7", "system_info": "Linux localhost 4.19.110-g9ceb3bf92e0a-ab6790968 #2 SMP PREEMPT Wed Aug 26 04:14:37 UTC 2020 aarch64", "timestamp": {"time": "Mon, 18 Jan 2021 23:03:30 ", "timesecs": 1608354210.0}, "connecting_to": {"host": "104.214.106.220", "port": 5201}, "cookie": "o5tsqk6htgup3kgnm4ivx3agcrtidgphv5jd", "sock_bufsize": 0, "sndbuf_actual": 212992, "rcvbuf_actual": 212992, "test_start": {"protocol": "UDP", "num_streams": 1, "blksize": 1376, "omit": 0, "duration": 30, "bytes": 0, "blocks": 0, "reverse": 1, "tos": 0}}, "intervals": [{"streams": [{"socket": 167, "start": 0, "end": 1.00108, "seconds": 1.00108003616333, "bytes": 206325696, "bits_per_second": 1648824777.613183, "jitter_ms": 0.21585694913000444, "lost_packets": 52352, "packets": 202298, "lost_percent": 25.878654262523604, "omitted": false, "sender": false}], "sum": {"start": 0, "end": 1.00108, "seconds": 1.00108003616333, "bytes": 206325696, "bits_per_second": 1648824777.613183, "jitter_ms": 0.21585694913000444, "lost_packets": 52352, "packets": 202298, "lost_percent": 25.878654262523604, "omitted": false, "sender": false}}, {"streams": [{"socket": 167, "start": 1.00108, "end": 2.000081, "seconds": 0.9990010261535645, "bytes": 205198752, "bits_per_second": 1643231561.3534296, "jitter_ms": 0.024713730456325248, "lost_packets": 39153, "packets": 188280, "lost_percent": 20.795092415551306, "omitted": false, "sender": false}], "sum": {"start": 1.00108, "end": 2.000081, "seconds": 0.9990010261535645, "bytes": 205198752, "bits_per_second": 1643231561.3534296, "jitter_ms": 0.024713730456325248, "lost_packets": 39153, "packets": 188280, "lost_percent": 20.795092415551306, "omitted": false, "sender": false}}, {"streams": [{"socket": 167, "start": 2.000081, "end": 3.000015, "seconds": 0.9999340176582336, "bytes": 198482496, "bits_per_second": 1587964745.6325593, "jitter_ms": 0.003435045445165405, "lost_packets": 55372, "packets": 199618, "lost_percent": 27.738981454578244, "omitted": false, "sender": false}], "sum": {"start": 2.000081, "end": 3.000015, "seconds": 0.9999340176582336, "bytes": 198482496, "bits_per_second": 1587964745.6325593, "jitter_ms": 0.003435045445165405, "lost_packets": 55372, "packets": 199618, "lost_percent": 27.738981454578244, "omitted": false, "sender": false}}, {"streams": [{"socket": 167, "start": 3.000015, "end": 4.000016, "seconds": 1.0000009536743164, "bytes": 208964864, "bits_per_second": 1671717317.7261298, "jitter_ms": 0.011630219420645384, "lost_packets": 41390, "packets": 193254, "lost_percent": 21.41740921274592, "omitted": false, "sender": false}], "sum": {"start": 3.000015, "end": 4.000016, "seconds": 1.0000009536743164, "bytes": 208964864, "bits_per_second": 1671717317.7261298, "jitter_ms": 0.011630219420645384, "lost_packets": 41390, "packets": 193254, "lost_percent": 21.41740921274592, "omitted": false, "sender": false}}, {"streams": [{"socket": 167, "start": 4.000016, "end": 5.000015, "seconds": 0.9999989867210388, "bytes": 210351872, "bits_per_second": 1682816681.1627386, "jitter_ms": 0.11570271412956554, "lost_packets": 43367, "packets": 196239, "lost_percent": 22.099073069063742, "omitted": false, "sender": false}], "sum": {"start": 4.000016, "end": 5.000015, "seconds": 0.9999989867210388, "bytes": 210351872, "bits_per_second": 1682816681.1627386, "jitter_ms": 0.11570271412956554, "lost_packets": 43367, "packets": 196239, "lost_percent": 22.099073069063742, "omitted": false, "sender": false}}, {"streams": [{"socket": 167, "start": 5.000015, "end": 6.000016, "seconds": 1.0000009536743164, "bytes": 208978624, "bits_per_second": 1671827397.6211495, "jitter_ms": 0.004123695929791885, "lost_packets": 41822, "packets": 193696, "lost_percent": 21.59156616553775, "omitted": false, "sender": false}], "sum": {"start": 5.000015, "end": 6.000016, "seconds": 1.0000009536743164, "bytes": 208978624, "bits_per_second": 1671827397.6211495, "jitter_ms": 0.004123695929791885, "lost_packets": 41822, "packets": 193696, "lost_percent": 21.59156616553775, "omitted": false, "sender": false}}, {"streams": [{"socket": 167, "start": 6.000016, "end": 7.000016, "seconds": 1, "bytes": 205645952, "bits_per_second": 1645167616, "jitter_ms": 0.0024124349118939347, "lost_packets": 38538, "packets": 187990, "lost_percent": 20.500026597159422, "omitted": false, "sender": false}], "sum": {"start": 6.000016, "end": 7.000016, "seconds": 1, "bytes": 205645952, "bits_per_second": 1645167616, "jitter_ms": 0.0024124349118939347, "lost_packets": 38538, "packets": 187990, "lost_percent": 20.500026597159422, "omitted": false, "sender": false}}, {"streams": [{"socket": 167, "start": 7.000016, "end": 8.000039, "seconds": 1.0000230073928833, "bytes": 199393408, "bits_per_second": 1595110564.6645465, "jitter_ms": 0.004274689184056948, "lost_packets": 43060, "packets": 187968, "lost_percent": 22.908154579502895, "omitted": false, "sender": false}], "sum": {"start": 7.000016, "end": 8.000039, "seconds": 1.0000230073928833, "bytes": 199393408, "bits_per_second": 1595110564.6645465, "jitter_ms": 0.004274689184056948, "lost_packets": 43060, "packets": 187968, "lost_percent": 22.908154579502895, "omitted": false, "sender": false}}, {"streams": [{"socket": 167, "start": 8.000039, "end": 9.000017, "seconds": 0.9999780058860779, "bytes": 207581984, "bits_per_second": 1660692397.4577792, "jitter_ms": 0.003322427981772144, "lost_packets": 38106, "packets": 188965, "lost_percent": 20.165639139523194, "omitted": false, "sender": false}], "sum": {"start": 8.000039, "end": 9.000017, "seconds": 0.9999780058860779, "bytes": 207581984, "bits_per_second": 1660692397.4577792, "jitter_ms": 0.003322427981772144, "lost_packets": 38106, "packets": 188965, "lost_percent": 20.165639139523194, "omitted": false, "sender": false}}, {"streams": [{"socket": 167, "start": 9.000017, "end": 10.000016, "seconds": 0.9999989867210388, "bytes": 205427168, "bits_per_second": 1643419009.2419064, "jitter_ms": 0.003180740545090007, "lost_packets": 46148, "packets": 195441, "lost_percent": 23.612241034378663, "omitted": false, "sender": false}], "sum": {"start": 9.000017, "end": 10.000016, "seconds": 0.9999989867210388, "bytes": 205427168, "bits_per_second": 1643419009.2419064, "jitter_ms": 0.003180740545090007, "lost_packets": 46148, "packets": 195441, "lost_percent": 23.612241034378663, "omitted": false, "sender": false}}, {"streams": [{"socket": 167, "start": 10.000016, "end": 11.000016, "seconds": 1, "bytes": 213592352, "bits_per_second": 1708738816, "jitter_ms": 0.0033704925959418606, "lost_packets": 36466, "packets": 191693, "lost_percent": 19.023125518407035, "omitted": false, "sender": false}], "sum": {"start": 10.000016, "end": 11.000016, "seconds": 1, "bytes": 213592352, "bits_per_second": 1708738816, "jitter_ms": 0.0033704925959418606, "lost_packets": 36466, "packets": 191693, "lost_percent": 19.023125518407035, "omitted": false, "sender": false}}, {"streams": [{"socket": 167, "start": 11.000016, "end": 12.000014, "seconds": 0.9999979734420776, "bytes": 208009920, "bits_per_second": 1664082732.3600447, "jitter_ms": 0.0019394130709069527, "lost_packets": 44111, "packets": 195281, "lost_percent": 22.58847506925917, "omitted": false, "sender": false}], "sum": {"start": 11.000016, "end": 12.000014, "seconds": 0.9999979734420776, "bytes": 208009920, "bits_per_second": 1664082732.3600447, "jitter_ms": 0.0019394130709069527, "lost_packets": 44111, "packets": 195281, "lost_percent": 22.58847506925917, "omitted": false, "sender": false}}, {"streams": [{"socket": 167, "start": 12.000014, "end": 13.000016, "seconds": 1.0000020265579224, "bytes": 211796672, "bits_per_second": 1694369942.2611701, "jitter_ms": 0.002295548816103772, "lost_packets": 40886, "packets": 194808, "lost_percent": 20.987844441706706, "omitted": false, "sender": false}], "sum": {"start": 12.000014,