{"start": {"connected": [{"socket": 136, "local_host": "100.124.85.183", "local_port": 44990, "remote_host": "65.52.196.57", "remote_port": 5201}], "version": "iperf 3.7", "system_info": "Linux localhost 4.19.110-g9ceb3bf92e0a-ab6790968 #2 SMP PREEMPT Wed Aug 26 04:14:37 UTC 2020 aarch64", "timestamp": {"time": "Mon, 18 Jan 2021 22:06:13 ", "timesecs": 1608350773.0}, "connecting_to": {"host": "65.52.196.57", "port": 5201}, "cookie": "xhzvbazge4tkyjpmz3cqgwtqenpteuk4u5uy", "sock_bufsize": 0, "sndbuf_actual": 212992, "rcvbuf_actual": 212992, "test_start": {"protocol": "UDP", "num_streams": 1, "blksize": 1376, "omit": 0, "duration": 30, "bytes": 0, "blocks": 0, "reverse": 1, "tos": 0}}, "intervals": [{"streams": [{"socket": 136, "start": 0, "end": 1.000028, "seconds": 1.0000280141830444, "bytes": 185831552, "bits_per_second": 1486610769.8137786, "jitter_ms": 0.01212143385999916, "lost_packets": 41402, "packets": 176454, "lost_percent": 23.46333888718873, "omitted": false, "sender": false}], "sum": {"start": 0, "end": 1.000028, "seconds": 1.0000280141830444, "bytes": 185831552, "bits_per_second": 1486610769.8137786, "jitter_ms": 0.01212143385999916, "lost_packets": 41402, "packets": 176454, "lost_percent": 23.46333888718873, "omitted": false, "sender": false}}, {"streams": [{"socket": 136, "start": 1.000028, "end": 2.000085, "seconds": 1.0000569820404053, "bytes": 192598720, "bits_per_second": 1540701967.6582265, "jitter_ms": 0.0013376207930725149, "lost_packets": 30569, "packets": 170539, "lost_percent": 17.92493212696216, "omitted": false, "sender": false}], "sum": {"start": 1.000028, "end": 2.000085, "seconds": 1.0000569820404053, "bytes": 192598720, "bits_per_second": 1540701967.6582265, "jitter_ms": 0.0013376207930725149, "lost_packets": 30569, "packets": 170539, "lost_percent": 17.92493212696216, "omitted": false, "sender": false}}, {"streams": [{"socket": 136, "start": 2.000085, "end": 3.000073, "seconds": 0.9999880194664001, "bytes": 210818336, "bits_per_second": 1686566893.9713416, "jitter_ms": 0.02452758926746721, "lost_packets": 23937, "packets": 177148, "lost_percent": 13.51243028428207, "omitted": false, "sender": false}], "sum": {"start": 2.000085, "end": 3.000073, "seconds": 0.9999880194664001, "bytes": 210818336, "bits_per_second": 1686566893.9713416, "jitter_ms": 0.02452758926746721, "lost_packets": 23937, "packets": 177148, "lost_percent": 13.51243028428207, "omitted": false, "sender": false}}, {"streams": [{"socket": 136, "start": 3.000073, "end": 4.000024, "seconds": 0.9999510049819946, "bytes": 207276512, "bits_per_second": 1658293344.112253, "jitter_ms": 0.003916002992108906, "lost_packets": 24595, "packets": 175232, "lost_percent": 14.035678414901389, "omitted": false, "sender": false}], "sum": {"start": 3.000073, "end": 4.000024, "seconds": 0.9999510049819946, "bytes": 207276512, "bits_per_second": 1658293344.112253, "jitter_ms": 0.003916002992108906, "lost_packets": 24595, "packets": 175232, "lost_percent": 14.035678414901389, "omitted": false, "sender": false}}, {"streams": [{"socket": 136, "start": 4.000024, "end": 5.000088, "seconds": 1.0000640153884888, "bytes": 203398944, "bits_per_second": 1627087393.3684084, "jitter_ms": 0.003434564136763302, "lost_packets": 27340, "packets": 175159, "lost_percent": 15.608675546218008, "omitted": false, "sender": false}], "sum": {"start": 4.000024, "end": 5.000088, "seconds": 1.0000640153884888, "bytes": 203398944, "bits_per_second": 1627087393.3684084, "jitter_ms": 0.003434564136763302, "lost_packets": 27340, "packets": 175159, "lost_percent": 15.608675546218008, "omitted": false, "sender": false}}, {"streams": [{"socket": 136, "start": 5.000088, "end": 6.000025, "seconds": 0.9999369978904724, "bytes": 195292928, "bits_per_second": 1562441861.1332655, "jitter_ms": 0.006436372366192817, "lost_packets": 26697, "packets": 168625, "lost_percent": 15.832171979243885, "omitted": false, "sender": false}], "sum": {"start": 5.000088, "end": 6.000025, "seconds": 0.9999369978904724, "bytes": 195292928, "bits_per_second": 1562441861.1332655, "jitter_ms": 0.006436372366192817, "lost_packets": 26697, "packets": 168625, "lost_percent": 15.832171979243885, "omitted": false, "sender": false}}, {"streams": [{"socket": 136, "start": 6.000025, "end": 7.000023, "seconds": 0.9999979734420776, "bytes": 192700544, "bits_per_second": 1541607476.156844, "jitter_ms": 0.003951801040609733, "lost_packets": 33257, "packets": 173301, "lost_percent": 19.190310500227927, "omitted": false, "sender": false}], "sum": {"start": 6.000025, "end": 7.000023, "seconds": 0.9999979734420776, "bytes": 192700544, "bits_per_second": 1541607476.156844, "jitter_ms": 0.003951801040609733, "lost_packets": 33257, "packets": 173301, "lost_percent": 19.190310500227927, "omitted": false, "sender": false}}, {"streams": [{"socket": 136, "start": 7.000023, "end": 8.000023, "seconds": 1, "bytes": 203257216, "bits_per_second": 1626057728, "jitter_ms": 0.003164228102178762, "lost_packets": 29152, "packets": 176868, "lost_percent": 16.482348418029265, "omitted": false, "sender": false}], "sum": {"start": 7.000023, "end": 8.000023, "seconds": 1, "bytes": 203257216, "bits_per_second": 1626057728, "jitter_ms": 0.003164228102178762, "lost_packets": 29152, "packets": 176868, "lost_percent": 16.482348418029265, "omitted": false, "sender": false}}, {"streams": [{"socket": 136, "start": 8.000023, "end": 9.000024, "seconds": 1.0000009536743164, "bytes": 189374752, "bits_per_second": 1514996571.1866806, "jitter_ms": 0.0031741435284928093, "lost_packets": 38181, "packets": 175808, "lost_percent": 21.717441754641428, "omitted": false, "sender": false}], "sum": {"start": 8.000023, "end": 9.000024, "seconds": 1.0000009536743164, "bytes": 189374752, "bits_per_second": 1514996571.1866806, "jitter_ms": 0.0031741435284928093, "lost_packets": 38181, "packets": 175808, "lost_percent": 21.717441754641428, "omitted": false, "sender": false}}, {"streams": [{"socket": 136, "start": 9.000024, "end": 10.000083, "seconds": 1.0000590085983276, "bytes": 207675552, "bits_per_second": 1661306384.6388497, "jitter_ms": 0.0028397597179276473, "lost_packets": 24901, "packets": 175828, "lost_percent": 14.162135723548014, "omitted": false, "sender": false}], "sum": {"start": 9.000024, "end": 10.000083, "seconds": 1.0000590085983276, "bytes": 207675552, "bits_per_second": 1661306384.6388497, "jitter_ms": 0.0028397597179276473, "lost_packets": 24901, "packets": 175828, "lost_percent": 14.162135723548014, "omitted": false, "sender": false}}, {"streams": [{"socket": 136, "start": 10.000083, "end": 11.000026, "seconds": 0.9999430179595947, "bytes": 196589120, "bits_per_second": 1572802581.5002487, "jitter_ms": 0.0020461611674242653, "lost_packets": 32893, "packets": 175763, "lost_percent": 18.714405193356964, "omitted": false, "sender": false}], "sum": {"start": 10.000083, "end": 11.000026, "seconds": 0.9999430179595947, "bytes": 196589120, "bits_per_second": 1572802581.5002487, "jitter_ms": 0.0020461611674242653, "lost_packets": 32893, "packets": 175763, "lost_percent": 18.714405193356964, "omitted": false, "sender": false}}, {"streams": [{"socket": 136, "start": 11.000026, "end": 12.000033, "seconds": 1.0000070333480835, "bytes": 199947936, "bits_per_second": 1599572237.6516678, "jitter_ms": 0.0037485005506119147, "lost_packets": 26702, "packets": 172013, "lost_percent": 15.523245336108317, "omitted": false, "sender": false}], "sum": {"start": 11.000026, "end": 12.000033, "seconds": 1.0000070333480835, "bytes": 199947936, "bits_per_second": 1599572237.6516678, "jitter_ms": 0.0037485005506119147, "lost_packets": 26702, "packets": 172013, "lost_percent": 15.523245336108317, "omitted": false, "sender": false}}, {"streams": [{"socket": 136, "start": 12.000033, "end": 13.000026, "seconds": 0.9999930262565613, "bytes": 200459808, "bits_per_second": 1603689647.7201586, "jitter_ms": 0.007293287667690146, "lost_packets": 27300, "packets": 172983, "lost_percent": 15.781897643121,