{
	"start":	{
		"connected":	[{
				"socket":	86,
				"local_host":	"100.124.85.183",
				"local_port":	37018,
				"remote_host":	"65.52.196.57",
				"remote_port":	5201
			}],
		"version":	"iperf 3.7",
		"system_info":	"Linux localhost 4.19.110-g9ceb3bf92e0a-ab6790968 #2 SMP PREEMPT Wed Aug 26 04:14:37 UTC 2020 aarch64",
		"timestamp":	{
			"time":	"Tue, 18 May 2021 21:54:41 GMT",
			"timesecs":	1621374881
		},
		"connecting_to":	{
			"host":	"65.52.196.57",
			"port":	5201
		},
		"cookie":	"kpwgggeozhr5b6leux3ulrvwrgdlxx2tymtm",
		"sock_bufsize":	0,
		"sndbuf_actual":	212992,
		"rcvbuf_actual":	212992,
		"test_start":	{
			"protocol":	"UDP",
			"num_streams":	1,
			"blksize":	1376,
			"omit":	0,
			"duration":	10,
			"bytes":	0,
			"blocks":	0,
			"reverse":	1,
			"tos":	0
		}
	},
	"intervals":	[{
			"streams":	[{
					"socket":	86,
					"start":	0,
					"end":	1.000639,
					"seconds":	1.0006389617919922,
					"bytes":	1503968,
					"bits_per_second":	12024061.084382499,
					"jitter_ms":	0.0075934872728444271,
					"lost_packets":	172579,
					"packets":	173672,
					"lost_percent":	99.3706527246764,
					"omitted":	false,
					"sender":	false
				}],
			"sum":	{
				"start":	0,
				"end":	1.000639,
				"seconds":	1.0006389617919922,
				"bytes":	1503968,
				"bits_per_second":	12024061.084382499,
				"jitter_ms":	0.0075934872728444271,
				"lost_packets":	172579,
				"packets":	173672,
				"lost_percent":	99.3706527246764,
				"omitted":	false,
				"sender":	false
			}
		}, {
			"streams":	[{
					"socket":	86,
					"start":	1.000639,
					"end":	2.000179,
					"seconds":	0.99953997135162354,
					"bytes":	1376000,
					"bits_per_second":	11013066.326016437,
					"jitter_ms":	0.030435302377894585,
					"lost_packets":	196681,
					"packets":	197681,
					"lost_percent":	99.494134489404644,
					"omitted":	false,
					"sender":	false
				}],
			"sum":	{
				"start":	1.000639,
				"end":	2.000179,
				"seconds":	0.99953997135162354,
				"bytes":	1376000,
				"bits_per_second":	11013066.326016437,
				"jitter_ms":	0.030435302377894585,
				"lost_packets":	196681,
				"packets":	197681,
				"lost_percent":	99.494134489404644,
				"omitted":	false,
				"sender":	false
			}
		}, {
			"streams":	[{
					"socket":	86,
					"start":	2.000179,
					"end":	3.000208,
					"seconds":	1.0000289678573608,
					"bytes":	1376000,
					"bits_per_second":	11007681.131063122,
					"jitter_ms":	0.015614129843448182,
					"lost_packets":	191779,
					"packets":	192779,
					"lost_percent":	99.481271300297237,
					"omitted":	false,
					"sender":	false
				}],
			"sum":	{
				"start":	2.000179,
				"end":	3.000208,
				"seconds":	1.0000289678573608,
				"bytes":	1376000,
				"bits_per_second":	11007681.131063122,
				"jitter_ms":	0.015614129843448182,
				"lost_packets":	191779,
				"packets":	192779,
				"lost_percent":	99.481271300297237,
				"omitted":	false,
				"sender":	false
			}
		}, {
			"streams":	[{
					"socket":	86,
					"start":	3.000208,
					"end":	4.000185,
					"seconds":	0.9999769926071167,
					"bytes":	1376000,
					"bits_per_second":	11008253.27120797,
					"jitter_ms":	0.015704035538517278,
					"lost_packets":	192921,
					"packets":	193921,
					"lost_percent":	99.484326091552745,
					"omitted":	false,
					"sender":	false
				}],
			"sum":	{
				"start":	3.000208,
				"end":	4.000185,
				"seconds":	0.9999769926071167,
				"bytes":	1376000,
				"bits_per_second":	11008253.27120797,
				"jitter_ms":	0.015704035538517278,
				"lost_packets":	192921,
				"packets":	193921,
				"lost_percent":	99.484326091552745,
				"omitted":	false,
				"sender":	false
			}
		}, {
			"streams":	[{
					"socket":	86,
					"start":	4.000185,
					"end":	5.000209,
					"seconds":	1.0000239610671997,
					"bytes":	1376000,
					"bits_per_second":	11007736.242892167,
					"jitter_ms":	0.014790770582188398,
					"lost_packets":	193232,
					"packets":	194232,
					"lost_percent":	99.485151777256064,
					"omitted":	false,
					"sender":	false
				}],
			"sum":	{
				"start":	4.000185,
				"end":	5.000209,
				"seconds":	1.0000239610671997,
				"bytes":	1376000,
				"bits_per_second":	11007736.242892167,
				"jitter_ms":	0.014790770582188398,
				"lost_packets":	193232,
				"packets":	194232,
				"lost_percent":	99.485151777256064,
				"omitted":	false,
				"sender":	false
			}
		}, {
			"streams":	[{
					"socket":	86,
					"start":	5.000209,
					"end":	6.00018,
					"seconds":	0.99997097253799438,
					"bytes":	1376000,
					"bits_per_second":	11008319.543577297,
					"jitter_ms":	0.027498673503474371,
					"lost_packets":	191250,
					"packets":	192250,
					"lost_percent":	99.479843953185963,
					"omitted":	false,
					"sender":	false
				}],
			"sum":	{
				"start":	5.000209,
				"end":	6.00018,
				"seconds":	0.99997097253799438,
				"bytes":	1376000,
				"bits_per_second":	11008319.543577297,
				"jitter_ms":	0.027498673503474371,
				"lost_packets":	191250,
				"packets":	192250,
				"lost_percent":	99.479843953185963,
				"omitted":	false,
				"sender":	false
			}
		}, {
			"streams":	[{
					"socket":	86,
					"start":	6.00018,
					"end":	7.000227,
					"seconds":	1.000046968460083,
					"bytes":	1376000,
					"bits_per_second":	11007482.995474312,
					"jitter_ms":	0.01429103380324051,
					"lost_packets":	195075,
					"packets":	196075,
					"lost_percent":	99.489991074843815,
					"omitted":	false,
					"sender":	false
				}],
			"sum":	{
				"start":	6.00018,
				"end":	7.000227,
				"seconds":	1.000046968460083,
				"bytes":	1376000,
				"bits_per_second":	11007482.995474312,
				"jitter_ms":	0.01429103380324051,
				"lost_packets":	195075,
				"packets":	196075,
				"lost_percent":	99.489991074843815,
				"omitted":	false,
				"sender":	false
			}
		}, {
			"streams":	[{
					"socket":	86,
					"start":	7.000227,
					"end":	8.000194,
					"seconds":	0.99996697902679443,
					"bytes":	1376000,
					"bits_per_second":	11008363.506876398,
					"jitter_ms":	0.011733443480389081,
					"lost_packets":	191362,
					"packets":	192362,
					"lost_percent":	99.480146806541839,
					"omitted":	false,
					"sender":	false
				}],
			"sum":	{
				"start":	7.000227,
				"end":	8.000194,
				"seconds":	0.99996697902679443,
				"bytes":	1376000,
				"bits_per_second":	11008363.506876398,
				"jitter_ms":	0.011733443480389081,
				"lost_packets":	191362,
				"packets":	192362,
				"lost_percent":	99.480146806541839,
				"omitted":	false,
				"sender":	false
			}
		}, {
			"streams":	[{
					"socket":	86,
					"start":	8.000194,
					"end":	9.000186,
					"seconds":	0.9999920129776001,
					"bytes":	1376000,
					"bits_per_second":	11008087.921844812,
					"jitter_ms":	0.016033419585931078,
					"lost_packets":	194239,
					"packets":	195239,
					"lost_percent":	99.487807251624929,
					"omitted":	false,
					"sender":	false
				}],
			"sum":	{
				"start":	8.000194,
				"end":	9.000186,
				"seconds":	0.9999920129776001,
				"bytes":	1376000,
				"bits_per_second":	11008087.921844812,
				"jitter_ms":	0.016033419585931078,
				"lost_packets":	194239,
				"packets":	195239,
				"lost_percent":	99.487807251624929,
				"omitted":	false,
				"sender":	false
			}
		}, {
			"streams":	[{
					"socket":	86,
					"start":	9.000186,
					"end":	10.000239,
					"seconds":	1.00005304813385,
					"bytes":	1376000,
					"bits_per_second":	11007416.077118598,
					"jitter_ms":	0.01498294705252909,
					"lost_packets":	195763,
					"packets":	196763,
					"lost_percent":	99.491774368148484,
					"omitted":	false,
					"sender":	false
				}],
			"sum":	{
				"start":	9.000186,
				"end":	10.000239,
				"seconds":	1.00005304813385,
				"bytes":	1376000,
				"bits_per_second":	11007416.077118598,
				"jitter_ms":	0.01498294705252909,
				"lost_packets":	195763,
				"packets":	196763,
				"lost_percent":	99.491774368148484,
				"omitted":	false,
				"sender":	false
			}
		}],
	"end":	{
		"streams":	[{
				"udp":	{
					"socket":	86,
					"start":	0,
					"end":	10.000239,