{
	"start":	{
		"connected":	[{
				"socket":	238,
				"local_host":	"100.124.85.183",
				"local_port":	45784,
				"remote_host":	"20.46.241.99",
				"remote_port":	5201
			}],
		"version":	"iperf 3.7",
		"system_info":	"Linux localhost 4.19.110-g9ceb3bf92e0a-ab6790968 #2 SMP PREEMPT Wed Aug 26 04:14:37 UTC 2020 aarch64",
		"timestamp":	{
			"time":	"Mon, 17 May 2021 23:16:13 GMT",
			"timesecs":	1621293373
		},
		"connecting_to":	{
			"host":	"20.46.241.99",
			"port":	5201
		},
		"cookie":	"x4al5q3lbasdbfbsefv3g5x3btd247rjocp5",
		"tcp_mss_default":	1376,
		"target_bitrate":	3000000000,
		"sock_bufsize":	0,
		"sndbuf_actual":	2097152,
		"rcvbuf_actual":	6291456,
		"test_start":	{
			"protocol":	"TCP",
			"num_streams":	1,
			"blksize":	131072,
			"omit":	0,
			"duration":	30,
			"bytes":	0,
			"blocks":	0,
			"reverse":	1,
			"tos":	0
		}
	},
	"intervals":	[{
			"streams":	[{
					"socket":	238,
					"start":	0,
					"end":	1.000141,
					"seconds":	1.0001410245895386,
					"bytes":	7898240,
					"bits_per_second":	63177010.488027655,
					"omitted":	false,
					"sender":	false
				}],
			"sum":	{
				"start":	0,
				"end":	1.000141,
				"seconds":	1.0001410245895386,
				"bytes":	7898240,
				"bits_per_second":	63177010.488027655,
				"omitted":	false,
				"sender":	false
			}
		}, {
			"streams":	[{
					"socket":	238,
					"start":	1.000141,
					"end":	2.00036,
					"seconds":	1.0002189874649048,
					"bytes":	32491488,
					"bits_per_second":	259874994.633733,
					"omitted":	false,
					"sender":	false
				}],
			"sum":	{
				"start":	1.000141,
				"end":	2.00036,
				"seconds":	1.0002189874649048,
				"bytes":	32491488,
				"bits_per_second":	259874994.633733,
				"omitted":	false,
				"sender":	false
			}
		}, {
			"streams":	[{
					"socket":	238,
					"start":	2.00036,
					"end":	3.000104,
					"seconds":	0.9997439980506897,
					"bytes":	69644672,
					"bits_per_second":	557300045.89810061,
					"omitted":	false,
					"sender":	false
				}],
			"sum":	{
				"start":	2.00036,
				"end":	3.000104,
				"seconds":	0.9997439980506897,
				"bytes":	69644672,
				"bits_per_second":	557300045.89810061,
				"omitted":	false,
				"sender":	false
			}
		}, {
			"streams":	[{
					"socket":	238,
					"start":	3.000104,
					"end":	4.000375,
					"seconds":	1.0002709627151489,
					"bytes":	63779040,
					"bits_per_second":	510094103.51672965,
					"omitted":	false,
					"sender":	false
				}],
			"sum":	{
				"start":	3.000104,
				"end":	4.000375,
				"seconds":	1.0002709627151489,
				"bytes":	63779040,
				"bits_per_second":	510094103.51672965,
				"omitted":	false,
				"sender":	false
			}
		}, {
			"streams":	[{
					"socket":	238,
					"start":	4.000375,
					"end":	5.000104,
					"seconds":	0.9997289776802063,
					"bytes":	42683744,
					"bits_per_second":	341562523.06735629,
					"omitted":	false,
					"sender":	false
				}],
			"sum":	{
				"start":	4.000375,
				"end":	5.000104,
				"seconds":	0.9997289776802063,
				"bytes":	42683744,
				"bits_per_second":	341562523.06735629,
				"omitted":	false,
				"sender":	false
			}
		}, {
			"streams":	[{
					"socket":	238,
					"start":	5.000104,
					"end":	6.000104,
					"seconds":	1,
					"bytes":	33084544,
					"bits_per_second":	264676352,
					"omitted":	false,
					"sender":	false
				}],
			"sum":	{
				"start":	5.000104,
				"end":	6.000104,
				"seconds":	1,
				"bytes":	33084544,
				"bits_per_second":	264676352,
				"omitted":	false,
				"sender":	false
			}
		}, {
			"streams":	[{
					"socket":	238,
					"start":	6.000104,
					"end":	7.000107,
					"seconds":	1.0000029802322388,
					"bytes":	29617024,
					"bits_per_second":	236935485.87722647,
					"omitted":	false,
					"sender":	false
				}],
			"sum":	{
				"start":	6.000104,
				"end":	7.000107,
				"seconds":	1.0000029802322388,
				"bytes":	29617024,
				"bits_per_second":	236935485.87722647,
				"omitted":	false,
				"sender":	false
			}
		}, {
			"streams":	[{
					"socket":	238,
					"start":	7.000107,
					"end":	8.00012,
					"seconds":	1.000012993812561,
					"bytes":	20364800,
					"bits_per_second":	162916283.09635431,
					"omitted":	false,
					"sender":	false
				}],
			"sum":	{
				"start":	7.000107,
				"end":	8.00012,
				"seconds":	1.000012993812561,
				"bytes":	20364800,
				"bits_per_second":	162916283.09635431,
				"omitted":	false,
				"sender":	false
			}
		}, {
			"streams":	[{
					"socket":	238,
					"start":	8.00012,
					"end":	9.000025,
					"seconds":	0.999904990196228,
					"bytes":	18634496,
					"bits_per_second":	149090133.02428296,
					"omitted":	false,
					"sender":	false
				}],
			"sum":	{
				"start":	8.00012,
				"end":	9.000025,
				"seconds":	0.999904990196228,
				"bytes":	18634496,
				"bits_per_second":	149090133.02428296,
				"omitted":	false,
				"sender":	false
			}
		}, {
			"streams":	[{
					"socket":	238,
					"start":	9.000025,
					"end":	10.000155,
					"seconds":	1.0001300573349,
					"bytes":	19944416,
					"bits_per_second":	159534579.35778436,
					"omitted":	false,
					"sender":	false
				}],
			"sum":	{
				"start":	9.000025,
				"end":	10.000155,
				"seconds":	1.0001300573349,
				"bytes":	19944416,
				"bits_per_second":	159534579.35778436,
				"omitted":	false,
				"sender":	false
			}
		}, {
			"streams":	[{
					"socket":	238,
					"start":	10.000155,
					"end":	11.000109,
					"seconds":	0.9999539852142334,
					"bytes":	19506176,
					"bits_per_second":	156056588.91050619,
					"omitted":	false,
					"sender":	false
				}],
			"sum":	{
				"start":	10.000155,
				"end":	11.000109,
				"seconds":	0.9999539852142334,
				"bytes":	19506176,
				"bits_per_second":	156056588.91050619,
				"omitted":	false,
				"sender":	false
			}
		}, {
			"streams":	[{
					"socket":	238,
					"start":	11.000109,
					"end":	12.000429,
					"seconds":	1.0003199577331543,
					"bytes":	20433600,
					"bits_per_second":	163416513.62274128,
					"omitted":	false,
					"sender":	false
				}],
			"sum":	{
				"start":	11.000109,
				"end":	12.000429,
				"seconds":	1.0003199577331543,
				"bytes":	20433600,
				"bits_per_second":	163416513.62274128,
				"omitted":	false,
				"sender":	false
			}
		}, {
			"streams":	[{
					"socket":	238,
					"start":	12.000429,
					"end":	13.000135,
					"seconds":	0.999705970287323,
					"bytes":	21300480,
					"bits_per_second":	170453958.52845079,
					"omitted":	false,
					"sender":	false
				}],
			"sum":	{
				"start":	12.000429,
				"end":	13.000135,
				"seconds":	0.999705970287323,
				"bytes":	21300480,
				"bits_per_second":	170453958.52845079,
				"omitted":	false,
				"sender":	false
			}
		}, {
			"streams":	[{
					"socket":	238,
					"start":	13.000135,
					"end":	14.000113,
					"seconds":	0.99997800588607788,
					"bytes":	19541952,
					"bits_per_second":	156339054.538976,
					"omitted":	false,
					"sender":	false
				}],
			"sum":	{
				"start":	13.000135,
				"end":	14.000113,
				"seconds":	0.99997800588607788,
				"bytes":	19541952,
				"bits_per_second":	156339054.538976,
				"omitted":	false,
				"sender":	false
			}
		}, {
			"streams":	[{
					"socket":	238,
					"start":	14.000113,
					"end":	15.002165,
					"seconds":	1.0020519495010376,
					"bytes":	20373408,
					"bits_per_second":	162653507.217024,
					"omitted":	false,
					"sender":	false
				}],
			"sum":	{
				"start":	14.000113,
				"end":	15.002165,
				"seconds":	1.0020519495010376,
				"bytes":	20373408,
				"bits_per_second":	162653507.217024,
				"omitted":	false,
				"sender":	false
			}
		}, {
			"streams":	[{
					"socket":	238,
					"start":	15.002165,
					"end":	16.000171,
					"seconds":	0.99800598621368408,
					"bytes":	18054144,
					"bits_per_second":	144721729.12305084,
					"omitted":	false,
					"sender":	false
				}],
			"sum":	{
				"start":	15.002165,
				"end":	16.000171,
				"seconds":	0.99800598621368408,
				"bytes":	18054144,
				"bits_per_second":	144721729.12305084,
				"omitted":	false,