{
	"start":	{
		"connected":	[{
				"socket":	345,
				"local_host":	"100.124.85.183",
				"local_port":	40850,
				"remote_host":	"13.78.225.186",
				"remote_port":	5201
			}],
		"version":	"iperf 3.7",
		"system_info":	"Linux localhost 4.19.110-g9ceb3bf92e0a-ab6790968 #2 SMP PREEMPT Wed Aug 26 04:14:37 UTC 2020 aarch64",
		"timestamp":	{
			"time":	"Mon, 17 May 2021 23:29:12 GMT",
			"timesecs":	1621294152
		},
		"connecting_to":	{
			"host":	"13.78.225.186",
			"port":	5201
		},
		"cookie":	"hu3jnh2vjx4p4cb57fmtbrlv5e66qfd725hb",
		"tcp_mss_default":	1376,
		"target_bitrate":	3000000000,
		"sock_bufsize":	0,
		"sndbuf_actual":	2097152,
		"rcvbuf_actual":	6291456,
		"test_start":	{
			"protocol":	"TCP",
			"num_streams":	1,
			"blksize":	131072,
			"omit":	0,
			"duration":	30,
			"bytes":	0,
			"blocks":	0,
			"reverse":	1,
			"tos":	0
		}
	},
	"intervals":	[{
			"streams":	[{
					"socket":	345,
					"start":	0,
					"end":	1.000102,
					"seconds":	1.0001020431518555,
					"bytes":	3308032,
					"bits_per_second":	26461555.779445264,
					"omitted":	false,
					"sender":	false
				}],
			"sum":	{
				"start":	0,
				"end":	1.000102,
				"seconds":	1.0001020431518555,
				"bytes":	3308032,
				"bits_per_second":	26461555.779445264,
				"omitted":	false,
				"sender":	false
			}
		}, {
			"streams":	[{
					"socket":	345,
					"start":	1.000102,
					"end":	2.000219,
					"seconds":	1.0001169443130493,
					"bytes":	3898208,
					"bits_per_second":	31182017.440390941,
					"omitted":	false,
					"sender":	false
				}],
			"sum":	{
				"start":	1.000102,
				"end":	2.000219,
				"seconds":	1.0001169443130493,
				"bytes":	3898208,
				"bits_per_second":	31182017.440390941,
				"omitted":	false,
				"sender":	false
			}
		}, {
			"streams":	[{
					"socket":	345,
					"start":	2.000219,
					"end":	3.000121,
					"seconds":	0.99990200996398926,
					"bytes":	3406976,
					"bits_per_second":	27258479.059344623,
					"omitted":	false,
					"sender":	false
				}],
			"sum":	{
				"start":	2.000219,
				"end":	3.000121,
				"seconds":	0.99990200996398926,
				"bytes":	3406976,
				"bits_per_second":	27258479.059344623,
				"omitted":	false,
				"sender":	false
			}
		}, {
			"streams":	[{
					"socket":	345,
					"start":	3.000121,
					"end":	4.00012,
					"seconds":	0.99999898672103882,
					"bytes":	3704192,
					"bits_per_second":	29633566.027069,
					"omitted":	false,
					"sender":	false
				}],
			"sum":	{
				"start":	3.000121,
				"end":	4.00012,
				"seconds":	0.99999898672103882,
				"bytes":	3704192,
				"bits_per_second":	29633566.027069,
				"omitted":	false,
				"sender":	false
			}
		}, {
			"streams":	[{
					"socket":	345,
					"start":	4.00012,
					"end":	5.000134,
					"seconds":	1.0000139474868774,
					"bytes":	3837664,
					"bits_per_second":	30700883.799826074,
					"omitted":	false,
					"sender":	false
				}],
			"sum":	{
				"start":	4.00012,
				"end":	5.000134,
				"seconds":	1.0000139474868774,
				"bytes":	3837664,
				"bits_per_second":	30700883.799826074,
				"omitted":	false,
				"sender":	false
			}
		}, {
			"streams":	[{
					"socket":	345,
					"start":	5.000134,
					"end":	6.000829,
					"seconds":	1.0006949901580811,
					"bytes":	3629888,
					"bits_per_second":	29018936.124995146,
					"omitted":	false,
					"sender":	false
				}],
			"sum":	{
				"start":	5.000134,
				"end":	6.000829,
				"seconds":	1.0006949901580811,
				"bytes":	3629888,
				"bits_per_second":	29018936.124995146,
				"omitted":	false,
				"sender":	false
			}
		}, {
			"streams":	[{
					"socket":	345,
					"start":	6.000829,
					"end":	7.001929,
					"seconds":	1.0010999441146851,
					"bytes":	4905440,
					"bits_per_second":	39200401.748803116,
					"omitted":	false,
					"sender":	false
				}],
			"sum":	{
				"start":	6.000829,
				"end":	7.001929,
				"seconds":	1.0010999441146851,
				"bytes":	4905440,
				"bits_per_second":	39200401.748803116,
				"omitted":	false,
				"sender":	false
			}
		}, {
			"streams":	[{
					"socket":	345,
					"start":	7.001929,
					"end":	8.000225,
					"seconds":	0.99829602241516113,
					"bytes":	4143136,
					"bits_per_second":	33201662.889342818,
					"omitted":	false,
					"sender":	false
				}],
			"sum":	{
				"start":	7.001929,
				"end":	8.000225,
				"seconds":	0.99829602241516113,
				"bytes":	4143136,
				"bits_per_second":	33201662.889342818,
				"omitted":	false,
				"sender":	false
			}
		}, {
			"streams":	[{
					"socket":	345,
					"start":	8.000225,
					"end":	9.000141,
					"seconds":	0.99991601705551147,
					"bytes":	5322368,
					"bits_per_second":	42582520.2054306,
					"omitted":	false,
					"sender":	false
				}],
			"sum":	{
				"start":	8.000225,
				"end":	9.000141,
				"seconds":	0.99991601705551147,
				"bytes":	5322368,
				"bits_per_second":	42582520.2054306,
				"omitted":	false,
				"sender":	false
			}
		}, {
			"streams":	[{
					"socket":	345,
					"start":	9.000141,
					"end":	10.000176,
					"seconds":	1.0000350475311279,
					"bytes":	5974592,
					"bits_per_second":	47795060.901115306,
					"omitted":	false,
					"sender":	false
				}],
			"sum":	{
				"start":	9.000141,
				"end":	10.000176,
				"seconds":	1.0000350475311279,
				"bytes":	5974592,
				"bits_per_second":	47795060.901115306,
				"omitted":	false,
				"sender":	false
			}
		}, {
			"streams":	[{
					"socket":	345,
					"start":	10.000176,
					"end":	11.000365,
					"seconds":	1.000188946723938,
					"bytes":	4730688,
					"bits_per_second":	37838354.566865385,
					"omitted":	false,
					"sender":	false
				}],
			"sum":	{
				"start":	10.000176,
				"end":	11.000365,
				"seconds":	1.000188946723938,
				"bytes":	4730688,
				"bits_per_second":	37838354.566865385,
				"omitted":	false,
				"sender":	false
			}
		}, {
			"streams":	[{
					"socket":	345,
					"start":	11.000365,
					"end":	12.00029,
					"seconds":	0.99992501735687256,
					"bytes":	4509152,
					"bits_per_second":	36075921.067914926,
					"omitted":	false,
					"sender":	false
				}],
			"sum":	{
				"start":	11.000365,
				"end":	12.00029,
				"seconds":	0.99992501735687256,
				"bytes":	4509152,
				"bits_per_second":	36075921.067914926,
				"omitted":	false,
				"sender":	false
			}
		}, {
			"streams":	[{
					"socket":	345,
					"start":	12.00029,
					"end":	13.000167,
					"seconds":	0.99987697601318359,
					"bytes":	5458592,
					"bits_per_second":	43674108.963005282,
					"omitted":	false,
					"sender":	false
				}],
			"sum":	{
				"start":	12.00029,
				"end":	13.000167,
				"seconds":	0.99987697601318359,
				"bytes":	5458592,
				"bits_per_second":	43674108.963005282,
				"omitted":	false,
				"sender":	false
			}
		}, {
			"streams":	[{
					"socket":	345,
					"start":	13.000167,
					"end":	14.000181,
					"seconds":	1.0000139474868774,
					"bytes":	5335264,
					"bits_per_second":	42681516.700105913,
					"omitted":	false,
					"sender":	false
				}],
			"sum":	{
				"start":	13.000167,
				"end":	14.000181,
				"seconds":	1.0000139474868774,
				"bytes":	5335264,
				"bits_per_second":	42681516.700105913,
				"omitted":	false,
				"sender":	false
			}
		}, {
			"streams":	[{
					"socket":	345,
					"start":	14.000181,
					"end":	15.000146,
					"seconds":	0.99996501207351685,
					"bytes":	5418688,
					"bits_per_second":	43351020.7623274,
					"omitted":	false,
					"sender":	false
				}],
			"sum":	{
				"start":	14.000181,
				"end":	15.000146,
				"seconds":	0.99996501207351685,
				"bytes":	5418688,
				"bits_per_second":	43351020.7623274,
				"omitted":	false,
				"sender":	false
			}
		}, {
			"streams":	[{
					"socket":	345,
					"start":	15.000146,
					"end":	16.000145,
					"seconds":	0.99999898672103882,
					"bytes":	5597568,
					"bits_per_second":	44780589.375229083,
					"omitted":	false,
					"sender":	false
				}],
			"sum":	{
				"start":	15.000146,
				"end":	16.000145,
				"seconds":	0.99999898672103882,
				"bytes":	5597568,
				"bits_per_second":	44780589.375229083,