{"start": {"connected": [{"socket": 203, "local_host": "100.123.106.128", "local_port": 47532, "remote_host": "52.175.246.98", "remote_port": 5201}], "version": "iperf 3.7", "system_info": "Linux localhost 4.19.110-g9ceb3bf92e0a-ab6790968 #2 SMP PREEMPT Wed Aug 26 04:14:37 UTC 2020 aarch64", "timestamp": {"time": "2021-01-25 06:17:03 ", "timesecs": 1611595023.0}, "connecting_to": {"host": "52.175.246.98", "port": 5201}, "cookie": "dmbhawjl2khmljurptcan56sx32bpnkxucar", "sock_bufsize": 0, "sndbuf_actual": 212992, "rcvbuf_actual": 212992, "test_start": {"protocol": "UDP", "num_streams": 1, "blksize": 1376, "omit": 0, "duration": 30, "bytes": 0, "blocks": 0, "reverse": 1, "tos": 0}}, "intervals": [{"streams": [{"socket": 203, "start": 0, "end": 1.000026, "seconds": 1.000025987625122, "bytes": 57306272, "bits_per_second": 458438262.2782983, "jitter_ms": 0.016619190145700364, "lost_packets": 148561, "packets": 190208, "lost_percent": 78.10449613055182, "omitted": false, "sender": false}], "sum": {"start": 0, "end": 1.000026, "seconds": 1.000025987625122, "bytes": 57306272, "bits_per_second": 458438262.2782983, "jitter_ms": 0.016619190145700364, "lost_packets": 148561, "packets": 190208, "lost_percent": 78.10449613055182, "omitted": false, "sender": false}}, {"streams": [{"socket": 203, "start": 1.000026, "end": 2.000016, "seconds": 0.9999899864196777, "bytes": 63984000, "bits_per_second": 511877125.72271353, "jitter_ms": 0.012290861978297287, "lost_packets": 184848, "packets": 231348, "lost_percent": 79.9004097722911, "omitted": false, "sender": false}], "sum": {"start": 1.000026, "end": 2.000016, "seconds": 0.9999899864196777, "bytes": 63984000, "bits_per_second": 511877125.72271353, "jitter_ms": 0.012290861978297287, "lost_packets": 184848, "packets": 231348, "lost_percent": 79.9004097722911, "omitted": false, "sender": false}}, {"streams": [{"socket": 203, "start": 2.000016, "end": 3.000628, "seconds": 1.0006120204925537, "bytes": 50623040, "bits_per_second": 404736612.89881915, "jitter_ms": 0.03800403806370033, "lost_packets": 198716, "packets": 235506, "lost_percent": 84.37831732524862, "omitted": false, "sender": false}], "sum": {"start": 2.000016, "end": 3.000628, "seconds": 1.0006120204925537, "bytes": 50623040, "bits_per_second": 404736612.89881915, "jitter_ms": 0.03800403806370033, "lost_packets": 198716, "packets": 235506, "lost_percent": 84.37831732524862, "omitted": false, "sender": false}}, {"streams": [{"socket": 203, "start": 3.000628, "end": 4.000684, "seconds": 1.0000560283660889, "bytes": 45208480, "bits_per_second": 361647577.4771339, "jitter_ms": 0.13828436915242898, "lost_packets": 198325, "packets": 231180, "lost_percent": 85.78813046111256, "omitted": false, "sender": false}], "sum": {"start": 3.000628, "end": 4.000684, "seconds": 1.0000560283660889, "bytes": 45208480, "bits_per_second": 361647577.4771339, "jitter_ms": 0.13828436915242898, "lost_packets": 198325, "packets": 231180, "lost_percent": 85.78813046111256, "omitted": false, "sender": false}}, {"streams": [{"socket": 203, "start": 4.000684, "end": 5.00343, "seconds": 1.0027459859848022, "bytes": 41644640, "bits_per_second": 332244780.4892528, "jitter_ms": 0.41638800731600173, "lost_packets": 203020, "packets": 233285, "lost_percent": 87.02659836680455, "omitted": false, "sender": false}], "sum": {"start": 4.000684, "end": 5.00343, "seconds": 1.0027459859848022, "bytes": 41644640, "bits_per_second": 332244780.4892528, "jitter_ms": 0.41638800731600173, "lost_packets": 203020, "packets": 233285, "lost_percent": 87.02659836680455, "omitted": false, "sender": false}}, {"streams": [{"socket": 203, "start": 5.00343, "end": 6.001076, "seconds": 0.9976459741592407, "bytes": 43101824, "bits_per_second": 345628209.7370163, "jitter_ms": 0.31707009777921685, "lost_packets": 188934, "packets": 220258, "lost_percent": 85.77849612726892, "omitted": false, "sender": false}], "sum": {"start": 5.00343, "end": 6.001076, "seconds": 0.9976459741592407, "bytes": 43101824, "bits_per_second": 345628209.7370163, "jitter_ms": 0.31707009777921685, "lost_packets": 188934, "packets": 220258, "lost_percent": 85.77849612726892, "omitted": false, "sender": false}}, {"streams": [{"socket": 203, "start": 6.001076, "end": 7.003006, "seconds": 1.0019299983978271, "bytes": 40475040, "bits_per_second": 323176589.6996644, "jitter_ms": 0.5980292061462561, "lost_packets": 204634, "packets": 234049, "lost_percent": 87.43211891526988, "omitted": false, "sender": false}], "sum": {"start": 6.001076, "end": 7.003006, "seconds": 1.0019299983978271, "bytes": 40475040, "bits_per_second": 323176589.6996644, "jitter_ms": 0.5980292061462561, "lost_packets": 204634, "packets": 234049, "lost_percent": 87.43211891526988, "omitted": false, "sender": false}}, {"streams": [{"socket": 203, "start": 7.003006, "end": 8.000017, "seconds": 0.9970110058784485, "bytes": 38234912, "bits_per_second": 306796308.36220837, "jitter_ms": 0.037619287925061466, "lost_packets": 198857, "packets": 226644, "lost_percent": 87.73980339210392, "omitted": false, "sender": false}], "sum": {"start": 7.003006, "end": 8.000017, "seconds": 0.9970110058784485, "bytes": 38234912, "bits_per_second": 306796308.36220837, "jitter_ms": 0.037619287925061466, "lost_packets": 198857, "packets": 226644, "lost_percent": 87.73980339210392, "omitted": false, "sender": false}}, {"streams": [{"socket": 203, "start": 8.000017, "end": 9.000431, "seconds": 1.0004140138626099, "bytes": 42841760, "bits_per_second": 342592242.0625635, "jitter_ms": 0.09906953440779007, "lost_packets": 197956, "packets": 229091, "lost_percent": 86.4093307899481, "omitted": false, "sender": false}], "sum": {"start": 8.000017, "end": 9.000431, "seconds": 1.0004140138626099, "bytes": 42841760, "bits_per_second": 342592242.0625635, "jitter_ms": 0.09906953440779007, "lost_packets": 197956, "packets": 229091, "lost_percent": 86.4093307899481, "omitted": false, "sender": false}}, {"streams": [{"socket": 203, "start": 9.000431, "end": 10.000017, "seconds": 0.9995859861373901, "bytes": 42920192, "bits_per_second": 343503751.31490284, "jitter_ms": 0.001608637930520917, "lost_packets": 189879, "packets": 221071, "lost_percent": 85.89050576511619, "omitted": false, "sender": false}], "sum": {"start": 9.000431, "end": 10.000017, "seconds": 0.9995859861373901, "bytes": 42920192, "bits_per_second": 343503751.31490284, "jitter_ms": 0.001608637930520917, "lost_packets": 189879, "packets": 221071, "lost_percent": 85.89050576511619, "omitted": false, "sender": false}}, {"streams": [{"socket": 203, "start": 10.000017, "end": 11.003389, "seconds": 1.0033719539642334, "bytes": 35253120, "bits_per_second": 281077180.6863292, "jitter_ms": 0.8415417495811827, "lost_packets": 202530, "packets": 228150, "lost_percent": 88.77054569362262, "omitted": false, "sender": false}], "sum": {"start": 10.000017, "end": 11.003389, "seconds": 1.0033719539642334, "bytes": 35253120, "bits_per_second": 281077180.6863292, "jitter_ms": 0.8415417495811827, "lost_packets": 202530, "packets": 228150, "lost_percent": 88.77054569362262, "omitted": false, "sender": false}}, {"streams": [{"socket": 203, "start": 11.003389, "end": 12.000493, "seconds": 0.9971039891242981, "bytes": 39260032, "bits_per_second": 314992477.64101267, "jitter_ms": 0.06930689304359625, "lost_packets": 202064, "packets": 230596, "lost_percent": 87.62684521847734, "omitted": false, "sender": false}], "sum": {"start": 11.003389, "end": 12.000493, "seconds": 0.9971039891242981, "bytes": 39260032, "bits_per_second": 314992477.64101267, "jitter_ms": 0.06930689304359625, "lost_packets": 202064, "packets": 230596, "lost_percent": 87.62684521847734, "omitted": false, "sender": false}}, {"streams": [{"socket": 203, "start": 12.000493, "end": 13.000031, "seconds": 0.999538004398346, "bytes": 38045024, "bits_per_second": 304500870.0626688, "jitter_ms": 0.04058755030847158, "lost_packets": 197103, "packets": 224752, "lost_percent": 87.69799601338364, "omitted": false,