{"start": {"connected": [{"socket": 186, "local_host": "100.123.106.128", "local_port": 45784, "remote_host": "40.78.67.139", "remote_port": 5201}], "version": "iperf 3.7", "system_info": "Linux localhost 4.19.110-g9ceb3bf92e0a-ab6790968 #2 SMP PREEMPT Wed Aug 26 04:14:37 UTC 2020 aarch64", "timestamp": {"time": "2021-01-25 05:14:07 ", "timesecs": 1611591247.0}, "connecting_to": {"host": "40.78.67.139", "port": 5201}, "cookie": "hwc57w24oseqsdmnp6eepbgyb436j6p76szs", "sock_bufsize": 0, "sndbuf_actual": 212992, "rcvbuf_actual": 212992, "test_start": {"protocol": "UDP", "num_streams": 1, "blksize": 1376, "omit": 0, "duration": 30, "bytes": 0, "blocks": 0, "reverse": 1, "tos": 0}}, "intervals": [{"streams": [{"socket": 186, "start": 0, "end": 1.004283, "seconds": 1.0042829513549805, "bytes": 16502368, "bits_per_second": 131455924.66931733, "jitter_ms": 0.32580671660229876, "lost_packets": 153717, "packets": 165710, "lost_percent": 92.76265765493935, "omitted": false, "sender": false}], "sum": {"start": 0, "end": 1.004283, "seconds": 1.0042829513549805, "bytes": 16502368, "bits_per_second": 131455924.66931733, "jitter_ms": 0.32580671660229876, "lost_packets": 153717, "packets": 165710, "lost_percent": 92.76265765493935, "omitted": false, "sender": false}}, {"streams": [{"socket": 186, "start": 1.004283, "end": 2.00033, "seconds": 0.9960470199584961, "bytes": 33567520, "bits_per_second": 269605906.76852757, "jitter_ms": 0.08292562950473463, "lost_packets": 200137, "packets": 224532, "lost_percent": 89.13517894999376, "omitted": false, "sender": false}], "sum": {"start": 1.004283, "end": 2.00033, "seconds": 0.9960470199584961, "bytes": 33567520, "bits_per_second": 269605906.76852757, "jitter_ms": 0.08292562950473463, "lost_packets": 200137, "packets": 224532, "lost_percent": 89.13517894999376, "omitted": false, "sender": false}}, {"streams": [{"socket": 186, "start": 2.00033, "end": 3.000584, "seconds": 1.0002540349960327, "bytes": 66272288, "bits_per_second": 530043654.3623669, "jitter_ms": 0.05524490663284269, "lost_packets": 171766, "packets": 219929, "lost_percent": 78.10065975837657, "omitted": false, "sender": false}], "sum": {"start": 2.00033, "end": 3.000584, "seconds": 1.0002540349960327, "bytes": 66272288, "bits_per_second": 530043654.3623669, "jitter_ms": 0.05524490663284269, "lost_packets": 171766, "packets": 219929, "lost_percent": 78.10065975837657, "omitted": false, "sender": false}}, {"streams": [{"socket": 186, "start": 3.000584, "end": 4.000167, "seconds": 0.9995830059051514, "bytes": 57811264, "bits_per_second": 462683048.0988438, "jitter_ms": 0.1651216000442572, "lost_packets": 176684, "packets": 218698, "lost_percent": 80.78903327876799, "omitted": false, "sender": false}], "sum": {"start": 3.000584, "end": 4.000167, "seconds": 0.9995830059051514, "bytes": 57811264, "bits_per_second": 462683048.0988438, "jitter_ms": 0.1651216000442572, "lost_packets": 176684, "packets": 218698, "lost_percent": 80.78903327876799, "omitted": false, "sender": false}}, {"streams": [{"socket": 186, "start": 4.000167, "end": 5.001356, "seconds": 1.0011889934539795, "bytes": 52598976, "bits_per_second": 420292083.4640019, "jitter_ms": 0.009863793283887824, "lost_packets": 186061, "packets": 224287, "lost_percent": 82.95665821023955, "omitted": false, "sender": false}], "sum": {"start": 4.000167, "end": 5.001356, "seconds": 1.0011889934539795, "bytes": 52598976, "bits_per_second": 420292083.4640019, "jitter_ms": 0.009863793283887824, "lost_packets": 186061, "packets": 224287, "lost_percent": 82.95665821023955, "omitted": false, "sender": false}}, {"streams": [{"socket": 186, "start": 5.001356, "end": 6.002119, "seconds": 1.0007630586624146, "bytes": 40425504, "bits_per_second": 323157443.9130984, "jitter_ms": 0.5189335376973458, "lost_packets": 189613, "packets": 218992, "lost_percent": 86.58444144078322, "omitted": false, "sender": false}], "sum": {"start": 5.001356, "end": 6.002119, "seconds": 1.0007630586624146, "bytes": 40425504, "bits_per_second": 323157443.9130984, "jitter_ms": 0.5189335376973458, "lost_packets": 189613, "packets": 218992, "lost_percent": 86.58444144078322, "omitted": false, "sender": false}}, {"streams": [{"socket": 186, "start": 6.002119, "end": 7.000456, "seconds": 0.9983369708061218, "bytes": 35859936, "bits_per_second": 287357371.69821024, "jitter_ms": 0.3915910312437958, "lost_packets": 193344, "packets": 219405, "lost_percent": 88.12196622684077, "omitted": false, "sender": false}], "sum": {"start": 6.002119, "end": 7.000456, "seconds": 0.9983369708061218, "bytes": 35859936, "bits_per_second": 287357371.69821024, "jitter_ms": 0.3915910312437958, "lost_packets": 193344, "packets": 219405, "lost_percent": 88.12196622684077, "omitted": false, "sender": false}}, {"streams": [{"socket": 186, "start": 7.000456, "end": 8.000025, "seconds": 0.9995689988136292, "bytes": 32227296, "bits_per_second": 257929535.9359885, "jitter_ms": 0.015171353205989228, "lost_packets": 191848, "packets": 215269, "lost_percent": 89.12012412377072, "omitted": false, "sender": false}], "sum": {"start": 7.000456, "end": 8.000025, "seconds": 0.9995689988136292, "bytes": 32227296, "bits_per_second": 257929535.9359885, "jitter_ms": 0.015171353205989228, "lost_packets": 191848, "packets": 215269, "lost_percent": 89.12012412377072, "omitted": false, "sender": false}}, {"streams": [{"socket": 186, "start": 8.000025, "end": 9.000167, "seconds": 1.000141978263855, "bytes": 36183296, "bits_per_second": 289425275.9018117, "jitter_ms": 0.07158879882111172, "lost_packets": 194130, "packets": 220426, "lost_percent": 88.07037282353261, "omitted": false, "sender": false}], "sum": {"start": 8.000025, "end": 9.000167, "seconds": 1.000141978263855, "bytes": 36183296, "bits_per_second": 289425275.9018117, "jitter_ms": 0.07158879882111172, "lost_packets": 194130, "packets": 220426, "lost_percent": 88.07037282353261, "omitted": false, "sender": false}}, {"streams": [{"socket": 186, "start": 9.000167, "end": 10.000819, "seconds": 1.0006519556045532, "bytes": 36351168, "bits_per_second": 290619872.7451692, "jitter_ms": 0.08346860949324392, "lost_packets": 191293, "packets": 217711, "lost_percent": 87.86556490025768, "omitted": false, "sender": false}], "sum": {"start": 9.000167, "end": 10.000819, "seconds": 1.0006519556045532, "bytes": 36351168, "bits_per_second": 290619872.7451692, "jitter_ms": 0.08346860949324392, "lost_packets": 191293, "packets": 217711, "lost_percent": 87.86556490025768, "omitted": false, "sender": false}}, {"streams": [{"socket": 186, "start": 10.000819, "end": 11.00093, "seconds": 1.0001109838485718, "bytes": 40956640, "bits_per_second": 327616759.8311373, "jitter_ms": 0.05899375386039522, "lost_packets": 187977, "packets": 217742, "lost_percent": 86.33015219847343, "omitted": false, "sender": false}], "sum": {"start": 10.000819, "end": 11.00093, "seconds": 1.0001109838485718, "bytes": 40956640, "bits_per_second": 327616759.8311373, "jitter_ms": 0.05899375386039522, "lost_packets": 187977, "packets": 217742, "lost_percent": 86.33015219847343, "omitted": false, "sender": false}}, {"streams": [{"socket": 186, "start": 11.00093, "end": 12.001425, "seconds": 1.0004949569702148, "bytes": 42409696, "bits_per_second": 339109723.27879554, "jitter_ms": 0.1143122400409026, "lost_packets": 185118, "packets": 215939, "lost_percent": 85.72698771412297, "omitted": false, "sender": false}], "sum": {"start": 11.00093, "end": 12.001425, "seconds": 1.0004949569702148, "bytes": 42409696, "bits_per_second": 339109723.27879554, "jitter_ms": 0.1143122400409026, "lost_packets": 185118, "packets": 215939, "lost_percent": 85.72698771412297, "omitted": false, "sender": false}}, {"streams": [{"socket": 186, "start": 12.001425, "end": 13.000019, "seconds": 0.9985939860343933, "bytes": 37904672, "bits_per_second": 303664332.29205924, "jitter_ms": 0.037279409810577264, "lost_packets": 190409, "packets": 217956, "lost_percent": 87.3612105195544, "omitted": false, "sender": false}],