{
	"start":	{
		"connected":	[{
				"socket":	234,
				"local_host":	"100.124.59.153",
				"local_port":	38940,
				"remote_host":	"104.210.37.160",
				"remote_port":	5201
			}],
		"version":	"iperf 3.7",
		"system_info":	"Linux localhost 4.19.110-g9ceb3bf92e0a-ab6790968 #2 SMP PREEMPT Wed Aug 26 04:14:37 UTC 2020 aarch64",
		"timestamp":	{
			"time":	"Tue, 11 May 2021 17:02:23 GMT",
			"timesecs":	1620752543
		},
		"connecting_to":	{
			"host":	"104.210.37.160",
			"port":	5201
		},
		"cookie":	"33ythjz5g32amhucnjmpxsnj5dimiowsl552",
		"tcp_mss_default":	1376,
		"target_bitrate":	2000000000,
		"sock_bufsize":	0,
		"sndbuf_actual":	2097152,
		"rcvbuf_actual":	6291456,
		"test_start":	{
			"protocol":	"TCP",
			"num_streams":	1,
			"blksize":	131072,
			"omit":	0,
			"duration":	30,
			"bytes":	0,
			"blocks":	0,
			"reverse":	1,
			"tos":	0
		}
	},
	"intervals":	[{
			"streams":	[{
					"socket":	234,
					"start":	0,
					"end":	1.000167,
					"seconds":	1.0001670122146606,
					"bytes":	659104,
					"bits_per_second":	5271951.5197011111,
					"omitted":	false,
					"sender":	false
				}],
			"sum":	{
				"start":	0,
				"end":	1.000167,
				"seconds":	1.0001670122146606,
				"bytes":	659104,
				"bits_per_second":	5271951.5197011111,
				"omitted":	false,
				"sender":	false
			}
		}, {
			"streams":	[{
					"socket":	234,
					"start":	1.000167,
					"end":	2.000126,
					"seconds":	0.99995899200439453,
					"bytes":	1442048,
					"bits_per_second":	11536857.103385396,
					"omitted":	false,
					"sender":	false
				}],
			"sum":	{
				"start":	1.000167,
				"end":	2.000126,
				"seconds":	0.99995899200439453,
				"bytes":	1442048,
				"bits_per_second":	11536857.103385396,
				"omitted":	false,
				"sender":	false
			}
		}, {
			"streams":	[{
					"socket":	234,
					"start":	2.000126,
					"end":	3.000146,
					"seconds":	1.0000200271606445,
					"bytes":	3129024,
					"bits_per_second":	25031690.68630942,
					"omitted":	false,
					"sender":	false
				}],
			"sum":	{
				"start":	2.000126,
				"end":	3.000146,
				"seconds":	1.0000200271606445,
				"bytes":	3129024,
				"bits_per_second":	25031690.68630942,
				"omitted":	false,
				"sender":	false
			}
		}, {
			"streams":	[{
					"socket":	234,
					"start":	3.000146,
					"end":	4.00018,
					"seconds":	1.000033974647522,
					"bytes":	4891680,
					"bits_per_second":	39132110.500338957,
					"omitted":	false,
					"sender":	false
				}],
			"sum":	{
				"start":	3.000146,
				"end":	4.00018,
				"seconds":	1.000033974647522,
				"bytes":	4891680,
				"bits_per_second":	39132110.500338957,
				"omitted":	false,
				"sender":	false
			}
		}, {
			"streams":	[{
					"socket":	234,
					"start":	4.00018,
					"end":	5.000332,
					"seconds":	1.0001519918441772,
					"bytes":	8805024,
					"bits_per_second":	70429487.292341977,
					"omitted":	false,
					"sender":	false
				}],
			"sum":	{
				"start":	4.00018,
				"end":	5.000332,
				"seconds":	1.0001519918441772,
				"bytes":	8805024,
				"bits_per_second":	70429487.292341977,
				"omitted":	false,
				"sender":	false
			}
		}, {
			"streams":	[{
					"socket":	234,
					"start":	5.000332,
					"end":	6.007781,
					"seconds":	1.0074490308761597,
					"bytes":	15945440,
					"bits_per_second":	126620321.31696071,
					"omitted":	false,
					"sender":	false
				}],
			"sum":	{
				"start":	5.000332,
				"end":	6.007781,
				"seconds":	1.0074490308761597,
				"bytes":	15945440,
				"bits_per_second":	126620321.31696071,
				"omitted":	false,
				"sender":	false
			}
		}, {
			"streams":	[{
					"socket":	234,
					"start":	6.007781,
					"end":	7.000334,
					"seconds":	0.9925529956817627,
					"bytes":	33481472,
					"bits_per_second":	269861435.27380979,
					"omitted":	false,
					"sender":	false
				}],
			"sum":	{
				"start":	6.007781,
				"end":	7.000334,
				"seconds":	0.9925529956817627,
				"bytes":	33481472,
				"bits_per_second":	269861435.27380979,
				"omitted":	false,
				"sender":	false
			}
		}, {
			"streams":	[{
					"socket":	234,
					"start":	7.000334,
					"end":	8.000258,
					"seconds":	0.99992400407791138,
					"bytes":	32120448,
					"bits_per_second":	256983113.66868445,
					"omitted":	false,
					"sender":	false
				}],
			"sum":	{
				"start":	7.000334,
				"end":	8.000258,
				"seconds":	0.99992400407791138,
				"bytes":	32120448,
				"bits_per_second":	256983113.66868445,
				"omitted":	false,
				"sender":	false
			}
		}, {
			"streams":	[{
					"socket":	234,
					"start":	8.000258,
					"end":	9.00019,
					"seconds":	0.99993199110031128,
					"bytes":	27610816,
					"bits_per_second":	220901551.27144149,
					"omitted":	false,
					"sender":	false
				}],
			"sum":	{
				"start":	8.000258,
				"end":	9.00019,
				"seconds":	0.99993199110031128,
				"bytes":	27610816,
				"bits_per_second":	220901551.27144149,
				"omitted":	false,
				"sender":	false
			}
		}, {
			"streams":	[{
					"socket":	234,
					"start":	9.00019,
					"end":	10.001471,
					"seconds":	1.0012810230255127,
					"bytes":	23363392,
					"bits_per_second":	186668009.9810876,
					"omitted":	false,
					"sender":	false
				}],
			"sum":	{
				"start":	9.00019,
				"end":	10.001471,
				"seconds":	1.0012810230255127,
				"bytes":	23363392,
				"bits_per_second":	186668009.9810876,
				"omitted":	false,
				"sender":	false
			}
		}, {
			"streams":	[{
					"socket":	234,
					"start":	10.001471,
					"end":	11.000266,
					"seconds":	0.99879497289657593,
					"bytes":	23123680,
					"bits_per_second":	185212626.23450893,
					"omitted":	false,
					"sender":	false
				}],
			"sum":	{
				"start":	10.001471,
				"end":	11.000266,
				"seconds":	0.99879497289657593,
				"bytes":	23123680,
				"bits_per_second":	185212626.23450893,
				"omitted":	false,
				"sender":	false
			}
		}, {
			"streams":	[{
					"socket":	234,
					"start":	11.000266,
					"end":	12.000132,
					"seconds":	0.99986600875854492,
					"bytes":	25881184,
					"bits_per_second":	207077218.53358838,
					"omitted":	false,
					"sender":	false
				}],
			"sum":	{
				"start":	11.000266,
				"end":	12.000132,
				"seconds":	0.99986600875854492,
				"bytes":	25881184,
				"bits_per_second":	207077218.53358838,
				"omitted":	false,
				"sender":	false
			}
		}, {
			"streams":	[{
					"socket":	234,
					"start":	12.000132,
					"end":	13.000131,
					"seconds":	0.99999898672103882,
					"bytes":	23875296,
					"bits_per_second":	191002561.53887713,
					"omitted":	false,
					"sender":	false
				}],
			"sum":	{
				"start":	12.000132,
				"end":	13.000131,
				"seconds":	0.99999898672103882,
				"bytes":	23875296,
				"bits_per_second":	191002561.53887713,
				"omitted":	false,
				"sender":	false
			}
		}, {
			"streams":	[{
					"socket":	234,
					"start":	13.000131,
					"end":	14.000165,
					"seconds":	1.000033974647522,
					"bytes":	11532256,
					"bits_per_second":	92254913.671825826,
					"omitted":	false,
					"sender":	false
				}],
			"sum":	{
				"start":	13.000131,
				"end":	14.000165,
				"seconds":	1.000033974647522,
				"bytes":	11532256,
				"bits_per_second":	92254913.671825826,
				"omitted":	false,
				"sender":	false
			}
		}, {
			"streams":	[{
					"socket":	234,
					"start":	14.000165,
					"end":	15.000223,
					"seconds":	1.0000580549240112,
					"bytes":	12650944,
					"bits_per_second":	101201676.7443468,
					"omitted":	false,
					"sender":	false
				}],
			"sum":	{
				"start":	14.000165,
				"end":	15.000223,
				"seconds":	1.0000580549240112,
				"bytes":	12650944,
				"bits_per_second":	101201676.7443468,
				"omitted":	false,
				"sender":	false
			}
		}, {
			"streams":	[{
					"socket":	234,
					"start":	15.000223,
					"end":	16.00016,
					"seconds":	0.99993699789047241,
					"bytes":	11789568,
					"bits_per_second":	94322486.515626371,
					"omitted":	false,
					"sender":	false
				}],
			"sum":	{
				"start":	15.000223,
				"end":	16.00016,
				"seconds":	0.99993699789047241,
				"bytes":	11789568,