{"start": {"connected": [{"socket": 87, "local_host": "100.123.106.128", "local_port": 47412, "remote_host": "23.101.184.6", "remote_port": 5201}], "version": "iperf 3.7", "system_info": "Linux localhost 4.19.110-g9ceb3bf92e0a-ab6790968 #2 SMP PREEMPT Wed Aug 26 04:14:37 UTC 2020 aarch64", "timestamp": {"time": "2021-01-25 05:55:14 ", "timesecs": 1611593714.0}, "connecting_to": {"host": "23.101.184.6", "port": 5201}, "cookie": "63sucztqly32clqncsqgd6w4zib2dgmxotxv", "sock_bufsize": 0, "sndbuf_actual": 212992, "rcvbuf_actual": 212992, "test_start": {"protocol": "UDP", "num_streams": 1, "blksize": 1376, "omit": 0, "duration": 30, "bytes": 0, "blocks": 0, "reverse": 1, "tos": 0}}, "intervals": [{"streams": [{"socket": 87, "start": 0, "end": 1.00002, "seconds": 1.0000200271606445, "bytes": 174779520, "bits_per_second": 1398208157.860608, "jitter_ms": 0.0016264510403104897, "lost_packets": 52979, "packets": 179999, "lost_percent": 29.4329412941183, "omitted": false, "sender": false}], "sum": {"start": 0, "end": 1.00002, "seconds": 1.0000200271606445, "bytes": 174779520, "bits_per_second": 1398208157.860608, "jitter_ms": 0.0016264510403104897, "lost_packets": 52979, "packets": 179999, "lost_percent": 29.4329412941183, "omitted": false, "sender": false}}, {"streams": [{"socket": 87, "start": 1.00002, "end": 2.000862, "seconds": 1.0008419752120972, "bytes": 227372992, "bits_per_second": 1817453685.048055, "jitter_ms": 0.10926101161830692, "lost_packets": 40566, "packets": 205808, "lost_percent": 19.710604058151286, "omitted": false, "sender": false}], "sum": {"start": 1.00002, "end": 2.000862, "seconds": 1.0008419752120972, "bytes": 227372992, "bits_per_second": 1817453685.048055, "jitter_ms": 0.10926101161830692, "lost_packets": 40566, "packets": 205808, "lost_percent": 19.710604058151286, "omitted": false, "sender": false}}, {"streams": [{"socket": 87, "start": 2.000862, "end": 3.000174, "seconds": 0.9993119835853577, "bytes": 229233344, "bits_per_second": 1835129351.1165602, "jitter_ms": 0.0944212556658577, "lost_packets": 41307, "packets": 207901, "lost_percent": 19.868591300667145, "omitted": false, "sender": false}], "sum": {"start": 2.000862, "end": 3.000174, "seconds": 0.9993119835853577, "bytes": 229233344, "bits_per_second": 1835129351.1165602, "jitter_ms": 0.0944212556658577, "lost_packets": 41307, "packets": 207901, "lost_percent": 19.868591300667145, "omitted": false, "sender": false}}, {"streams": [{"socket": 87, "start": 3.000174, "end": 4.00149, "seconds": 1.001315951347351, "bytes": 229618624, "bits_per_second": 1834534833.414206, "jitter_ms": 0.2794199509519694, "lost_packets": 34089, "packets": 200963, "lost_percent": 16.96282400242831, "omitted": false, "sender": false}], "sum": {"start": 3.000174, "end": 4.00149, "seconds": 1.001315951347351, "bytes": 229618624, "bits_per_second": 1834534833.414206, "jitter_ms": 0.2794199509519694, "lost_packets": 34089, "packets": 200963, "lost_percent": 16.96282400242831, "omitted": false, "sender": false}}, {"streams": [{"socket": 87, "start": 4.00149, "end": 5.000019, "seconds": 0.9985290169715881, "bytes": 229167296, "bits_per_second": 1836039150.429782, "jitter_ms": 0.0032482781519597432, "lost_packets": 44997, "packets": 211543, "lost_percent": 21.270852734432243, "omitted": false, "sender": false}], "sum": {"start": 4.00149, "end": 5.000019, "seconds": 0.9985290169715881, "bytes": 229167296, "bits_per_second": 1836039150.429782, "jitter_ms": 0.0032482781519597432, "lost_packets": 44997, "packets": 211543, "lost_percent": 21.270852734432243, "omitted": false, "sender": false}}, {"streams": [{"socket": 87, "start": 5.000019, "end": 6.00002, "seconds": 1.0000009536743164, "bytes": 196758368, "bits_per_second": 1574065442.854215, "jitter_ms": 0.003627820730800291, "lost_packets": 62359, "packets": 205352, "lost_percent": 30.366882231485448, "omitted": false, "sender": false}], "sum": {"start": 5.000019, "end": 6.00002, "seconds": 1.0000009536743164, "bytes": 196758368, "bits_per_second": 1574065442.854215, "jitter_ms": 0.003627820730800291, "lost_packets": 62359, "packets": 205352, "lost_percent": 30.366882231485448, "omitted": false, "sender": false}}, {"streams": [{"socket": 87, "start": 6.00002, "end": 7.000021, "seconds": 1.0000009536743164, "bytes": 187832256, "bits_per_second": 1502656614.95498, "jitter_ms": 0.001140907450496908, "lost_packets": 71052, "packets": 207558, "lost_percent": 34.232359147804466, "omitted": false, "sender": false}], "sum": {"start": 6.00002, "end": 7.000021, "seconds": 1.0000009536743164, "bytes": 187832256, "bits_per_second": 1502656614.95498, "jitter_ms": 0.001140907450496908, "lost_packets": 71052, "packets": 207558, "lost_percent": 34.232359147804466, "omitted": false, "sender": false}}, {"streams": [{"socket": 87, "start": 7.000021, "end": 8.001346, "seconds": 1.001325011253357, "bytes": 204996480, "bits_per_second": 1637801734.271323, "jitter_ms": 0.2500056925764143, "lost_packets": 56557, "packets": 205537, "lost_percent": 27.51670015617626, "omitted": false, "sender": false}], "sum": {"start": 7.000021, "end": 8.001346, "seconds": 1.001325011253357, "bytes": 204996480, "bits_per_second": 1637801734.271323, "jitter_ms": 0.2500056925764143, "lost_packets": 56557, "packets": 205537, "lost_percent": 27.51670015617626, "omitted": false, "sender": false}}, {"streams": [{"socket": 87, "start": 8.001346, "end": 9.000025, "seconds": 0.998678982257843, "bytes": 52601728, "bits_per_second": 421370461.8561328, "jitter_ms": 0.03457319593575156, "lost_packets": 169057, "packets": 207285, "lost_percent": 81.55775864148394, "omitted": false, "sender": false}], "sum": {"start": 8.001346, "end": 9.000025, "seconds": 0.998678982257843, "bytes": 52601728, "bits_per_second": 421370461.8561328, "jitter_ms": 0.03457319593575156, "lost_packets": 169057, "packets": 207285, "lost_percent": 81.55775864148394, "omitted": false, "sender": false}}, {"streams": [{"socket": 87, "start": 9.000025, "end": 10.015104, "seconds": 1.0150790214538574, "bytes": 28458432, "bits_per_second": 224285450.8744757, "jitter_ms": 1.2201084972415372, "lost_packets": 179247, "packets": 199929, "lost_percent": 89.65532764131267, "omitted": false, "sender": false}], "sum": {"start": 9.000025, "end": 10.015104, "seconds": 1.0150790214538574, "bytes": 28458432, "bits_per_second": 224285450.8744757, "jitter_ms": 1.2201084972415372, "lost_packets": 179247, "packets": 199929, "lost_percent": 89.65532764131267, "omitted": false, "sender": false}}, {"streams": [{"socket": 87, "start": 10.015104, "end": 11.000223, "seconds": 0.9851189851760864, "bytes": 30504544, "bits_per_second": 247722717.43030044, "jitter_ms": 0.30297515154698834, "lost_packets": 187891, "packets": 210060, "lost_percent": 89.44634866228697, "omitted": false, "sender": false}], "sum": {"start": 10.015104, "end": 11.000223, "seconds": 0.9851189851760864, "bytes": 30504544, "bits_per_second": 247722717.43030044, "jitter_ms": 0.30297515154698834, "lost_packets": 187891, "packets": 210060, "lost_percent": 89.44634866228697, "omitted": false, "sender": false}}, {"streams": [{"socket": 87, "start": 11.000223, "end": 12.000507, "seconds": 1.00028395652771, "bytes": 25224832, "bits_per_second": 201741370.2210166, "jitter_ms": 0.6663907923487438, "lost_packets": 189882, "packets": 208214, "lost_percent": 91.19559683786873, "omitted": false, "sender": false}], "sum": {"start": 11.000223, "end": 12.000507, "seconds": 1.00028395652771, "bytes": 25224832, "bits_per_second": 201741370.2210166, "jitter_ms": 0.6663907923487438, "lost_packets": 189882, "packets": 208214, "lost_percent": 91.19559683786873, "omitted": false, "sender": false}}, {"streams": [{"socket": 87, "start": 12.000507, "end": 13.000855, "seconds": 1.0003479719161987, "bytes": 27902528, "bits_per_second": 223142576.65001756, "jitter_ms": 0.3880666536334088, "lost_packets": 190686, "packets": 210964, "lost_percent": 90.38793348628202, "omitted": false, "sender": false}],