{
	"start":	{
		"connected":	[{
				"socket":	247,
				"local_host":	"100.124.85.183",
				"local_port":	41296,
				"remote_host":	"13.78.225.186",
				"remote_port":	5201
			}],
		"version":	"iperf 3.7",
		"system_info":	"Linux localhost 4.19.110-g9ceb3bf92e0a-ab6790968 #2 SMP PREEMPT Wed Aug 26 04:14:37 UTC 2020 aarch64",
		"timestamp":	{
			"time":	"Tue, 18 May 2021 00:04:52 GMT",
			"timesecs":	1621296292
		},
		"connecting_to":	{
			"host":	"13.78.225.186",
			"port":	5201
		},
		"cookie":	"fyo77qeztppklbu2yywzjhondoas7sxhtwgd",
		"tcp_mss_default":	1376,
		"target_bitrate":	3000000000,
		"sock_bufsize":	0,
		"sndbuf_actual":	2097152,
		"rcvbuf_actual":	6291456,
		"test_start":	{
			"protocol":	"TCP",
			"num_streams":	1,
			"blksize":	131072,
			"omit":	0,
			"duration":	30,
			"bytes":	0,
			"blocks":	0,
			"reverse":	1,
			"tos":	0
		}
	},
	"intervals":	[{
			"streams":	[{
					"socket":	247,
					"start":	0,
					"end":	1.000459,
					"seconds":	1.0004589557647705,
					"bytes":	34445408,
					"bits_per_second":	275436850.66955495,
					"omitted":	false,
					"sender":	false
				}],
			"sum":	{
				"start":	0,
				"end":	1.000459,
				"seconds":	1.0004589557647705,
				"bytes":	34445408,
				"bits_per_second":	275436850.66955495,
				"omitted":	false,
				"sender":	false
			}
		}, {
			"streams":	[{
					"socket":	247,
					"start":	1.000459,
					"end":	2.0001,
					"seconds":	0.99964100122451782,
					"bytes":	40311296,
					"bits_per_second":	322606183.22474068,
					"omitted":	false,
					"sender":	false
				}],
			"sum":	{
				"start":	1.000459,
				"end":	2.0001,
				"seconds":	0.99964100122451782,
				"bytes":	40311296,
				"bits_per_second":	322606183.22474068,
				"omitted":	false,
				"sender":	false
			}
		}, {
			"streams":	[{
					"socket":	247,
					"start":	2.0001,
					"end":	3.00012,
					"seconds":	1.0000200271606445,
					"bytes":	13841184,
					"bits_per_second":	110727254.44748746,
					"omitted":	false,
					"sender":	false
				}],
			"sum":	{
				"start":	2.0001,
				"end":	3.00012,
				"seconds":	1.0000200271606445,
				"bytes":	13841184,
				"bits_per_second":	110727254.44748746,
				"omitted":	false,
				"sender":	false
			}
		}, {
			"streams":	[{
					"socket":	247,
					"start":	3.00012,
					"end":	4.000268,
					"seconds":	1.0001480579376221,
					"bytes":	8100512,
					"bits_per_second":	64794502.659566976,
					"omitted":	false,
					"sender":	false
				}],
			"sum":	{
				"start":	3.00012,
				"end":	4.000268,
				"seconds":	1.0001480579376221,
				"bytes":	8100512,
				"bits_per_second":	64794502.659566976,
				"omitted":	false,
				"sender":	false
			}
		}, {
			"streams":	[{
					"socket":	247,
					"start":	4.000268,
					"end":	5.000108,
					"seconds":	0.99984002113342285,
					"bytes":	13209600,
					"bits_per_second":	105693708.75973171,
					"omitted":	false,
					"sender":	false
				}],
			"sum":	{
				"start":	4.000268,
				"end":	5.000108,
				"seconds":	0.99984002113342285,
				"bytes":	13209600,
				"bits_per_second":	105693708.75973171,
				"omitted":	false,
				"sender":	false
			}
		}, {
			"streams":	[{
					"socket":	247,
					"start":	5.000108,
					"end":	6.000106,
					"seconds":	0.99999797344207764,
					"bytes":	10680512,
					"bits_per_second":	85444269.157760575,
					"omitted":	false,
					"sender":	false
				}],
			"sum":	{
				"start":	5.000108,
				"end":	6.000106,
				"seconds":	0.99999797344207764,
				"bytes":	10680512,
				"bits_per_second":	85444269.157760575,
				"omitted":	false,
				"sender":	false
			}
		}, {
			"streams":	[{
					"socket":	247,
					"start":	6.000106,
					"end":	7.000125,
					"seconds":	1.0000189542770386,
					"bytes":	11504736,
					"bits_per_second":	92036143.521438137,
					"omitted":	false,
					"sender":	false
				}],
			"sum":	{
				"start":	6.000106,
				"end":	7.000125,
				"seconds":	1.0000189542770386,
				"bytes":	11504736,
				"bits_per_second":	92036143.521438137,
				"omitted":	false,
				"sender":	false
			}
		}, {
			"streams":	[{
					"socket":	247,
					"start":	7.000125,
					"end":	8.000151,
					"seconds":	1.0000259876251221,
					"bytes":	11668480,
					"bits_per_second":	93345414.174369574,
					"omitted":	false,
					"sender":	false
				}],
			"sum":	{
				"start":	7.000125,
				"end":	8.000151,
				"seconds":	1.0000259876251221,
				"bytes":	11668480,
				"bits_per_second":	93345414.174369574,
				"omitted":	false,
				"sender":	false
			}
		}, {
			"streams":	[{
					"socket":	247,
					"start":	8.000151,
					"end":	9.000121,
					"seconds":	0.999970018863678,
					"bytes":	11342368,
					"bits_per_second":	90741664.538214609,
					"omitted":	false,
					"sender":	false
				}],
			"sum":	{
				"start":	8.000151,
				"end":	9.000121,
				"seconds":	0.999970018863678,
				"bytes":	11342368,
				"bits_per_second":	90741664.538214609,
				"omitted":	false,
				"sender":	false
			}
		}, {
			"streams":	[{
					"socket":	247,
					"start":	9.000121,
					"end":	10.000137,
					"seconds":	1.0000159740447998,
					"bytes":	7422144,
					"bits_per_second":	59376203.5218649,
					"omitted":	false,
					"sender":	false
				}],
			"sum":	{
				"start":	9.000121,
				"end":	10.000137,
				"seconds":	1.0000159740447998,
				"bytes":	7422144,
				"bits_per_second":	59376203.5218649,
				"omitted":	false,
				"sender":	false
			}
		}, {
			"streams":	[{
					"socket":	247,
					"start":	10.000137,
					"end":	11.000158,
					"seconds":	1.0000209808349609,
					"bytes":	8049600,
					"bits_per_second":	64395448.929713771,
					"omitted":	false,
					"sender":	false
				}],
			"sum":	{
				"start":	10.000137,
				"end":	11.000158,
				"seconds":	1.0000209808349609,
				"bytes":	8049600,
				"bits_per_second":	64395448.929713771,
				"omitted":	false,
				"sender":	false
			}
		}, {
			"streams":	[{
					"socket":	247,
					"start":	11.000158,
					"end":	12.000241,
					"seconds":	1.0000829696655273,
					"bytes":	11174496,
					"bits_per_second":	89388551.461783245,
					"omitted":	false,
					"sender":	false
				}],
			"sum":	{
				"start":	11.000158,
				"end":	12.000241,
				"seconds":	1.0000829696655273,
				"bytes":	11174496,
				"bits_per_second":	89388551.461783245,
				"omitted":	false,
				"sender":	false
			}
		}, {
			"streams":	[{
					"socket":	247,
					"start":	12.000241,
					"end":	13.000285,
					"seconds":	1.0000439882278442,
					"bytes":	11281824,
					"bits_per_second":	90250622.03507483,
					"omitted":	false,
					"sender":	false
				}],
			"sum":	{
				"start":	12.000241,
				"end":	13.000285,
				"seconds":	1.0000439882278442,
				"bytes":	11281824,
				"bits_per_second":	90250622.03507483,
				"omitted":	false,
				"sender":	false
			}
		}, {
			"streams":	[{
					"socket":	247,
					"start":	13.000285,
					"end":	14.000099,
					"seconds":	0.999813973903656,
					"bytes":	8095008,
					"bits_per_second":	64772113.30338978,
					"omitted":	false,
					"sender":	false
				}],
			"sum":	{
				"start":	13.000285,
				"end":	14.000099,
				"seconds":	0.999813973903656,
				"bytes":	8095008,
				"bits_per_second":	64772113.30338978,
				"omitted":	false,
				"sender":	false
			}
		}, {
			"streams":	[{
					"socket":	247,
					"start":	14.000099,
					"end":	15.000155,
					"seconds":	1.0000560283660889,
					"bytes":	6355744,
					"bits_per_second":	50843103.343992747,
					"omitted":	false,
					"sender":	false
				}],
			"sum":	{
				"start":	14.000099,
				"end":	15.000155,
				"seconds":	1.0000560283660889,
				"bytes":	6355744,
				"bits_per_second":	50843103.343992747,
				"omitted":	false,
				"sender":	false
			}
		}, {
			"streams":	[{
					"socket":	247,
					"start":	15.000155,
					"end":	16.000186,
					"seconds":	1.0000309944152832,
					"bytes":	4700416,
					"bits_per_second":	37602162.542958595,
					"omitted":	false,
					"sender":	false
				}],
			"sum":	{
				"start":	15.000155,
				"end":	16.000186,
				"seconds":	1.0000309944152832,
				"bytes":	4700416,