{
	"start":	{
		"connected":	[{
				"socket":	298,
				"local_host":	"100.124.59.153",
				"local_port":	40456,
				"remote_host":	"52.237.164.255",
				"remote_port":	5201
			}],
		"version":	"iperf 3.7",
		"system_info":	"Linux localhost 4.19.110-g9ceb3bf92e0a-ab6790968 #2 SMP PREEMPT Wed Aug 26 04:14:37 UTC 2020 aarch64",
		"timestamp":	{
			"time":	"Tue, 11 May 2021 17:16:51 GMT",
			"timesecs":	1620753411
		},
		"connecting_to":	{
			"host":	"52.237.164.255",
			"port":	5201
		},
		"cookie":	"3ww5lce6c4b5ykgjl3m2z2vymmhxtkodep6h",
		"tcp_mss_default":	1376,
		"target_bitrate":	2000000000,
		"sock_bufsize":	0,
		"sndbuf_actual":	2097152,
		"rcvbuf_actual":	6291456,
		"test_start":	{
			"protocol":	"TCP",
			"num_streams":	1,
			"blksize":	131072,
			"omit":	0,
			"duration":	30,
			"bytes":	0,
			"blocks":	0,
			"reverse":	1,
			"tos":	0
		}
	},
	"intervals":	[{
			"streams":	[{
					"socket":	298,
					"start":	0,
					"end":	1.000095,
					"seconds":	1.000095009803772,
					"bytes":	6801568,
					"bits_per_second":	54407374.765999734,
					"omitted":	false,
					"sender":	false
				}],
			"sum":	{
				"start":	0,
				"end":	1.000095,
				"seconds":	1.000095009803772,
				"bytes":	6801568,
				"bits_per_second":	54407374.765999734,
				"omitted":	false,
				"sender":	false
			}
		}, {
			"streams":	[{
					"socket":	298,
					"start":	1.000095,
					"end":	2.000072,
					"seconds":	0.9999769926071167,
					"bytes":	42540768,
					"bits_per_second":	340333974.19745588,
					"omitted":	false,
					"sender":	false
				}],
			"sum":	{
				"start":	1.000095,
				"end":	2.000072,
				"seconds":	0.9999769926071167,
				"bytes":	42540768,
				"bits_per_second":	340333974.19745588,
				"omitted":	false,
				"sender":	false
			}
		}, {
			"streams":	[{
					"socket":	298,
					"start":	2.000072,
					"end":	3.002207,
					"seconds":	1.0021350383758545,
					"bytes":	100455328,
					"bits_per_second":	801930471.66822124,
					"omitted":	false,
					"sender":	false
				}],
			"sum":	{
				"start":	2.000072,
				"end":	3.002207,
				"seconds":	1.0021350383758545,
				"bytes":	100455328,
				"bits_per_second":	801930471.66822124,
				"omitted":	false,
				"sender":	false
			}
		}, {
			"streams":	[{
					"socket":	298,
					"start":	3.002207,
					"end":	4.000131,
					"seconds":	0.99792397022247314,
					"bytes":	75930784,
					"bits_per_second":	608709972.02780724,
					"omitted":	false,
					"sender":	false
				}],
			"sum":	{
				"start":	3.002207,
				"end":	4.000131,
				"seconds":	0.99792397022247314,
				"bytes":	75930784,
				"bits_per_second":	608709972.02780724,
				"omitted":	false,
				"sender":	false
			}
		}, {
			"streams":	[{
					"socket":	298,
					"start":	4.000131,
					"end":	5.000129,
					"seconds":	0.99999797344207764,
					"bytes":	47366656,
					"bits_per_second":	378934015.93173206,
					"omitted":	false,
					"sender":	false
				}],
			"sum":	{
				"start":	4.000131,
				"end":	5.000129,
				"seconds":	0.99999797344207764,
				"bytes":	47366656,
				"bits_per_second":	378934015.93173206,
				"omitted":	false,
				"sender":	false
			}
		}, {
			"streams":	[{
					"socket":	298,
					"start":	5.000129,
					"end":	6.000135,
					"seconds":	1.0000059604644775,
					"bytes":	45108032,
					"bits_per_second":	360862105.09424132,
					"omitted":	false,
					"sender":	false
				}],
			"sum":	{
				"start":	5.000129,
				"end":	6.000135,
				"seconds":	1.0000059604644775,
				"bytes":	45108032,
				"bits_per_second":	360862105.09424132,
				"omitted":	false,
				"sender":	false
			}
		}, {
			"streams":	[{
					"socket":	298,
					"start":	6.000135,
					"end":	7.000132,
					"seconds":	0.99999701976776123,
					"bytes":	43213280,
					"bits_per_second":	345707270.28795207,
					"omitted":	false,
					"sender":	false
				}],
			"sum":	{
				"start":	6.000135,
				"end":	7.000132,
				"seconds":	0.99999701976776123,
				"bytes":	43213280,
				"bits_per_second":	345707270.28795207,
				"omitted":	false,
				"sender":	false
			}
		}, {
			"streams":	[{
					"socket":	298,
					"start":	7.000132,
					"end":	8.000719,
					"seconds":	1.000586986541748,
					"bytes":	46782976,
					"bits_per_second":	374044249.05978364,
					"omitted":	false,
					"sender":	false
				}],
			"sum":	{
				"start":	7.000132,
				"end":	8.000719,
				"seconds":	1.000586986541748,
				"bytes":	46782976,
				"bits_per_second":	374044249.05978364,
				"omitted":	false,
				"sender":	false
			}
		}, {
			"streams":	[{
					"socket":	298,
					"start":	8.000719,
					"end":	9.000106,
					"seconds":	0.99938702583312988,
					"bytes":	44932928,
					"bits_per_second":	359683900.939515,
					"omitted":	false,
					"sender":	false
				}],
			"sum":	{
				"start":	8.000719,
				"end":	9.000106,
				"seconds":	0.99938702583312988,
				"bytes":	44932928,
				"bits_per_second":	359683900.939515,
				"omitted":	false,
				"sender":	false
			}
		}, {
			"streams":	[{
					"socket":	298,
					"start":	9.000106,
					"end":	10.000194,
					"seconds":	1.0000879764556885,
					"bytes":	33135456,
					"bits_per_second":	265060328.93171698,
					"omitted":	false,
					"sender":	false
				}],
			"sum":	{
				"start":	9.000106,
				"end":	10.000194,
				"seconds":	1.0000879764556885,
				"bytes":	33135456,
				"bits_per_second":	265060328.93171698,
				"omitted":	false,
				"sender":	false
			}
		}, {
			"streams":	[{
					"socket":	298,
					"start":	10.000194,
					"end":	11.000304,
					"seconds":	1.0001100301742554,
					"bytes":	18538848,
					"bits_per_second":	148294467.13394013,
					"omitted":	false,
					"sender":	false
				}],
			"sum":	{
				"start":	10.000194,
				"end":	11.000304,
				"seconds":	1.0001100301742554,
				"bytes":	18538848,
				"bits_per_second":	148294467.13394013,
				"omitted":	false,
				"sender":	false
			}
		}, {
			"streams":	[{
					"socket":	298,
					"start":	11.000304,
					"end":	12.000212,
					"seconds":	0.9999079704284668,
					"bytes":	12004224,
					"bits_per_second":	96042630.762157962,
					"omitted":	false,
					"sender":	false
				}],
			"sum":	{
				"start":	11.000304,
				"end":	12.000212,
				"seconds":	0.9999079704284668,
				"bytes":	12004224,
				"bits_per_second":	96042630.762157962,
				"omitted":	false,
				"sender":	false
			}
		}, {
			"streams":	[{
					"socket":	298,
					"start":	12.000212,
					"end":	13.000134,
					"seconds":	0.999921977519989,
					"bytes":	12107424,
					"bits_per_second":	96866949.799654469,
					"omitted":	false,
					"sender":	false
				}],
			"sum":	{
				"start":	12.000212,
				"end":	13.000134,
				"seconds":	0.999921977519989,
				"bytes":	12107424,
				"bits_per_second":	96866949.799654469,
				"omitted":	false,
				"sender":	false
			}
		}, {
			"streams":	[{
					"socket":	298,
					"start":	13.000134,
					"end":	14.000078,
					"seconds":	0.99994397163391113,
					"bytes":	12608288,
					"bits_per_second":	100871955.69086155,
					"omitted":	false,
					"sender":	false
				}],
			"sum":	{
				"start":	13.000134,
				"end":	14.000078,
				"seconds":	0.99994397163391113,
				"bytes":	12608288,
				"bits_per_second":	100871955.69086155,
				"omitted":	false,
				"sender":	false
			}
		}, {
			"streams":	[{
					"socket":	298,
					"start":	14.000078,
					"end":	15.000184,
					"seconds":	1.0001059770584106,
					"bytes":	13773760,
					"bits_per_second":	110178403.61688431,
					"omitted":	false,
					"sender":	false
				}],
			"sum":	{
				"start":	14.000078,
				"end":	15.000184,
				"seconds":	1.0001059770584106,
				"bytes":	13773760,
				"bits_per_second":	110178403.61688431,
				"omitted":	false,
				"sender":	false
			}
		}, {
			"streams":	[{
					"socket":	298,
					"start":	15.000184,
					"end":	16.000131,
					"seconds":	0.99994701147079468,
					"bytes":	14939232,
					"bits_per_second":	119520189.199036,
					"omitted":	false,
					"sender":	false
				}],
			"sum":	{
				"start":	15.000184,
				"end":	16.000131,
				"seconds":	0.99994701147079468,
				"bytes":	14939232,