{"start": {"connected": [{"socket": 144, "local_host": "100.123.106.128", "local_port": 46489, "remote_host": "20.83.58.111", "remote_port": 5201}], "version": "iperf 3.7", "system_info": "Linux localhost 4.19.110-g9ceb3bf92e0a-ab6790968 #2 SMP PREEMPT Wed Aug 26 04:14:37 UTC 2020 aarch64", "timestamp": {"time": "2021-01-25 06:39:19 ", "timesecs": 1611596359.0}, "connecting_to": {"host": "20.83.58.111", "port": 5201}, "cookie": "jxepvauccvdsxuiylehj74owfdfr3xvaoyth", "sock_bufsize": 0, "sndbuf_actual": 212992, "rcvbuf_actual": 212992, "test_start": {"protocol": "UDP", "num_streams": 1, "blksize": 1376, "omit": 0, "duration": 30, "bytes": 0, "blocks": 0, "reverse": 1, "tos": 0}}, "intervals": [{"streams": [{"socket": 144, "start": 0, "end": 1.002273, "seconds": 1.0022729635238647, "bytes": 15173152, "bits_per_second": 121109937.52961764, "jitter_ms": 0.005976558621293723, "lost_packets": 156481, "packets": 167508, "lost_percent": 93.41703082837834, "omitted": false, "sender": false}], "sum": {"start": 0, "end": 1.002273, "seconds": 1.0022729635238647, "bytes": 15173152, "bits_per_second": 121109937.52961764, "jitter_ms": 0.005976558621293723, "lost_packets": 156481, "packets": 167508, "lost_percent": 93.41703082837834, "omitted": false, "sender": false}}, {"streams": [{"socket": 144, "start": 1.002273, "end": 2.000414, "seconds": 0.9981409907341003, "bytes": 30715072, "bits_per_second": 246178223.59873277, "jitter_ms": 0.11874959160950757, "lost_packets": 206862, "packets": 229184, "lost_percent": 90.26022759005865, "omitted": false, "sender": false}], "sum": {"start": 1.002273, "end": 2.000414, "seconds": 0.9981409907341003, "bytes": 30715072, "bits_per_second": 246178223.59873277, "jitter_ms": 0.11874959160950757, "lost_packets": 206862, "packets": 229184, "lost_percent": 90.26022759005865, "omitted": false, "sender": false}}, {"streams": [{"socket": 144, "start": 2.000414, "end": 3.001089, "seconds": 1.0006749629974365, "bytes": 63198304, "bits_per_second": 505245410.0435959, "jitter_ms": 0.09321656025031835, "lost_packets": 179147, "packets": 225076, "lost_percent": 79.59400380315982, "omitted": false, "sender": false}], "sum": {"start": 2.000414, "end": 3.001089, "seconds": 1.0006749629974365, "bytes": 63198304, "bits_per_second": 505245410.0435959, "jitter_ms": 0.09321656025031835, "lost_packets": 179147, "packets": 225076, "lost_percent": 79.59400380315982, "omitted": false, "sender": false}}, {"streams": [{"socket": 144, "start": 3.001089, "end": 4.000692, "seconds": 0.9996029734611511, "bytes": 63443232, "bits_per_second": 507747445.2107814, "jitter_ms": 0.1803476269484868, "lost_packets": 177378, "packets": 223485, "lost_percent": 79.36908517350157, "omitted": false, "sender": false}], "sum": {"start": 3.001089, "end": 4.000692, "seconds": 0.9996029734611511, "bytes": 63443232, "bits_per_second": 507747445.2107814, "jitter_ms": 0.1803476269484868, "lost_packets": 177378, "packets": 223485, "lost_percent": 79.36908517350157, "omitted": false, "sender": false}}, {"streams": [{"socket": 144, "start": 4.000692, "end": 5.002103, "seconds": 1.001410961151123, "bytes": 42899552, "bits_per_second": 342712861.46648055, "jitter_ms": 0.19286012961252227, "lost_packets": 184153, "packets": 215330, "lost_percent": 85.52129289927089, "omitted": false, "sender": false}], "sum": {"start": 4.000692, "end": 5.002103, "seconds": 1.001410961151123, "bytes": 42899552, "bits_per_second": 342712861.46648055, "jitter_ms": 0.19286012961252227, "lost_packets": 184153, "packets": 215330, "lost_percent": 85.52129289927089, "omitted": false, "sender": false}}, {"streams": [{"socket": 144, "start": 5.002103, "end": 6.001215, "seconds": 0.9991120100021362, "bytes": 35507680, "bits_per_second": 284313907.90647453, "jitter_ms": 0.07278606127461804, "lost_packets": 190745, "packets": 216550, "lost_percent": 88.08358346802125, "omitted": false, "sender": false}], "sum": {"start": 5.002103, "end": 6.001215, "seconds": 0.9991120100021362, "bytes": 35507680, "bits_per_second": 284313907.90647453, "jitter_ms": 0.07278606127461804, "lost_packets": 190745, "packets": 216550, "lost_percent": 88.08358346802125, "omitted": false, "sender": false}}, {"streams": [{"socket": 144, "start": 6.001215, "end": 7.000016, "seconds": 0.9988009929656982, "bytes": 37306112, "bits_per_second": 298807167.89620733, "jitter_ms": 0.000851598232489507, "lost_packets": 181895, "packets": 209007, "lost_percent": 87.02818565885353, "omitted": false, "sender": false}], "sum": {"start": 6.001215, "end": 7.000016, "seconds": 0.9988009929656982, "bytes": 37306112, "bits_per_second": 298807167.89620733, "jitter_ms": 0.000851598232489507, "lost_packets": 181895, "packets": 209007, "lost_percent": 87.02818565885353, "omitted": false, "sender": false}}, {"streams": [{"socket": 144, "start": 7.000016, "end": 8.000092, "seconds": 1.0000760555267334, "bytes": 43518752, "bits_per_second": 348123539.2808517, "jitter_ms": 0.14779071954772646, "lost_packets": 196930, "packets": 228557, "lost_percent": 86.162313996071, "omitted": false, "sender": false}], "sum": {"start": 7.000016, "end": 8.000092, "seconds": 1.0000760555267334, "bytes": 43518752, "bits_per_second": 348123539.2808517, "jitter_ms": 0.14779071954772646, "lost_packets": 196930, "packets": 228557, "lost_percent": 86.162313996071, "omitted": false, "sender": false}}, {"streams": [{"socket": 144, "start": 8.000092, "end": 9.001671, "seconds": 1.0015790462493896, "bytes": 45965280, "bits_per_second": 367142505.00448114, "jitter_ms": 0.0012139150112310169, "lost_packets": 182196, "packets": 215601, "lost_percent": 84.50610154869412, "omitted": false, "sender": false}], "sum": {"start": 8.000092, "end": 9.001671, "seconds": 1.0015790462493896, "bytes": 45965280, "bits_per_second": 367142505.00448114, "jitter_ms": 0.0012139150112310169, "lost_packets": 182196, "packets": 215601, "lost_percent": 84.50610154869412, "omitted": false, "sender": false}}, {"streams": [{"socket": 144, "start": 9.001671, "end": 10.000553, "seconds": 0.998881995677948, "bytes": 46005184, "bits_per_second": 368453404.4987043, "jitter_ms": 0.10150531767856101, "lost_packets": 189665, "packets": 223099, "lost_percent": 85.01382794185541, "omitted": false, "sender": false}], "sum": {"start": 9.001671, "end": 10.000553, "seconds": 0.998881995677948, "bytes": 46005184, "bits_per_second": 368453404.4987043, "jitter_ms": 0.10150531767856101, "lost_packets": 189665, "packets": 223099, "lost_percent": 85.01382794185541, "omitted": false, "sender": false}}, {"streams": [{"socket": 144, "start": 10.000553, "end": 11.001598, "seconds": 1.0010449886322021, "bytes": 37407936, "bits_per_second": 298951087.5119655, "jitter_ms": 0.050860192535852666, "lost_packets": 187735, "packets": 214921, "lost_percent": 87.35070095523471, "omitted": false, "sender": false}], "sum": {"start": 10.000553, "end": 11.001598, "seconds": 1.0010449886322021, "bytes": 37407936, "bits_per_second": 298951087.5119655, "jitter_ms": 0.050860192535852666, "lost_packets": 187735, "packets": 214921, "lost_percent": 87.35070095523471, "omitted": false, "sender": false}}, {"streams": [{"socket": 144, "start": 11.001598, "end": 12.002747, "seconds": 1.00114905834198, "bytes": 40768128, "bits_per_second": 325770694.46595126, "jitter_ms": 0.23414400240633673, "lost_packets": 178692, "packets": 208320, "lost_percent": 85.77764976958525, "omitted": false, "sender": false}], "sum": {"start": 11.001598, "end": 12.002747, "seconds": 1.00114905834198, "bytes": 40768128, "bits_per_second": 325770694.46595126, "jitter_ms": 0.23414400240633673, "lost_packets": 178692, "packets": 208320, "lost_percent": 85.77764976958525, "omitted": false, "sender": false}}, {"streams": [{"socket": 144, "start": 12.002747, "end": 13.004996, "seconds": 1.002249002456665, "bytes": 37893664, "bits_per_second": 302469058.34471756, "jitter_ms": 0.4443213038922612, "lost_packets": 198893, "packets": 226432, "lost_percent": 87.83784977388355, "omitted": false,