{
	"start":	{
		"connected":	[{
				"socket":	436,
				"local_host":	"100.124.59.153",
				"local_port":	39504,
				"remote_host":	"104.210.37.160",
				"remote_port":	5201
			}],
		"version":	"iperf 3.7",
		"system_info":	"Linux localhost 4.19.110-g9ceb3bf92e0a-ab6790968 #2 SMP PREEMPT Wed Aug 26 04:14:37 UTC 2020 aarch64",
		"timestamp":	{
			"time":	"Tue, 11 May 2021 17:53:56 GMT",
			"timesecs":	1620755636
		},
		"connecting_to":	{
			"host":	"104.210.37.160",
			"port":	5201
		},
		"cookie":	"7fqij4siknq3yfyctk72umkopv7ptzkdjyla",
		"tcp_mss_default":	1376,
		"target_bitrate":	2000000000,
		"sock_bufsize":	0,
		"sndbuf_actual":	2097152,
		"rcvbuf_actual":	6291456,
		"test_start":	{
			"protocol":	"TCP",
			"num_streams":	1,
			"blksize":	131072,
			"omit":	0,
			"duration":	30,
			"bytes":	0,
			"blocks":	0,
			"reverse":	1,
			"tos":	0
		}
	},
	"intervals":	[{
			"streams":	[{
					"socket":	436,
					"start":	0,
					"end":	1.000138,
					"seconds":	1.0001380443572998,
					"bytes":	34631168,
					"bits_per_second":	277011104.18015856,
					"omitted":	false,
					"sender":	false
				}],
			"sum":	{
				"start":	0,
				"end":	1.000138,
				"seconds":	1.0001380443572998,
				"bytes":	34631168,
				"bits_per_second":	277011104.18015856,
				"omitted":	false,
				"sender":	false
			}
		}, {
			"streams":	[{
					"socket":	436,
					"start":	1.000138,
					"end":	2.000587,
					"seconds":	1.0004489421844482,
					"bytes":	114158464,
					"bits_per_second":	912857891.58406138,
					"omitted":	false,
					"sender":	false
				}],
			"sum":	{
				"start":	1.000138,
				"end":	2.000587,
				"seconds":	1.0004489421844482,
				"bytes":	114158464,
				"bits_per_second":	912857891.58406138,
				"omitted":	false,
				"sender":	false
			}
		}, {
			"streams":	[{
					"socket":	436,
					"start":	2.000587,
					"end":	3.000056,
					"seconds":	0.999468982219696,
					"bytes":	98536736,
					"bits_per_second":	788712708.47175014,
					"omitted":	false,
					"sender":	false
				}],
			"sum":	{
				"start":	2.000587,
				"end":	3.000056,
				"seconds":	0.999468982219696,
				"bytes":	98536736,
				"bits_per_second":	788712708.47175014,
				"omitted":	false,
				"sender":	false
			}
		}, {
			"streams":	[{
					"socket":	436,
					"start":	3.000056,
					"end":	4.000094,
					"seconds":	1.0000380277633667,
					"bytes":	85016160,
					"bits_per_second":	680103417.18818629,
					"omitted":	false,
					"sender":	false
				}],
			"sum":	{
				"start":	3.000056,
				"end":	4.000094,
				"seconds":	1.0000380277633667,
				"bytes":	85016160,
				"bits_per_second":	680103417.18818629,
				"omitted":	false,
				"sender":	false
			}
		}, {
			"streams":	[{
					"socket":	436,
					"start":	4.000094,
					"end":	5.000893,
					"seconds":	1.0007989406585693,
					"bytes":	69102720,
					"bits_per_second":	552380440.806841,
					"omitted":	false,
					"sender":	false
				}],
			"sum":	{
				"start":	4.000094,
				"end":	5.000893,
				"seconds":	1.0007989406585693,
				"bytes":	69102720,
				"bits_per_second":	552380440.806841,
				"omitted":	false,
				"sender":	false
			}
		}, {
			"streams":	[{
					"socket":	436,
					"start":	5.000893,
					"end":	6.00006,
					"seconds":	0.99916702508926392,
					"bytes":	68297760,
					"bits_per_second":	546837581.9860419,
					"omitted":	false,
					"sender":	false
				}],
			"sum":	{
				"start":	5.000893,
				"end":	6.00006,
				"seconds":	0.99916702508926392,
				"bytes":	68297760,
				"bits_per_second":	546837581.9860419,
				"omitted":	false,
				"sender":	false
			}
		}, {
			"streams":	[{
					"socket":	436,
					"start":	6.00006,
					"end":	7.000101,
					"seconds":	1.0000410079956055,
					"bytes":	68834400,
					"bits_per_second":	550652618.83982646,
					"omitted":	false,
					"sender":	false
				}],
			"sum":	{
				"start":	6.00006,
				"end":	7.000101,
				"seconds":	1.0000410079956055,
				"bytes":	68834400,
				"bits_per_second":	550652618.83982646,
				"omitted":	false,
				"sender":	false
			}
		}, {
			"streams":	[{
					"socket":	436,
					"start":	7.000101,
					"end":	8.000918,
					"seconds":	1.0008169412612915,
					"bytes":	64706400,
					"bits_per_second":	517228654.570559,
					"omitted":	false,
					"sender":	false
				}],
			"sum":	{
				"start":	7.000101,
				"end":	8.000918,
				"seconds":	1.0008169412612915,
				"bytes":	64706400,
				"bits_per_second":	517228654.570559,
				"omitted":	false,
				"sender":	false
			}
		}, {
			"streams":	[{
					"socket":	436,
					"start":	8.000918,
					"end":	9.00012,
					"seconds":	0.99920201301574707,
					"bytes":	40949760,
					"bits_per_second":	327859707.779469,
					"omitted":	false,
					"sender":	false
				}],
			"sum":	{
				"start":	8.000918,
				"end":	9.00012,
				"seconds":	0.99920201301574707,
				"bytes":	40949760,
				"bits_per_second":	327859707.779469,
				"omitted":	false,
				"sender":	false
			}
		}, {
			"streams":	[{
					"socket":	436,
					"start":	9.00012,
					"end":	10.000065,
					"seconds":	0.99994498491287231,
					"bytes":	32682752,
					"bits_per_second":	261476401.14699093,
					"omitted":	false,
					"sender":	false
				}],
			"sum":	{
				"start":	9.00012,
				"end":	10.000065,
				"seconds":	0.99994498491287231,
				"bytes":	32682752,
				"bits_per_second":	261476401.14699093,
				"omitted":	false,
				"sender":	false
			}
		}, {
			"streams":	[{
					"socket":	436,
					"start":	10.000065,
					"end":	11.000101,
					"seconds":	1.0000360012054443,
					"bytes":	32806592,
					"bits_per_second":	262443287.72528112,
					"omitted":	false,
					"sender":	false
				}],
			"sum":	{
				"start":	10.000065,
				"end":	11.000101,
				"seconds":	1.0000360012054443,
				"bytes":	32806592,
				"bits_per_second":	262443287.72528112,
				"omitted":	false,
				"sender":	false
			}
		}, {
			"streams":	[{
					"socket":	436,
					"start":	11.000101,
					"end":	12.000093,
					"seconds":	0.9999920129776001,
					"bytes":	42189536,
					"bits_per_second":	337518983.77168375,
					"omitted":	false,
					"sender":	false
				}],
			"sum":	{
				"start":	11.000101,
				"end":	12.000093,
				"seconds":	0.9999920129776001,
				"bytes":	42189536,
				"bits_per_second":	337518983.77168375,
				"omitted":	false,
				"sender":	false
			}
		}, {
			"streams":	[{
					"socket":	436,
					"start":	12.000093,
					"end":	13.000434,
					"seconds":	1.0003410577774048,
					"bytes":	34058752,
					"bits_per_second":	272377119.66495115,
					"omitted":	false,
					"sender":	false
				}],
			"sum":	{
				"start":	12.000093,
				"end":	13.000434,
				"seconds":	1.0003410577774048,
				"bytes":	34058752,
				"bits_per_second":	272377119.66495115,
				"omitted":	false,
				"sender":	false
			}
		}, {
			"streams":	[{
					"socket":	436,
					"start":	13.000434,
					"end":	14.000413,
					"seconds":	0.99997901916503906,
					"bytes":	26271968,
					"bits_per_second":	210180153.755118,
					"omitted":	false,
					"sender":	false
				}],
			"sum":	{
				"start":	13.000434,
				"end":	14.000413,
				"seconds":	0.99997901916503906,
				"bytes":	26271968,
				"bits_per_second":	210180153.755118,
				"omitted":	false,
				"sender":	false
			}
		}, {
			"streams":	[{
					"socket":	436,
					"start":	14.000413,
					"end":	15.000833,
					"seconds":	1.0004199743270874,
					"bytes":	28726752,
					"bits_per_second":	229717540.53049552,
					"omitted":	false,
					"sender":	false
				}],
			"sum":	{
				"start":	14.000413,
				"end":	15.000833,
				"seconds":	1.0004199743270874,
				"bytes":	28726752,
				"bits_per_second":	229717540.53049552,
				"omitted":	false,
				"sender":	false
			}
		}, {
			"streams":	[{
					"socket":	436,
					"start":	15.000833,
					"end":	16.000119,
					"seconds":	0.9992859959602356,
					"bytes":	21788960,
					"bits_per_second":	174436228.17159578,
					"omitted":	false,
					"sender":	false
				}],
			"sum":	{
				"start":	15.000833,
				"end":	16.000119,
				"seconds":	0.9992859959602356,
				"bytes":	21788960,