{
	"start":	{
		"connected":	[{
				"socket":	357,
				"local_host":	"100.124.85.183",
				"local_port":	40870,
				"remote_host":	"13.78.225.186",
				"remote_port":	5201
			}],
		"version":	"iperf 3.7",
		"system_info":	"Linux localhost 4.19.110-g9ceb3bf92e0a-ab6790968 #2 SMP PREEMPT Wed Aug 26 04:14:37 UTC 2020 aarch64",
		"timestamp":	{
			"time":	"Mon, 17 May 2021 23:30:28 GMT",
			"timesecs":	1621294228
		},
		"connecting_to":	{
			"host":	"13.78.225.186",
			"port":	5201
		},
		"cookie":	"dcdcjh2wzurxkafnbemftq6tqj6i37i2rynv",
		"tcp_mss_default":	1376,
		"target_bitrate":	3000000000,
		"sock_bufsize":	0,
		"sndbuf_actual":	2097152,
		"rcvbuf_actual":	6291456,
		"test_start":	{
			"protocol":	"TCP",
			"num_streams":	1,
			"blksize":	131072,
			"omit":	0,
			"duration":	30,
			"bytes":	0,
			"blocks":	0,
			"reverse":	1,
			"tos":	0
		}
	},
	"intervals":	[{
			"streams":	[{
					"socket":	357,
					"start":	0,
					"end":	1.000063,
					"seconds":	1.0000629425048828,
					"bytes":	22536640,
					"bits_per_second":	180281772.61364698,
					"omitted":	false,
					"sender":	false
				}],
			"sum":	{
				"start":	0,
				"end":	1.000063,
				"seconds":	1.0000629425048828,
				"bytes":	22536640,
				"bits_per_second":	180281772.61364698,
				"omitted":	false,
				"sender":	false
			}
		}, {
			"streams":	[{
					"socket":	357,
					"start":	1.000063,
					"end":	2.000193,
					"seconds":	1.0001300573349,
					"bytes":	49138048,
					"bits_per_second":	393053264.53994024,
					"omitted":	false,
					"sender":	false
				}],
			"sum":	{
				"start":	1.000063,
				"end":	2.000193,
				"seconds":	1.0001300573349,
				"bytes":	49138048,
				"bits_per_second":	393053264.53994024,
				"omitted":	false,
				"sender":	false
			}
		}, {
			"streams":	[{
					"socket":	357,
					"start":	2.000193,
					"end":	3.000398,
					"seconds":	1.0002050399780273,
					"bytes":	45047200,
					"bits_per_second":	360303723.33248472,
					"omitted":	false,
					"sender":	false
				}],
			"sum":	{
				"start":	2.000193,
				"end":	3.000398,
				"seconds":	1.0002050399780273,
				"bytes":	45047200,
				"bits_per_second":	360303723.33248472,
				"omitted":	false,
				"sender":	false
			}
		}, {
			"streams":	[{
					"socket":	357,
					"start":	3.000398,
					"end":	4.00016,
					"seconds":	0.99976199865341187,
					"bytes":	35912576,
					"bits_per_second":	287369002.20949358,
					"omitted":	false,
					"sender":	false
				}],
			"sum":	{
				"start":	3.000398,
				"end":	4.00016,
				"seconds":	0.99976199865341187,
				"bytes":	35912576,
				"bits_per_second":	287369002.20949358,
				"omitted":	false,
				"sender":	false
			}
		}, {
			"streams":	[{
					"socket":	357,
					"start":	4.00016,
					"end":	5.00013,
					"seconds":	0.999970018863678,
					"bytes":	18932384,
					"bits_per_second":	151463613.05123073,
					"omitted":	false,
					"sender":	false
				}],
			"sum":	{
				"start":	4.00016,
				"end":	5.00013,
				"seconds":	0.999970018863678,
				"bytes":	18932384,
				"bits_per_second":	151463613.05123073,
				"omitted":	false,
				"sender":	false
			}
		}, {
			"streams":	[{
					"socket":	357,
					"start":	5.00013,
					"end":	6.000477,
					"seconds":	1.0003470182418823,
					"bytes":	12916512,
					"bits_per_second":	103296250.31682202,
					"omitted":	false,
					"sender":	false
				}],
			"sum":	{
				"start":	5.00013,
				"end":	6.000477,
				"seconds":	1.0003470182418823,
				"bytes":	12916512,
				"bits_per_second":	103296250.31682202,
				"omitted":	false,
				"sender":	false
			}
		}, {
			"streams":	[{
					"socket":	357,
					"start":	6.000477,
					"end":	7.000132,
					"seconds":	0.99965500831604,
					"bytes":	10874528,
					"bits_per_second":	87026247.331615657,
					"omitted":	false,
					"sender":	false
				}],
			"sum":	{
				"start":	6.000477,
				"end":	7.000132,
				"seconds":	0.99965500831604,
				"bytes":	10874528,
				"bits_per_second":	87026247.331615657,
				"omitted":	false,
				"sender":	false
			}
		}, {
			"streams":	[{
					"socket":	357,
					"start":	7.000132,
					"end":	8.000162,
					"seconds":	1.0000300407409668,
					"bytes":	5667744,
					"bits_per_second":	45340589.93508248,
					"omitted":	false,
					"sender":	false
				}],
			"sum":	{
				"start":	7.000132,
				"end":	8.000162,
				"seconds":	1.0000300407409668,
				"bytes":	5667744,
				"bits_per_second":	45340589.93508248,
				"omitted":	false,
				"sender":	false
			}
		}, {
			"streams":	[{
					"socket":	357,
					"start":	8.000162,
					"end":	9.000189,
					"seconds":	1.0000269412994385,
					"bytes":	6508480,
					"bits_per_second":	52066437.262523018,
					"omitted":	false,
					"sender":	false
				}],
			"sum":	{
				"start":	8.000162,
				"end":	9.000189,
				"seconds":	1.0000269412994385,
				"bytes":	6508480,
				"bits_per_second":	52066437.262523018,
				"omitted":	false,
				"sender":	false
			}
		}, {
			"streams":	[{
					"socket":	357,
					"start":	9.000189,
					"end":	10.002488,
					"seconds":	1.0022989511489868,
					"bytes":	6362976,
					"bits_per_second":	50787051.0506335,
					"omitted":	false,
					"sender":	false
				}],
			"sum":	{
				"start":	9.000189,
				"end":	10.002488,
				"seconds":	1.0022989511489868,
				"bytes":	6362976,
				"bits_per_second":	50787051.0506335,
				"omitted":	false,
				"sender":	false
			}
		}, {
			"streams":	[{
					"socket":	357,
					"start":	10.002488,
					"end":	11.000152,
					"seconds":	0.99766397476196289,
					"bytes":	6739296,
					"bits_per_second":	54040608.224691756,
					"omitted":	false,
					"sender":	false
				}],
			"sum":	{
				"start":	10.002488,
				"end":	11.000152,
				"seconds":	0.99766397476196289,
				"bytes":	6739296,
				"bits_per_second":	54040608.224691756,
				"omitted":	false,
				"sender":	false
			}
		}, {
			"streams":	[{
					"socket":	357,
					"start":	11.000152,
					"end":	12.000454,
					"seconds":	1.0003019571304321,
					"bytes":	6434176,
					"bits_per_second":	51457869.929258011,
					"omitted":	false,
					"sender":	false
				}],
			"sum":	{
				"start":	11.000152,
				"end":	12.000454,
				"seconds":	1.0003019571304321,
				"bytes":	6434176,
				"bits_per_second":	51457869.929258011,
				"omitted":	false,
				"sender":	false
			}
		}, {
			"streams":	[{
					"socket":	357,
					"start":	12.000454,
					"end":	13.000134,
					"seconds":	0.99967998266220093,
					"bytes":	6469952,
					"bits_per_second":	51776185.276973732,
					"omitted":	false,
					"sender":	false
				}],
			"sum":	{
				"start":	12.000454,
				"end":	13.000134,
				"seconds":	0.99967998266220093,
				"bytes":	6469952,
				"bits_per_second":	51776185.276973732,
				"omitted":	false,
				"sender":	false
			}
		}, {
			"streams":	[{
					"socket":	357,
					"start":	13.000134,
					"end":	14.000379,
					"seconds":	1.0002449750900269,
					"bytes":	3708320,
					"bits_per_second":	29659294.21173035,
					"omitted":	false,
					"sender":	false
				}],
			"sum":	{
				"start":	13.000134,
				"end":	14.000379,
				"seconds":	1.0002449750900269,
				"bytes":	3708320,
				"bits_per_second":	29659294.21173035,
				"omitted":	false,
				"sender":	false
			}
		}, {
			"streams":	[{
					"socket":	357,
					"start":	14.000379,
					"end":	15.000158,
					"seconds":	0.99977898597717285,
					"bytes":	2736864,
					"bits_per_second":	21899752.152322102,
					"omitted":	false,
					"sender":	false
				}],
			"sum":	{
				"start":	14.000379,
				"end":	15.000158,
				"seconds":	0.99977898597717285,
				"bytes":	2736864,
				"bits_per_second":	21899752.152322102,
				"omitted":	false,
				"sender":	false
			}
		}, {
			"streams":	[{
					"socket":	357,
					"start":	15.000158,
					"end":	16.000602,
					"seconds":	1.0004440546035767,
					"bytes":	2793280,
					"bits_per_second":	22336321.453631546,
					"omitted":	false,
					"sender":	false
				}],
			"sum":	{
				"start":	15.000158,
				"end":	16.000602,
				"seconds":	1.0004440546035767,
				"bytes":	2793280,
				"bits_per_second":	22336321.453631546,