{
	"start":	{
		"connected":	[{
				"socket":	107,
				"local_host":	"100.124.85.183",
				"local_port":	44368,
				"remote_host":	"34.134.251.217",
				"remote_port":	5201
			}],
		"version":	"iperf 3.7",
		"system_info":	"Linux localhost 4.19.110-g9ceb3bf92e0a-ab6790968 #2 SMP PREEMPT Wed Aug 26 04:14:37 UTC 2020 aarch64",
		"timestamp":	{
			"time":	"Mon, 17 May 2021 23:46:48 GMT",
			"timesecs":	1621295208
		},
		"connecting_to":	{
			"host":	"34.134.251.217",
			"port":	5201
		},
		"cookie":	"ytzsppqkgu23mueqtu4bdjzdw7tl6xezxsp5",
		"tcp_mss_default":	1376,
		"target_bitrate":	3000000000,
		"sock_bufsize":	0,
		"sndbuf_actual":	1048576,
		"rcvbuf_actual":	6291456,
		"test_start":	{
			"protocol":	"TCP",
			"num_streams":	1,
			"blksize":	131072,
			"omit":	0,
			"duration":	10,
			"bytes":	0,
			"blocks":	0,
			"reverse":	1,
			"tos":	0
		}
	},
	"intervals":	[{
			"streams":	[{
					"socket":	107,
					"start":	0,
					"end":	1.000425,
					"seconds":	1.0004249811172485,
					"bytes":	17111936,
					"bits_per_second":	136837334.71661082,
					"omitted":	false,
					"sender":	false
				}],
			"sum":	{
				"start":	0,
				"end":	1.000425,
				"seconds":	1.0004249811172485,
				"bytes":	17111936,
				"bits_per_second":	136837334.71661082,
				"omitted":	false,
				"sender":	false
			}
		}, {
			"streams":	[{
					"socket":	107,
					"start":	1.000425,
					"end":	2.001201,
					"seconds":	1.0007760524749756,
					"bytes":	54810560,
					"bits_per_second":	438144456.90981829,
					"omitted":	false,
					"sender":	false
				}],
			"sum":	{
				"start":	1.000425,
				"end":	2.001201,
				"seconds":	1.0007760524749756,
				"bytes":	54810560,
				"bits_per_second":	438144456.90981829,
				"omitted":	false,
				"sender":	false
			}
		}, {
			"streams":	[{
					"socket":	107,
					"start":	2.001201,
					"end":	3.000225,
					"seconds":	0.999023973941803,
					"bytes":	167552768,
					"bits_per_second":	1341731709.1112018,
					"omitted":	false,
					"sender":	false
				}],
			"sum":	{
				"start":	2.001201,
				"end":	3.000225,
				"seconds":	0.999023973941803,
				"bytes":	167552768,
				"bits_per_second":	1341731709.1112018,
				"omitted":	false,
				"sender":	false
			}
		}, {
			"streams":	[{
					"socket":	107,
					"start":	3.000225,
					"end":	4.000102,
					"seconds":	0.99987697601318359,
					"bytes":	200968576,
					"bits_per_second":	1607946423.9796653,
					"omitted":	false,
					"sender":	false
				}],
			"sum":	{
				"start":	3.000225,
				"end":	4.000102,
				"seconds":	0.99987697601318359,
				"bytes":	200968576,
				"bits_per_second":	1607946423.9796653,
				"omitted":	false,
				"sender":	false
			}
		}, {
			"streams":	[{
					"socket":	107,
					"start":	4.000102,
					"end":	5.000079,
					"seconds":	0.9999769926071167,
					"bytes":	219392192,
					"bits_per_second":	1755177918.0679412,
					"omitted":	false,
					"sender":	false
				}],
			"sum":	{
				"start":	4.000102,
				"end":	5.000079,
				"seconds":	0.9999769926071167,
				"bytes":	219392192,
				"bits_per_second":	1755177918.0679412,
				"omitted":	false,
				"sender":	false
			}
		}, {
			"streams":	[{
					"socket":	107,
					"start":	5.000079,
					"end":	6.000085,
					"seconds":	1.0000059604644775,
					"bytes":	215331616,
					"bits_per_second":	1722642660.2496161,
					"omitted":	false,
					"sender":	false
				}],
			"sum":	{
				"start":	5.000079,
				"end":	6.000085,
				"seconds":	1.0000059604644775,
				"bytes":	215331616,
				"bits_per_second":	1722642660.2496161,
				"omitted":	false,
				"sender":	false
			}
		}, {
			"streams":	[{
					"socket":	107,
					"start":	6.000085,
					"end":	7.000092,
					"seconds":	1.0000070333480835,
					"bytes":	224871424,
					"bits_per_second":	1798958739.2969987,
					"omitted":	false,
					"sender":	false
				}],
			"sum":	{
				"start":	6.000085,
				"end":	7.000092,
				"seconds":	1.0000070333480835,
				"bytes":	224871424,
				"bits_per_second":	1798958739.2969987,
				"omitted":	false,
				"sender":	false
			}
		}, {
			"streams":	[{
					"socket":	107,
					"start":	7.000092,
					"end":	8.000095,
					"seconds":	1.0000029802322388,
					"bytes":	213037824,
					"bits_per_second":	1704297512.7976079,
					"omitted":	false,
					"sender":	false
				}],
			"sum":	{
				"start":	7.000092,
				"end":	8.000095,
				"seconds":	1.0000029802322388,
				"bytes":	213037824,
				"bits_per_second":	1704297512.7976079,
				"omitted":	false,
				"sender":	false
			}
		}, {
			"streams":	[{
					"socket":	107,
					"start":	8.000095,
					"end":	9.000355,
					"seconds":	1.0002599954605103,
					"bytes":	200644544,
					"bits_per_second":	1604739127.1116478,
					"omitted":	false,
					"sender":	false
				}],
			"sum":	{
				"start":	8.000095,
				"end":	9.000355,
				"seconds":	1.0002599954605103,
				"bytes":	200644544,
				"bits_per_second":	1604739127.1116478,
				"omitted":	false,
				"sender":	false
			}
		}, {
			"streams":	[{
					"socket":	107,
					"start":	9.000355,
					"end":	10.000128,
					"seconds":	0.99977302551269531,
					"bytes":	220765088,
					"bits_per_second":	1766521659.3479431,
					"omitted":	false,
					"sender":	false
				}],
			"sum":	{
				"start":	9.000355,
				"end":	10.000128,
				"seconds":	0.99977302551269531,
				"bytes":	220765088,
				"bits_per_second":	1766521659.3479431,
				"omitted":	false,
				"sender":	false
			}
		}],
	"end":	{
		"streams":	[{
				"sender":	{
					"socket":	107,
					"start":	0,
					"end":	10.000128,
					"seconds":	10.000128,
					"bytes":	1753350144,
					"bits_per_second":	1402662161.1243377,
					"retransmits":	0,
					"max_snd_cwnd":	0,
					"max_rtt":	0,
					"min_rtt":	0,
					"mean_rtt":	0,
					"sender":	false
				},
				"receiver":	{
					"socket":	107,
					"start":	0,
					"end":	10.000128,
					"seconds":	10.000128,
					"bytes":	1734486528,
					"bits_per_second":	1387571461.4852929,
					"sender":	false
				}
			}],
		"sum_sent":	{
			"start":	0,
			"end":	10.000128,
			"seconds":	10.000128,
			"bytes":	1753350144,
			"bits_per_second":	1402662161.1243377,
			"retransmits":	0,
			"sender":	false
		},
		"sum_received":	{
			"start":	0,
			"end":	10.000128,
			"seconds":	10.000128,
			"bytes":	1734486528,
			"bits_per_second":	1387571461.4852929,
			"sender":	false
		},
		"cpu_utilization_percent":	{
			"host_total":	89.383058527973617,
			"host_user":	62.902171991580232,
			"host_system":	26.480915739248871,
			"remote_total":	3.525424,
			"remote_user":	0.137179,
			"remote_system":	3.388236
		}
	},
	"title":	"HUCKLEBERRY_830_cubic_1621295199_64512_10_1"
}
