{
	"start":	{
		"connected":	[{
				"socket":	218,
				"local_host":	"100.124.59.153",
				"local_port":	49468,
				"remote_host":	"20.51.229.186",
				"remote_port":	5201
			}],
		"version":	"iperf 3.7",
		"system_info":	"Linux localhost 4.19.110-g9ceb3bf92e0a-ab6790968 #2 SMP PREEMPT Wed Aug 26 04:14:37 UTC 2020 aarch64",
		"timestamp":	{
			"time":	"Tue, 11 May 2021 16:52:27 GMT",
			"timesecs":	1620751947
		},
		"connecting_to":	{
			"host":	"20.51.229.186",
			"port":	5201
		},
		"cookie":	"rcgvz4jvkwigwb7cuxe3k42wjf25fgdojyez",
		"tcp_mss_default":	1376,
		"target_bitrate":	2000000000,
		"sock_bufsize":	0,
		"sndbuf_actual":	2097152,
		"rcvbuf_actual":	6291456,
		"test_start":	{
			"protocol":	"TCP",
			"num_streams":	1,
			"blksize":	131072,
			"omit":	0,
			"duration":	30,
			"bytes":	0,
			"blocks":	0,
			"reverse":	1,
			"tos":	0
		}
	},
	"intervals":	[{
			"streams":	[{
					"socket":	218,
					"start":	0,
					"end":	1.000234,
					"seconds":	1.0002340078353882,
					"bytes":	27324608,
					"bits_per_second":	218545722.58852372,
					"omitted":	false,
					"sender":	false
				}],
			"sum":	{
				"start":	0,
				"end":	1.000234,
				"seconds":	1.0002340078353882,
				"bytes":	27324608,
				"bits_per_second":	218545722.58852372,
				"omitted":	false,
				"sender":	false
			}
		}, {
			"streams":	[{
					"socket":	218,
					"start":	1.000234,
					"end":	2.000912,
					"seconds":	1.0006779432296753,
					"bytes":	34790784,
					"bits_per_second":	278137710.42230183,
					"omitted":	false,
					"sender":	false
				}],
			"sum":	{
				"start":	1.000234,
				"end":	2.000912,
				"seconds":	1.0006779432296753,
				"bytes":	34790784,
				"bits_per_second":	278137710.42230183,
				"omitted":	false,
				"sender":	false
			}
		}, {
			"streams":	[{
					"socket":	218,
					"start":	2.000912,
					"end":	3.000986,
					"seconds":	1.000074028968811,
					"bytes":	36946976,
					"bits_per_second":	295553928.44744897,
					"omitted":	false,
					"sender":	false
				}],
			"sum":	{
				"start":	2.000912,
				"end":	3.000986,
				"seconds":	1.000074028968811,
				"bytes":	36946976,
				"bits_per_second":	295553928.44744897,
				"omitted":	false,
				"sender":	false
			}
		}, {
			"streams":	[{
					"socket":	218,
					"start":	3.000986,
					"end":	4.001029,
					"seconds":	1.0000430345535278,
					"bytes":	36180544,
					"bits_per_second":	289431896.42756051,
					"omitted":	false,
					"sender":	false
				}],
			"sum":	{
				"start":	3.000986,
				"end":	4.001029,
				"seconds":	1.0000430345535278,
				"bytes":	36180544,
				"bits_per_second":	289431896.42756051,
				"omitted":	false,
				"sender":	false
			}
		}, {
			"streams":	[{
					"socket":	218,
					"start":	4.001029,
					"end":	5.000398,
					"seconds":	0.99936902523040771,
					"bytes":	34841696,
					"bits_per_second":	278909552.89087242,
					"omitted":	false,
					"sender":	false
				}],
			"sum":	{
				"start":	4.001029,
				"end":	5.000398,
				"seconds":	0.99936902523040771,
				"bytes":	34841696,
				"bits_per_second":	278909552.89087242,
				"omitted":	false,
				"sender":	false
			}
		}, {
			"streams":	[{
					"socket":	218,
					"start":	5.000398,
					"end":	6.0003,
					"seconds":	0.99990200996398926,
					"bytes":	37648736,
					"bits_per_second":	301219404.50029409,
					"omitted":	false,
					"sender":	false
				}],
			"sum":	{
				"start":	5.000398,
				"end":	6.0003,
				"seconds":	0.99990200996398926,
				"bytes":	37648736,
				"bits_per_second":	301219404.50029409,
				"omitted":	false,
				"sender":	false
			}
		}, {
			"streams":	[{
					"socket":	218,
					"start":	6.0003,
					"end":	7.000491,
					"seconds":	1.0001909732818604,
					"bytes":	36736448,
					"bits_per_second":	293835469.27610534,
					"omitted":	false,
					"sender":	false
				}],
			"sum":	{
				"start":	6.0003,
				"end":	7.000491,
				"seconds":	1.0001909732818604,
				"bytes":	36736448,
				"bits_per_second":	293835469.27610534,
				"omitted":	false,
				"sender":	false
			}
		}, {
			"streams":	[{
					"socket":	218,
					"start":	7.000491,
					"end":	8.000397,
					"seconds":	0.99990600347518921,
					"bytes":	40433760,
					"bits_per_second":	323500487.9216392,
					"omitted":	false,
					"sender":	false
				}],
			"sum":	{
				"start":	7.000491,
				"end":	8.000397,
				"seconds":	0.99990600347518921,
				"bytes":	40433760,
				"bits_per_second":	323500487.9216392,
				"omitted":	false,
				"sender":	false
			}
		}, {
			"streams":	[{
					"socket":	218,
					"start":	8.000397,
					"end":	9.000216,
					"seconds":	0.99981898069381714,
					"bytes":	42574784,
					"bits_per_second":	340659938.02562571,
					"omitted":	false,
					"sender":	false
				}],
			"sum":	{
				"start":	8.000397,
				"end":	9.000216,
				"seconds":	0.99981898069381714,
				"bytes":	42574784,
				"bits_per_second":	340659938.02562571,
				"omitted":	false,
				"sender":	false
			}
		}, {
			"streams":	[{
					"socket":	218,
					"start":	9.000216,
					"end":	10.000376,
					"seconds":	1.0001599788665771,
					"bytes":	45876864,
					"bits_per_second":	366956206.76195878,
					"omitted":	false,
					"sender":	false
				}],
			"sum":	{
				"start":	9.000216,
				"end":	10.000376,
				"seconds":	1.0001599788665771,
				"bytes":	45876864,
				"bits_per_second":	366956206.76195878,
				"omitted":	false,
				"sender":	false
			}
		}, {
			"streams":	[{
					"socket":	218,
					"start":	10.000376,
					"end":	11.000638,
					"seconds":	1.0002620220184326,
					"bytes":	48483360,
					"bits_per_second":	387765276.959453,
					"omitted":	false,
					"sender":	false
				}],
			"sum":	{
				"start":	10.000376,
				"end":	11.000638,
				"seconds":	1.0002620220184326,
				"bytes":	48483360,
				"bits_per_second":	387765276.959453,
				"omitted":	false,
				"sender":	false
			}
		}, {
			"streams":	[{
					"socket":	218,
					"start":	11.000638,
					"end":	12.001045,
					"seconds":	1.0004069805145264,
					"bytes":	54345120,
					"bits_per_second":	434584092.74233073,
					"omitted":	false,
					"sender":	false
				}],
			"sum":	{
				"start":	11.000638,
				"end":	12.001045,
				"seconds":	1.0004069805145264,
				"bytes":	54345120,
				"bits_per_second":	434584092.74233073,
				"omitted":	false,
				"sender":	false
			}
		}, {
			"streams":	[{
					"socket":	218,
					"start":	12.001045,
					"end":	13.000236,
					"seconds":	0.99919098615646362,
					"bytes":	59935296,
					"bits_per_second":	479870589.9503758,
					"omitted":	false,
					"sender":	false
				}],
			"sum":	{
				"start":	12.001045,
				"end":	13.000236,
				"seconds":	0.99919098615646362,
				"bytes":	59935296,
				"bits_per_second":	479870589.9503758,
				"omitted":	false,
				"sender":	false
			}
		}, {
			"streams":	[{
					"socket":	218,
					"start":	13.000236,
					"end":	14.000153,
					"seconds":	0.99991697072982788,
					"bytes":	54561216,
					"bits_per_second":	436525972.43290228,
					"omitted":	false,
					"sender":	false
				}],
			"sum":	{
				"start":	13.000236,
				"end":	14.000153,
				"seconds":	0.99991697072982788,
				"bytes":	54561216,
				"bits_per_second":	436525972.43290228,
				"omitted":	false,
				"sender":	false
			}
		}, {
			"streams":	[{
					"socket":	218,
					"start":	14.000153,
					"end":	15.000166,
					"seconds":	1.000012993812561,
					"bytes":	67615872,
					"bits_per_second":	540919947.38759315,
					"omitted":	false,
					"sender":	false
				}],
			"sum":	{
				"start":	14.000153,
				"end":	15.000166,
				"seconds":	1.000012993812561,
				"bytes":	67615872,
				"bits_per_second":	540919947.38759315,
				"omitted":	false,
				"sender":	false
			}
		}, {
			"streams":	[{
					"socket":	218,
					"start":	15.000166,
					"end":	16.000154,
					"seconds":	0.99998801946640015,
					"bytes":	68698016,
					"bits_per_second":	549590712.38999593,
					"omitted":	false,
					"sender":	false
				}],
			"sum":	{
				"start":	15.000166,
				"end":	16.000154,
				"seconds":	0.99998801946640015,
				"bytes":	68698016,