{
	"start":	{
		"connected":	[{
				"socket":	346,
				"local_host":	"100.124.59.153",
				"local_port":	44776,
				"remote_host":	"13.78.215.115",
				"remote_port":	5201
			}],
		"version":	"iperf 3.7",
		"system_info":	"Linux localhost 4.19.110-g9ceb3bf92e0a-ab6790968 #2 SMP PREEMPT Wed Aug 26 04:14:37 UTC 2020 aarch64",
		"timestamp":	{
			"time":	"Tue, 11 May 2021 17:27:53 GMT",
			"timesecs":	1620754073
		},
		"connecting_to":	{
			"host":	"13.78.215.115",
			"port":	5201
		},
		"cookie":	"truz3qdb4pujf4oyvynkwopshflxhqlan3gp",
		"tcp_mss_default":	1376,
		"target_bitrate":	2000000000,
		"sock_bufsize":	0,
		"sndbuf_actual":	2097152,
		"rcvbuf_actual":	6291456,
		"test_start":	{
			"protocol":	"TCP",
			"num_streams":	1,
			"blksize":	131072,
			"omit":	0,
			"duration":	30,
			"bytes":	0,
			"blocks":	0,
			"reverse":	1,
			"tos":	0
		}
	},
	"intervals":	[{
			"streams":	[{
					"socket":	346,
					"start":	0,
					"end":	1.00014,
					"seconds":	1.0001399517059326,
					"bytes":	22829216,
					"bits_per_second":	182608171.67485687,
					"omitted":	false,
					"sender":	false
				}],
			"sum":	{
				"start":	0,
				"end":	1.00014,
				"seconds":	1.0001399517059326,
				"bytes":	22829216,
				"bits_per_second":	182608171.67485687,
				"omitted":	false,
				"sender":	false
			}
		}, {
			"streams":	[{
					"socket":	346,
					"start":	1.00014,
					"end":	2.000935,
					"seconds":	1.0007950067520142,
					"bytes":	54065952,
					"bits_per_second":	432184026.78059673,
					"omitted":	false,
					"sender":	false
				}],
			"sum":	{
				"start":	1.00014,
				"end":	2.000935,
				"seconds":	1.0007950067520142,
				"bytes":	54065952,
				"bits_per_second":	432184026.78059673,
				"omitted":	false,
				"sender":	false
			}
		}, {
			"streams":	[{
					"socket":	346,
					"start":	2.000935,
					"end":	3.000157,
					"seconds":	0.99922198057174683,
					"bytes":	56431776,
					"bits_per_second":	451805721.62922347,
					"omitted":	false,
					"sender":	false
				}],
			"sum":	{
				"start":	2.000935,
				"end":	3.000157,
				"seconds":	0.99922198057174683,
				"bytes":	56431776,
				"bits_per_second":	451805721.62922347,
				"omitted":	false,
				"sender":	false
			}
		}, {
			"streams":	[{
					"socket":	346,
					"start":	3.000157,
					"end":	4.00036,
					"seconds":	1.000203013420105,
					"bytes":	54264416,
					"bits_per_second":	434027214.65073514,
					"omitted":	false,
					"sender":	false
				}],
			"sum":	{
				"start":	3.000157,
				"end":	4.00036,
				"seconds":	1.000203013420105,
				"bytes":	54264416,
				"bits_per_second":	434027214.65073514,
				"omitted":	false,
				"sender":	false
			}
		}, {
			"streams":	[{
					"socket":	346,
					"start":	4.00036,
					"end":	5.000157,
					"seconds":	0.999796986579895,
					"bytes":	56468736,
					"bits_per_second":	451841617.91219813,
					"omitted":	false,
					"sender":	false
				}],
			"sum":	{
				"start":	4.00036,
				"end":	5.000157,
				"seconds":	0.999796986579895,
				"bytes":	56468736,
				"bits_per_second":	451841617.91219813,
				"omitted":	false,
				"sender":	false
			}
		}, {
			"streams":	[{
					"socket":	346,
					"start":	5.000157,
					"end":	6.000454,
					"seconds":	1.000296950340271,
					"bytes":	54708608,
					"bits_per_second":	437538936.66387588,
					"omitted":	false,
					"sender":	false
				}],
			"sum":	{
				"start":	5.000157,
				"end":	6.000454,
				"seconds":	1.000296950340271,
				"bytes":	54708608,
				"bits_per_second":	437538936.66387588,
				"omitted":	false,
				"sender":	false
			}
		}, {
			"streams":	[{
					"socket":	346,
					"start":	6.000454,
					"end":	7.000144,
					"seconds":	0.99968999624252319,
					"bytes":	56455552,
					"bits_per_second":	451784470.88354355,
					"omitted":	false,
					"sender":	false
				}],
			"sum":	{
				"start":	6.000454,
				"end":	7.000144,
				"seconds":	0.99968999624252319,
				"bytes":	56455552,
				"bits_per_second":	451784470.88354355,
				"omitted":	false,
				"sender":	false
			}
		}, {
			"streams":	[{
					"socket":	346,
					"start":	7.000144,
					"end":	8.000397,
					"seconds":	1.0002529621124268,
					"bytes":	55582784,
					"bits_per_second":	444549817.73902583,
					"omitted":	false,
					"sender":	false
				}],
			"sum":	{
				"start":	7.000144,
				"end":	8.000397,
				"seconds":	1.0002529621124268,
				"bytes":	55582784,
				"bits_per_second":	444549817.73902583,
				"omitted":	false,
				"sender":	false
			}
		}, {
			"streams":	[{
					"socket":	346,
					"start":	8.000397,
					"end":	9.000161,
					"seconds":	0.99976402521133423,
					"bytes":	52822464,
					"bits_per_second":	422679453.694759,
					"omitted":	false,
					"sender":	false
				}],
			"sum":	{
				"start":	8.000397,
				"end":	9.000161,
				"seconds":	0.99976402521133423,
				"bytes":	52822464,
				"bits_per_second":	422679453.694759,
				"omitted":	false,
				"sender":	false
			}
		}, {
			"streams":	[{
					"socket":	346,
					"start":	9.000161,
					"end":	10.000157,
					"seconds":	0.9999960064888,
					"bytes":	56491520,
					"bits_per_second":	451933964.80335009,
					"omitted":	false,
					"sender":	false
				}],
			"sum":	{
				"start":	9.000161,
				"end":	10.000157,
				"seconds":	0.9999960064888,
				"bytes":	56491520,
				"bits_per_second":	451933964.80335009,
				"omitted":	false,
				"sender":	false
			}
		}, {
			"streams":	[{
					"socket":	346,
					"start":	10.000157,
					"end":	11.000148,
					"seconds":	0.99999099969863892,
					"bytes":	52166336,
					"bits_per_second":	417334444.13576561,
					"omitted":	false,
					"sender":	false
				}],
			"sum":	{
				"start":	10.000157,
				"end":	11.000148,
				"seconds":	0.99999099969863892,
				"bytes":	52166336,
				"bits_per_second":	417334444.13576561,
				"omitted":	false,
				"sender":	false
			}
		}, {
			"streams":	[{
					"socket":	346,
					"start":	11.000148,
					"end":	12.001398,
					"seconds":	1.0012500286102295,
					"bytes":	52035296,
					"bits_per_second":	415762652.78894889,
					"omitted":	false,
					"sender":	false
				}],
			"sum":	{
				"start":	11.000148,
				"end":	12.001398,
				"seconds":	1.0012500286102295,
				"bytes":	52035296,
				"bits_per_second":	415762652.78894889,
				"omitted":	false,
				"sender":	false
			}
		}, {
			"streams":	[{
					"socket":	346,
					"start":	12.001398,
					"end":	13.000069,
					"seconds":	0.99867099523544312,
					"bytes":	54890336,
					"bits_per_second":	439707060.77878433,
					"omitted":	false,
					"sender":	false
				}],
			"sum":	{
				"start":	12.001398,
				"end":	13.000069,
				"seconds":	0.99867099523544312,
				"bytes":	54890336,
				"bits_per_second":	439707060.77878433,
				"omitted":	false,
				"sender":	false
			}
		}, {
			"streams":	[{
					"socket":	346,
					"start":	13.000069,
					"end":	14.000209,
					"seconds":	1.0001399517059326,
					"bytes":	44986880,
					"bits_per_second":	359844679.12328595,
					"omitted":	false,
					"sender":	false
				}],
			"sum":	{
				"start":	13.000069,
				"end":	14.000209,
				"seconds":	1.0001399517059326,
				"bytes":	44986880,
				"bits_per_second":	359844679.12328595,
				"omitted":	false,
				"sender":	false
			}
		}, {
			"streams":	[{
					"socket":	346,
					"start":	14.000209,
					"end":	15.000644,
					"seconds":	1.0004349946975708,
					"bytes":	54789440,
					"bits_per_second":	438124937.97510731,
					"omitted":	false,
					"sender":	false
				}],
			"sum":	{
				"start":	14.000209,
				"end":	15.000644,
				"seconds":	1.0004349946975708,
				"bytes":	54789440,
				"bits_per_second":	438124937.97510731,
				"omitted":	false,
				"sender":	false
			}
		}, {
			"streams":	[{
					"socket":	346,
					"start":	15.000644,
					"end":	16.00016,
					"seconds":	0.99951601028442383,
					"bytes":	57277184,
					"bits_per_second":	458439351.93155026,
					"omitted":	false,
					"sender":	false
				}],
			"sum":	{
				"start":	15.000644,
				"end":	16.00016,
				"seconds":	0.99951601028442383,
				"bytes":	57277184,