{
	"start":	{
		"connected":	[{
				"socket":	389,
				"local_host":	"100.124.59.153",
				"local_port":	39368,
				"remote_host":	"104.210.37.160",
				"remote_port":	5201
			}],
		"version":	"iperf 3.7",
		"system_info":	"Linux localhost 4.19.110-g9ceb3bf92e0a-ab6790968 #2 SMP PREEMPT Wed Aug 26 04:14:37 UTC 2020 aarch64",
		"timestamp":	{
			"time":	"Tue, 11 May 2021 17:43:37 GMT",
			"timesecs":	1620755017
		},
		"connecting_to":	{
			"host":	"104.210.37.160",
			"port":	5201
		},
		"cookie":	"cd5tlomdaw6tkp5evyqagia42uum5hlwqtrf",
		"tcp_mss_default":	1376,
		"target_bitrate":	2000000000,
		"sock_bufsize":	0,
		"sndbuf_actual":	2097152,
		"rcvbuf_actual":	6291456,
		"test_start":	{
			"protocol":	"TCP",
			"num_streams":	1,
			"blksize":	131072,
			"omit":	0,
			"duration":	30,
			"bytes":	0,
			"blocks":	0,
			"reverse":	1,
			"tos":	0
		}
	},
	"intervals":	[{
			"streams":	[{
					"socket":	389,
					"start":	0,
					"end":	1.000933,
					"seconds":	1.000933051109314,
					"bytes":	11757920,
					"bits_per_second":	93975675.891361043,
					"omitted":	false,
					"sender":	false
				}],
			"sum":	{
				"start":	0,
				"end":	1.000933,
				"seconds":	1.000933051109314,
				"bytes":	11757920,
				"bits_per_second":	93975675.891361043,
				"omitted":	false,
				"sender":	false
			}
		}, {
			"streams":	[{
					"socket":	389,
					"start":	1.000933,
					"end":	2.000159,
					"seconds":	0.99922597408294678,
					"bytes":	20732192,
					"bits_per_second":	165986013.476299,
					"omitted":	false,
					"sender":	false
				}],
			"sum":	{
				"start":	1.000933,
				"end":	2.000159,
				"seconds":	0.99922597408294678,
				"bytes":	20732192,
				"bits_per_second":	165986013.476299,
				"omitted":	false,
				"sender":	false
			}
		}, {
			"streams":	[{
					"socket":	389,
					"start":	2.000159,
					"end":	3.000982,
					"seconds":	1.0008230209350586,
					"bytes":	23178720,
					"bits_per_second":	185277272.92559168,
					"omitted":	false,
					"sender":	false
				}],
			"sum":	{
				"start":	2.000159,
				"end":	3.000982,
				"seconds":	1.0008230209350586,
				"bytes":	23178720,
				"bits_per_second":	185277272.92559168,
				"omitted":	false,
				"sender":	false
			}
		}, {
			"streams":	[{
					"socket":	389,
					"start":	3.000982,
					"end":	4.000181,
					"seconds":	0.99919897317886353,
					"bytes":	15566688,
					"bits_per_second":	124633338.64706409,
					"omitted":	false,
					"sender":	false
				}],
			"sum":	{
				"start":	3.000982,
				"end":	4.000181,
				"seconds":	0.99919897317886353,
				"bytes":	15566688,
				"bits_per_second":	124633338.64706409,
				"omitted":	false,
				"sender":	false
			}
		}, {
			"streams":	[{
					"socket":	389,
					"start":	4.000181,
					"end":	5.001004,
					"seconds":	1.0008230209350586,
					"bytes":	17700864,
					"bits_per_second":	141490462.38734409,
					"omitted":	false,
					"sender":	false
				}],
			"sum":	{
				"start":	4.000181,
				"end":	5.001004,
				"seconds":	1.0008230209350586,
				"bytes":	17700864,
				"bits_per_second":	141490462.38734409,
				"omitted":	false,
				"sender":	false
			}
		}, {
			"streams":	[{
					"socket":	389,
					"start":	5.001004,
					"end":	6.000432,
					"seconds":	0.99942797422409058,
					"bytes":	19093376,
					"bits_per_second":	152834433.23525709,
					"omitted":	false,
					"sender":	false
				}],
			"sum":	{
				"start":	5.001004,
				"end":	6.000432,
				"seconds":	0.99942797422409058,
				"bytes":	19093376,
				"bits_per_second":	152834433.23525709,
				"omitted":	false,
				"sender":	false
			}
		}, {
			"streams":	[{
					"socket":	389,
					"start":	6.000432,
					"end":	7.000144,
					"seconds":	0.99971199035644531,
					"bytes":	21352768,
					"bits_per_second":	170871356.59850764,
					"omitted":	false,
					"sender":	false
				}],
			"sum":	{
				"start":	6.000432,
				"end":	7.000144,
				"seconds":	0.99971199035644531,
				"bytes":	21352768,
				"bits_per_second":	170871356.59850764,
				"omitted":	false,
				"sender":	false
			}
		}, {
			"streams":	[{
					"socket":	389,
					"start":	7.000144,
					"end":	8.000143,
					"seconds":	0.99999898672103882,
					"bytes":	22615264,
					"bits_per_second":	180922295.32475546,
					"omitted":	false,
					"sender":	false
				}],
			"sum":	{
				"start":	7.000144,
				"end":	8.000143,
				"seconds":	0.99999898672103882,
				"bytes":	22615264,
				"bits_per_second":	180922295.32475546,
				"omitted":	false,
				"sender":	false
			}
		}, {
			"streams":	[{
					"socket":	389,
					"start":	8.000143,
					"end":	9.000434,
					"seconds":	1.0002909898757935,
					"bytes":	23026656,
					"bits_per_second":	184159659.40358397,
					"omitted":	false,
					"sender":	false
				}],
			"sum":	{
				"start":	8.000143,
				"end":	9.000434,
				"seconds":	1.0002909898757935,
				"bytes":	23026656,
				"bits_per_second":	184159659.40358397,
				"omitted":	false,
				"sender":	false
			}
		}, {
			"streams":	[{
					"socket":	389,
					"start":	9.000434,
					"end":	10.000191,
					"seconds":	0.99975699186325073,
					"bytes":	22055904,
					"bits_per_second":	176490120.53534594,
					"omitted":	false,
					"sender":	false
				}],
			"sum":	{
				"start":	9.000434,
				"end":	10.000191,
				"seconds":	0.99975699186325073,
				"bytes":	22055904,
				"bits_per_second":	176490120.53534594,
				"omitted":	false,
				"sender":	false
			}
		}, {
			"streams":	[{
					"socket":	389,
					"start":	10.000191,
					"end":	11.001016,
					"seconds":	1.000825047492981,
					"bytes":	22248544,
					"bits_per_second":	177841624.21379474,
					"omitted":	false,
					"sender":	false
				}],
			"sum":	{
				"start":	10.000191,
				"end":	11.001016,
				"seconds":	1.000825047492981,
				"bytes":	22248544,
				"bits_per_second":	177841624.21379474,
				"omitted":	false,
				"sender":	false
			}
		}, {
			"streams":	[{
					"socket":	389,
					"start":	11.001016,
					"end":	12.00021,
					"seconds":	0.99919402599334717,
					"bytes":	20602848,
					"bits_per_second":	164955734.03387964,
					"omitted":	false,
					"sender":	false
				}],
			"sum":	{
				"start":	11.001016,
				"end":	12.00021,
				"seconds":	0.99919402599334717,
				"bytes":	20602848,
				"bits_per_second":	164955734.03387964,
				"omitted":	false,
				"sender":	false
			}
		}, {
			"streams":	[{
					"socket":	389,
					"start":	12.00021,
					"end":	13.00016,
					"seconds":	0.99994999170303345,
					"bytes":	20893184,
					"bits_per_second":	167153831.07842368,
					"omitted":	false,
					"sender":	false
				}],
			"sum":	{
				"start":	12.00021,
				"end":	13.00016,
				"seconds":	0.99994999170303345,
				"bytes":	20893184,
				"bits_per_second":	167153831.07842368,
				"omitted":	false,
				"sender":	false
			}
		}, {
			"streams":	[{
					"socket":	389,
					"start":	13.00016,
					"end":	14.000499,
					"seconds":	1.0003390312194824,
					"bytes":	12930272,
					"bits_per_second":	103407117.75876309,
					"omitted":	false,
					"sender":	false
				}],
			"sum":	{
				"start":	13.00016,
				"end":	14.000499,
				"seconds":	1.0003390312194824,
				"bytes":	12930272,
				"bits_per_second":	103407117.75876309,
				"omitted":	false,
				"sender":	false
			}
		}, {
			"streams":	[{
					"socket":	389,
					"start":	14.000499,
					"end":	15.00126,
					"seconds":	1.0007610321044922,
					"bytes":	12527104,
					"bits_per_second":	100140621.7718678,
					"omitted":	false,
					"sender":	false
				}],
			"sum":	{
				"start":	14.000499,
				"end":	15.00126,
				"seconds":	1.0007610321044922,
				"bytes":	12527104,
				"bits_per_second":	100140621.7718678,
				"omitted":	false,
				"sender":	false
			}
		}, {
			"streams":	[{
					"socket":	389,
					"start":	15.00126,
					"end":	16.000361,
					"seconds":	0.99910098314285278,
					"bytes":	11093312,
					"bits_per_second":	88826352.388155848,
					"omitted":	false,
					"sender":	false
				}],
			"sum":	{
				"start":	15.00126,
				"end":	16.000361,
				"seconds":	0.99910098314285278,
				"bytes":	11093312,