{"start": {"connected": [{"socket": 177, "local_host": "100.120.164.6", "local_port": 40337, "remote_host": "20.83.58.111", "remote_port": 5201}], "version": "iperf 3.7", "system_info": "Linux localhost 4.19.110-g9ceb3bf92e0a-ab6790968 #2 SMP PREEMPT Wed Aug 26 04:14:37 UTC 2020 aarch64", "timestamp": {"time": "2021-01-25 04:26:33 ", "timesecs": 1611588393.0}, "connecting_to": {"host": "20.83.58.111", "port": 5201}, "cookie": "6mjbzywc63my42elzs75r6yyeh22ivr3scqo", "sock_bufsize": 0, "sndbuf_actual": 212992, "rcvbuf_actual": 212992, "test_start": {"protocol": "UDP", "num_streams": 1, "blksize": 1376, "omit": 0, "duration": 30, "bytes": 0, "blocks": 0, "reverse": 1, "tos": 0}}, "intervals": [{"streams": [{"socket": 177, "start": 0, "end": 1.001022, "seconds": 1.0010219812393188, "bytes": 60486208, "bits_per_second": 483395642.72196966, "jitter_ms": 0.0390251404070912, "lost_packets": 125249, "packets": 169207, "lost_percent": 74.02116933696597, "omitted": false, "sender": false}], "sum": {"start": 0, "end": 1.001022, "seconds": 1.0010219812393188, "bytes": 60486208, "bits_per_second": 483395642.72196966, "jitter_ms": 0.0390251404070912, "lost_packets": 125249, "packets": 169207, "lost_percent": 74.02116933696597, "omitted": false, "sender": false}}, {"streams": [{"socket": 177, "start": 1.001022, "end": 2.000025, "seconds": 0.999002993106842, "bytes": 77084896, "bits_per_second": 617294614.9862506, "jitter_ms": 0.020048178859556266, "lost_packets": 162019, "packets": 218040, "lost_percent": 74.30700788846083, "omitted": false, "sender": false}], "sum": {"start": 1.001022, "end": 2.000025, "seconds": 0.999002993106842, "bytes": 77084896, "bits_per_second": 617294614.9862506, "jitter_ms": 0.020048178859556266, "lost_packets": 162019, "packets": 218040, "lost_percent": 74.30700788846083, "omitted": false, "sender": false}}, {"streams": [{"socket": 177, "start": 2.000025, "end": 3.000025, "seconds": 1, "bytes": 75232800, "bits_per_second": 601862400, "jitter_ms": 0.013681402715917243, "lost_packets": 159975, "packets": 214650, "lost_percent": 74.52830188679245, "omitted": false, "sender": false}], "sum": {"start": 2.000025, "end": 3.000025, "seconds": 1, "bytes": 75232800, "bits_per_second": 601862400, "jitter_ms": 0.013681402715917243, "lost_packets": 159975, "packets": 214650, "lost_percent": 74.52830188679245, "omitted": false, "sender": false}}, {"streams": [{"socket": 177, "start": 3.000025, "end": 4.00002, "seconds": 0.9999949932098389, "bytes": 73234848, "bits_per_second": 585881717.3868182, "jitter_ms": 0.0051062775358886765, "lost_packets": 162874, "packets": 216097, "lost_percent": 75.37078256523691, "omitted": false, "sender": false}], "sum": {"start": 3.000025, "end": 4.00002, "seconds": 0.9999949932098389, "bytes": 73234848, "bits_per_second": 585881717.3868182, "jitter_ms": 0.0051062775358886765, "lost_packets": 162874, "packets": 216097, "lost_percent": 75.37078256523691, "omitted": false, "sender": false}}, {"streams": [{"socket": 177, "start": 4.00002, "end": 5.000096, "seconds": 1.0000760555267334, "bytes": 72084512, "bits_per_second": 576632239.9312606, "jitter_ms": 0.061195631494513174, "lost_packets": 160018, "packets": 212405, "lost_percent": 75.33626797862574, "omitted": false, "sender": false}], "sum": {"start": 4.00002, "end": 5.000096, "seconds": 1.0000760555267334, "bytes": 72084512, "bits_per_second": 576632239.9312606, "jitter_ms": 0.061195631494513174, "lost_packets": 160018, "packets": 212405, "lost_percent": 75.33626797862574, "omitted": false, "sender": false}}, {"streams": [{"socket": 177, "start": 5.000096, "end": 6.001383, "seconds": 1.0012869834899902, "bytes": 70769056, "bits_per_second": 565424755.674615, "jitter_ms": 0.15008711881439368, "lost_packets": 162727, "packets": 214158, "lost_percent": 75.98455346052914, "omitted": false, "sender": false}], "sum": {"start": 5.000096, "end": 6.001383, "seconds": 1.0012869834899902, "bytes": 70769056, "bits_per_second": 565424755.674615, "jitter_ms": 0.15008711881439368, "lost_packets": 162727, "packets": 214158, "lost_percent": 75.98455346052914, "omitted": false, "sender": false}}, {"streams": [{"socket": 177, "start": 6.001383, "end": 7.000027, "seconds": 0.9986439943313599, "bytes": 65430176, "bits_per_second": 524152161.3019554, "jitter_ms": 0.026898109898808566, "lost_packets": 165758, "packets": 213309, "lost_percent": 77.70792606031625, "omitted": false, "sender": false}], "sum": {"start": 6.001383, "end": 7.000027, "seconds": 0.9986439943313599, "bytes": 65430176, "bits_per_second": 524152161.3019554, "jitter_ms": 0.026898109898808566, "lost_packets": 165758, "packets": 213309, "lost_percent": 77.70792606031625, "omitted": false, "sender": false}}, {"streams": [{"socket": 177, "start": 7.000027, "end": 8.001023, "seconds": 1.0009959936141968, "bytes": 59811968, "bits_per_second": 478019639.4916057, "jitter_ms": 0.07866935613508302, "lost_packets": 172298, "packets": 215766, "lost_percent": 79.85410120222834, "omitted": false, "sender": false}], "sum": {"start": 7.000027, "end": 8.001023, "seconds": 1.0009959936141968, "bytes": 59811968, "bits_per_second": 478019639.4916057, "jitter_ms": 0.07866935613508302, "lost_packets": 172298, "packets": 215766, "lost_percent": 79.85410120222834, "omitted": false, "sender": false}}, {"streams": [{"socket": 177, "start": 8.001023, "end": 9.001714, "seconds": 1.0006910562515259, "bytes": 44406272, "bits_per_second": 355004847.68068826, "jitter_ms": 0.12172222885998664, "lost_packets": 186793, "packets": 219065, "lost_percent": 85.2682993632027, "omitted": false, "sender": false}], "sum": {"start": 8.001023, "end": 9.001714, "seconds": 1.0006910562515259, "bytes": 44406272, "bits_per_second": 355004847.68068826, "jitter_ms": 0.12172222885998664, "lost_packets": 186793, "packets": 219065, "lost_percent": 85.2682993632027, "omitted": false, "sender": false}}, {"streams": [{"socket": 177, "start": 9.001714, "end": 10.007692, "seconds": 1.005977988243103, "bytes": 46367072, "bits_per_second": 368732298.65379524, "jitter_ms": 0.5768326972141188, "lost_packets": 175848, "packets": 209545, "lost_percent": 83.9189672862631, "omitted": false, "sender": false}], "sum": {"start": 9.001714, "end": 10.007692, "seconds": 1.005977988243103, "bytes": 46367072, "bits_per_second": 368732298.65379524, "jitter_ms": 0.5768326972141188, "lost_packets": 175848, "packets": 209545, "lost_percent": 83.9189672862631, "omitted": false, "sender": false}}, {"streams": [{"socket": 177, "start": 10.007692, "end": 11.001246, "seconds": 0.9935539960861206, "bytes": 40370464, "bits_per_second": 325059043.8690216, "jitter_ms": 0.4638135084353696, "lost_packets": 184725, "packets": 214064, "lost_percent": 86.29428582106286, "omitted": false, "sender": false}], "sum": {"start": 10.007692, "end": 11.001246, "seconds": 0.9935539960861206, "bytes": 40370464, "bits_per_second": 325059043.8690216, "jitter_ms": 0.4638135084353696, "lost_packets": 184725, "packets": 214064, "lost_percent": 86.29428582106286, "omitted": false, "sender": false}}, {"streams": [{"socket": 177, "start": 11.001246, "end": 12.004311, "seconds": 1.0030649900436401, "bytes": 41241472, "bits_per_second": 328923628.3539771, "jitter_ms": 0.15647455593799642, "lost_packets": 190332, "packets": 220304, "lost_percent": 86.39516304742537, "omitted": false, "sender": false}], "sum": {"start": 11.001246, "end": 12.004311, "seconds": 1.0030649900436401, "bytes": 41241472, "bits_per_second": 328923628.3539771, "jitter_ms": 0.15647455593799642, "lost_packets": 190332, "packets": 220304, "lost_percent": 86.39516304742537, "omitted": false, "sender": false}}, {"streams": [{"socket": 177, "start": 12.004311, "end": 13.000233, "seconds": 0.9959220290184021, "bytes": 45169952, "bits_per_second": 362839263.98953366, "jitter_ms": 0.589276269826932, "lost_packets": 184045, "packets": 216872, "lost_percent": 84.86342174185695, "omitted": false, "sender": false}], "sum": {"start": 12.004311, "end": 13.000233,