{"start": {"connected": [{"socket": 144, "local_host": "100.123.106.128", "local_port": 44014, "remote_host": "52.161.167.187", "remote_port": 5201}], "version": "iperf 3.7", "system_info": "Linux localhost 4.19.110-g9ceb3bf92e0a-ab6790968 #2 SMP PREEMPT Wed Aug 26 04:14:37 UTC 2020 aarch64", "timestamp": {"time": "2021-01-25 05:48:19 ", "timesecs": 1611593299.0}, "connecting_to": {"host": "52.161.167.187", "port": 5201}, "cookie": "6x3qighekgcgk6nabycrur3molxagzr2ckjw", "sock_bufsize": 0, "sndbuf_actual": 212992, "rcvbuf_actual": 212992, "test_start": {"protocol": "UDP", "num_streams": 1, "blksize": 1376, "omit": 0, "duration": 30, "bytes": 0, "blocks": 0, "reverse": 1, "tos": 0}}, "intervals": [{"streams": [{"socket": 144, "start": 0, "end": 1.001628, "seconds": 1.001628041267395, "bytes": 40014080, "bits_per_second": 319592330.4972076, "jitter_ms": 0.12348275921855546, "lost_packets": 162311, "packets": 191391, "lost_percent": 84.8059731126333, "omitted": false, "sender": false}], "sum": {"start": 0, "end": 1.001628, "seconds": 1.001628041267395, "bytes": 40014080, "bits_per_second": 319592330.4972076, "jitter_ms": 0.12348275921855546, "lost_packets": 162311, "packets": 191391, "lost_percent": 84.8059731126333, "omitted": false, "sender": false}}, {"streams": [{"socket": 144, "start": 1.001628, "end": 2.000017, "seconds": 0.9983890056610107, "bytes": 46193696, "bits_per_second": 370145870.90262437, "jitter_ms": 0.0069930506150578525, "lost_packets": 164406, "packets": 197977, "lost_percent": 83.04297974007082, "omitted": false, "sender": false}], "sum": {"start": 1.001628, "end": 2.000017, "seconds": 0.9983890056610107, "bytes": 46193696, "bits_per_second": 370145870.90262437, "jitter_ms": 0.0069930506150578525, "lost_packets": 164406, "packets": 197977, "lost_percent": 83.04297974007082, "omitted": false, "sender": false}}, {"streams": [{"socket": 144, "start": 2.000017, "end": 3.000035, "seconds": 1.0000180006027222, "bytes": 53375040, "bits_per_second": 426992633.87523234, "jitter_ms": 0.007594722827028882, "lost_packets": 163073, "packets": 201863, "lost_percent": 80.78399706731793, "omitted": false, "sender": false}], "sum": {"start": 2.000017, "end": 3.000035, "seconds": 1.0000180006027222, "bytes": 53375040, "bits_per_second": 426992633.87523234, "jitter_ms": 0.007594722827028882, "lost_packets": 163073, "packets": 201863, "lost_percent": 80.78399706731793, "omitted": false, "sender": false}}, {"streams": [{"socket": 144, "start": 3.000035, "end": 4.000024, "seconds": 0.9999889731407166, "bytes": 41281376, "bits_per_second": 330254649.6715496, "jitter_ms": 0.019522457065866666, "lost_packets": 168128, "packets": 198129, "lost_percent": 84.85784514129683, "omitted": false, "sender": false}], "sum": {"start": 3.000035, "end": 4.000024, "seconds": 0.9999889731407166, "bytes": 41281376, "bits_per_second": 330254649.6715496, "jitter_ms": 0.019522457065866666, "lost_packets": 168128, "packets": 198129, "lost_percent": 84.85784514129683, "omitted": false, "sender": false}}, {"streams": [{"socket": 144, "start": 4.000024, "end": 5.000468, "seconds": 1.0004440546035767, "bytes": 46023072, "bits_per_second": 368021154.5121253, "jitter_ms": 0.1397755145977255, "lost_packets": 168650, "packets": 202097, "lost_percent": 83.4500264724365, "omitted": false, "sender": false}], "sum": {"start": 4.000024, "end": 5.000468, "seconds": 1.0004440546035767, "bytes": 46023072, "bits_per_second": 368021154.5121253, "jitter_ms": 0.1397755145977255, "lost_packets": 168650, "packets": 202097, "lost_percent": 83.4500264724365, "omitted": false, "sender": false}}, {"streams": [{"socket": 144, "start": 5.000468, "end": 6.000017, "seconds": 0.9995489716529846, "bytes": 42332640, "bits_per_second": 338813934.6889085, "jitter_ms": 0.004284160269661917, "lost_packets": 165751, "packets": 196516, "lost_percent": 84.34478617517149, "omitted": false, "sender": false}], "sum": {"start": 5.000468, "end": 6.000017, "seconds": 0.9995489716529846, "bytes": 42332640, "bits_per_second": 338813934.6889085, "jitter_ms": 0.004284160269661917, "lost_packets": 165751, "packets": 196516, "lost_percent": 84.34478617517149, "omitted": false, "sender": false}}, {"streams": [{"socket": 144, "start": 6.000017, "end": 7.001649, "seconds": 1.0016319751739502, "bytes": 37116224, "bits_per_second": 296445999.48841804, "jitter_ms": 2.7484170620743744, "lost_packets": 174251, "packets": 201225, "lost_percent": 86.59510498198534, "omitted": false, "sender": false}], "sum": {"start": 6.000017, "end": 7.001649, "seconds": 1.0016319751739502, "bytes": 37116224, "bits_per_second": 296445999.48841804, "jitter_ms": 2.7484170620743744, "lost_packets": 174251, "packets": 201225, "lost_percent": 86.59510498198534, "omitted": false, "sender": false}}, {"streams": [{"socket": 144, "start": 7.001649, "end": 8.002045, "seconds": 1.0003960132598877, "bytes": 38016128, "bits_per_second": 304008632.5503897, "jitter_ms": 0.14026804134243034, "lost_packets": 174334, "packets": 201962, "lost_percent": 86.32019884928847, "omitted": false, "sender": false}], "sum": {"start": 7.001649, "end": 8.002045, "seconds": 1.0003960132598877, "bytes": 38016128, "bits_per_second": 304008632.5503897, "jitter_ms": 0.14026804134243034, "lost_packets": 174334, "packets": 201962, "lost_percent": 86.32019884928847, "omitted": false, "sender": false}}, {"streams": [{"socket": 144, "start": 8.002045, "end": 9.000016, "seconds": 0.9979709982872009, "bytes": 34054624, "bits_per_second": 272990890.9853879, "jitter_ms": 0.020502650154979457, "lost_packets": 171713, "packets": 196462, "lost_percent": 87.40265293033768, "omitted": false, "sender": false}], "sum": {"start": 8.002045, "end": 9.000016, "seconds": 0.9979709982872009, "bytes": 34054624, "bits_per_second": 272990890.9853879, "jitter_ms": 0.020502650154979457, "lost_packets": 171713, "packets": 196462, "lost_percent": 87.40265293033768, "omitted": false, "sender": false}}, {"streams": [{"socket": 144, "start": 9.000016, "end": 10.010393, "seconds": 1.010377049446106, "bytes": 37297856, "bits_per_second": 295318315.24040955, "jitter_ms": 0.7511712405412587, "lost_packets": 174731, "packets": 201837, "lost_percent": 86.57035132309736, "omitted": false, "sender": false}], "sum": {"start": 9.000016, "end": 10.010393, "seconds": 1.010377049446106, "bytes": 37297856, "bits_per_second": 295318315.24040955, "jitter_ms": 0.7511712405412587, "lost_packets": 174731, "packets": 201837, "lost_percent": 86.57035132309736, "omitted": false, "sender": false}}, {"streams": [{"socket": 144, "start": 10.010393, "end": 11.00481, "seconds": 0.9944170117378235, "bytes": 38225280, "bits_per_second": 307519115.6128615, "jitter_ms": 0.6644683964937576, "lost_packets": 172278, "packets": 200058, "lost_percent": 86.11402693218966, "omitted": false, "sender": false}], "sum": {"start": 10.010393, "end": 11.00481, "seconds": 0.9944170117378235, "bytes": 38225280, "bits_per_second": 307519115.6128615, "jitter_ms": 0.6644683964937576, "lost_packets": 172278, "packets": 200058, "lost_percent": 86.11402693218966, "omitted": false, "sender": false}}, {"streams": [{"socket": 144, "start": 11.00481, "end": 12.002254, "seconds": 0.9974439740180969, "bytes": 36452992, "bits_per_second": 292371244.49729645, "jitter_ms": 0.1433494468275337, "lost_packets": 172990, "packets": 199482, "lost_percent": 86.71960377377407, "omitted": false, "sender": false}], "sum": {"start": 11.00481, "end": 12.002254, "seconds": 0.9974439740180969, "bytes": 36452992, "bits_per_second": 292371244.49729645, "jitter_ms": 0.1433494468275337, "lost_packets": 172990, "packets": 199482, "lost_percent": 86.71960377377407, "omitted": false, "sender": false}}, {"streams": [{"socket": 144, "start": 12.002254, "end": 13.001623, "seconds": 0.9993690252304077, "bytes": 35934240, "bits_per_second": 287655423.3144478, "jitter_ms": 0.10385304471546465, "lost_packets": 174676, "packets": 200791, "lost_percent": 86.99393897136824, "omitted": false,