{
	"start":	{
		"connected":	[{
				"socket":	211,
				"local_host":	"100.124.59.153",
				"local_port":	49460,
				"remote_host":	"20.51.229.186",
				"remote_port":	5201
			}],
		"version":	"iperf 3.7",
		"system_info":	"Linux localhost 4.19.110-g9ceb3bf92e0a-ab6790968 #2 SMP PREEMPT Wed Aug 26 04:14:37 UTC 2020 aarch64",
		"timestamp":	{
			"time":	"Tue, 11 May 2021 16:51:41 GMT",
			"timesecs":	1620751901
		},
		"connecting_to":	{
			"host":	"20.51.229.186",
			"port":	5201
		},
		"cookie":	"t3bscxwes47nf3igitowe5nnd3yxmmxxkjch",
		"tcp_mss_default":	1376,
		"target_bitrate":	2000000000,
		"sock_bufsize":	0,
		"sndbuf_actual":	2097152,
		"rcvbuf_actual":	6291456,
		"test_start":	{
			"protocol":	"TCP",
			"num_streams":	1,
			"blksize":	131072,
			"omit":	0,
			"duration":	30,
			"bytes":	0,
			"blocks":	0,
			"reverse":	1,
			"tos":	0
		}
	},
	"intervals":	[{
			"streams":	[{
					"socket":	211,
					"start":	0,
					"end":	1.000138,
					"seconds":	1.0001380443572998,
					"bytes":	2912992,
					"bits_per_second":	23300719.467156533,
					"omitted":	false,
					"sender":	false
				}],
			"sum":	{
				"start":	0,
				"end":	1.000138,
				"seconds":	1.0001380443572998,
				"bytes":	2912992,
				"bits_per_second":	23300719.467156533,
				"omitted":	false,
				"sender":	false
			}
		}, {
			"streams":	[{
					"socket":	211,
					"start":	1.000138,
					"end":	2.000137,
					"seconds":	0.99999898672103882,
					"bytes":	9278368,
					"bits_per_second":	74227019.212676913,
					"omitted":	false,
					"sender":	false
				}],
			"sum":	{
				"start":	1.000138,
				"end":	2.000137,
				"seconds":	0.99999898672103882,
				"bytes":	9278368,
				"bits_per_second":	74227019.212676913,
				"omitted":	false,
				"sender":	false
			}
		}, {
			"streams":	[{
					"socket":	211,
					"start":	2.000137,
					"end":	3.000216,
					"seconds":	1.0000790357589722,
					"bytes":	29347328,
					"bits_per_second":	234760069.559726,
					"omitted":	false,
					"sender":	false
				}],
			"sum":	{
				"start":	2.000137,
				"end":	3.000216,
				"seconds":	1.0000790357589722,
				"bytes":	29347328,
				"bits_per_second":	234760069.559726,
				"omitted":	false,
				"sender":	false
			}
		}, {
			"streams":	[{
					"socket":	211,
					"start":	3.000216,
					"end":	4.000132,
					"seconds":	0.99991601705551147,
					"bytes":	65092896,
					"bits_per_second":	520786905.21775126,
					"omitted":	false,
					"sender":	false
				}],
			"sum":	{
				"start":	3.000216,
				"end":	4.000132,
				"seconds":	0.99991601705551147,
				"bytes":	65092896,
				"bits_per_second":	520786905.21775126,
				"omitted":	false,
				"sender":	false
			}
		}, {
			"streams":	[{
					"socket":	211,
					"start":	4.000132,
					"end":	5.000188,
					"seconds":	1.0000560283660889,
					"bytes":	66032512,
					"bits_per_second":	528230500.10816061,
					"omitted":	false,
					"sender":	false
				}],
			"sum":	{
				"start":	4.000132,
				"end":	5.000188,
				"seconds":	1.0000560283660889,
				"bytes":	66032512,
				"bits_per_second":	528230500.10816061,
				"omitted":	false,
				"sender":	false
			}
		}, {
			"streams":	[{
					"socket":	211,
					"start":	5.000188,
					"end":	6.00013,
					"seconds":	0.99994200468063354,
					"bytes":	62800352,
					"bits_per_second":	502431954.70167285,
					"omitted":	false,
					"sender":	false
				}],
			"sum":	{
				"start":	5.000188,
				"end":	6.00013,
				"seconds":	0.99994200468063354,
				"bytes":	62800352,
				"bits_per_second":	502431954.70167285,
				"omitted":	false,
				"sender":	false
			}
		}, {
			"streams":	[{
					"socket":	211,
					"start":	6.00013,
					"end":	7.000494,
					"seconds":	1.0003639459609985,
					"bytes":	65354208,
					"bits_per_second":	522643450.02732021,
					"omitted":	false,
					"sender":	false
				}],
			"sum":	{
				"start":	6.00013,
				"end":	7.000494,
				"seconds":	1.0003639459609985,
				"bytes":	65354208,
				"bits_per_second":	522643450.02732021,
				"omitted":	false,
				"sender":	false
			}
		}, {
			"streams":	[{
					"socket":	211,
					"start":	7.000494,
					"end":	8.000139,
					"seconds":	0.99964499473571777,
					"bytes":	65991584,
					"bits_per_second":	528120157.43606335,
					"omitted":	false,
					"sender":	false
				}],
			"sum":	{
				"start":	7.000494,
				"end":	8.000139,
				"seconds":	0.99964499473571777,
				"bytes":	65991584,
				"bits_per_second":	528120157.43606335,
				"omitted":	false,
				"sender":	false
			}
		}, {
			"streams":	[{
					"socket":	211,
					"start":	8.000139,
					"end":	9.000401,
					"seconds":	1.0002620220184326,
					"bytes":	66501344,
					"bits_per_second":	531871389.98484963,
					"omitted":	false,
					"sender":	false
				}],
			"sum":	{
				"start":	8.000139,
				"end":	9.000401,
				"seconds":	1.0002620220184326,
				"bytes":	66501344,
				"bits_per_second":	531871389.98484963,
				"omitted":	false,
				"sender":	false
			}
		}, {
			"streams":	[{
					"socket":	211,
					"start":	9.000401,
					"end":	10.000143,
					"seconds":	0.99974197149276733,
					"bytes":	64488064,
					"bits_per_second":	516037664.42822826,
					"omitted":	false,
					"sender":	false
				}],
			"sum":	{
				"start":	9.000401,
				"end":	10.000143,
				"seconds":	0.99974197149276733,
				"bytes":	64488064,
				"bits_per_second":	516037664.42822826,
				"omitted":	false,
				"sender":	false
			}
		}, {
			"streams":	[{
					"socket":	211,
					"start":	10.000143,
					"end":	11.000037,
					"seconds":	0.99989402294158936,
					"bytes":	61819552,
					"bits_per_second":	494608833.18920529,
					"omitted":	false,
					"sender":	false
				}],
			"sum":	{
				"start":	10.000143,
				"end":	11.000037,
				"seconds":	0.99989402294158936,
				"bytes":	61819552,
				"bits_per_second":	494608833.18920529,
				"omitted":	false,
				"sender":	false
			}
		}, {
			"streams":	[{
					"socket":	211,
					"start":	11.000037,
					"end":	12.000221,
					"seconds":	1.0001840591430664,
					"bytes":	67733888,
					"bits_per_second":	541771386.02295077,
					"omitted":	false,
					"sender":	false
				}],
			"sum":	{
				"start":	11.000037,
				"end":	12.000221,
				"seconds":	1.0001840591430664,
				"bytes":	67733888,
				"bits_per_second":	541771386.02295077,
				"omitted":	false,
				"sender":	false
			}
		}, {
			"streams":	[{
					"socket":	211,
					"start":	12.000221,
					"end":	13.000173,
					"seconds":	0.99995201826095581,
					"bytes":	66045920,
					"bits_per_second":	528392713.20127767,
					"omitted":	false,
					"sender":	false
				}],
			"sum":	{
				"start":	12.000221,
				"end":	13.000173,
				"seconds":	0.99995201826095581,
				"bytes":	66045920,
				"bits_per_second":	528392713.20127767,
				"omitted":	false,
				"sender":	false
			}
		}, {
			"streams":	[{
					"socket":	211,
					"start":	13.000173,
					"end":	14.000146,
					"seconds":	0.99997299909591675,
					"bytes":	65419744,
					"bits_per_second":	523372083.51942694,
					"omitted":	false,
					"sender":	false
				}],
			"sum":	{
				"start":	13.000173,
				"end":	14.000146,
				"seconds":	0.99997299909591675,
				"bytes":	65419744,
				"bits_per_second":	523372083.51942694,
				"omitted":	false,
				"sender":	false
			}
		}, {
			"streams":	[{
					"socket":	211,
					"start":	14.000146,
					"end":	15.000151,
					"seconds":	1.0000050067901611,
					"bytes":	66977472,
					"bits_per_second":	535817093.27624923,
					"omitted":	false,
					"sender":	false
				}],
			"sum":	{
				"start":	14.000146,
				"end":	15.000151,
				"seconds":	1.0000050067901611,
				"bytes":	66977472,
				"bits_per_second":	535817093.27624923,
				"omitted":	false,
				"sender":	false
			}
		}, {
			"streams":	[{
					"socket":	211,
					"start":	15.000151,
					"end":	16.000139,
					"seconds":	0.99998801946640015,
					"bytes":	65310976,
					"bits_per_second":	522494067.75773448,
					"omitted":	false,
					"sender":	false
				}],
			"sum":	{
				"start":	15.000151,
				"end":	16.000139,
				"seconds":	0.99998801946640015,
				"bytes":	65310976,