{"start": {"connected": [{"socket": 640, "local_host": "100.124.85.183", "local_port": 43023, "remote_host": "52.191.143.197", "remote_port": 5201}], "version": "iperf 3.7", "system_info": "Linux localhost 4.19.110-g9ceb3bf92e0a-ab6790968 #2 SMP PREEMPT Wed Aug 26 04:14:37 UTC 2020 aarch64", "timestamp": {"time": "Mon, 18 Jan 2021 21:31:00 ", "timesecs": 1608348660.0}, "connecting_to": {"host": "52.191.143.197", "port": 5201}, "cookie": "wi4txevpug276p6nx5ce6ozoob5427hldrey", "sock_bufsize": 0, "sndbuf_actual": 212992, "rcvbuf_actual": 212992, "test_start": {"protocol": "UDP", "num_streams": 1, "blksize": 1376, "omit": 0, "duration": 30, "bytes": 0, "blocks": 0, "reverse": 1, "tos": 0}}, "intervals": [{"streams": [{"socket": 640, "start": 0, "end": 1.000016, "seconds": 1.0000159740447998, "bytes": 217226368, "bits_per_second": 1737783184.5735574, "jitter_ms": 0.0013875105199346184, "lost_packets": 27156, "packets": 185024, "lost_percent": 14.677014873746108, "omitted": false, "sender": false}], "sum": {"start": 0, "end": 1.000016, "seconds": 1.0000159740447998, "bytes": 217226368, "bits_per_second": 1737783184.5735574, "jitter_ms": 0.0013875105199346184, "lost_packets": 27156, "packets": 185024, "lost_percent": 14.677014873746108, "omitted": false, "sender": false}}, {"streams": [{"socket": 640, "start": 1.000016, "end": 2.000083, "seconds": 1.0000669956207275, "bytes": 223346816, "bits_per_second": 1786654829.9506416, "jitter_ms": 0.05273741520319778, "lost_packets": 21455, "packets": 183771, "lost_percent": 11.674856206909686, "omitted": false, "sender": false}], "sum": {"start": 1.000016, "end": 2.000083, "seconds": 1.0000669956207275, "bytes": 223346816, "bits_per_second": 1786654829.9506416, "jitter_ms": 0.05273741520319778, "lost_packets": 21455, "packets": 183771, "lost_percent": 11.674856206909686, "omitted": false, "sender": false}}, {"streams": [{"socket": 640, "start": 2.000083, "end": 3.000018, "seconds": 0.99993497133255, "bytes": 209599200, "bits_per_second": 1676902646.7445612, "jitter_ms": 0.004935295103179781, "lost_packets": 17138, "packets": 169463, "lost_percent": 10.11312203843907, "omitted": false, "sender": false}], "sum": {"start": 2.000083, "end": 3.000018, "seconds": 0.99993497133255, "bytes": 209599200, "bits_per_second": 1676902646.7445612, "jitter_ms": 0.004935295103179781, "lost_packets": 17138, "packets": 169463, "lost_percent": 10.11312203843907, "omitted": false, "sender": false}}, {"streams": [{"socket": 640, "start": 3.000018, "end": 4.00008, "seconds": 1.0000619888305664, "bytes": 221502976, "bits_per_second": 1771913969.1251895, "jitter_ms": 0.0014544779979214293, "lost_packets": 17379, "packets": 178355, "lost_percent": 9.744049788343473, "omitted": false, "sender": false}], "sum": {"start": 3.000018, "end": 4.00008, "seconds": 1.0000619888305664, "bytes": 221502976, "bits_per_second": 1771913969.1251895, "jitter_ms": 0.0014544779979214293, "lost_packets": 17379, "packets": 178355, "lost_percent": 9.744049788343473, "omitted": false, "sender": false}}, {"streams": [{"socket": 640, "start": 4.00008, "end": 5.000019, "seconds": 0.9999390244483948, "bytes": 226047904, "bits_per_second": 1808493505.889096, "jitter_ms": 0.010689814277211192, "lost_packets": 18440, "packets": 182719, "lost_percent": 10.09199919001308, "omitted": false, "sender": false}], "sum": {"start": 4.00008, "end": 5.000019, "seconds": 0.9999390244483948, "bytes": 226047904, "bits_per_second": 1808493505.889096, "jitter_ms": 0.010689814277211192, "lost_packets": 18440, "packets": 182719, "lost_percent": 10.09199919001308, "omitted": false, "sender": false}}, {"streams": [{"socket": 640, "start": 5.000019, "end": 6.00008, "seconds": 1.00006103515625, "bytes": 210580288, "bits_per_second": 1684539487.8691485, "jitter_ms": 0.0026503800001876723, "lost_packets": 18008, "packets": 171046, "lost_percent": 10.528162014896578, "omitted": false, "sender": false}], "sum": {"start": 5.000019, "end": 6.00008, "seconds": 1.00006103515625, "bytes": 210580288, "bits_per_second": 1684539487.8691485, "jitter_ms": 0.0026503800001876723, "lost_packets": 18008, "packets": 171046, "lost_percent": 10.528162014896578, "omitted": false, "sender": false}}, {"streams": [{"socket": 640, "start": 6.00008, "end": 7.000087, "seconds": 1.0000070333480835, "bytes": 225724544, "bits_per_second": 1805783651.295017, "jitter_ms": 0.002828009643119884, "lost_packets": 22221, "packets": 186265, "lost_percent": 11.929777467586502, "omitted": false, "sender": false}], "sum": {"start": 6.00008, "end": 7.000087, "seconds": 1.0000070333480835, "bytes": 225724544, "bits_per_second": 1805783651.295017, "jitter_ms": 0.002828009643119884, "lost_packets": 22221, "packets": 186265, "lost_percent": 11.929777467586502, "omitted": false, "sender": false}}, {"streams": [{"socket": 640, "start": 7.000087, "end": 8.000082, "seconds": 0.9999949932098389, "bytes": 225903424, "bits_per_second": 1807236440.453629, "jitter_ms": 0.06204040058540834, "lost_packets": 21144, "packets": 185318, "lost_percent": 11.409577051338779, "omitted": false, "sender": false}], "sum": {"start": 7.000087, "end": 8.000082, "seconds": 0.9999949932098389, "bytes": 225903424, "bits_per_second": 1807236440.453629, "jitter_ms": 0.06204040058540834, "lost_packets": 21144, "packets": 185318, "lost_percent": 11.409577051338779, "omitted": false, "sender": false}}, {"streams": [{"socket": 640, "start": 8.000082, "end": 9.000081, "seconds": 0.9999989867210388, "bytes": 225135616, "bits_per_second": 1801086753.003314, "jitter_ms": 0.001818955833994516, "lost_packets": 22875, "packets": 186491, "lost_percent": 12.26600747489155, "omitted": false, "sender": false}], "sum": {"start": 8.000082, "end": 9.000081, "seconds": 0.9999989867210388, "bytes": 225135616, "bits_per_second": 1801086753.003314, "jitter_ms": 0.001818955833994516, "lost_packets": 22875, "packets": 186491, "lost_percent": 12.26600747489155, "omitted": false, "sender": false}}, {"streams": [{"socket": 640, "start": 9.000081, "end": 10.000017, "seconds": 0.9999359846115112, "bytes": 235066208, "bits_per_second": 1880650054.543853, "jitter_ms": 0.005266821577453736, "lost_packets": 15144, "packets": 185977, "lost_percent": 8.142942406856761, "omitted": false, "sender": false}], "sum": {"start": 9.000081, "end": 10.000017, "seconds": 0.9999359846115112, "bytes": 235066208, "bits_per_second": 1880650054.543853, "jitter_ms": 0.005266821577453736, "lost_packets": 15144, "packets": 185977, "lost_percent": 8.142942406856761, "omitted": false, "sender": false}}, {"streams": [{"socket": 640, "start": 10.000017, "end": 11.000017, "seconds": 1, "bytes": 206193600, "bits_per_second": 1649548800, "jitter_ms": 0.03736517728029354, "lost_packets": 19193, "packets": 169043, "lost_percent": 11.353915867560325, "omitted": false, "sender": false}], "sum": {"start": 10.000017, "end": 11.000017, "seconds": 1, "bytes": 206193600, "bits_per_second": 1649548800, "jitter_ms": 0.03736517728029354, "lost_packets": 19193, "packets": 169043, "lost_percent": 11.353915867560325, "omitted": false, "sender": false}}, {"streams": [{"socket": 640, "start": 11.000017, "end": 12.000075, "seconds": 1.0000580549240112, "bytes": 200228640, "bits_per_second": 1601736131.3306096, "jitter_ms": 0.003312460704615458, "lost_packets": 17539, "packets": 163054, "lost_percent": 10.756559176714463, "omitted": false, "sender": false}], "sum": {"start": 11.000017, "end": 12.000075, "seconds": 1.0000580549240112, "bytes": 200228640, "bits_per_second": 1601736131.3306096, "jitter_ms": 0.003312460704615458, "lost_packets": 17539, "packets": 163054, "lost_percent": 10.756559176714463, "omitted": false, "sender": false}}, {"streams": [{"socket": 640, "start": 12.000075, "end": 13.000019, "seconds": 0.9999439716339111, "bytes": 224162784, "bits_per_second": 1793402753.4260137, "jitter_ms": 0.0020953588948981164, "lost_packets": 15323, "packets": 178232, "lost_percent": 8.597221598815027, "omitted": false, "sender": false}],