{"start": {"connected": [{"socket": 203, "local_host": "100.127.255.213", "local_port": 47389, "remote_host": "20.96.192.197", "remote_port": 5201}], "version": "iperf 3.7", "system_info": "Linux localhost 4.19.110-g9ceb3bf92e0a-ab6790968 #2 SMP PREEMPT Wed Aug 26 04:14:37 UTC 2020 aarch64", "timestamp": {"time": "2021-01-25 04:01:06 ", "timesecs": 1611586866.0}, "connecting_to": {"host": "20.96.192.197", "port": 5201}, "cookie": "g6g2dboonwuewe6ak46v4ilft75k4srg22by", "sock_bufsize": 0, "sndbuf_actual": 212992, "rcvbuf_actual": 212992, "test_start": {"protocol": "UDP", "num_streams": 1, "blksize": 1376, "omit": 0, "duration": 30, "bytes": 0, "blocks": 0, "reverse": 1, "tos": 0}}, "intervals": [{"streams": [{"socket": 203, "start": 0, "end": 1.000017, "seconds": 1.0000170469284058, "bytes": 43554528, "bits_per_second": 348430284.3338886, "jitter_ms": 0.012124557829636918, "lost_packets": 158626, "packets": 190279, "lost_percent": 83.36495356818146, "omitted": false, "sender": false}], "sum": {"start": 0, "end": 1.000017, "seconds": 1.0000170469284058, "bytes": 43554528, "bits_per_second": 348430284.3338886, "jitter_ms": 0.012124557829636918, "lost_packets": 158626, "packets": 190279, "lost_percent": 83.36495356818146, "omitted": false, "sender": false}}, {"streams": [{"socket": 203, "start": 1.000017, "end": 2.001001, "seconds": 1.0009839534759521, "bytes": 48374656, "bits_per_second": 386616835.02131915, "jitter_ms": 0.11407633330667377, "lost_packets": 195659, "packets": 230815, "lost_percent": 84.76875419708425, "omitted": false, "sender": false}], "sum": {"start": 1.000017, "end": 2.001001, "seconds": 1.0009839534759521, "bytes": 48374656, "bits_per_second": 386616835.02131915, "jitter_ms": 0.11407633330667377, "lost_packets": 195659, "packets": 230815, "lost_percent": 84.76875419708425, "omitted": false, "sender": false}}, {"streams": [{"socket": 203, "start": 2.001001, "end": 3.000022, "seconds": 0.9990209937095642, "bytes": 45237376, "bits_per_second": 362253656.6085531, "jitter_ms": 0.2697163438569389, "lost_packets": 157058, "packets": 189934, "lost_percent": 82.69082944601809, "omitted": false, "sender": false}], "sum": {"start": 2.001001, "end": 3.000022, "seconds": 0.9990209937095642, "bytes": 45237376, "bits_per_second": 362253656.6085531, "jitter_ms": 0.2697163438569389, "lost_packets": 157058, "packets": 189934, "lost_percent": 82.69082944601809, "omitted": false, "sender": false}}, {"streams": [{"socket": 203, "start": 3.000022, "end": 4.000101, "seconds": 1.0000790357589722, "bytes": 52314144, "bits_per_second": 418480077.10949093, "jitter_ms": 0.3728391421760105, "lost_packets": 215859, "packets": 253878, "lost_percent": 85.02469690166143, "omitted": false, "sender": false}], "sum": {"start": 3.000022, "end": 4.000101, "seconds": 1.0000790357589722, "bytes": 52314144, "bits_per_second": 418480077.10949093, "jitter_ms": 0.3728391421760105, "lost_packets": 215859, "packets": 253878, "lost_percent": 85.02469690166143, "omitted": false, "sender": false}}, {"streams": [{"socket": 203, "start": 4.000101, "end": 5.000308, "seconds": 1.0002069473266602, "bytes": 51522944, "bits_per_second": 412098269.36483365, "jitter_ms": 0.2460678105432723, "lost_packets": 188766, "packets": 226210, "lost_percent": 83.44723929092436, "omitted": false, "sender": false}], "sum": {"start": 4.000101, "end": 5.000308, "seconds": 1.0002069473266602, "bytes": 51522944, "bits_per_second": 412098269.36483365, "jitter_ms": 0.2460678105432723, "lost_packets": 188766, "packets": 226210, "lost_percent": 83.44723929092436, "omitted": false, "sender": false}}, {"streams": [{"socket": 203, "start": 5.000308, "end": 6.000061, "seconds": 0.9997529983520508, "bytes": 66116800, "bits_per_second": 529065079.9466192, "jitter_ms": 0.04524907862134392, "lost_packets": 201533, "packets": 249583, "lost_percent": 80.74788747631048, "omitted": false, "sender": false}], "sum": {"start": 5.000308, "end": 6.000061, "seconds": 0.9997529983520508, "bytes": 66116800, "bits_per_second": 529065079.9466192, "jitter_ms": 0.04524907862134392, "lost_packets": 201533, "packets": 249583, "lost_percent": 80.74788747631048, "omitted": false, "sender": false}}, {"streams": [{"socket": 203, "start": 6.000061, "end": 7.00019, "seconds": 1.000128984451294, "bytes": 65428800, "bits_per_second": 523362894.32424796, "jitter_ms": 0.03404500043880264, "lost_packets": 179639, "packets": 227189, "lost_percent": 79.07028949464983, "omitted": false, "sender": false}], "sum": {"start": 6.000061, "end": 7.00019, "seconds": 1.000128984451294, "bytes": 65428800, "bits_per_second": 523362894.32424796, "jitter_ms": 0.03404500043880264, "lost_packets": 179639, "packets": 227189, "lost_percent": 79.07028949464983, "omitted": false, "sender": false}}, {"streams": [{"socket": 203, "start": 7.00019, "end": 8.00002, "seconds": 0.9998300075531006, "bytes": 63824384, "bits_per_second": 510681884.0630591, "jitter_ms": 0.0007897094009835626, "lost_packets": 188462, "packets": 234846, "lost_percent": 80.24918457201741, "omitted": false, "sender": false}], "sum": {"start": 7.00019, "end": 8.00002, "seconds": 0.9998300075531006, "bytes": 63824384, "bits_per_second": 510681884.0630591, "jitter_ms": 0.0007897094009835626, "lost_packets": 188462, "packets": 234846, "lost_percent": 80.24918457201741, "omitted": false, "sender": false}}, {"streams": [{"socket": 203, "start": 8.00002, "end": 9.000472, "seconds": 1.0004520416259766, "bytes": 63386816, "bits_per_second": 506865403.73874265, "jitter_ms": 0.08561143467750494, "lost_packets": 173738, "packets": 219804, "lost_percent": 79.04223762988845, "omitted": false, "sender": false}], "sum": {"start": 8.00002, "end": 9.000472, "seconds": 1.0004520416259766, "bytes": 63386816, "bits_per_second": 506865403.73874265, "jitter_ms": 0.08561143467750494, "lost_packets": 173738, "packets": 219804, "lost_percent": 79.04223762988845, "omitted": false, "sender": false}}, {"streams": [{"socket": 203, "start": 9.000472, "end": 10.000099, "seconds": 0.9996269941329956, "bytes": 68524800, "bits_per_second": 548402957.5206378, "jitter_ms": 0.026830135036989902, "lost_packets": 178937, "packets": 228737, "lost_percent": 78.22827089626952, "omitted": false, "sender": false}], "sum": {"start": 9.000472, "end": 10.000099, "seconds": 0.9996269941329956, "bytes": 68524800, "bits_per_second": 548402957.5206378, "jitter_ms": 0.026830135036989902, "lost_packets": 178937, "packets": 228737, "lost_percent": 78.22827089626952, "omitted": false, "sender": false}}, {"streams": [{"socket": 203, "start": 10.000099, "end": 11.000022, "seconds": 0.9999229907989502, "bytes": 63778976, "bits_per_second": 510271103.5700047, "jitter_ms": 0.017766862430231716, "lost_packets": 184710, "packets": 231061, "lost_percent": 79.93992928274352, "omitted": false, "sender": false}], "sum": {"start": 10.000099, "end": 11.000022, "seconds": 0.9999229907989502, "bytes": 63778976, "bits_per_second": 510271103.5700047, "jitter_ms": 0.017766862430231716, "lost_packets": 184710, "packets": 231061, "lost_percent": 79.93992928274352, "omitted": false, "sender": false}}, {"streams": [{"socket": 203, "start": 11.000022, "end": 12.001693, "seconds": 1.0016709566116333, "bytes": 64877024, "bits_per_second": 518150385.1880497, "jitter_ms": 0.051754754693824144, "lost_packets": 175483, "packets": 222632, "lost_percent": 78.82200222789177, "omitted": false, "sender": false}], "sum": {"start": 11.000022, "end": 12.001693, "seconds": 1.0016709566116333, "bytes": 64877024, "bits_per_second": 518150385.1880497, "jitter_ms": 0.051754754693824144, "lost_packets": 175483, "packets": 222632, "lost_percent": 78.82200222789177, "omitted": false, "sender": false}}, {"streams": [{"socket": 203, "start": 12.001693, "end": 13.000467, "seconds": 0.998773992061615, "bytes": 62745600, "bits_per_second": 502580968.256764, "jitter_ms": 0.06392477589271936, "lost_packets": 178701, "packets": 224301, "lost_percent": 79.67017534473766, "omitted": false,