{
	"start":	{
		"connected":	[{
				"socket":	304,
				"local_host":	"100.124.85.183",
				"local_port":	40502,
				"remote_host":	"13.78.225.186",
				"remote_port":	5201
			}],
		"version":	"iperf 3.7",
		"system_info":	"Linux localhost 4.19.110-g9ceb3bf92e0a-ab6790968 #2 SMP PREEMPT Wed Aug 26 04:14:37 UTC 2020 aarch64",
		"timestamp":	{
			"time":	"Mon, 17 May 2021 23:27:16 GMT",
			"timesecs":	1621294036
		},
		"connecting_to":	{
			"host":	"13.78.225.186",
			"port":	5201
		},
		"cookie":	"xpbq7vub3dgejpgxtttivedcd2pfdkhbdjyc",
		"tcp_mss_default":	1376,
		"target_bitrate":	3000000000,
		"sock_bufsize":	0,
		"sndbuf_actual":	2097152,
		"rcvbuf_actual":	6291456,
		"test_start":	{
			"protocol":	"TCP",
			"num_streams":	1,
			"blksize":	131072,
			"omit":	0,
			"duration":	30,
			"bytes":	0,
			"blocks":	0,
			"reverse":	1,
			"tos":	0
		}
	},
	"intervals":	[{
			"streams":	[{
					"socket":	304,
					"start":	0,
					"end":	1.000406,
					"seconds":	1.00040602684021,
					"bytes":	800832,
					"bits_per_second":	6404055.7814665232,
					"omitted":	false,
					"sender":	false
				}],
			"sum":	{
				"start":	0,
				"end":	1.000406,
				"seconds":	1.00040602684021,
				"bytes":	800832,
				"bits_per_second":	6404055.7814665232,
				"omitted":	false,
				"sender":	false
			}
		}, {
			"streams":	[{
					"socket":	304,
					"start":	1.000406,
					"end":	2.000383,
					"seconds":	0.9999769926071167,
					"bytes":	1459936,
					"bits_per_second":	11679756.720751656,
					"omitted":	false,
					"sender":	false
				}],
			"sum":	{
				"start":	1.000406,
				"end":	2.000383,
				"seconds":	0.9999769926071167,
				"bytes":	1459936,
				"bits_per_second":	11679756.720751656,
				"omitted":	false,
				"sender":	false
			}
		}, {
			"streams":	[{
					"socket":	304,
					"start":	2.000383,
					"end":	3.000124,
					"seconds":	0.99974101781845093,
					"bytes":	2885472,
					"bits_per_second":	23089755.835337672,
					"omitted":	false,
					"sender":	false
				}],
			"sum":	{
				"start":	2.000383,
				"end":	3.000124,
				"seconds":	0.99974101781845093,
				"bytes":	2885472,
				"bits_per_second":	23089755.835337672,
				"omitted":	false,
				"sender":	false
			}
		}, {
			"streams":	[{
					"socket":	304,
					"start":	3.000124,
					"end":	4.000332,
					"seconds":	1.0002080202102661,
					"bytes":	4904064,
					"bits_per_second":	39224352.541936673,
					"omitted":	false,
					"sender":	false
				}],
			"sum":	{
				"start":	3.000124,
				"end":	4.000332,
				"seconds":	1.0002080202102661,
				"bytes":	4904064,
				"bits_per_second":	39224352.541936673,
				"omitted":	false,
				"sender":	false
			}
		}, {
			"streams":	[{
					"socket":	304,
					"start":	4.000332,
					"end":	5.000861,
					"seconds":	1.0005290508270264,
					"bytes":	9801248,
					"bits_per_second":	78368523.068058014,
					"omitted":	false,
					"sender":	false
				}],
			"sum":	{
				"start":	4.000332,
				"end":	5.000861,
				"seconds":	1.0005290508270264,
				"bytes":	9801248,
				"bits_per_second":	78368523.068058014,
				"omitted":	false,
				"sender":	false
			}
		}, {
			"streams":	[{
					"socket":	304,
					"start":	5.000861,
					"end":	6.00012,
					"seconds":	0.99925899505615234,
					"bytes":	22503104,
					"bits_per_second":	180158330.21336344,
					"omitted":	false,
					"sender":	false
				}],
			"sum":	{
				"start":	5.000861,
				"end":	6.00012,
				"seconds":	0.99925899505615234,
				"bytes":	22503104,
				"bits_per_second":	180158330.21336344,
				"omitted":	false,
				"sender":	false
			}
		}, {
			"streams":	[{
					"socket":	304,
					"start":	6.00012,
					"end":	7.000133,
					"seconds":	1.000012993812561,
					"bytes":	38119520,
					"bits_per_second":	304952197.50830549,
					"omitted":	false,
					"sender":	false
				}],
			"sum":	{
				"start":	6.00012,
				"end":	7.000133,
				"seconds":	1.000012993812561,
				"bytes":	38119520,
				"bits_per_second":	304952197.50830549,
				"omitted":	false,
				"sender":	false
			}
		}, {
			"streams":	[{
					"socket":	304,
					"start":	7.000133,
					"end":	8.000115,
					"seconds":	0.99998199939727783,
					"bytes":	29999552,
					"bits_per_second":	240000736.1579046,
					"omitted":	false,
					"sender":	false
				}],
			"sum":	{
				"start":	7.000133,
				"end":	8.000115,
				"seconds":	0.99998199939727783,
				"bytes":	29999552,
				"bits_per_second":	240000736.1579046,
				"omitted":	false,
				"sender":	false
			}
		}, {
			"streams":	[{
					"socket":	304,
					"start":	8.000115,
					"end":	9.000132,
					"seconds":	1.0000170469284058,
					"bytes":	30464640,
					"bits_per_second":	243712965.44252655,
					"omitted":	false,
					"sender":	false
				}],
			"sum":	{
				"start":	8.000115,
				"end":	9.000132,
				"seconds":	1.0000170469284058,
				"bytes":	30464640,
				"bits_per_second":	243712965.44252655,
				"omitted":	false,
				"sender":	false
			}
		}, {
			"streams":	[{
					"socket":	304,
					"start":	9.000132,
					"end":	10.000135,
					"seconds":	1.0000029802322388,
					"bytes":	27345248,
					"bits_per_second":	218761332.04042566,
					"omitted":	false,
					"sender":	false
				}],
			"sum":	{
				"start":	9.000132,
				"end":	10.000135,
				"seconds":	1.0000029802322388,
				"bytes":	27345248,
				"bits_per_second":	218761332.04042566,
				"omitted":	false,
				"sender":	false
			}
		}, {
			"streams":	[{
					"socket":	304,
					"start":	10.000135,
					"end":	11.000131,
					"seconds":	0.9999960064888,
					"bytes":	17051392,
					"bits_per_second":	136411680.76157492,
					"omitted":	false,
					"sender":	false
				}],
			"sum":	{
				"start":	10.000135,
				"end":	11.000131,
				"seconds":	0.9999960064888,
				"bytes":	17051392,
				"bits_per_second":	136411680.76157492,
				"omitted":	false,
				"sender":	false
			}
		}, {
			"streams":	[{
					"socket":	304,
					"start":	11.000131,
					"end":	12.000115,
					"seconds":	0.9999840259552002,
					"bytes":	13684320,
					"bits_per_second":	109476308.77946097,
					"omitted":	false,
					"sender":	false
				}],
			"sum":	{
				"start":	11.000131,
				"end":	12.000115,
				"seconds":	0.9999840259552002,
				"bytes":	13684320,
				"bits_per_second":	109476308.77946097,
				"omitted":	false,
				"sender":	false
			}
		}, {
			"streams":	[{
					"socket":	304,
					"start":	12.000115,
					"end":	13.000127,
					"seconds":	1.0000120401382446,
					"bytes":	11035520,
					"bits_per_second":	88283097.059306741,
					"omitted":	false,
					"sender":	false
				}],
			"sum":	{
				"start":	12.000115,
				"end":	13.000127,
				"seconds":	1.0000120401382446,
				"bytes":	11035520,
				"bits_per_second":	88283097.059306741,
				"omitted":	false,
				"sender":	false
			}
		}, {
			"streams":	[{
					"socket":	304,
					"start":	13.000127,
					"end":	14.003153,
					"seconds":	1.003026008605957,
					"bytes":	10552896,
					"bits_per_second":	84168473.47491464,
					"omitted":	false,
					"sender":	false
				}],
			"sum":	{
				"start":	13.000127,
				"end":	14.003153,
				"seconds":	1.003026008605957,
				"bytes":	10552896,
				"bits_per_second":	84168473.47491464,
				"omitted":	false,
				"sender":	false
			}
		}, {
			"streams":	[{
					"socket":	304,
					"start":	14.003153,
					"end":	15.000133,
					"seconds":	0.99698001146316528,
					"bytes":	11105344,
					"bits_per_second":	89111868.822339386,
					"omitted":	false,
					"sender":	false
				}],
			"sum":	{
				"start":	14.003153,
				"end":	15.000133,
				"seconds":	0.99698001146316528,
				"bytes":	11105344,
				"bits_per_second":	89111868.822339386,
				"omitted":	false,
				"sender":	false
			}
		}, {
			"streams":	[{
					"socket":	304,
					"start":	15.000133,
					"end":	16.000125,
					"seconds":	0.9999920129776001,
					"bytes":	10039296,
					"bits_per_second":	80315009.477779746,
					"omitted":	false,
					"sender":	false
				}],
			"sum":	{
				"start":	15.000133,
				"end":	16.000125,
				"seconds":	0.9999920129776001,
				"bytes":	10039296,