{
	"start":	{
		"connected":	[{
				"socket":	281,
				"local_host":	"100.124.85.183",
				"local_port":	41304,
				"remote_host":	"13.78.225.186",
				"remote_port":	5201
			}],
		"version":	"iperf 3.7",
		"system_info":	"Linux localhost 4.19.110-g9ceb3bf92e0a-ab6790968 #2 SMP PREEMPT Wed Aug 26 04:14:37 UTC 2020 aarch64",
		"timestamp":	{
			"time":	"Tue, 18 May 2021 00:05:34 GMT",
			"timesecs":	1621296334
		},
		"connecting_to":	{
			"host":	"13.78.225.186",
			"port":	5201
		},
		"cookie":	"553gadoonfonblwozfsdhdn7ixvzcfvt3bju",
		"tcp_mss_default":	1376,
		"target_bitrate":	3000000000,
		"sock_bufsize":	0,
		"sndbuf_actual":	2097152,
		"rcvbuf_actual":	6291456,
		"test_start":	{
			"protocol":	"TCP",
			"num_streams":	1,
			"blksize":	131072,
			"omit":	0,
			"duration":	30,
			"bytes":	0,
			"blocks":	0,
			"reverse":	1,
			"tos":	0
		}
	},
	"intervals":	[{
			"streams":	[{
					"socket":	281,
					"start":	0,
					"end":	1.000085,
					"seconds":	1.0000849962234497,
					"bytes":	38584416,
					"bits_per_second":	308649093.99263942,
					"omitted":	false,
					"sender":	false
				}],
			"sum":	{
				"start":	0,
				"end":	1.000085,
				"seconds":	1.0000849962234497,
				"bytes":	38584416,
				"bits_per_second":	308649093.99263942,
				"omitted":	false,
				"sender":	false
			}
		}, {
			"streams":	[{
					"socket":	281,
					"start":	1.000085,
					"end":	2.001565,
					"seconds":	1.0014799833297729,
					"bytes":	130864832,
					"bits_per_second":	1045371523.5716945,
					"omitted":	false,
					"sender":	false
				}],
			"sum":	{
				"start":	1.000085,
				"end":	2.001565,
				"seconds":	1.0014799833297729,
				"bytes":	130864832,
				"bits_per_second":	1045371523.5716945,
				"omitted":	false,
				"sender":	false
			}
		}, {
			"streams":	[{
					"socket":	281,
					"start":	2.001565,
					"end":	3.005742,
					"seconds":	1.0041769742965698,
					"bytes":	159072480,
					"bits_per_second":	1267286417.2089262,
					"omitted":	false,
					"sender":	false
				}],
			"sum":	{
				"start":	2.001565,
				"end":	3.005742,
				"seconds":	1.0041769742965698,
				"bytes":	159072480,
				"bits_per_second":	1267286417.2089262,
				"omitted":	false,
				"sender":	false
			}
		}, {
			"streams":	[{
					"socket":	281,
					"start":	3.005742,
					"end":	4.000223,
					"seconds":	0.99448102712631226,
					"bytes":	156923168,
					"bits_per_second":	1262352231.7239234,
					"omitted":	false,
					"sender":	false
				}],
			"sum":	{
				"start":	3.005742,
				"end":	4.000223,
				"seconds":	0.99448102712631226,
				"bytes":	156923168,
				"bits_per_second":	1262352231.7239234,
				"omitted":	false,
				"sender":	false
			}
		}, {
			"streams":	[{
					"socket":	281,
					"start":	4.000223,
					"end":	5.00035,
					"seconds":	1.0001269578933716,
					"bytes":	162403424,
					"bits_per_second":	1299062465.7659883,
					"omitted":	false,
					"sender":	false
				}],
			"sum":	{
				"start":	4.000223,
				"end":	5.00035,
				"seconds":	1.0001269578933716,
				"bytes":	162403424,
				"bits_per_second":	1299062465.7659883,
				"omitted":	false,
				"sender":	false
			}
		}, {
			"streams":	[{
					"socket":	281,
					"start":	5.00035,
					"end":	6.000098,
					"seconds":	0.99974799156188965,
					"bytes":	162231776,
					"bits_per_second":	1298181360.6570833,
					"omitted":	false,
					"sender":	false
				}],
			"sum":	{
				"start":	5.00035,
				"end":	6.000098,
				"seconds":	0.99974799156188965,
				"bytes":	162231776,
				"bits_per_second":	1298181360.6570833,
				"omitted":	false,
				"sender":	false
			}
		}, {
			"streams":	[{
					"socket":	281,
					"start":	6.000098,
					"end":	7.000139,
					"seconds":	1.0000410079956055,
					"bytes":	153902848,
					"bits_per_second":	1231172296.0918922,
					"omitted":	false,
					"sender":	false
				}],
			"sum":	{
				"start":	6.000098,
				"end":	7.000139,
				"seconds":	1.0000410079956055,
				"bytes":	153902848,
				"bits_per_second":	1231172296.0918922,
				"omitted":	false,
				"sender":	false
			}
		}, {
			"streams":	[{
					"socket":	281,
					"start":	7.000139,
					"end":	8.0001,
					"seconds":	0.99996101856231689,
					"bytes":	159627008,
					"bits_per_second":	1277065845.8626878,
					"omitted":	false,
					"sender":	false
				}],
			"sum":	{
				"start":	7.000139,
				"end":	8.0001,
				"seconds":	0.99996101856231689,
				"bytes":	159627008,
				"bits_per_second":	1277065845.8626878,
				"omitted":	false,
				"sender":	false
			}
		}, {
			"streams":	[{
					"socket":	281,
					"start":	8.0001,
					"end":	9.00047,
					"seconds":	1.0003700256347656,
					"bytes":	154901824,
					"bits_per_second":	1238756220.4432106,
					"omitted":	false,
					"sender":	false
				}],
			"sum":	{
				"start":	8.0001,
				"end":	9.00047,
				"seconds":	1.0003700256347656,
				"bytes":	154901824,
				"bits_per_second":	1238756220.4432106,
				"omitted":	false,
				"sender":	false
			}
		}, {
			"streams":	[{
					"socket":	281,
					"start":	9.00047,
					"end":	10.000103,
					"seconds":	0.99963301420211792,
					"bytes":	155781088,
					"bits_per_second":	1246706227.4796162,
					"omitted":	false,
					"sender":	false
				}],
			"sum":	{
				"start":	9.00047,
				"end":	10.000103,
				"seconds":	0.99963301420211792,
				"bytes":	155781088,
				"bits_per_second":	1246706227.4796162,
				"omitted":	false,
				"sender":	false
			}
		}, {
			"streams":	[{
					"socket":	281,
					"start":	10.000103,
					"end":	11.000091,
					"seconds":	0.99998801946640015,
					"bytes":	156690624,
					"bits_per_second":	1253540010.0782094,
					"omitted":	false,
					"sender":	false
				}],
			"sum":	{
				"start":	10.000103,
				"end":	11.000091,
				"seconds":	0.99998801946640015,
				"bytes":	156690624,
				"bits_per_second":	1253540010.0782094,
				"omitted":	false,
				"sender":	false
			}
		}, {
			"streams":	[{
					"socket":	281,
					"start":	11.000091,
					"end":	12.000107,
					"seconds":	1.0000159740447998,
					"bytes":	149005664,
					"bits_per_second":	1192026270.5189521,
					"omitted":	false,
					"sender":	false
				}],
			"sum":	{
				"start":	11.000091,
				"end":	12.000107,
				"seconds":	1.0000159740447998,
				"bytes":	149005664,
				"bits_per_second":	1192026270.5189521,
				"omitted":	false,
				"sender":	false
			}
		}, {
			"streams":	[{
					"socket":	281,
					"start":	12.000107,
					"end":	13.000173,
					"seconds":	1.0000660419464111,
					"bytes":	157666208,
					"bits_per_second":	1261246368.8348982,
					"omitted":	false,
					"sender":	false
				}],
			"sum":	{
				"start":	12.000107,
				"end":	13.000173,
				"seconds":	1.0000660419464111,
				"bytes":	157666208,
				"bits_per_second":	1261246368.8348982,
				"omitted":	false,
				"sender":	false
			}
		}, {
			"streams":	[{
					"socket":	281,
					"start":	13.000173,
					"end":	14.001112,
					"seconds":	1.0009390115737915,
					"bytes":	154013280,
					"bits_per_second":	1230950363.3620403,
					"omitted":	false,
					"sender":	false
				}],
			"sum":	{
				"start":	13.000173,
				"end":	14.001112,
				"seconds":	1.0009390115737915,
				"bytes":	154013280,
				"bits_per_second":	1230950363.3620403,
				"omitted":	false,
				"sender":	false
			}
		}, {
			"streams":	[{
					"socket":	281,
					"start":	14.001112,
					"end":	15.001229,
					"seconds":	1.0001169443130493,
					"bytes":	156467712,
					"bits_per_second":	1251595329.0440292,
					"omitted":	false,
					"sender":	false
				}],
			"sum":	{
				"start":	14.001112,
				"end":	15.001229,
				"seconds":	1.0001169443130493,
				"bytes":	156467712,
				"bits_per_second":	1251595329.0440292,
				"omitted":	false,
				"sender":	false
			}
		}, {
			"streams":	[{
					"socket":	281,
					"start":	15.001229,
					"end":	16.000121,
					"seconds":	0.99889200925827026,
					"bytes":	159160192,
					"bits_per_second":	1274693885.0231452,
					"omitted":	false,
					"sender":	false
				}],
			"sum":	{
				"start":	15.001229,
				"end":	16.000121,
				"seconds":	0.99889200925827026,