{"start": {"connected": [{"socket": 176, "local_host": "100.123.106.128", "local_port": 41684, "remote_host": "52.161.167.187", "remote_port": 5201}], "version": "iperf 3.7", "system_info": "Linux localhost 4.19.110-g9ceb3bf92e0a-ab6790968 #2 SMP PREEMPT Wed Aug 26 04:14:37 UTC 2020 aarch64", "timestamp": {"time": "2021-01-25 05:47:37 ", "timesecs": 1611593257.0}, "connecting_to": {"host": "52.161.167.187", "port": 5201}, "cookie": "2uvgwzywcovbjinloolui5agounyv5u5hhlg", "sock_bufsize": 0, "sndbuf_actual": 212992, "rcvbuf_actual": 212992, "test_start": {"protocol": "UDP", "num_streams": 1, "blksize": 1376, "omit": 0, "duration": 30, "bytes": 0, "blocks": 0, "reverse": 1, "tos": 0}}, "intervals": [{"streams": [{"socket": 176, "start": 0, "end": 1.000658, "seconds": 1.0006580352783203, "bytes": 34971040, "bits_per_second": 279584343.6386198, "jitter_ms": 0.30614284924509877, "lost_packets": 167130, "packets": 192545, "lost_percent": 86.8004881975642, "omitted": false, "sender": false}], "sum": {"start": 0, "end": 1.000658, "seconds": 1.0006580352783203, "bytes": 34971040, "bits_per_second": 279584343.6386198, "jitter_ms": 0.30614284924509877, "lost_packets": 167130, "packets": 192545, "lost_percent": 86.8004881975642, "omitted": false, "sender": false}}, {"streams": [{"socket": 176, "start": 1.000658, "end": 2.001173, "seconds": 1.0005149841308594, "bytes": 44798432, "bits_per_second": 358202987.1459934, "jitter_ms": 0.002108784705258917, "lost_packets": 174026, "packets": 206583, "lost_percent": 84.2402327393832, "omitted": false, "sender": false}], "sum": {"start": 1.000658, "end": 2.001173, "seconds": 1.0005149841308594, "bytes": 44798432, "bits_per_second": 358202987.1459934, "jitter_ms": 0.002108784705258917, "lost_packets": 174026, "packets": 206583, "lost_percent": 84.2402327393832, "omitted": false, "sender": false}}, {"streams": [{"socket": 176, "start": 2.001173, "end": 3.000306, "seconds": 0.9991329908370972, "bytes": 46228096, "bits_per_second": 370145687.70284736, "jitter_ms": 0.10807617165876977, "lost_packets": 171706, "packets": 205302, "lost_percent": 83.63581455611732, "omitted": false, "sender": false}], "sum": {"start": 2.001173, "end": 3.000306, "seconds": 0.9991329908370972, "bytes": 46228096, "bits_per_second": 370145687.70284736, "jitter_ms": 0.10807617165876977, "lost_packets": 171706, "packets": 205302, "lost_percent": 83.63581455611732, "omitted": false, "sender": false}}, {"streams": [{"socket": 176, "start": 3.000306, "end": 4.002366, "seconds": 1.002060055732727, "bytes": 43159616, "bits_per_second": 344567100.5691634, "jitter_ms": 0.2750767203260335, "lost_packets": 163301, "packets": 194667, "lost_percent": 83.88735635726651, "omitted": false, "sender": false}], "sum": {"start": 3.000306, "end": 4.002366, "seconds": 1.002060055732727, "bytes": 43159616, "bits_per_second": 344567100.5691634, "jitter_ms": 0.2750767203260335, "lost_packets": 163301, "packets": 194667, "lost_percent": 83.88735635726651, "omitted": false, "sender": false}}, {"streams": [{"socket": 176, "start": 4.002366, "end": 5.000416, "seconds": 0.9980499744415283, "bytes": 43349504, "bits_per_second": 347473614.42903113, "jitter_ms": 0.2783955092778166, "lost_packets": 173690, "packets": 205194, "lost_percent": 84.64672456309638, "omitted": false, "sender": false}], "sum": {"start": 4.002366, "end": 5.000416, "seconds": 0.9980499744415283, "bytes": 43349504, "bits_per_second": 347473614.42903113, "jitter_ms": 0.2783955092778166, "lost_packets": 173690, "packets": 205194, "lost_percent": 84.64672456309638, "omitted": false, "sender": false}}, {"streams": [{"socket": 176, "start": 5.000416, "end": 6.00367, "seconds": 1.0032540559768677, "bytes": 48019648, "bits_per_second": 382911169.619889, "jitter_ms": 0.5545824176326597, "lost_packets": 158901, "packets": 193799, "lost_percent": 81.99268314077987, "omitted": false, "sender": false}], "sum": {"start": 5.000416, "end": 6.00367, "seconds": 1.0032540559768677, "bytes": 48019648, "bits_per_second": 382911169.619889, "jitter_ms": 0.5545824176326597, "lost_packets": 158901, "packets": 193799, "lost_percent": 81.99268314077987, "omitted": false, "sender": false}}, {"streams": [{"socket": 176, "start": 6.00367, "end": 7.00544, "seconds": 1.00177001953125, "bytes": 44631936, "bits_per_second": 356424609.4798026, "jitter_ms": 0.3176975045509661, "lost_packets": 171584, "packets": 204020, "lost_percent": 84.10155867071856, "omitted": false, "sender": false}], "sum": {"start": 6.00367, "end": 7.00544, "seconds": 1.00177001953125, "bytes": 44631936, "bits_per_second": 356424609.4798026, "jitter_ms": 0.3176975045509661, "lost_packets": 171584, "packets": 204020, "lost_percent": 84.10155867071856, "omitted": false, "sender": false}}, {"streams": [{"socket": 176, "start": 7.00544, "end": 8.000959, "seconds": 0.9955189824104309, "bytes": 42408320, "bits_per_second": 340793662.39560837, "jitter_ms": 0.02646661991137493, "lost_packets": 173329, "packets": 204149, "lost_percent": 84.90318345914014, "omitted": false, "sender": false}], "sum": {"start": 7.00544, "end": 8.000959, "seconds": 0.9955189824104309, "bytes": 42408320, "bits_per_second": 340793662.39560837, "jitter_ms": 0.02646661991137493, "lost_packets": 173329, "packets": 204149, "lost_percent": 84.90318345914014, "omitted": false, "sender": false}}, {"streams": [{"socket": 176, "start": 8.000959, "end": 9.000014, "seconds": 0.999055027961731, "bytes": 41101120, "bits_per_second": 329119969.1680998, "jitter_ms": 0.0047104455391782495, "lost_packets": 170460, "packets": 200330, "lost_percent": 85.08960215644187, "omitted": false, "sender": false}], "sum": {"start": 8.000959, "end": 9.000014, "seconds": 0.999055027961731, "bytes": 41101120, "bits_per_second": 329119969.1680998, "jitter_ms": 0.0047104455391782495, "lost_packets": 170460, "packets": 200330, "lost_percent": 85.08960215644187, "omitted": false, "sender": false}}, {"streams": [{"socket": 176, "start": 9.000014, "end": 10.007033, "seconds": 1.00701904296875, "bytes": 42262464, "bits_per_second": 335743116.63785684, "jitter_ms": 0.51247691638335, "lost_packets": 170623, "packets": 201337, "lost_percent": 84.74497980997035, "omitted": false, "sender": false}], "sum": {"start": 9.000014, "end": 10.007033, "seconds": 1.00701904296875, "bytes": 42262464, "bits_per_second": 335743116.63785684, "jitter_ms": 0.51247691638335, "lost_packets": 170623, "packets": 201337, "lost_percent": 84.74497980997035, "omitted": false, "sender": false}}, {"streams": [{"socket": 176, "start": 10.007033, "end": 11.000406, "seconds": 0.9933729767799377, "bytes": 47254592, "bits_per_second": 380558707.39047354, "jitter_ms": 0.16152764205981324, "lost_packets": 157577, "packets": 191919, "lost_percent": 82.10599263230843, "omitted": false, "sender": false}], "sum": {"start": 10.007033, "end": 11.000406, "seconds": 0.9933729767799377, "bytes": 47254592, "bits_per_second": 380558707.39047354, "jitter_ms": 0.16152764205981324, "lost_packets": 157577, "packets": 191919, "lost_percent": 82.10599263230843, "omitted": false, "sender": false}}, {"streams": [{"socket": 176, "start": 11.000406, "end": 12.000207, "seconds": 0.999800980091095, "bytes": 42906432, "bits_per_second": 343319783.4720319, "jitter_ms": 0.09421493685013993, "lost_packets": 168267, "packets": 199449, "lost_percent": 84.36592813200367, "omitted": false, "sender": false}], "sum": {"start": 11.000406, "end": 12.000207, "seconds": 0.999800980091095, "bytes": 42906432, "bits_per_second": 343319783.4720319, "jitter_ms": 0.09421493685013993, "lost_packets": 168267, "packets": 199449, "lost_percent": 84.36592813200367, "omitted": false, "sender": false}}, {"streams": [{"socket": 176, "start": 12.000207, "end": 13.000624, "seconds": 1.0004169940948486, "bytes": 43718272, "bits_per_second": 349600394.6998534, "jitter_ms": 0.13037459883960784, "lost_packets": 170044, "packets": 201816, "lost_percent": 84.25694692194871, "omitted": false, "sender": false}],