{
	"start":	{
		"connected":	[{
				"socket":	208,
				"local_host":	"100.124.85.183",
				"local_port":	41618,
				"remote_host":	"65.52.196.57",
				"remote_port":	5201
			}],
		"version":	"iperf 3.7",
		"system_info":	"Linux localhost 4.19.110-g9ceb3bf92e0a-ab6790968 #2 SMP PREEMPT Wed Aug 26 04:14:37 UTC 2020 aarch64",
		"timestamp":	{
			"time":	"Tue, 18 May 2021 21:59:08 GMT",
			"timesecs":	1621375148
		},
		"connecting_to":	{
			"host":	"65.52.196.57",
			"port":	5201
		},
		"cookie":	"kl7qxvk5tk7du66xabn7artmyfwluow7ddq4",
		"sock_bufsize":	0,
		"sndbuf_actual":	212992,
		"rcvbuf_actual":	212992,
		"test_start":	{
			"protocol":	"UDP",
			"num_streams":	1,
			"blksize":	1376,
			"omit":	0,
			"duration":	10,
			"bytes":	0,
			"blocks":	0,
			"reverse":	1,
			"tos":	0
		}
	},
	"intervals":	[{
			"streams":	[{
					"socket":	208,
					"start":	0,
					"end":	1.000019,
					"seconds":	1.0000189542770386,
					"bytes":	175763360,
					"bits_per_second":	1406080228.7658055,
					"jitter_ms":	0.0030994774594419439,
					"lost_packets":	42756,
					"packets":	170491,
					"lost_percent":	25.078156618237912,
					"omitted":	false,
					"sender":	false
				}],
			"sum":	{
				"start":	0,
				"end":	1.000019,
				"seconds":	1.0000189542770386,
				"bytes":	175763360,
				"bits_per_second":	1406080228.7658055,
				"jitter_ms":	0.0030994774594419439,
				"lost_packets":	42756,
				"packets":	170491,
				"lost_percent":	25.078156618237912,
				"omitted":	false,
				"sender":	false
			}
		}, {
			"streams":	[{
					"socket":	208,
					"start":	1.000019,
					"end":	2.00002,
					"seconds":	1.0000009536743164,
					"bytes":	226535008,
					"bits_per_second":	1812278335.676697,
					"jitter_ms":	0.0043392264265253262,
					"lost_packets":	24011,
					"packets":	188644,
					"lost_percent":	12.728207629185132,
					"omitted":	false,
					"sender":	false
				}],
			"sum":	{
				"start":	1.000019,
				"end":	2.00002,
				"seconds":	1.0000009536743164,
				"bytes":	226535008,
				"bits_per_second":	1812278335.676697,
				"jitter_ms":	0.0043392264265253262,
				"lost_packets":	24011,
				"packets":	188644,
				"lost_percent":	12.728207629185132,
				"omitted":	false,
				"sender":	false
			}
		}, {
			"streams":	[{
					"socket":	208,
					"start":	2.00002,
					"end":	3.002408,
					"seconds":	1.0023880004882812,
					"bytes":	227794048,
					"bits_per_second":	1818010972.9089928,
					"jitter_ms":	0.19644749918618343,
					"lost_packets":	23391,
					"packets":	188939,
					"lost_percent":	12.380186197661679,
					"omitted":	false,
					"sender":	false
				}],
			"sum":	{
				"start":	2.00002,
				"end":	3.002408,
				"seconds":	1.0023880004882812,
				"bytes":	227794048,
				"bits_per_second":	1818010972.9089928,
				"jitter_ms":	0.19644749918618343,
				"lost_packets":	23391,
				"packets":	188939,
				"lost_percent":	12.380186197661679,
				"omitted":	false,
				"sender":	false
			}
		}, {
			"streams":	[{
					"socket":	208,
					"start":	3.002408,
					"end":	4.000093,
					"seconds":	0.9976850152015686,
					"bytes":	225981856,
					"bits_per_second":	1812049715.5454898,
					"jitter_ms":	0.0016402696064253843,
					"lost_packets":	24084,
					"packets":	188315,
					"lost_percent":	12.789209569073096,
					"omitted":	false,
					"sender":	false
				}],
			"sum":	{
				"start":	3.002408,
				"end":	4.000093,
				"seconds":	0.9976850152015686,
				"bytes":	225981856,
				"bits_per_second":	1812049715.5454898,
				"jitter_ms":	0.0016402696064253843,
				"lost_packets":	24084,
				"packets":	188315,
				"lost_percent":	12.789209569073096,
				"omitted":	false,
				"sender":	false
			}
		}, {
			"streams":	[{
					"socket":	208,
					"start":	4.000093,
					"end":	5.00002,
					"seconds":	0.99992698431015015,
					"bytes":	225877280,
					"bits_per_second":	1807150190.3178084,
					"jitter_ms":	0.0031173476185491337,
					"lost_packets":	26158,
					"packets":	190313,
					"lost_percent":	13.744725793823859,
					"omitted":	false,
					"sender":	false
				}],
			"sum":	{
				"start":	4.000093,
				"end":	5.00002,
				"seconds":	0.99992698431015015,
				"bytes":	225877280,
				"bits_per_second":	1807150190.3178084,
				"jitter_ms":	0.0031173476185491337,
				"lost_packets":	26158,
				"packets":	190313,
				"lost_percent":	13.744725793823859,
				"omitted":	false,
				"sender":	false
			}
		}, {
			"streams":	[{
					"socket":	208,
					"start":	5.00002,
					"end":	6.000088,
					"seconds":	1.0000679492950439,
					"bytes":	226972576,
					"bits_per_second":	1815657235.370815,
					"jitter_ms":	0.00262958751140616,
					"lost_packets":	24476,
					"packets":	189427,
					"lost_percent":	12.921072497584822,
					"omitted":	false,
					"sender":	false
				}],
			"sum":	{
				"start":	5.00002,
				"end":	6.000088,
				"seconds":	1.0000679492950439,
				"bytes":	226972576,
				"bits_per_second":	1815657235.370815,
				"jitter_ms":	0.00262958751140616,
				"lost_packets":	24476,
				"packets":	189427,
				"lost_percent":	12.921072497584822,
				"omitted":	false,
				"sender":	false
			}
		}, {
			"streams":	[{
					"socket":	208,
					"start":	6.000088,
					"end":	7.000019,
					"seconds":	0.9999309778213501,
					"bytes":	223875200,
					"bits_per_second":	1791125227.3654275,
					"jitter_ms":	0.0012219276077142466,
					"lost_packets":	24670,
					"packets":	187370,
					"lost_percent":	13.166462080375727,
					"omitted":	false,
					"sender":	false
				}],
			"sum":	{
				"start":	6.000088,
				"end":	7.000019,
				"seconds":	0.9999309778213501,
				"bytes":	223875200,
				"bits_per_second":	1791125227.3654275,
				"jitter_ms":	0.0012219276077142466,
				"lost_packets":	24670,
				"packets":	187370,
				"lost_percent":	13.166462080375727,
				"omitted":	false,
				"sender":	false
			}
		}, {
			"streams":	[{
					"socket":	208,
					"start":	7.000019,
					"end":	8.00002,
					"seconds":	1.0000009536743164,
					"bytes":	161835488,
					"bits_per_second":	1294682669.2943904,
					"jitter_ms":	0.0023358721304772428,
					"lost_packets":	60725,
					"packets":	178338,
					"lost_percent":	34.050510827754039,
					"omitted":	false,
					"sender":	false
				}],
			"sum":	{
				"start":	7.000019,
				"end":	8.00002,
				"seconds":	1.0000009536743164,
				"bytes":	161835488,
				"bits_per_second":	1294682669.2943904,
				"jitter_ms":	0.0023358721304772428,
				"lost_packets":	60725,
				"packets":	178338,
				"lost_percent":	34.050510827754039,
				"omitted":	false,
				"sender":	false
			}
		}, {
			"streams":	[{
					"socket":	208,
					"start":	8.00002,
					"end":	9.000021,
					"seconds":	1.0000009536743164,
					"bytes":	127738208,
					"bits_per_second":	1021904689.4357439,
					"jitter_ms":	0.0010277239917644613,
					"lost_packets":	88264,
					"packets":	181097,
					"lost_percent":	48.7385213449146,
					"omitted":	false,
					"sender":	false
				}],
			"sum":	{
				"start":	8.00002,
				"end":	9.000021,
				"seconds":	1.0000009536743164,
				"bytes":	127738208,
				"bits_per_second":	1021904689.4357439,
				"jitter_ms":	0.0010277239917644613,
				"lost_packets":	88264,
				"packets":	181097,
				"lost_percent":	48.7385213449146,
				"omitted":	false,
				"sender":	false
			}
		}, {
			"streams":	[{
					"socket":	208,
					"start":	9.000021,
					"end":	10.000125,
					"seconds":	1.0001039505004883,
					"bytes":	133648128,
					"bits_per_second":	1069073893.2337394,
					"jitter_ms":	0.0042035161748926681,
					"lost_packets":	78484,
					"packets":	175612,
					"lost_percent":	44.691706717080834,
					"omitted":	false,
					"sender":	false
				}],
			"sum":	{
				"start":	9.000021,
				"end":	10.000125,
				"seconds":	1.0001039505004883,
				"bytes":	133648128,
				"bits_per_second":	1069073893.2337394,
				"jitter_ms":	0.0042035161748926681,
				"lost_packets":	78484,
				"packets":	175612,
				"lost_percent":	44.691706717080834,
				"omitted":	false,
				"sender":	false
			}
		}],
	"end":	{
		"streams":	[{
				"udp":	{
					"socket":	208,