{"start": {"connected": [{"socket": 153, "local_host": "100.120.164.6", "local_port": 49075, "remote_host": "20.83.58.111", "remote_port": 5201}], "version": "iperf 3.7", "system_info": "Linux localhost 4.19.110-g9ceb3bf92e0a-ab6790968 #2 SMP PREEMPT Wed Aug 26 04:14:37 UTC 2020 aarch64", "timestamp": {"time": "2021-01-25 04:25:47 ", "timesecs": 1611588347.0}, "connecting_to": {"host": "20.83.58.111", "port": 5201}, "cookie": "pbf2pbmcpfccubp6lgkq3xmv3jbklca3w45n", "sock_bufsize": 0, "sndbuf_actual": 212992, "rcvbuf_actual": 212992, "test_start": {"protocol": "UDP", "num_streams": 1, "blksize": 1376, "omit": 0, "duration": 30, "bytes": 0, "blocks": 0, "reverse": 1, "tos": 0}}, "intervals": [{"streams": [{"socket": 153, "start": 0, "end": 1.000017, "seconds": 1.0000170469284058, "bytes": 50850080, "bits_per_second": 406793705.41682786, "jitter_ms": 0.01029276417895255, "lost_packets": 160429, "packets": 197384, "lost_percent": 81.27761115389292, "omitted": false, "sender": false}], "sum": {"start": 0, "end": 1.000017, "seconds": 1.0000170469284058, "bytes": 50850080, "bits_per_second": 406793705.41682786, "jitter_ms": 0.01029276417895255, "lost_packets": 160429, "packets": 197384, "lost_percent": 81.27761115389292, "omitted": false, "sender": false}}, {"streams": [{"socket": 153, "start": 1.000017, "end": 2.000995, "seconds": 1.0009779930114746, "bytes": 53680512, "bits_per_second": 429024513.02451074, "jitter_ms": 0.11408967411339135, "lost_packets": 188566, "packets": 227578, "lost_percent": 82.85774547627626, "omitted": false, "sender": false}], "sum": {"start": 1.000017, "end": 2.000995, "seconds": 1.0009779930114746, "bytes": 53680512, "bits_per_second": 429024513.02451074, "jitter_ms": 0.11408967411339135, "lost_packets": 188566, "packets": 227578, "lost_percent": 82.85774547627626, "omitted": false, "sender": false}}, {"streams": [{"socket": 153, "start": 2.000995, "end": 3.000405, "seconds": 0.9994099736213684, "bytes": 70619072, "bits_per_second": 565286109.7162066, "jitter_ms": 0.1516726792082109, "lost_packets": 173419, "packets": 224741, "lost_percent": 77.16393537449775, "omitted": false, "sender": false}], "sum": {"start": 2.000995, "end": 3.000405, "seconds": 0.9994099736213684, "bytes": 70619072, "bits_per_second": 565286109.7162066, "jitter_ms": 0.1516726792082109, "lost_packets": 173419, "packets": 224741, "lost_percent": 77.16393537449775, "omitted": false, "sender": false}}, {"streams": [{"socket": 153, "start": 3.000405, "end": 4.000022, "seconds": 0.9996169805526733, "bytes": 51355072, "bits_per_second": 410997996.2253666, "jitter_ms": 0.014800171691780092, "lost_packets": 185584, "packets": 222906, "lost_percent": 83.25661938216109, "omitted": false, "sender": false}], "sum": {"start": 3.000405, "end": 4.000022, "seconds": 0.9996169805526733, "bytes": 51355072, "bits_per_second": 410997996.2253666, "jitter_ms": 0.014800171691780092, "lost_packets": 185584, "packets": 222906, "lost_percent": 83.25661938216109, "omitted": false, "sender": false}}, {"streams": [{"socket": 153, "start": 4.000022, "end": 5.001711, "seconds": 1.0016889572143555, "bytes": 64753184, "bits_per_second": 517152024.3575428, "jitter_ms": 0.08847424858595061, "lost_packets": 176912, "packets": 223971, "lost_percent": 78.9887976568395, "omitted": false, "sender": false}], "sum": {"start": 4.000022, "end": 5.001711, "seconds": 1.0016889572143555, "bytes": 64753184, "bits_per_second": 517152024.3575428, "jitter_ms": 0.08847424858595061, "lost_packets": 176912, "packets": 223971, "lost_percent": 78.9887976568395, "omitted": false, "sender": false}}, {"streams": [{"socket": 153, "start": 5.001711, "end": 6.008353, "seconds": 1.0066419839859009, "bytes": 42234944, "bits_per_second": 335650168.9529496, "jitter_ms": 0.6258508846790806, "lost_packets": 192313, "packets": 223007, "lost_percent": 86.23630648365298, "omitted": false, "sender": false}], "sum": {"start": 5.001711, "end": 6.008353, "seconds": 1.0066419839859009, "bytes": 42234944, "bits_per_second": 335650168.9529496, "jitter_ms": 0.6258508846790806, "lost_packets": 192313, "packets": 223007, "lost_percent": 86.23630648365298, "omitted": false, "sender": false}}, {"streams": [{"socket": 153, "start": 6.008353, "end": 7.00006, "seconds": 0.9917070269584656, "bytes": 41226336, "bits_per_second": 332568671.0232548, "jitter_ms": 0.07629593792685707, "lost_packets": 195705, "packets": 225666, "lost_percent": 86.72329903485682, "omitted": false, "sender": false}], "sum": {"start": 6.008353, "end": 7.00006, "seconds": 0.9917070269584656, "bytes": 41226336, "bits_per_second": 332568671.0232548, "jitter_ms": 0.07629593792685707, "lost_packets": 195705, "packets": 225666, "lost_percent": 86.72329903485682, "omitted": false, "sender": false}}, {"streams": [{"socket": 153, "start": 7.00006, "end": 8.000145, "seconds": 1.0000849962234497, "bytes": 44198496, "bits_per_second": 353557916.9122917, "jitter_ms": 0.4244903788246466, "lost_packets": 192876, "packets": 224997, "lost_percent": 85.72380965079535, "omitted": false, "sender": false}], "sum": {"start": 7.00006, "end": 8.000145, "seconds": 1.0000849962234497, "bytes": 44198496, "bits_per_second": 353557916.9122917, "jitter_ms": 0.4244903788246466, "lost_packets": 192876, "packets": 224997, "lost_percent": 85.72380965079535, "omitted": false, "sender": false}}, {"streams": [{"socket": 153, "start": 8.000145, "end": 9.001158, "seconds": 1.0010130405426025, "bytes": 43415552, "bits_per_second": 346972918.3665096, "jitter_ms": 0.09609220760503977, "lost_packets": 193473, "packets": 225025, "lost_percent": 85.97844683924008, "omitted": false, "sender": false}], "sum": {"start": 8.000145, "end": 9.001158, "seconds": 1.0010130405426025, "bytes": 43415552, "bits_per_second": 346972918.3665096, "jitter_ms": 0.09609220760503977, "lost_packets": 193473, "packets": 225025, "lost_percent": 85.97844683924008, "omitted": false, "sender": false}}, {"streams": [{"socket": 153, "start": 9.001158, "end": 10.001379, "seconds": 1.0002210140228271, "bytes": 44133824, "bits_per_second": 352992575.6908184, "jitter_ms": 0.07876114380652117, "lost_packets": 193025, "packets": 225099, "lost_percent": 85.75115837920204, "omitted": false, "sender": false}], "sum": {"start": 9.001158, "end": 10.001379, "seconds": 1.0002210140228271, "bytes": 44133824, "bits_per_second": 352992575.6908184, "jitter_ms": 0.07876114380652117, "lost_packets": 193025, "packets": 225099, "lost_percent": 85.75115837920204, "omitted": false, "sender": false}}, {"streams": [{"socket": 153, "start": 10.001379, "end": 11.006075, "seconds": 1.004696011543274, "bytes": 43396288, "bits_per_second": 345547608.44200563, "jitter_ms": 0.14628394761123098, "lost_packets": 191409, "packets": 222947, "lost_percent": 85.85403705813489, "omitted": false, "sender": false}], "sum": {"start": 10.001379, "end": 11.006075, "seconds": 1.004696011543274, "bytes": 43396288, "bits_per_second": 345547608.44200563, "jitter_ms": 0.14628394761123098, "lost_packets": 191409, "packets": 222947, "lost_percent": 85.85403705813489, "omitted": false, "sender": false}}, {"streams": [{"socket": 153, "start": 11.006075, "end": 12.000289, "seconds": 0.9942139983177185, "bytes": 40871328, "bits_per_second": 328873486.5464153, "jitter_ms": 0.2669288294179073, "lost_packets": 194617, "packets": 224320, "lost_percent": 86.75864835948644, "omitted": false, "sender": false}], "sum": {"start": 11.006075, "end": 12.000289, "seconds": 0.9942139983177185, "bytes": 40871328, "bits_per_second": 328873486.5464153, "jitter_ms": 0.2669288294179073, "lost_packets": 194617, "packets": 224320, "lost_percent": 86.75864835948644, "omitted": false, "sender": false}}, {"streams": [{"socket": 153, "start": 12.000289, "end": 13.000661, "seconds": 1.000372052192688, "bytes": 44843840, "bits_per_second": 358617295.648818, "jitter_ms": 0.06548132540506088, "lost_packets": 195141, "packets": 227731, "lost_percent": 85.68925618383092, "omitted": false, "sender": false}],