{
	"start":	{
		"connected":	[{
				"socket":	270,
				"local_host":	"100.124.59.153",
				"local_port":	44926,
				"remote_host":	"20.51.124.54",
				"remote_port":	5201
			}],
		"version":	"iperf 3.7",
		"system_info":	"Linux localhost 4.19.110-g9ceb3bf92e0a-ab6790968 #2 SMP PREEMPT Wed Aug 26 04:14:37 UTC 2020 aarch64",
		"timestamp":	{
			"time":	"Tue, 11 May 2021 17:09:22 GMT",
			"timesecs":	1620752962
		},
		"connecting_to":	{
			"host":	"20.51.124.54",
			"port":	5201
		},
		"cookie":	"eeid5jb65ec337rqlmueft23myczcspdcmvb",
		"tcp_mss_default":	1376,
		"target_bitrate":	2000000000,
		"sock_bufsize":	0,
		"sndbuf_actual":	2097152,
		"rcvbuf_actual":	6291456,
		"test_start":	{
			"protocol":	"TCP",
			"num_streams":	1,
			"blksize":	131072,
			"omit":	0,
			"duration":	30,
			"bytes":	0,
			"blocks":	0,
			"reverse":	1,
			"tos":	0
		}
	},
	"intervals":	[{
			"streams":	[{
					"socket":	270,
					"start":	0,
					"end":	1.003791,
					"seconds":	1.0037909746170044,
					"bytes":	4517760,
					"bits_per_second":	36005583.74594868,
					"omitted":	false,
					"sender":	false
				}],
			"sum":	{
				"start":	0,
				"end":	1.003791,
				"seconds":	1.0037909746170044,
				"bytes":	4517760,
				"bits_per_second":	36005583.74594868,
				"omitted":	false,
				"sender":	false
			}
		}, {
			"streams":	[{
					"socket":	270,
					"start":	1.003791,
					"end":	2.00015,
					"seconds":	0.99635899066925049,
					"bytes":	5242208,
					"bits_per_second":	42090917.423077233,
					"omitted":	false,
					"sender":	false
				}],
			"sum":	{
				"start":	1.003791,
				"end":	2.00015,
				"seconds":	0.99635899066925049,
				"bytes":	5242208,
				"bits_per_second":	42090917.423077233,
				"omitted":	false,
				"sender":	false
			}
		}, {
			"streams":	[{
					"socket":	270,
					"start":	2.00015,
					"end":	3.00018,
					"seconds":	1.0000300407409668,
					"bytes":	8434880,
					"bits_per_second":	67477012.940533042,
					"omitted":	false,
					"sender":	false
				}],
			"sum":	{
				"start":	2.00015,
				"end":	3.00018,
				"seconds":	1.0000300407409668,
				"bytes":	8434880,
				"bits_per_second":	67477012.940533042,
				"omitted":	false,
				"sender":	false
			}
		}, {
			"streams":	[{
					"socket":	270,
					"start":	3.00018,
					"end":	4.000424,
					"seconds":	1.0002440214157104,
					"bytes":	9802624,
					"bits_per_second":	78401860.2670633,
					"omitted":	false,
					"sender":	false
				}],
			"sum":	{
				"start":	3.00018,
				"end":	4.000424,
				"seconds":	1.0002440214157104,
				"bytes":	9802624,
				"bits_per_second":	78401860.2670633,
				"omitted":	false,
				"sender":	false
			}
		}, {
			"streams":	[{
					"socket":	270,
					"start":	4.000424,
					"end":	5.000619,
					"seconds":	1.0001950263977051,
					"bytes":	7984928,
					"bits_per_second":	63866968.255248837,
					"omitted":	false,
					"sender":	false
				}],
			"sum":	{
				"start":	4.000424,
				"end":	5.000619,
				"seconds":	1.0001950263977051,
				"bytes":	7984928,
				"bits_per_second":	63866968.255248837,
				"omitted":	false,
				"sender":	false
			}
		}, {
			"streams":	[{
					"socket":	270,
					"start":	5.000619,
					"end":	6.000133,
					"seconds":	0.99951398372650146,
					"bytes":	7920256,
					"bits_per_second":	63392857.960592426,
					"omitted":	false,
					"sender":	false
				}],
			"sum":	{
				"start":	5.000619,
				"end":	6.000133,
				"seconds":	0.99951398372650146,
				"bytes":	7920256,
				"bits_per_second":	63392857.960592426,
				"omitted":	false,
				"sender":	false
			}
		}, {
			"streams":	[{
					"socket":	270,
					"start":	6.000133,
					"end":	7.000355,
					"seconds":	1.0002219676971436,
					"bytes":	9054080,
					"bits_per_second":	72416565.861640647,
					"omitted":	false,
					"sender":	false
				}],
			"sum":	{
				"start":	6.000133,
				"end":	7.000355,
				"seconds":	1.0002219676971436,
				"bytes":	9054080,
				"bits_per_second":	72416565.861640647,
				"omitted":	false,
				"sender":	false
			}
		}, {
			"streams":	[{
					"socket":	270,
					"start":	7.000355,
					"end":	8.000215,
					"seconds":	0.99985998868942261,
					"bytes":	6929536,
					"bits_per_second":	55444050.794215418,
					"omitted":	false,
					"sender":	false
				}],
			"sum":	{
				"start":	7.000355,
				"end":	8.000215,
				"seconds":	0.99985998868942261,
				"bytes":	6929536,
				"bits_per_second":	55444050.794215418,
				"omitted":	false,
				"sender":	false
			}
		}, {
			"streams":	[{
					"socket":	270,
					"start":	8.000215,
					"end":	9.000152,
					"seconds":	0.99993699789047241,
					"bytes":	7759264,
					"bits_per_second":	62078023.046407223,
					"omitted":	false,
					"sender":	false
				}],
			"sum":	{
				"start":	8.000215,
				"end":	9.000152,
				"seconds":	0.99993699789047241,
				"bytes":	7759264,
				"bits_per_second":	62078023.046407223,
				"omitted":	false,
				"sender":	false
			}
		}, {
			"streams":	[{
					"socket":	270,
					"start":	9.000152,
					"end":	10.000154,
					"seconds":	1.0000020265579224,
					"bytes":	9195808,
					"bits_per_second":	73566314.9136017,
					"omitted":	false,
					"sender":	false
				}],
			"sum":	{
				"start":	9.000152,
				"end":	10.000154,
				"seconds":	1.0000020265579224,
				"bytes":	9195808,
				"bits_per_second":	73566314.9136017,
				"omitted":	false,
				"sender":	false
			}
		}, {
			"streams":	[{
					"socket":	270,
					"start":	10.000154,
					"end":	11.000185,
					"seconds":	1.0000309944152832,
					"bytes":	8679808,
					"bits_per_second":	69436311.862114415,
					"omitted":	false,
					"sender":	false
				}],
			"sum":	{
				"start":	10.000154,
				"end":	11.000185,
				"seconds":	1.0000309944152832,
				"bytes":	8679808,
				"bits_per_second":	69436311.862114415,
				"omitted":	false,
				"sender":	false
			}
		}, {
			"streams":	[{
					"socket":	270,
					"start":	11.000185,
					"end":	12.002755,
					"seconds":	1.0025700330734253,
					"bytes":	8242592,
					"bits_per_second":	65771700.554280072,
					"omitted":	false,
					"sender":	false
				}],
			"sum":	{
				"start":	11.000185,
				"end":	12.002755,
				"seconds":	1.0025700330734253,
				"bytes":	8242592,
				"bits_per_second":	65771700.554280072,
				"omitted":	false,
				"sender":	false
			}
		}, {
			"streams":	[{
					"socket":	270,
					"start":	12.002755,
					"end":	13.000586,
					"seconds":	0.99783098697662354,
					"bytes":	8812928,
					"bits_per_second":	70656679.257498041,
					"omitted":	false,
					"sender":	false
				}],
			"sum":	{
				"start":	12.002755,
				"end":	13.000586,
				"seconds":	0.99783098697662354,
				"bytes":	8812928,
				"bits_per_second":	70656679.257498041,
				"omitted":	false,
				"sender":	false
			}
		}, {
			"streams":	[{
					"socket":	270,
					"start":	13.000586,
					"end":	14.002146,
					"seconds":	1.0015599727630615,
					"bytes":	9401184,
					"bits_per_second":	75092330.010468841,
					"omitted":	false,
					"sender":	false
				}],
			"sum":	{
				"start":	13.000586,
				"end":	14.002146,
				"seconds":	1.0015599727630615,
				"bytes":	9401184,
				"bits_per_second":	75092330.010468841,
				"omitted":	false,
				"sender":	false
			}
		}, {
			"streams":	[{
					"socket":	270,
					"start":	14.002146,
					"end":	15.000558,
					"seconds":	0.998412013053894,
					"bytes":	10444864,
					"bits_per_second":	83691813.5073456,
					"omitted":	false,
					"sender":	false
				}],
			"sum":	{
				"start":	14.002146,
				"end":	15.000558,
				"seconds":	0.998412013053894,
				"bytes":	10444864,
				"bits_per_second":	83691813.5073456,
				"omitted":	false,
				"sender":	false
			}
		}, {
			"streams":	[{
					"socket":	270,
					"start":	15.000558,
					"end":	16.000386,
					"seconds":	0.99982798099517822,
					"bytes":	9527424,
					"bits_per_second":	76232505.439720809,
					"omitted":	false,
					"sender":	false
				}],
			"sum":	{
				"start":	15.000558,
				"end":	16.000386,
				"seconds":	0.99982798099517822,
				"bytes":	9527424,
				"bits_per_second":	76232505.439720809,