{
	"start":	{
		"connected":	[{
				"socket":	225,
				"local_host":	"100.124.85.183",
				"local_port":	45792,
				"remote_host":	"20.46.241.99",
				"remote_port":	5201
			}],
		"version":	"iperf 3.7",
		"system_info":	"Linux localhost 4.19.110-g9ceb3bf92e0a-ab6790968 #2 SMP PREEMPT Wed Aug 26 04:14:37 UTC 2020 aarch64",
		"timestamp":	{
			"time":	"Mon, 17 May 2021 23:16:54 GMT",
			"timesecs":	1621293414
		},
		"connecting_to":	{
			"host":	"20.46.241.99",
			"port":	5201
		},
		"cookie":	"jrbbtjuxz6v75lnl2hulmjlujgyfbvxpadna",
		"tcp_mss_default":	1376,
		"target_bitrate":	3000000000,
		"sock_bufsize":	0,
		"sndbuf_actual":	2097152,
		"rcvbuf_actual":	6291456,
		"test_start":	{
			"protocol":	"TCP",
			"num_streams":	1,
			"blksize":	131072,
			"omit":	0,
			"duration":	30,
			"bytes":	0,
			"blocks":	0,
			"reverse":	1,
			"tos":	0
		}
	},
	"intervals":	[{
			"streams":	[{
					"socket":	225,
					"start":	0,
					"end":	1.00009,
					"seconds":	1.0000900030136108,
					"bytes":	2468544,
					"bits_per_second":	19746574.74876412,
					"omitted":	false,
					"sender":	false
				}],
			"sum":	{
				"start":	0,
				"end":	1.00009,
				"seconds":	1.0000900030136108,
				"bytes":	2468544,
				"bits_per_second":	19746574.74876412,
				"omitted":	false,
				"sender":	false
			}
		}, {
			"streams":	[{
					"socket":	225,
					"start":	1.00009,
					"end":	2.000148,
					"seconds":	1.0000580549240112,
					"bytes":	9261856,
					"bits_per_second":	74090546.6789426,
					"omitted":	false,
					"sender":	false
				}],
			"sum":	{
				"start":	1.00009,
				"end":	2.000148,
				"seconds":	1.0000580549240112,
				"bytes":	9261856,
				"bits_per_second":	74090546.6789426,
				"omitted":	false,
				"sender":	false
			}
		}, {
			"streams":	[{
					"socket":	225,
					"start":	2.000148,
					"end":	3.000406,
					"seconds":	1.0002579689025879,
					"bytes":	35105888,
					"bits_per_second":	280774672.86576635,
					"omitted":	false,
					"sender":	false
				}],
			"sum":	{
				"start":	2.000148,
				"end":	3.000406,
				"seconds":	1.0002579689025879,
				"bytes":	35105888,
				"bits_per_second":	280774672.86576635,
				"omitted":	false,
				"sender":	false
			}
		}, {
			"streams":	[{
					"socket":	225,
					"start":	3.000406,
					"end":	4.000412,
					"seconds":	1.0000059604644775,
					"bytes":	72908224,
					"bits_per_second":	583262315.48568749,
					"omitted":	false,
					"sender":	false
				}],
			"sum":	{
				"start":	3.000406,
				"end":	4.000412,
				"seconds":	1.0000059604644775,
				"bytes":	72908224,
				"bits_per_second":	583262315.48568749,
				"omitted":	false,
				"sender":	false
			}
		}, {
			"streams":	[{
					"socket":	225,
					"start":	4.000412,
					"end":	5.000358,
					"seconds":	0.9999459981918335,
					"bytes":	74185856,
					"bits_per_second":	593518899.093732,
					"omitted":	false,
					"sender":	false
				}],
			"sum":	{
				"start":	4.000412,
				"end":	5.000358,
				"seconds":	0.9999459981918335,
				"bytes":	74185856,
				"bits_per_second":	593518899.093732,
				"omitted":	false,
				"sender":	false
			}
		}, {
			"streams":	[{
					"socket":	225,
					"start":	5.000358,
					"end":	6.000122,
					"seconds":	0.99976402521133423,
					"bytes":	69730560,
					"bits_per_second":	557976148.30367649,
					"omitted":	false,
					"sender":	false
				}],
			"sum":	{
				"start":	5.000358,
				"end":	6.000122,
				"seconds":	0.99976402521133423,
				"bytes":	69730560,
				"bits_per_second":	557976148.30367649,
				"omitted":	false,
				"sender":	false
			}
		}, {
			"streams":	[{
					"socket":	225,
					"start":	6.000122,
					"end":	7.000104,
					"seconds":	0.99998199939727783,
					"bytes":	74917472,
					"bits_per_second":	599350564.67140591,
					"omitted":	false,
					"sender":	false
				}],
			"sum":	{
				"start":	6.000122,
				"end":	7.000104,
				"seconds":	0.99998199939727783,
				"bytes":	74917472,
				"bits_per_second":	599350564.67140591,
				"omitted":	false,
				"sender":	false
			}
		}, {
			"streams":	[{
					"socket":	225,
					"start":	7.000104,
					"end":	8.000084,
					"seconds":	0.99997997283935547,
					"bytes":	74456160,
					"bits_per_second":	595661209.40273046,
					"omitted":	false,
					"sender":	false
				}],
			"sum":	{
				"start":	7.000104,
				"end":	8.000084,
				"seconds":	0.99997997283935547,
				"bytes":	74456160,
				"bits_per_second":	595661209.40273046,
				"omitted":	false,
				"sender":	false
			}
		}, {
			"streams":	[{
					"socket":	225,
					"start":	8.000084,
					"end":	9.000077,
					"seconds":	0.99999302625656128,
					"bytes":	74890976,
					"bits_per_second":	599131986.19275761,
					"omitted":	false,
					"sender":	false
				}],
			"sum":	{
				"start":	8.000084,
				"end":	9.000077,
				"seconds":	0.99999302625656128,
				"bytes":	74890976,
				"bits_per_second":	599131986.19275761,
				"omitted":	false,
				"sender":	false
			}
		}, {
			"streams":	[{
					"socket":	225,
					"start":	9.000077,
					"end":	10.000721,
					"seconds":	1.0006439685821533,
					"bytes":	74205344,
					"bits_per_second":	593260710.74125671,
					"omitted":	false,
					"sender":	false
				}],
			"sum":	{
				"start":	9.000077,
				"end":	10.000721,
				"seconds":	1.0006439685821533,
				"bytes":	74205344,
				"bits_per_second":	593260710.74125671,
				"omitted":	false,
				"sender":	false
			}
		}, {
			"streams":	[{
					"socket":	225,
					"start":	10.000721,
					"end":	11.000141,
					"seconds":	0.99941998720169067,
					"bytes":	73721504,
					"bits_per_second":	590114305.84985828,
					"omitted":	false,
					"sender":	false
				}],
			"sum":	{
				"start":	10.000721,
				"end":	11.000141,
				"seconds":	0.99941998720169067,
				"bytes":	73721504,
				"bits_per_second":	590114305.84985828,
				"omitted":	false,
				"sender":	false
			}
		}, {
			"streams":	[{
					"socket":	225,
					"start":	11.000141,
					"end":	12.000099,
					"seconds":	0.99995797872543335,
					"bytes":	72770112,
					"bits_per_second":	582185360.1708684,
					"omitted":	false,
					"sender":	false
				}],
			"sum":	{
				"start":	11.000141,
				"end":	12.000099,
				"seconds":	0.99995797872543335,
				"bytes":	72770112,
				"bits_per_second":	582185360.1708684,
				"omitted":	false,
				"sender":	false
			}
		}, {
			"streams":	[{
					"socket":	225,
					"start":	12.000099,
					"end":	13.0001,
					"seconds":	1.0000009536743164,
					"bytes":	69103584,
					"bits_per_second":	552828144.781997,
					"omitted":	false,
					"sender":	false
				}],
			"sum":	{
				"start":	12.000099,
				"end":	13.0001,
				"seconds":	1.0000009536743164,
				"bytes":	69103584,
				"bits_per_second":	552828144.781997,
				"omitted":	false,
				"sender":	false
			}
		}, {
			"streams":	[{
					"socket":	225,
					"start":	13.0001,
					"end":	14.000038,
					"seconds":	0.99993801116943359,
					"bytes":	76080896,
					"bits_per_second":	608684899.66511369,
					"omitted":	false,
					"sender":	false
				}],
			"sum":	{
				"start":	13.0001,
				"end":	14.000038,
				"seconds":	0.99993801116943359,
				"bytes":	76080896,
				"bits_per_second":	608684899.66511369,
				"omitted":	false,
				"sender":	false
			}
		}, {
			"streams":	[{
					"socket":	225,
					"start":	14.000038,
					"end":	15.000101,
					"seconds":	1.0000629425048828,
					"bytes":	75884768,
					"bits_per_second":	607039935.38590288,
					"omitted":	false,
					"sender":	false
				}],
			"sum":	{
				"start":	14.000038,
				"end":	15.000101,
				"seconds":	1.0000629425048828,
				"bytes":	75884768,
				"bits_per_second":	607039935.38590288,
				"omitted":	false,
				"sender":	false
			}
		}, {
			"streams":	[{
					"socket":	225,
					"start":	15.000101,
					"end":	16.000426,
					"seconds":	1.0003249645233154,
					"bytes":	66400672,
					"bits_per_second":	531032809.17630118,
					"omitted":	false,
					"sender":	false
				}],
			"sum":	{
				"start":	15.000101,
				"end":	16.000426,
				"seconds":	1.0003249645233154,
				"bytes":	66400672,