{
	"start":	{
		"connected":	[{
				"socket":	477,
				"local_host":	"100.124.59.153",
				"local_port":	40484,
				"remote_host":	"40.124.132.228",
				"remote_port":	5201
			}],
		"version":	"iperf 3.7",
		"system_info":	"Linux localhost 4.19.110-g9ceb3bf92e0a-ab6790968 #2 SMP PREEMPT Wed Aug 26 04:14:37 UTC 2020 aarch64",
		"timestamp":	{
			"time":	"Tue, 11 May 2021 18:07:54 GMT",
			"timesecs":	1620756474
		},
		"connecting_to":	{
			"host":	"40.124.132.228",
			"port":	5201
		},
		"cookie":	"7mpfuysdiogjqwyj3rzzpazgfs2ud4orvg2z",
		"tcp_mss_default":	1376,
		"target_bitrate":	2000000000,
		"sock_bufsize":	0,
		"sndbuf_actual":	2097152,
		"rcvbuf_actual":	6291456,
		"test_start":	{
			"protocol":	"TCP",
			"num_streams":	1,
			"blksize":	131072,
			"omit":	0,
			"duration":	30,
			"bytes":	0,
			"blocks":	0,
			"reverse":	1,
			"tos":	0
		}
	},
	"intervals":	[{
			"streams":	[{
					"socket":	477,
					"start":	0,
					"end":	1.000098,
					"seconds":	1.0000979900360107,
					"bytes":	1777792,
					"bits_per_second":	14220942.489333363,
					"omitted":	false,
					"sender":	false
				}],
			"sum":	{
				"start":	0,
				"end":	1.000098,
				"seconds":	1.0000979900360107,
				"bytes":	1777792,
				"bits_per_second":	14220942.489333363,
				"omitted":	false,
				"sender":	false
			}
		}, {
			"streams":	[{
					"socket":	477,
					"start":	1.000098,
					"end":	2.000099,
					"seconds":	1.0000009536743164,
					"bytes":	8118400,
					"bits_per_second":	64947138.061582506,
					"omitted":	false,
					"sender":	false
				}],
			"sum":	{
				"start":	1.000098,
				"end":	2.000099,
				"seconds":	1.0000009536743164,
				"bytes":	8118400,
				"bits_per_second":	64947138.061582506,
				"omitted":	false,
				"sender":	false
			}
		}, {
			"streams":	[{
					"socket":	477,
					"start":	2.000099,
					"end":	3.000105,
					"seconds":	1.0000059604644775,
					"bytes":	20213440,
					"bits_per_second":	161706556.15381625,
					"omitted":	false,
					"sender":	false
				}],
			"sum":	{
				"start":	2.000099,
				"end":	3.000105,
				"seconds":	1.0000059604644775,
				"bytes":	20213440,
				"bits_per_second":	161706556.15381625,
				"omitted":	false,
				"sender":	false
			}
		}, {
			"streams":	[{
					"socket":	477,
					"start":	3.000105,
					"end":	4.000102,
					"seconds":	0.99999701976776123,
					"bytes":	45487808,
					"bits_per_second":	363903548.5170871,
					"omitted":	false,
					"sender":	false
				}],
			"sum":	{
				"start":	3.000105,
				"end":	4.000102,
				"seconds":	0.99999701976776123,
				"bytes":	45487808,
				"bits_per_second":	363903548.5170871,
				"omitted":	false,
				"sender":	false
			}
		}, {
			"streams":	[{
					"socket":	477,
					"start":	4.000102,
					"end":	5.000103,
					"seconds":	1.0000009536743164,
					"bytes":	62411232,
					"bits_per_second":	499289379.840542,
					"omitted":	false,
					"sender":	false
				}],
			"sum":	{
				"start":	4.000102,
				"end":	5.000103,
				"seconds":	1.0000009536743164,
				"bytes":	62411232,
				"bits_per_second":	499289379.840542,
				"omitted":	false,
				"sender":	false
			}
		}, {
			"streams":	[{
					"socket":	477,
					"start":	5.000103,
					"end":	6.000109,
					"seconds":	1.0000059604644775,
					"bytes":	59730784,
					"bits_per_second":	477843423.83124644,
					"omitted":	false,
					"sender":	false
				}],
			"sum":	{
				"start":	5.000103,
				"end":	6.000109,
				"seconds":	1.0000059604644775,
				"bytes":	59730784,
				"bits_per_second":	477843423.83124644,
				"omitted":	false,
				"sender":	false
			}
		}, {
			"streams":	[{
					"socket":	477,
					"start":	6.000109,
					"end":	7.000092,
					"seconds":	0.999983012676239,
					"bytes":	62184192,
					"bits_per_second":	497481986.88757652,
					"omitted":	false,
					"sender":	false
				}],
			"sum":	{
				"start":	6.000109,
				"end":	7.000092,
				"seconds":	0.999983012676239,
				"bytes":	62184192,
				"bits_per_second":	497481986.88757652,
				"omitted":	false,
				"sender":	false
			}
		}, {
			"streams":	[{
					"socket":	477,
					"start":	7.000092,
					"end":	8.000097,
					"seconds":	1.0000050067901611,
					"bytes":	62519936,
					"bits_per_second":	500156983.81893438,
					"omitted":	false,
					"sender":	false
				}],
			"sum":	{
				"start":	7.000092,
				"end":	8.000097,
				"seconds":	1.0000050067901611,
				"bytes":	62519936,
				"bits_per_second":	500156983.81893438,
				"omitted":	false,
				"sender":	false
			}
		}, {
			"streams":	[{
					"socket":	477,
					"start":	8.000097,
					"end":	9.000101,
					"seconds":	1.0000040531158447,
					"bytes":	62508928,
					"bits_per_second":	500069397.1608029,
					"omitted":	false,
					"sender":	false
				}],
			"sum":	{
				"start":	8.000097,
				"end":	9.000101,
				"seconds":	1.0000040531158447,
				"bytes":	62508928,
				"bits_per_second":	500069397.1608029,
				"omitted":	false,
				"sender":	false
			}
		}, {
			"streams":	[{
					"socket":	477,
					"start":	9.000101,
					"end":	10.000099,
					"seconds":	0.99999797344207764,
					"bytes":	62471776,
					"bits_per_second":	499775220.82343316,
					"omitted":	false,
					"sender":	false
				}],
			"sum":	{
				"start":	9.000101,
				"end":	10.000099,
				"seconds":	0.99999797344207764,
				"bytes":	62471776,
				"bits_per_second":	499775220.82343316,
				"omitted":	false,
				"sender":	false
			}
		}, {
			"streams":	[{
					"socket":	477,
					"start":	10.000099,
					"end":	11.000094,
					"seconds":	0.99999499320983887,
					"bytes":	62444256,
					"bits_per_second":	499556549.17481536,
					"omitted":	false,
					"sender":	false
				}],
			"sum":	{
				"start":	10.000099,
				"end":	11.000094,
				"seconds":	0.99999499320983887,
				"bytes":	62444256,
				"bits_per_second":	499556549.17481536,
				"omitted":	false,
				"sender":	false
			}
		}, {
			"streams":	[{
					"socket":	477,
					"start":	11.000094,
					"end":	12.000109,
					"seconds":	1.0000150203704834,
					"bytes":	62496544,
					"bits_per_second":	499964842.34283936,
					"omitted":	false,
					"sender":	false
				}],
			"sum":	{
				"start":	11.000094,
				"end":	12.000109,
				"seconds":	1.0000150203704834,
				"bytes":	62496544,
				"bits_per_second":	499964842.34283936,
				"omitted":	false,
				"sender":	false
			}
		}, {
			"streams":	[{
					"socket":	477,
					"start":	12.000109,
					"end":	13.000103,
					"seconds":	0.99999397993087769,
					"bytes":	62506176,
					"bits_per_second":	500052418.35012323,
					"omitted":	false,
					"sender":	false
				}],
			"sum":	{
				"start":	12.000109,
				"end":	13.000103,
				"seconds":	0.99999397993087769,
				"bytes":	62506176,
				"bits_per_second":	500052418.35012323,
				"omitted":	false,
				"sender":	false
			}
		}, {
			"streams":	[{
					"socket":	477,
					"start":	13.000103,
					"end":	14.0001,
					"seconds":	0.99999701976776123,
					"bytes":	62496544,
					"bits_per_second":	499973842.03816259,
					"omitted":	false,
					"sender":	false
				}],
			"sum":	{
				"start":	13.000103,
				"end":	14.0001,
				"seconds":	0.99999701976776123,
				"bytes":	62496544,
				"bits_per_second":	499973842.03816259,
				"omitted":	false,
				"sender":	false
			}
		}, {
			"streams":	[{
					"socket":	477,
					"start":	14.0001,
					"end":	15.000098,
					"seconds":	0.99999797344207764,
					"bytes":	62519936,
					"bits_per_second":	500160501.604227,
					"omitted":	false,
					"sender":	false
				}],
			"sum":	{
				"start":	14.0001,
				"end":	15.000098,
				"seconds":	0.99999797344207764,
				"bytes":	62519936,
				"bits_per_second":	500160501.604227,
				"omitted":	false,
				"sender":	false
			}
		}, {
			"streams":	[{
					"socket":	477,
					"start":	15.000098,
					"end":	16.000098,
					"seconds":	1,
					"bytes":	62496544,
					"bits_per_second":	499972352,
					"omitted":	false,
					"sender":	false
				}],
			"sum":	{
				"start":	15.000098,
				"end":	16.000098,
				"seconds":	1,
				"bytes":	62496544,
				"bits_per_second":	499972352,
				"omitted":	false,