{"start": {"connected": [{"socket": 205, "local_host": "100.124.85.183", "local_port": 44027, "remote_host": "13.78.192.130", "remote_port": 5201}], "version": "iperf 3.7", "system_info": "Linux localhost 4.19.110-g9ceb3bf92e0a-ab6790968 #2 SMP PREEMPT Wed Aug 26 04:14:37 UTC 2020 aarch64", "timestamp": {"time": "Mon, 18 Jan 2021 22:01:43 ", "timesecs": 1608350503.0}, "connecting_to": {"host": "13.78.192.130", "port": 5201}, "cookie": "mlco5bsynbg5sizfpshjfd4poae4r4jki6wb", "sock_bufsize": 0, "sndbuf_actual": 212992, "rcvbuf_actual": 212992, "test_start": {"protocol": "UDP", "num_streams": 1, "blksize": 1376, "omit": 0, "duration": 30, "bytes": 0, "blocks": 0, "reverse": 1, "tos": 0}}, "intervals": [{"streams": [{"socket": 205, "start": 0, "end": 1.000083, "seconds": 1.0000829696655273, "bytes": 208221824, "bits_per_second": 1665636394.7054412, "jitter_ms": 0.0019595176545496628, "lost_packets": 36076, "packets": 187400, "lost_percent": 19.250800426894344, "omitted": false, "sender": false}], "sum": {"start": 0, "end": 1.000083, "seconds": 1.0000829696655273, "bytes": 208221824, "bits_per_second": 1665636394.7054412, "jitter_ms": 0.0019595176545496628, "lost_packets": 36076, "packets": 187400, "lost_percent": 19.250800426894344, "omitted": false, "sender": false}}, {"streams": [{"socket": 205, "start": 1.000083, "end": 2.000016, "seconds": 0.9999330043792725, "bytes": 205113440, "bits_per_second": 1641017460.9834232, "jitter_ms": 0.004260210507045341, "lost_packets": 20404, "packets": 169469, "lost_percent": 12.039960110698711, "omitted": false, "sender": false}], "sum": {"start": 1.000083, "end": 2.000016, "seconds": 0.9999330043792725, "bytes": 205113440, "bits_per_second": 1641017460.9834232, "jitter_ms": 0.004260210507045341, "lost_packets": 20404, "packets": 169469, "lost_percent": 12.039960110698711, "omitted": false, "sender": false}}, {"streams": [{"socket": 205, "start": 2.000016, "end": 3.000018, "seconds": 1.0000020265579224, "bytes": 204989600, "bits_per_second": 1639913476.620352, "jitter_ms": 0.0019204528856810298, "lost_packets": 22247, "packets": 171222, "lost_percent": 12.993073320017288, "omitted": false, "sender": false}], "sum": {"start": 2.000016, "end": 3.000018, "seconds": 1.0000020265579224, "bytes": 204989600, "bits_per_second": 1639913476.620352, "jitter_ms": 0.0019204528856810298, "lost_packets": 22247, "packets": 171222, "lost_percent": 12.993073320017288, "omitted": false, "sender": false}}, {"streams": [{"socket": 205, "start": 3.000018, "end": 4.00005, "seconds": 1.0000319480895996, "bytes": 181792992, "bits_per_second": 1454297473.9739969, "jitter_ms": 0.06029823460707832, "lost_packets": 32340, "packets": 164457, "lost_percent": 19.664714788668164, "omitted": false, "sender": false}], "sum": {"start": 3.000018, "end": 4.00005, "seconds": 1.0000319480895996, "bytes": 181792992, "bits_per_second": 1454297473.9739969, "jitter_ms": 0.06029823460707832, "lost_packets": 32340, "packets": 164457, "lost_percent": 19.664714788668164, "omitted": false, "sender": false}}, {"streams": [{"socket": 205, "start": 4.00005, "end": 5.000018, "seconds": 0.9999679923057556, "bytes": 199220032, "bits_per_second": 1593811270.2238207, "jitter_ms": 0.0033732843444708536, "lost_packets": 32835, "packets": 177617, "lost_percent": 18.486406143556078, "omitted": false, "sender": false}], "sum": {"start": 4.00005, "end": 5.000018, "seconds": 0.9999679923057556, "bytes": 199220032, "bits_per_second": 1593811270.2238207, "jitter_ms": 0.0033732843444708536, "lost_packets": 32835, "packets": 177617, "lost_percent": 18.486406143556078, "omitted": false, "sender": false}}, {"streams": [{"socket": 205, "start": 5.000018, "end": 6.000015, "seconds": 0.9999970197677612, "bytes": 192645504, "bits_per_second": 1541168625.0404217, "jitter_ms": 0.0025064497348208895, "lost_packets": 30964, "packets": 170968, "lost_percent": 18.110991530578822, "omitted": false, "sender": false}], "sum": {"start": 5.000018, "end": 6.000015, "seconds": 0.9999970197677612, "bytes": 192645504, "bits_per_second": 1541168625.0404217, "jitter_ms": 0.0025064497348208895, "lost_packets": 30964, "packets": 170968, "lost_percent": 18.110991530578822, "omitted": false, "sender": false}}, {"streams": [{"socket": 205, "start": 6.000015, "end": 7.000019, "seconds": 1.0000040531158447, "bytes": 198039424, "bits_per_second": 1584308970.6122084, "jitter_ms": 0.003349927919735195, "lost_packets": 26975, "packets": 170899, "lost_percent": 15.784176618938671, "omitted": false, "sender": false}], "sum": {"start": 6.000015, "end": 7.000019, "seconds": 1.0000040531158447, "bytes": 198039424, "bits_per_second": 1584308970.6122084, "jitter_ms": 0.003349927919735195, "lost_packets": 26975, "packets": 170899, "lost_percent": 15.784176618938671, "omitted": false, "sender": false}}, {"streams": [{"socket": 205, "start": 7.000019, "end": 8.000054, "seconds": 1.000035047531128, "bytes": 194002240, "bits_per_second": 1551963527.5099602, "jitter_ms": 0.008175905761140346, "lost_packets": 29512, "packets": 170502, "lost_percent": 17.308887872283023, "omitted": false, "sender": false}], "sum": {"start": 7.000019, "end": 8.000054, "seconds": 1.000035047531128, "bytes": 194002240, "bits_per_second": 1551963527.5099602, "jitter_ms": 0.008175905761140346, "lost_packets": 29512, "packets": 170502, "lost_percent": 17.308887872283023, "omitted": false, "sender": false}}, {"streams": [{"socket": 205, "start": 8.000054, "end": 9.000032, "seconds": 0.9999780058860779, "bytes": 199749792, "bits_per_second": 1598033483.3304837, "jitter_ms": 0.004342235206417209, "lost_packets": 25626, "packets": 170793, "lost_percent": 15.00412780383271, "omitted": false, "sender": false}], "sum": {"start": 8.000054, "end": 9.000032, "seconds": 0.9999780058860779, "bytes": 199749792, "bits_per_second": 1598033483.3304837, "jitter_ms": 0.004342235206417209, "lost_packets": 25626, "packets": 170793, "lost_percent": 15.00412780383271, "omitted": false, "sender": false}}, {"streams": [{"socket": 205, "start": 9.000032, "end": 10.000018, "seconds": 0.9999859929084778, "bytes": 196611136, "bits_per_second": 1572911119.910013, "jitter_ms": 0.003198463326512694, "lost_packets": 28035, "packets": 170921, "lost_percent": 16.40231451957337, "omitted": false, "sender": false}], "sum": {"start": 9.000032, "end": 10.000018, "seconds": 0.9999859929084778, "bytes": 196611136, "bits_per_second": 1572911119.910013, "jitter_ms": 0.003198463326512694, "lost_packets": 28035, "packets": 170921, "lost_percent": 16.40231451957337, "omitted": false, "sender": false}}, {"streams": [{"socket": 205, "start": 10.000018, "end": 11.00008, "seconds": 1.0000619888305664, "bytes": 190805792, "bits_per_second": 1526351719.2418911, "jitter_ms": 0.0024974352181469286, "lost_packets": 27136, "packets": 165803, "lost_percent": 16.36641074045705, "omitted": false, "sender": false}], "sum": {"start": 10.000018, "end": 11.00008, "seconds": 1.0000619888305664, "bytes": 190805792, "bits_per_second": 1526351719.2418911, "jitter_ms": 0.0024974352181469286, "lost_packets": 27136, "packets": 165803, "lost_percent": 16.36641074045705, "omitted": false, "sender": false}}, {"streams": [{"socket": 205, "start": 11.00008, "end": 12.000015, "seconds": 0.99993497133255, "bytes": 198991616, "bits_per_second": 1592036456.0092661, "jitter_ms": 0.0032525455204758295, "lost_packets": 28935, "packets": 173551, "lost_percent": 16.672332628449276, "omitted": false, "sender": false}], "sum": {"start": 11.00008, "end": 12.000015, "seconds": 0.99993497133255, "bytes": 198991616, "bits_per_second": 1592036456.0092661, "jitter_ms": 0.0032525455204758295, "lost_packets": 28935, "packets": 173551, "lost_percent": 16.672332628449276, "omitted": false, "sender": false}}, {"streams": [{"socket": 205, "start": 12.000015, "end": 13.000017, "seconds": 1.0000020265579224, "bytes": 200744640, "bits_per_second": 1605953865.441471, "jitter_ms": 0.0074907789389849905, "lost_packets": 23235, "packets": 169125,