{
	"start":	{
		"connected":	[{
				"socket":	318,
				"local_host":	"100.124.59.153",
				"local_port":	40504,
				"remote_host":	"52.237.164.255",
				"remote_port":	5201
			}],
		"version":	"iperf 3.7",
		"system_info":	"Linux localhost 4.19.110-g9ceb3bf92e0a-ab6790968 #2 SMP PREEMPT Wed Aug 26 04:14:37 UTC 2020 aarch64",
		"timestamp":	{
			"time":	"Tue, 11 May 2021 17:20:37 GMT",
			"timesecs":	1620753637
		},
		"connecting_to":	{
			"host":	"52.237.164.255",
			"port":	5201
		},
		"cookie":	"k3rvzwhxzchtrwkgegzlj3svtmj2rkgkg5bw",
		"tcp_mss_default":	1376,
		"target_bitrate":	2000000000,
		"sock_bufsize":	0,
		"sndbuf_actual":	2097152,
		"rcvbuf_actual":	6291456,
		"test_start":	{
			"protocol":	"TCP",
			"num_streams":	1,
			"blksize":	131072,
			"omit":	0,
			"duration":	30,
			"bytes":	0,
			"blocks":	0,
			"reverse":	1,
			"tos":	0
		}
	},
	"intervals":	[{
			"streams":	[{
					"socket":	318,
					"start":	0,
					"end":	1.000131,
					"seconds":	1.0001310110092163,
					"bytes":	6042016,
					"bits_per_second":	48329796.264616154,
					"omitted":	false,
					"sender":	false
				}],
			"sum":	{
				"start":	0,
				"end":	1.000131,
				"seconds":	1.0001310110092163,
				"bytes":	6042016,
				"bits_per_second":	48329796.264616154,
				"omitted":	false,
				"sender":	false
			}
		}, {
			"streams":	[{
					"socket":	318,
					"start":	1.000131,
					"end":	2.00102,
					"seconds":	1.0008889436721802,
					"bytes":	36366656,
					"bits_per_second":	290674854.42749476,
					"omitted":	false,
					"sender":	false
				}],
			"sum":	{
				"start":	1.000131,
				"end":	2.00102,
				"seconds":	1.0008889436721802,
				"bytes":	36366656,
				"bits_per_second":	290674854.42749476,
				"omitted":	false,
				"sender":	false
			}
		}, {
			"streams":	[{
					"socket":	318,
					"start":	2.00102,
					"end":	3.000114,
					"seconds":	0.99909400939941406,
					"bytes":	100001120,
					"bits_per_second":	800734417.85614336,
					"omitted":	false,
					"sender":	false
				}],
			"sum":	{
				"start":	2.00102,
				"end":	3.000114,
				"seconds":	0.99909400939941406,
				"bytes":	100001120,
				"bits_per_second":	800734417.85614336,
				"omitted":	false,
				"sender":	false
			}
		}, {
			"streams":	[{
					"socket":	318,
					"start":	3.000114,
					"end":	4.000117,
					"seconds":	1.0000029802322388,
					"bytes":	102925984,
					"bits_per_second":	823405418.06062746,
					"omitted":	false,
					"sender":	false
				}],
			"sum":	{
				"start":	3.000114,
				"end":	4.000117,
				"seconds":	1.0000029802322388,
				"bytes":	102925984,
				"bits_per_second":	823405418.06062746,
				"omitted":	false,
				"sender":	false
			}
		}, {
			"streams":	[{
					"socket":	318,
					"start":	4.000117,
					"end":	5.000104,
					"seconds":	0.999987006187439,
					"bytes":	102891840,
					"bits_per_second":	823145415.79724336,
					"omitted":	false,
					"sender":	false
				}],
			"sum":	{
				"start":	4.000117,
				"end":	5.000104,
				"seconds":	0.999987006187439,
				"bytes":	102891840,
				"bits_per_second":	823145415.79724336,
				"omitted":	false,
				"sender":	false
			}
		}, {
			"streams":	[{
					"socket":	318,
					"start":	5.000104,
					"end":	6.000095,
					"seconds":	0.99999099969863892,
					"bytes":	103279456,
					"bits_per_second":	826243084.43675745,
					"omitted":	false,
					"sender":	false
				}],
			"sum":	{
				"start":	5.000104,
				"end":	6.000095,
				"seconds":	0.99999099969863892,
				"bytes":	103279456,
				"bits_per_second":	826243084.43675745,
				"omitted":	false,
				"sender":	false
			}
		}, {
			"streams":	[{
					"socket":	318,
					"start":	6.000095,
					"end":	7.000114,
					"seconds":	1.0000189542770386,
					"bytes":	102457088,
					"bits_per_second":	819641168.2942239,
					"omitted":	false,
					"sender":	false
				}],
			"sum":	{
				"start":	6.000095,
				"end":	7.000114,
				"seconds":	1.0000189542770386,
				"bytes":	102457088,
				"bits_per_second":	819641168.2942239,
				"omitted":	false,
				"sender":	false
			}
		}, {
			"streams":	[{
					"socket":	318,
					"start":	7.000114,
					"end":	8.000125,
					"seconds":	1.0000109672546387,
					"bytes":	104190944,
					"bits_per_second":	833518410.59134507,
					"omitted":	false,
					"sender":	false
				}],
			"sum":	{
				"start":	7.000114,
				"end":	8.000125,
				"seconds":	1.0000109672546387,
				"bytes":	104190944,
				"bits_per_second":	833518410.59134507,
				"omitted":	false,
				"sender":	false
			}
		}, {
			"streams":	[{
					"socket":	318,
					"start":	8.000125,
					"end":	9.000025,
					"seconds":	0.99989998340606689,
					"bytes":	101494304,
					"bits_per_second":	812035649.03976917,
					"omitted":	false,
					"sender":	false
				}],
			"sum":	{
				"start":	8.000125,
				"end":	9.000025,
				"seconds":	0.99989998340606689,
				"bytes":	101494304,
				"bits_per_second":	812035649.03976917,
				"omitted":	false,
				"sender":	false
			}
		}, {
			"streams":	[{
					"socket":	318,
					"start":	9.000025,
					"end":	10.000453,
					"seconds":	1.0004279613494873,
					"bytes":	103135552,
					"bits_per_second":	824731462.81021106,
					"omitted":	false,
					"sender":	false
				}],
			"sum":	{
				"start":	9.000025,
				"end":	10.000453,
				"seconds":	1.0004279613494873,
				"bytes":	103135552,
				"bits_per_second":	824731462.81021106,
				"omitted":	false,
				"sender":	false
			}
		}, {
			"streams":	[{
					"socket":	318,
					"start":	10.000453,
					"end":	11.000107,
					"seconds":	0.99965399503707886,
					"bytes":	104350848,
					"bits_per_second":	835095731.26753283,
					"omitted":	false,
					"sender":	false
				}],
			"sum":	{
				"start":	10.000453,
				"end":	11.000107,
				"seconds":	0.99965399503707886,
				"bytes":	104350848,
				"bits_per_second":	835095731.26753283,
				"omitted":	false,
				"sender":	false
			}
		}, {
			"streams":	[{
					"socket":	318,
					"start":	11.000107,
					"end":	12.000094,
					"seconds":	0.999987006187439,
					"bytes":	104427808,
					"bits_per_second":	835433319.46396041,
					"omitted":	false,
					"sender":	false
				}],
			"sum":	{
				"start":	11.000107,
				"end":	12.000094,
				"seconds":	0.999987006187439,
				"bytes":	104427808,
				"bits_per_second":	835433319.46396041,
				"omitted":	false,
				"sender":	false
			}
		}, {
			"streams":	[{
					"socket":	318,
					"start":	12.000094,
					"end":	13.000112,
					"seconds":	1.0000180006027222,
					"bytes":	103052896,
					"bits_per_second":	824408328.15320408,
					"omitted":	false,
					"sender":	false
				}],
			"sum":	{
				"start":	12.000094,
				"end":	13.000112,
				"seconds":	1.0000180006027222,
				"bytes":	103052896,
				"bits_per_second":	824408328.15320408,
				"omitted":	false,
				"sender":	false
			}
		}, {
			"streams":	[{
					"socket":	318,
					"start":	13.000112,
					"end":	14.000097,
					"seconds":	0.9999849796295166,
					"bytes":	103437600,
					"bits_per_second":	827513229.55528784,
					"omitted":	false,
					"sender":	false
				}],
			"sum":	{
				"start":	13.000112,
				"end":	14.000097,
				"seconds":	0.9999849796295166,
				"bytes":	103437600,
				"bits_per_second":	827513229.55528784,
				"omitted":	false,
				"sender":	false
			}
		}, {
			"streams":	[{
					"socket":	318,
					"start":	14.000097,
					"end":	15.000097,
					"seconds":	1,
					"bytes":	104311232,
					"bits_per_second":	834489856,
					"omitted":	false,
					"sender":	false
				}],
			"sum":	{
				"start":	14.000097,
				"end":	15.000097,
				"seconds":	1,
				"bytes":	104311232,
				"bits_per_second":	834489856,
				"omitted":	false,
				"sender":	false
			}
		}, {
			"streams":	[{
					"socket":	318,
					"start":	15.000097,
					"end":	16.000226,
					"seconds":	1.0001289844512939,
					"bytes":	99892704,
					"bits_per_second":	799038568.448686,
					"omitted":	false,
					"sender":	false
				}],
			"sum":	{
				"start":	15.000097,
				"end":	16.000226,
				"seconds":	1.0001289844512939,
				"bytes":	99892704,