{"start": {"connected": [{"socket": 104, "local_host": "100.120.164.6", "local_port": 37756, "remote_host": "20.96.192.197", "remote_port": 5201}], "version": "iperf 3.7", "system_info": "Linux localhost 4.19.110-g9ceb3bf92e0a-ab6790968 #2 SMP PREEMPT Wed Aug 26 04:14:37 UTC 2020 aarch64", "timestamp": {"time": "2021-01-25 04:24:21 ", "timesecs": 1611588261.0}, "connecting_to": {"host": "20.96.192.197", "port": 5201}, "cookie": "6vchskivswqe3mwjj5msozvwd4t7klkzk4ua", "sock_bufsize": 0, "sndbuf_actual": 212992, "rcvbuf_actual": 212992, "test_start": {"protocol": "UDP", "num_streams": 1, "blksize": 1376, "omit": 0, "duration": 30, "bytes": 0, "blocks": 0, "reverse": 1, "tos": 0}}, "intervals": [{"streams": [{"socket": 104, "start": 0, "end": 1.002637, "seconds": 1.0026370286941528, "bytes": 6782304, "bits_per_second": 54115727.27437253, "jitter_ms": 0.7143615133830064, "lost_packets": 45457, "packets": 50386, "lost_percent": 90.21752073988806, "omitted": false, "sender": false}], "sum": {"start": 0, "end": 1.002637, "seconds": 1.0026370286941528, "bytes": 6782304, "bits_per_second": 54115727.27437253, "jitter_ms": 0.7143615133830064, "lost_packets": 45457, "packets": 50386, "lost_percent": 90.21752073988806, "omitted": false, "sender": false}}, {"streams": [{"socket": 104, "start": 1.002637, "end": 2.000015, "seconds": 0.9973779916763306, "bytes": 14216832, "bits_per_second": 114033653.18783695, "jitter_ms": 0.006931415228752958, "lost_packets": 317845, "packets": 328177, "lost_percent": 96.85169893075992, "omitted": false, "sender": false}], "sum": {"start": 1.002637, "end": 2.000015, "seconds": 0.9973779916763306, "bytes": 14216832, "bits_per_second": 114033653.18783695, "jitter_ms": 0.006931415228752958, "lost_packets": 317845, "packets": 328177, "lost_percent": 96.85169893075992, "omitted": false, "sender": false}}, {"streams": [{"socket": 104, "start": 2.000015, "end": 3.000786, "seconds": 1.0007710456848145, "bytes": 63174912, "bits_per_second": 505009910.287884, "jitter_ms": 0.2566727012030443, "lost_packets": 228231, "packets": 274143, "lost_percent": 83.25253608518182, "omitted": false, "sender": false}], "sum": {"start": 2.000015, "end": 3.000786, "seconds": 1.0007710456848145, "bytes": 63174912, "bits_per_second": 505009910.287884, "jitter_ms": 0.2566727012030443, "lost_packets": 228231, "packets": 274143, "lost_percent": 83.25253608518182, "omitted": false, "sender": false}}, {"streams": [{"socket": 104, "start": 3.000786, "end": 4.00331, "seconds": 1.0025240182876587, "bytes": 60797184, "bits_per_second": 485152937.1144119, "jitter_ms": 0.10900048611119648, "lost_packets": 179609, "packets": 223793, "lost_percent": 80.25675512638912, "omitted": false, "sender": false}], "sum": {"start": 3.000786, "end": 4.00331, "seconds": 1.0025240182876587, "bytes": 60797184, "bits_per_second": 485152937.1144119, "jitter_ms": 0.10900048611119648, "lost_packets": 179609, "packets": 223793, "lost_percent": 80.25675512638912, "omitted": false, "sender": false}}, {"streams": [{"socket": 104, "start": 4.00331, "end": 5.000018, "seconds": 0.9967079758644104, "bytes": 57523680, "bits_per_second": 461709398.48343605, "jitter_ms": 0.03963632798893442, "lost_packets": 179665, "packets": 221470, "lost_percent": 81.12385424662483, "omitted": false, "sender": false}], "sum": {"start": 4.00331, "end": 5.000018, "seconds": 0.9967079758644104, "bytes": 57523680, "bits_per_second": 461709398.48343605, "jitter_ms": 0.03963632798893442, "lost_packets": 179665, "packets": 221470, "lost_percent": 81.12385424662483, "omitted": false, "sender": false}}, {"streams": [{"socket": 104, "start": 5.000018, "end": 6.001986, "seconds": 1.0019680261611938, "bytes": 69306368, "bits_per_second": 553361913.2780604, "jitter_ms": 0.05281276196218355, "lost_packets": 184559, "packets": 234927, "lost_percent": 78.5601484716529, "omitted": false, "sender": false}], "sum": {"start": 5.000018, "end": 6.001986, "seconds": 1.0019680261611938, "bytes": 69306368, "bits_per_second": 553361913.2780604, "jitter_ms": 0.05281276196218355, "lost_packets": 184559, "packets": 234927, "lost_percent": 78.5601484716529, "omitted": false, "sender": false}}, {"streams": [{"socket": 104, "start": 6.001986, "end": 7.004191, "seconds": 1.0022050142288208, "bytes": 43397664, "bits_per_second": 346417456.5791311, "jitter_ms": 0.07186778664243712, "lost_packets": 184016, "packets": 215555, "lost_percent": 85.36846744450372, "omitted": false, "sender": false}], "sum": {"start": 6.001986, "end": 7.004191, "seconds": 1.0022050142288208, "bytes": 43397664, "bits_per_second": 346417456.5791311, "jitter_ms": 0.07186778664243712, "lost_packets": 184016, "packets": 215555, "lost_percent": 85.36846744450372, "omitted": false, "sender": false}}, {"streams": [{"socket": 104, "start": 7.004191, "end": 8.003177, "seconds": 0.998986005783081, "bytes": 47682528, "bits_per_second": 381847415.0706271, "jitter_ms": 0.3370763305455957, "lost_packets": 196472, "packets": 231125, "lost_percent": 85.00681449432126, "omitted": false, "sender": false}], "sum": {"start": 7.004191, "end": 8.003177, "seconds": 0.998986005783081, "bytes": 47682528, "bits_per_second": 381847415.0706271, "jitter_ms": 0.3370763305455957, "lost_packets": 196472, "packets": 231125, "lost_percent": 85.00681449432126, "omitted": false, "sender": false}}, {"streams": [{"socket": 104, "start": 8.003177, "end": 9.001231, "seconds": 0.998054027557373, "bytes": 45189216, "bits_per_second": 362218595.4048649, "jitter_ms": 0.028295413750458315, "lost_packets": 203568, "packets": 236409, "lost_percent": 86.10839688844334, "omitted": false, "sender": false}], "sum": {"start": 8.003177, "end": 9.001231, "seconds": 0.998054027557373, "bytes": 45189216, "bits_per_second": 362218595.4048649, "jitter_ms": 0.028295413750458315, "lost_packets": 203568, "packets": 236409, "lost_percent": 86.10839688844334, "omitted": false, "sender": false}}, {"streams": [{"socket": 104, "start": 9.001231, "end": 10.000577, "seconds": 0.9993460178375244, "bytes": 51150048, "bits_per_second": 409468168.8785481, "jitter_ms": 0.01681528991167171, "lost_packets": 173090, "packets": 210263, "lost_percent": 82.32071263132363, "omitted": false, "sender": false}], "sum": {"start": 9.001231, "end": 10.000577, "seconds": 0.9993460178375244, "bytes": 51150048, "bits_per_second": 409468168.8785481, "jitter_ms": 0.01681528991167171, "lost_packets": 173090, "packets": 210263, "lost_percent": 82.32071263132363, "omitted": false, "sender": false}}, {"streams": [{"socket": 104, "start": 10.000577, "end": 11.002335, "seconds": 1.0017579793930054, "bytes": 43678368, "bits_per_second": 348813736.6389915, "jitter_ms": 0.11759018453164762, "lost_packets": 209003, "packets": 240746, "lost_percent": 86.8147342011913, "omitted": false, "sender": false}], "sum": {"start": 10.000577, "end": 11.002335, "seconds": 1.0017579793930054, "bytes": 43678368, "bits_per_second": 348813736.6389915, "jitter_ms": 0.11759018453164762, "lost_packets": 209003, "packets": 240746, "lost_percent": 86.8147342011913, "omitted": false, "sender": false}}, {"streams": [{"socket": 104, "start": 11.002335, "end": 12.004589, "seconds": 1.0022540092468262, "bytes": 44336096, "bits_per_second": 353891094.20130086, "jitter_ms": 0.5512786278140714, "lost_packets": 187414, "packets": 219635, "lost_percent": 85.32975163339177, "omitted": false, "sender": false}], "sum": {"start": 11.002335, "end": 12.004589, "seconds": 1.0022540092468262, "bytes": 44336096, "bits_per_second": 353891094.20130086, "jitter_ms": 0.5512786278140714, "lost_packets": 187414, "packets": 219635, "lost_percent": 85.32975163339177, "omitted": false, "sender": false}}, {"streams": [{"socket": 104, "start": 12.004589, "end": 13.00087, "seconds": 0.9962810277938843, "bytes": 46415232, "bits_per_second": 372707946.4940097, "jitter_ms": 0.3900044813151646, "lost_packets": 197059, "packets": 230791, "lost_percent": 85.38417875913706, "omitted": false, "sender": false}],