{"start": {"connected": [{"socket": 167, "local_host": "100.125.82.37", "local_port": 39368, "remote_host": "104.214.106.220", "remote_port": 5201}], "version": "iperf 3.7", "system_info": "Linux localhost 4.19.110-g9ceb3bf92e0a-ab6790968 #2 SMP PREEMPT Wed Aug 26 04:14:37 UTC 2020 aarch64", "timestamp": {"time": "Mon, 18 Jan 2021 23:05:20 ", "timesecs": 1608354320.0}, "connecting_to": {"host": "104.214.106.220", "port": 5201}, "cookie": "ynfm65pog4dzdaw3lifdvj2yyg3nyi7c65hw", "sock_bufsize": 0, "sndbuf_actual": 212992, "rcvbuf_actual": 212992, "test_start": {"protocol": "UDP", "num_streams": 1, "blksize": 1376, "omit": 0, "duration": 30, "bytes": 0, "blocks": 0, "reverse": 1, "tos": 0}}, "intervals": [{"streams": [{"socket": 167, "start": 0, "end": 1.000111, "seconds": 1.0001109838485718, "bytes": 60663712, "bits_per_second": 485255840.4392861, "jitter_ms": 0.21196667931775307, "lost_packets": 120328, "packets": 164415, "lost_percent": 73.18553659945869, "omitted": false, "sender": false}], "sum": {"start": 0, "end": 1.000111, "seconds": 1.0001109838485718, "bytes": 60663712, "bits_per_second": 485255840.4392861, "jitter_ms": 0.21196667931775307, "lost_packets": 120328, "packets": 164415, "lost_percent": 73.18553659945869, "omitted": false, "sender": false}}, {"streams": [{"socket": 167, "start": 1.000111, "end": 2.000012, "seconds": 0.9999009966850281, "bytes": 64534400, "bits_per_second": 516326318.0170909, "jitter_ms": 0.02675487888907869, "lost_packets": 140950, "packets": 187850, "lost_percent": 75.03327122704286, "omitted": false, "sender": false}], "sum": {"start": 1.000111, "end": 2.000012, "seconds": 0.9999009966850281, "bytes": 64534400, "bits_per_second": 516326318.0170909, "jitter_ms": 0.02675487888907869, "lost_packets": 140950, "packets": 187850, "lost_percent": 75.03327122704286, "omitted": false, "sender": false}}, {"streams": [{"socket": 167, "start": 2.000012, "end": 3.00008, "seconds": 1.000067949295044, "bytes": 63484512, "bits_per_second": 507841588.52206594, "jitter_ms": 0.018904924480016457, "lost_packets": 139281, "packets": 185418, "lost_percent": 75.11730252726272, "omitted": false, "sender": false}], "sum": {"start": 2.000012, "end": 3.00008, "seconds": 1.000067949295044, "bytes": 63484512, "bits_per_second": 507841588.52206594, "jitter_ms": 0.018904924480016457, "lost_packets": 139281, "packets": 185418, "lost_percent": 75.11730252726272, "omitted": false, "sender": false}}, {"streams": [{"socket": 167, "start": 3.00008, "end": 4.00049, "seconds": 1.0004099607467651, "bytes": 60406400, "bits_per_second": 483053167.16286266, "jitter_ms": 0.0021474005789195415, "lost_packets": 135926, "packets": 179826, "lost_percent": 75.58751237307175, "omitted": false, "sender": false}], "sum": {"start": 3.00008, "end": 4.00049, "seconds": 1.0004099607467651, "bytes": 60406400, "bits_per_second": 483053167.16286266, "jitter_ms": 0.0021474005789195415, "lost_packets": 135926, "packets": 179826, "lost_percent": 75.58751237307175, "omitted": false, "sender": false}}, {"streams": [{"socket": 167, "start": 4.00049, "end": 5.000073, "seconds": 0.9995830059051514, "bytes": 61748000, "bits_per_second": 494190074.34273374, "jitter_ms": 0.0022025969392917965, "lost_packets": 137852, "packets": 182727, "lost_percent": 75.44150563408802, "omitted": false, "sender": false}], "sum": {"start": 4.00049, "end": 5.000073, "seconds": 0.9995830059051514, "bytes": 61748000, "bits_per_second": 494190074.34273374, "jitter_ms": 0.0022025969392917965, "lost_packets": 137852, "packets": 182727, "lost_percent": 75.44150563408802, "omitted": false, "sender": false}}, {"streams": [{"socket": 167, "start": 5.000073, "end": 6.000076, "seconds": 1.0000029802322388, "bytes": 62521312, "bits_per_second": 500169005.38020533, "jitter_ms": 0.0028503003443941933, "lost_packets": 136681, "packets": 182118, "lost_percent": 75.05079124523661, "omitted": false, "sender": false}], "sum": {"start": 5.000073, "end": 6.000076, "seconds": 1.0000029802322388, "bytes": 62521312, "bits_per_second": 500169005.38020533, "jitter_ms": 0.0028503003443941933, "lost_packets": 136681, "packets": 182118, "lost_percent": 75.05079124523661, "omitted": false, "sender": false}}, {"streams": [{"socket": 167, "start": 6.000076, "end": 7.000077, "seconds": 1.0000009536743164, "bytes": 61954400, "bits_per_second": 495634727.32589024, "jitter_ms": 0.003201573372541716, "lost_packets": 138068, "packets": 183093, "lost_percent": 75.40867209560169, "omitted": false, "sender": false}], "sum": {"start": 6.000076, "end": 7.000077, "seconds": 1.0000009536743164, "bytes": 61954400, "bits_per_second": 495634727.32589024, "jitter_ms": 0.003201573372541716, "lost_packets": 138068, "packets": 183093, "lost_percent": 75.40867209560169, "omitted": false, "sender": false}}, {"streams": [{"socket": 167, "start": 7.000077, "end": 8.001052, "seconds": 1.0009750127792358, "bytes": 61836064, "bits_per_second": 494206654.1965749, "jitter_ms": 0.2107624855722461, "lost_packets": 138652, "packets": 183591, "lost_percent": 75.5222205881552, "omitted": false, "sender": false}], "sum": {"start": 7.000077, "end": 8.001052, "seconds": 1.0009750127792358, "bytes": 61836064, "bits_per_second": 494206654.1965749, "jitter_ms": 0.2107624855722461, "lost_packets": 138652, "packets": 183591, "lost_percent": 75.5222205881552, "omitted": false, "sender": false}}, {"streams": [{"socket": 167, "start": 8.001052, "end": 9.000077, "seconds": 0.9990249872207642, "bytes": 62818528, "bits_per_second": 503038693.15427554, "jitter_ms": 0.002465658720143546, "lost_packets": 138140, "packets": 183793, "lost_percent": 75.16064267953622, "omitted": false, "sender": false}], "sum": {"start": 8.001052, "end": 9.000077, "seconds": 0.9990249872207642, "bytes": 62818528, "bits_per_second": 503038693.15427554, "jitter_ms": 0.002465658720143546, "lost_packets": 138140, "packets": 183793, "lost_percent": 75.16064267953622, "omitted": false, "sender": false}}, {"streams": [{"socket": 167, "start": 9.000077, "end": 10.000076, "seconds": 0.9999989867210388, "bytes": 62917600, "bits_per_second": 503341310.0251597, "jitter_ms": 0.016364524749980604, "lost_packets": 137193, "packets": 182918, "lost_percent": 75.00246011874174, "omitted": false, "sender": false}], "sum": {"start": 9.000077, "end": 10.000076, "seconds": 0.9999989867210388, "bytes": 62917600, "bits_per_second": 503341310.0251597, "jitter_ms": 0.016364524749980604, "lost_packets": 137193, "packets": 182918, "lost_percent": 75.00246011874174, "omitted": false, "sender": false}}, {"streams": [{"socket": 167, "start": 10.000076, "end": 11.000077, "seconds": 1.0000009536743164, "bytes": 65691616, "bits_per_second": 525532426.8132221, "jitter_ms": 0.0026279517692268076, "lost_packets": 140386, "packets": 188127, "lost_percent": 74.62299404125936, "omitted": false, "sender": false}], "sum": {"start": 10.000076, "end": 11.000077, "seconds": 1.0000009536743164, "bytes": 65691616, "bits_per_second": 525532426.8132221, "jitter_ms": 0.0026279517692268076, "lost_packets": 140386, "packets": 188127, "lost_percent": 74.62299404125936, "omitted": false, "sender": false}}, {"streams": [{"socket": 167, "start": 11.000077, "end": 12.000077, "seconds": 1, "bytes": 66489696, "bits_per_second": 531917568, "jitter_ms": 0.06539180901579618, "lost_packets": 139698, "packets": 188019, "lost_percent": 74.29993777224642, "omitted": false, "sender": false}], "sum": {"start": 11.000077, "end": 12.000077, "seconds": 1, "bytes": 66489696, "bits_per_second": 531917568, "jitter_ms": 0.06539180901579618, "lost_packets": 139698, "packets": 188019, "lost_percent": 74.29993777224642, "omitted": false, "sender": false}}, {"streams": [{"socket": 167, "start": 12.000077, "end": 13.000075, "seconds": 0.9999979734420776, "bytes": 62861184, "bits_per_second": 502890491.1367089, "jitter_ms": 0.0015201050980230752, "lost_packets": 142326, "packets": 188010, "lost_percent": 75.70129248444232, "omitted": false, "sender": false}],