{
	"start":	{
		"connected":	[{
				"socket":	357,
				"local_host":	"100.124.59.153",
				"local_port":	44794,
				"remote_host":	"13.78.215.115",
				"remote_port":	5201
			}],
		"version":	"iperf 3.7",
		"system_info":	"Linux localhost 4.19.110-g9ceb3bf92e0a-ab6790968 #2 SMP PREEMPT Wed Aug 26 04:14:37 UTC 2020 aarch64",
		"timestamp":	{
			"time":	"Tue, 11 May 2021 17:29:13 GMT",
			"timesecs":	1620754153
		},
		"connecting_to":	{
			"host":	"13.78.215.115",
			"port":	5201
		},
		"cookie":	"pbkqpp6zo6rftpdb3r6u2fke6rfsccgdsgkg",
		"tcp_mss_default":	1376,
		"target_bitrate":	2000000000,
		"sock_bufsize":	0,
		"sndbuf_actual":	2097152,
		"rcvbuf_actual":	6291456,
		"test_start":	{
			"protocol":	"TCP",
			"num_streams":	1,
			"blksize":	131072,
			"omit":	0,
			"duration":	30,
			"bytes":	0,
			"blocks":	0,
			"reverse":	1,
			"tos":	0
		}
	},
	"intervals":	[{
			"streams":	[{
					"socket":	357,
					"start":	0,
					"end":	1.00012,
					"seconds":	1.0001200437545776,
					"bytes":	15653376,
					"bits_per_second":	125211977.08415273,
					"omitted":	false,
					"sender":	false
				}],
			"sum":	{
				"start":	0,
				"end":	1.00012,
				"seconds":	1.0001200437545776,
				"bytes":	15653376,
				"bits_per_second":	125211977.08415273,
				"omitted":	false,
				"sender":	false
			}
		}, {
			"streams":	[{
					"socket":	357,
					"start":	1.00012,
					"end":	2.000416,
					"seconds":	1.0002959966659546,
					"bytes":	49524480,
					"bits_per_second":	396078602.05433595,
					"omitted":	false,
					"sender":	false
				}],
			"sum":	{
				"start":	1.00012,
				"end":	2.000416,
				"seconds":	1.0002959966659546,
				"bytes":	49524480,
				"bits_per_second":	396078602.05433595,
				"omitted":	false,
				"sender":	false
			}
		}, {
			"streams":	[{
					"socket":	357,
					"start":	2.000416,
					"end":	3.000272,
					"seconds":	0.99985599517822266,
					"bytes":	52042400,
					"bits_per_second":	416399163.4873262,
					"omitted":	false,
					"sender":	false
				}],
			"sum":	{
				"start":	2.000416,
				"end":	3.000272,
				"seconds":	0.99985599517822266,
				"bytes":	52042400,
				"bits_per_second":	416399163.4873262,
				"omitted":	false,
				"sender":	false
			}
		}, {
			"streams":	[{
					"socket":	357,
					"start":	3.000272,
					"end":	4.000169,
					"seconds":	0.99989700317382812,
					"bytes":	48889216,
					"bits_per_second":	391154015.62215346,
					"omitted":	false,
					"sender":	false
				}],
			"sum":	{
				"start":	3.000272,
				"end":	4.000169,
				"seconds":	0.99989700317382812,
				"bytes":	48889216,
				"bits_per_second":	391154015.62215346,
				"omitted":	false,
				"sender":	false
			}
		}, {
			"streams":	[{
					"socket":	357,
					"start":	4.000169,
					"end":	5.000151,
					"seconds":	0.99998199939727783,
					"bytes":	52291040,
					"bits_per_second":	418335850.29744565,
					"omitted":	false,
					"sender":	false
				}],
			"sum":	{
				"start":	4.000169,
				"end":	5.000151,
				"seconds":	0.99998199939727783,
				"bytes":	52291040,
				"bits_per_second":	418335850.29744565,
				"omitted":	false,
				"sender":	false
			}
		}, {
			"streams":	[{
					"socket":	357,
					"start":	5.000151,
					"end":	6.000986,
					"seconds":	1.0008349418640137,
					"bytes":	51642144,
					"bits_per_second":	412792494.26538718,
					"omitted":	false,
					"sender":	false
				}],
			"sum":	{
				"start":	5.000151,
				"end":	6.000986,
				"seconds":	1.0008349418640137,
				"bytes":	51642144,
				"bits_per_second":	412792494.26538718,
				"omitted":	false,
				"sender":	false
			}
		}, {
			"streams":	[{
					"socket":	357,
					"start":	6.000986,
					"end":	7.000624,
					"seconds":	0.999638020992279,
					"bytes":	51399424,
					"bits_per_second":	411344289.9979251,
					"omitted":	false,
					"sender":	false
				}],
			"sum":	{
				"start":	6.000986,
				"end":	7.000624,
				"seconds":	0.999638020992279,
				"bytes":	51399424,
				"bits_per_second":	411344289.9979251,
				"omitted":	false,
				"sender":	false
			}
		}, {
			"streams":	[{
					"socket":	357,
					"start":	7.000624,
					"end":	8.002873,
					"seconds":	1.002249002456665,
					"bytes":	45594880,
					"bits_per_second":	363940536.83857006,
					"omitted":	false,
					"sender":	false
				}],
			"sum":	{
				"start":	7.000624,
				"end":	8.002873,
				"seconds":	1.002249002456665,
				"bytes":	45594880,
				"bits_per_second":	363940536.83857006,
				"omitted":	false,
				"sender":	false
			}
		}, {
			"streams":	[{
					"socket":	357,
					"start":	8.002873,
					"end":	9.001215,
					"seconds":	0.998341977596283,
					"bytes":	51334720,
					"bits_per_second":	411359803.77064037,
					"omitted":	false,
					"sender":	false
				}],
			"sum":	{
				"start":	8.002873,
				"end":	9.001215,
				"seconds":	0.998341977596283,
				"bytes":	51334720,
				"bits_per_second":	411359803.77064037,
				"omitted":	false,
				"sender":	false
			}
		}, {
			"streams":	[{
					"socket":	357,
					"start":	9.001215,
					"end":	10.000439,
					"seconds":	0.99922400712966919,
					"bytes":	48195424,
					"bits_per_second":	385862818.79631168,
					"omitted":	false,
					"sender":	false
				}],
			"sum":	{
				"start":	9.001215,
				"end":	10.000439,
				"seconds":	0.99922400712966919,
				"bytes":	48195424,
				"bits_per_second":	385862818.79631168,
				"omitted":	false,
				"sender":	false
			}
		}, {
			"streams":	[{
					"socket":	357,
					"start":	10.000439,
					"end":	11.001188,
					"seconds":	1.0007489919662476,
					"bytes":	50284832,
					"bits_per_second":	401977578.02344877,
					"omitted":	false,
					"sender":	false
				}],
			"sum":	{
				"start":	10.000439,
				"end":	11.001188,
				"seconds":	1.0007489919662476,
				"bytes":	50284832,
				"bits_per_second":	401977578.02344877,
				"omitted":	false,
				"sender":	false
			}
		}, {
			"streams":	[{
					"socket":	357,
					"start":	11.001188,
					"end":	12.001153,
					"seconds":	0.99996501207351685,
					"bytes":	46314112,
					"bits_per_second":	370525859.9315474,
					"omitted":	false,
					"sender":	false
				}],
			"sum":	{
				"start":	11.001188,
				"end":	12.001153,
				"seconds":	0.99996501207351685,
				"bytes":	46314112,
				"bits_per_second":	370525859.9315474,
				"omitted":	false,
				"sender":	false
			}
		}, {
			"streams":	[{
					"socket":	357,
					"start":	12.001153,
					"end":	13.000154,
					"seconds":	0.99900102615356445,
					"bytes":	52120992,
					"bits_per_second":	417384892.59159631,
					"omitted":	false,
					"sender":	false
				}],
			"sum":	{
				"start":	12.001153,
				"end":	13.000154,
				"seconds":	0.99900102615356445,
				"bytes":	52120992,
				"bits_per_second":	417384892.59159631,
				"omitted":	false,
				"sender":	false
			}
		}, {
			"streams":	[{
					"socket":	357,
					"start":	13.000154,
					"end":	14.000423,
					"seconds":	1.0002690553665161,
					"bytes":	51904160,
					"bits_per_second":	415121589.30863982,
					"omitted":	false,
					"sender":	false
				}],
			"sum":	{
				"start":	13.000154,
				"end":	14.000423,
				"seconds":	1.0002690553665161,
				"bytes":	51904160,
				"bits_per_second":	415121589.30863982,
				"omitted":	false,
				"sender":	false
			}
		}, {
			"streams":	[{
					"socket":	357,
					"start":	14.000423,
					"end":	15.000139,
					"seconds":	0.99971598386764526,
					"bytes":	51904352,
					"bits_per_second":	415352782.89095944,
					"omitted":	false,
					"sender":	false
				}],
			"sum":	{
				"start":	14.000423,
				"end":	15.000139,
				"seconds":	0.99971598386764526,
				"bytes":	51904352,
				"bits_per_second":	415352782.89095944,
				"omitted":	false,
				"sender":	false
			}
		}, {
			"streams":	[{
					"socket":	357,
					"start":	15.000139,
					"end":	16.000165,
					"seconds":	1.0000259876251221,
					"bytes":	51772896,
					"bits_per_second":	414172404.64281225,
					"omitted":	false,
					"sender":	false
				}],
			"sum":	{
				"start":	15.000139,
				"end":	16.000165,
				"seconds":	1.0000259876251221,
				"bytes":	51772896,