{"start": {"connected": [{"socket": 585, "local_host": "100.124.85.183", "local_port": 37375, "remote_host": "20.51.202.193", "remote_port": 5201}], "version": "iperf 3.7", "system_info": "Linux localhost 4.19.110-g9ceb3bf92e0a-ab6790968 #2 SMP PREEMPT Wed Aug 26 04:14:37 UTC 2020 aarch64", "timestamp": {"time": "Mon, 18 Jan 2021 21:19:12 ", "timesecs": 1608347952.0}, "connecting_to": {"host": "20.51.202.193", "port": 5201}, "cookie": "oiqnx3tbnxezfwp52ivysgfemev4oao6tf6k", "sock_bufsize": 0, "sndbuf_actual": 212992, "rcvbuf_actual": 212992, "test_start": {"protocol": "UDP", "num_streams": 1, "blksize": 1376, "omit": 0, "duration": 30, "bytes": 0, "blocks": 0, "reverse": 1, "tos": 0}}, "intervals": [{"streams": [{"socket": 585, "start": 0, "end": 1.00008, "seconds": 1.0000799894332886, "bytes": 69005024, "bits_per_second": 551996038.1497309, "jitter_ms": 0.002491841983955827, "lost_packets": 129406, "packets": 179555, "lost_percent": 72.07039625741416, "omitted": false, "sender": false}], "sum": {"start": 0, "end": 1.00008, "seconds": 1.0000799894332886, "bytes": 69005024, "bits_per_second": 551996038.1497309, "jitter_ms": 0.002491841983955827, "lost_packets": 129406, "packets": 179555, "lost_percent": 72.07039625741416, "omitted": false, "sender": false}}, {"streams": [{"socket": 585, "start": 1.00008, "end": 2.000023, "seconds": 0.9999430179595947, "bytes": 60050016, "bits_per_second": 480427503.7394299, "jitter_ms": 0.0034653594148506663, "lost_packets": 116716, "packets": 160357, "lost_percent": 72.78509824953073, "omitted": false, "sender": false}], "sum": {"start": 1.00008, "end": 2.000023, "seconds": 0.9999430179595947, "bytes": 60050016, "bits_per_second": 480427503.7394299, "jitter_ms": 0.0034653594148506663, "lost_packets": 116716, "packets": 160357, "lost_percent": 72.78509824953073, "omitted": false, "sender": false}}, {"streams": [{"socket": 585, "start": 2.000023, "end": 3.000021, "seconds": 0.9999979734420776, "bytes": 65896640, "bits_per_second": 527174188.3490279, "jitter_ms": 0.0012217668139417185, "lost_packets": 119127, "packets": 167017, "lost_percent": 71.32627217588629, "omitted": false, "sender": false}], "sum": {"start": 2.000023, "end": 3.000021, "seconds": 0.9999979734420776, "bytes": 65896640, "bits_per_second": 527174188.3490279, "jitter_ms": 0.0012217668139417185, "lost_packets": 119127, "packets": 167017, "lost_percent": 71.32627217588629, "omitted": false, "sender": false}}, {"streams": [{"socket": 585, "start": 3.000021, "end": 4.000368, "seconds": 1.0003470182418823, "bytes": 68388576, "bits_per_second": 546918817.1936051, "jitter_ms": 0.01845750812124702, "lost_packets": 118903, "packets": 168604, "lost_percent": 70.52205167137197, "omitted": false, "sender": false}], "sum": {"start": 3.000021, "end": 4.000368, "seconds": 1.0003470182418823, "bytes": 68388576, "bits_per_second": 546918817.1936051, "jitter_ms": 0.01845750812124702, "lost_packets": 118903, "packets": 168604, "lost_percent": 70.52205167137197, "omitted": false, "sender": false}}, {"streams": [{"socket": 585, "start": 4.000368, "end": 5.000089, "seconds": 0.9997209906578064, "bytes": 66821312, "bits_per_second": 534719687.7883478, "jitter_ms": 0.0008828092414144519, "lost_packets": 122114, "packets": 170676, "lost_percent": 71.5472591342661, "omitted": false, "sender": false}], "sum": {"start": 4.000368, "end": 5.000089, "seconds": 0.9997209906578064, "bytes": 66821312, "bits_per_second": 534719687.7883478, "jitter_ms": 0.0008828092414144519, "lost_packets": 122114, "packets": 170676, "lost_percent": 71.5472591342661, "omitted": false, "sender": false}}, {"streams": [{"socket": 585, "start": 5.000089, "end": 6.000088, "seconds": 0.9999989867210388, "bytes": 66254400, "bits_per_second": 530035737.07406104, "jitter_ms": 0.0007364809076971306, "lost_packets": 125886, "packets": 174036, "lost_percent": 72.33331034958285, "omitted": false, "sender": false}], "sum": {"start": 5.000089, "end": 6.000088, "seconds": 0.9999989867210388, "bytes": 66254400, "bits_per_second": 530035737.07406104, "jitter_ms": 0.0007364809076971306, "lost_packets": 125886, "packets": 174036, "lost_percent": 72.33331034958285, "omitted": false, "sender": false}}, {"streams": [{"socket": 585, "start": 6.000088, "end": 7.000508, "seconds": 1.0004199743270874, "bytes": 63366176, "bits_per_second": 506716600.0368755, "jitter_ms": 0.0010021587747071428, "lost_packets": 127988, "packets": 174039, "lost_percent": 73.53983877176955, "omitted": false, "sender": false}], "sum": {"start": 6.000088, "end": 7.000508, "seconds": 1.0004199743270874, "bytes": 63366176, "bits_per_second": 506716600.0368755, "jitter_ms": 0.0010021587747071428, "lost_packets": 127988, "packets": 174039, "lost_percent": 73.53983877176955, "omitted": false, "sender": false}}, {"streams": [{"socket": 585, "start": 7.000508, "end": 8.000023, "seconds": 0.9995149970054626, "bytes": 58745568, "bits_per_second": 470192588.81358385, "jitter_ms": 0.0009699261748112112, "lost_packets": 115101, "packets": 157794, "lost_percent": 72.94383816875167, "omitted": false, "sender": false}], "sum": {"start": 7.000508, "end": 8.000023, "seconds": 0.9995149970054626, "bytes": 58745568, "bits_per_second": 470192588.81358385, "jitter_ms": 0.0009699261748112112, "lost_packets": 115101, "packets": 157794, "lost_percent": 72.94383816875167, "omitted": false, "sender": false}}, {"streams": [{"socket": 585, "start": 8.000023, "end": 9.00025, "seconds": 1.0002269744873047, "bytes": 68259232, "bits_per_second": 545949939.292435, "jitter_ms": 0.020437710156682037, "lost_packets": 132575, "packets": 182182, "lost_percent": 72.77063595744914, "omitted": false, "sender": false}], "sum": {"start": 8.000023, "end": 9.00025, "seconds": 1.0002269744873047, "bytes": 68259232, "bits_per_second": 545949939.292435, "jitter_ms": 0.020437710156682037, "lost_packets": 132575, "packets": 182182, "lost_percent": 72.77063595744914, "omitted": false, "sender": false}}, {"streams": [{"socket": 585, "start": 9.00025, "end": 10.000097, "seconds": 0.9998469948768616, "bytes": 64945824, "bits_per_second": 519646100.5155978, "jitter_ms": 0.0006881660926797447, "lost_packets": 123304, "packets": 170503, "lost_percent": 72.31778912981004, "omitted": false, "sender": false}], "sum": {"start": 9.00025, "end": 10.000097, "seconds": 0.9998469948768616, "bytes": 64945824, "bits_per_second": 519646100.5155978, "jitter_ms": 0.0006881660926797447, "lost_packets": 123304, "packets": 170503, "lost_percent": 72.31778912981004, "omitted": false, "sender": false}}, {"streams": [{"socket": 585, "start": 10.000097, "end": 11.000088, "seconds": 0.9999909996986389, "bytes": 63880800, "bits_per_second": 511050999.6130074, "jitter_ms": 0.0007334938450342532, "lost_packets": 123527, "packets": 169952, "lost_percent": 72.68346356618339, "omitted": false, "sender": false}], "sum": {"start": 10.000097, "end": 11.000088, "seconds": 0.9999909996986389, "bytes": 63880800, "bits_per_second": 511050999.6130074, "jitter_ms": 0.0007334938450342532, "lost_packets": 123527, "packets": 169952, "lost_percent": 72.68346356618339, "omitted": false, "sender": false}}, {"streams": [{"socket": 585, "start": 11.000088, "end": 12.000582, "seconds": 1.0004940032958984, "bytes": 62497920, "bits_per_second": 499736488.52758664, "jitter_ms": 0.007786222101395831, "lost_packets": 123142, "packets": 168562, "lost_percent": 73.05442507801284, "omitted": false, "sender": false}], "sum": {"start": 11.000088, "end": 12.000582, "seconds": 1.0004940032958984, "bytes": 62497920, "bits_per_second": 499736488.52758664, "jitter_ms": 0.007786222101395831, "lost_packets": 123142, "packets": 168562, "lost_percent": 73.05442507801284, "omitted": false, "sender": false}}, {"streams": [{"socket": 585, "start": 12.000582, "end": 13.000091, "seconds": 0.9995089769363403, "bytes": 62469024, "bits_per_second": 499997702.403657, "jitter_ms": 0.0009111681607629897, "lost_packets": 124877, "packets": 170276, "lost_percent": 73.3379924358101,