{
	"start":	{
		"connected":	[{
				"socket":	238,
				"local_host":	"100.124.85.183",
				"local_port":	46022,
				"remote_host":	"52.240.159.197",
				"remote_port":	5201
			}],
		"version":	"iperf 3.7",
		"system_info":	"Linux localhost 4.19.110-g9ceb3bf92e0a-ab6790968 #2 SMP PREEMPT Wed Aug 26 04:14:37 UTC 2020 aarch64",
		"timestamp":	{
			"time":	"Mon, 17 May 2021 23:56:57 GMT",
			"timesecs":	1621295817
		},
		"connecting_to":	{
			"host":	"52.240.159.197",
			"port":	5201
		},
		"cookie":	"cgxe5bfgnblevokiokrxba3wxqviweqd3z4k",
		"tcp_mss_default":	1376,
		"target_bitrate":	3000000000,
		"sock_bufsize":	0,
		"sndbuf_actual":	2097152,
		"rcvbuf_actual":	6291456,
		"test_start":	{
			"protocol":	"TCP",
			"num_streams":	1,
			"blksize":	131072,
			"omit":	0,
			"duration":	30,
			"bytes":	0,
			"blocks":	0,
			"reverse":	1,
			"tos":	0
		}
	},
	"intervals":	[{
			"streams":	[{
					"socket":	238,
					"start":	0,
					"end":	1.000079,
					"seconds":	1.0000790357589722,
					"bytes":	54795424,
					"bits_per_second":	438328748.35469449,
					"omitted":	false,
					"sender":	false
				}],
			"sum":	{
				"start":	0,
				"end":	1.000079,
				"seconds":	1.0000790357589722,
				"bytes":	54795424,
				"bits_per_second":	438328748.35469449,
				"omitted":	false,
				"sender":	false
			}
		}, {
			"streams":	[{
					"socket":	238,
					"start":	1.000079,
					"end":	2.000067,
					"seconds":	0.99998801946640015,
					"bytes":	65117824,
					"bits_per_second":	520948833.24500048,
					"omitted":	false,
					"sender":	false
				}],
			"sum":	{
				"start":	1.000079,
				"end":	2.000067,
				"seconds":	0.99998801946640015,
				"bytes":	65117824,
				"bits_per_second":	520948833.24500048,
				"omitted":	false,
				"sender":	false
			}
		}, {
			"streams":	[{
					"socket":	238,
					"start":	2.000067,
					"end":	3.000076,
					"seconds":	1.0000089406967163,
					"bytes":	33599168,
					"bits_per_second":	268790940.82171804,
					"omitted":	false,
					"sender":	false
				}],
			"sum":	{
				"start":	2.000067,
				"end":	3.000076,
				"seconds":	1.0000089406967163,
				"bytes":	33599168,
				"bits_per_second":	268790940.82171804,
				"omitted":	false,
				"sender":	false
			}
		}, {
			"streams":	[{
					"socket":	238,
					"start":	3.000076,
					"end":	4.000119,
					"seconds":	1.0000430345535278,
					"bytes":	24649664,
					"bits_per_second":	197188826.06690952,
					"omitted":	false,
					"sender":	false
				}],
			"sum":	{
				"start":	3.000076,
				"end":	4.000119,
				"seconds":	1.0000430345535278,
				"bytes":	24649664,
				"bits_per_second":	197188826.06690952,
				"omitted":	false,
				"sender":	false
			}
		}, {
			"streams":	[{
					"socket":	238,
					"start":	4.000119,
					"end":	5.000097,
					"seconds":	0.99997800588607788,
					"bytes":	17892128,
					"bits_per_second":	143140172.2412551,
					"omitted":	false,
					"sender":	false
				}],
			"sum":	{
				"start":	4.000119,
				"end":	5.000097,
				"seconds":	0.99997800588607788,
				"bytes":	17892128,
				"bits_per_second":	143140172.2412551,
				"omitted":	false,
				"sender":	false
			}
		}, {
			"streams":	[{
					"socket":	238,
					"start":	5.000097,
					"end":	6.000115,
					"seconds":	1.0000180006027222,
					"bytes":	19030080,
					"bits_per_second":	152237899.62604958,
					"omitted":	false,
					"sender":	false
				}],
			"sum":	{
				"start":	5.000097,
				"end":	6.000115,
				"seconds":	1.0000180006027222,
				"bytes":	19030080,
				"bits_per_second":	152237899.62604958,
				"omitted":	false,
				"sender":	false
			}
		}, {
			"streams":	[{
					"socket":	238,
					"start":	6.000115,
					"end":	7.000129,
					"seconds":	1.0000139474868774,
					"bytes":	12594528,
					"bits_per_second":	100754818.72348802,
					"omitted":	false,
					"sender":	false
				}],
			"sum":	{
				"start":	6.000115,
				"end":	7.000129,
				"seconds":	1.0000139474868774,
				"bytes":	12594528,
				"bits_per_second":	100754818.72348802,
				"omitted":	false,
				"sender":	false
			}
		}, {
			"streams":	[{
					"socket":	238,
					"start":	7.000129,
					"end":	8.000124,
					"seconds":	0.99999499320983887,
					"bytes":	10613088,
					"bits_per_second":	84905129.102165014,
					"omitted":	false,
					"sender":	false
				}],
			"sum":	{
				"start":	7.000129,
				"end":	8.000124,
				"seconds":	0.99999499320983887,
				"bytes":	10613088,
				"bits_per_second":	84905129.102165014,
				"omitted":	false,
				"sender":	false
			}
		}, {
			"streams":	[{
					"socket":	238,
					"start":	8.000124,
					"end":	9.000503,
					"seconds":	1.0003789663314819,
					"bytes":	9276992,
					"bits_per_second":	74187821.313516185,
					"omitted":	false,
					"sender":	false
				}],
			"sum":	{
				"start":	8.000124,
				"end":	9.000503,
				"seconds":	1.0003789663314819,
				"bytes":	9276992,
				"bits_per_second":	74187821.313516185,
				"omitted":	false,
				"sender":	false
			}
		}, {
			"streams":	[{
					"socket":	238,
					"start":	9.000503,
					"end":	10.000314,
					"seconds":	0.99981099367141724,
					"bytes":	10413568,
					"bits_per_second":	83324292.818667412,
					"omitted":	false,
					"sender":	false
				}],
			"sum":	{
				"start":	9.000503,
				"end":	10.000314,
				"seconds":	0.99981099367141724,
				"bytes":	10413568,
				"bits_per_second":	83324292.818667412,
				"omitted":	false,
				"sender":	false
			}
		}, {
			"streams":	[{
					"socket":	238,
					"start":	10.000314,
					"end":	11.000108,
					"seconds":	0.99979400634765625,
					"bytes":	11584544,
					"bits_per_second":	92695446.673615932,
					"omitted":	false,
					"sender":	false
				}],
			"sum":	{
				"start":	10.000314,
				"end":	11.000108,
				"seconds":	0.99979400634765625,
				"bytes":	11584544,
				"bits_per_second":	92695446.673615932,
				"omitted":	false,
				"sender":	false
			}
		}, {
			"streams":	[{
					"socket":	238,
					"start":	11.000108,
					"end":	12.000122,
					"seconds":	1.0000139474868774,
					"bytes":	12467936,
					"bits_per_second":	99742096.84841308,
					"omitted":	false,
					"sender":	false
				}],
			"sum":	{
				"start":	11.000108,
				"end":	12.000122,
				"seconds":	1.0000139474868774,
				"bytes":	12467936,
				"bits_per_second":	99742096.84841308,
				"omitted":	false,
				"sender":	false
			}
		}, {
			"streams":	[{
					"socket":	238,
					"start":	12.000122,
					"end":	13.00013,
					"seconds":	1.0000079870224,
					"bytes":	13640288,
					"bits_per_second":	109121432.44467476,
					"omitted":	false,
					"sender":	false
				}],
			"sum":	{
				"start":	12.000122,
				"end":	13.00013,
				"seconds":	1.0000079870224,
				"bytes":	13640288,
				"bits_per_second":	109121432.44467476,
				"omitted":	false,
				"sender":	false
			}
		}, {
			"streams":	[{
					"socket":	238,
					"start":	13.00013,
					"end":	14.000141,
					"seconds":	1.0000109672546387,
					"bytes":	13795776,
					"bits_per_second":	110364997.59896813,
					"omitted":	false,
					"sender":	false
				}],
			"sum":	{
				"start":	13.00013,
				"end":	14.000141,
				"seconds":	1.0000109672546387,
				"bytes":	13795776,
				"bits_per_second":	110364997.59896813,
				"omitted":	false,
				"sender":	false
			}
		}, {
			"streams":	[{
					"socket":	238,
					"start":	14.000141,
					"end":	15.000138,
					"seconds":	0.99999701976776123,
					"bytes":	15291488,
					"bits_per_second":	122332268.57857066,
					"omitted":	false,
					"sender":	false
				}],
			"sum":	{
				"start":	14.000141,
				"end":	15.000138,
				"seconds":	0.99999701976776123,
				"bytes":	15291488,
				"bits_per_second":	122332268.57857066,
				"omitted":	false,
				"sender":	false
			}
		}, {
			"streams":	[{
					"socket":	238,
					"start":	15.000138,
					"end":	16.000159,
					"seconds":	1.0000209808349609,
					"bytes":	15420832,
					"bits_per_second":	123364067.71885508,
					"omitted":	false,
					"sender":	false
				}],
			"sum":	{
				"start":	15.000138,
				"end":	16.000159,
				"seconds":	1.0000209808349609,
				"bytes":	15420832,