{"start": {"connected": [{"socket": 64, "local_host": "100.123.106.128", "local_port": 49344, "remote_host": "52.175.246.98", "remote_port": 5201}], "version": "iperf 3.7", "system_info": "Linux localhost 4.19.110-g9ceb3bf92e0a-ab6790968 #2 SMP PREEMPT Wed Aug 26 04:14:37 UTC 2020 aarch64", "timestamp": {"time": "2021-01-25 06:33:38 ", "timesecs": 1611596018.0}, "connecting_to": {"host": "52.175.246.98", "port": 5201}, "cookie": "ynfjdnddmcdirfzp4c2qqazgqxm2hxtfh4lc", "sock_bufsize": 0, "sndbuf_actual": 212992, "rcvbuf_actual": 212992, "test_start": {"protocol": "UDP", "num_streams": 1, "blksize": 1376, "omit": 0, "duration": 30, "bytes": 0, "blocks": 0, "reverse": 1, "tos": 0}}, "intervals": [{"streams": [{"socket": 64, "start": 0, "end": 1.001362, "seconds": 1.0013619661331177, "bytes": 176546304, "bits_per_second": 1410449447.6198673, "jitter_ms": 0.11766883211192695, "lost_packets": 66331, "packets": 194635, "lost_percent": 34.07968762041771, "omitted": false, "sender": false}], "sum": {"start": 0, "end": 1.001362, "seconds": 1.0013619661331177, "bytes": 176546304, "bits_per_second": 1410449447.6198673, "jitter_ms": 0.11766883211192695, "lost_packets": 66331, "packets": 194635, "lost_percent": 34.07968762041771, "omitted": false, "sender": false}}, {"streams": [{"socket": 64, "start": 1.001362, "end": 2.003179, "seconds": 1.001816987991333, "bytes": 222800544, "bits_per_second": 1779171618.5346022, "jitter_ms": 0.30591153587641395, "lost_packets": 66032, "packets": 227951, "lost_percent": 28.96762900798856, "omitted": false, "sender": false}], "sum": {"start": 1.001362, "end": 2.003179, "seconds": 1.001816987991333, "bytes": 222800544, "bits_per_second": 1779171618.5346022, "jitter_ms": 0.30591153587641395, "lost_packets": 66032, "packets": 227951, "lost_percent": 28.96762900798856, "omitted": false, "sender": false}}, {"streams": [{"socket": 64, "start": 2.003179, "end": 3.000015, "seconds": 0.9968360066413879, "bytes": 189279808, "bits_per_second": 1519044711.3782356, "jitter_ms": 0.0022997752843947877, "lost_packets": 72083, "packets": 209641, "lost_percent": 34.384018393348626, "omitted": false, "sender": false}], "sum": {"start": 2.003179, "end": 3.000015, "seconds": 0.9968360066413879, "bytes": 189279808, "bits_per_second": 1519044711.3782356, "jitter_ms": 0.0022997752843947877, "lost_packets": 72083, "packets": 209641, "lost_percent": 34.384018393348626, "omitted": false, "sender": false}}, {"streams": [{"socket": 64, "start": 3.000015, "end": 4.003369, "seconds": 1.0033539533615112, "bytes": 154834400, "bits_per_second": 1234534628.433065, "jitter_ms": 0.31163622217703146, "lost_packets": 106469, "packets": 218994, "lost_percent": 48.61731371635753, "omitted": false, "sender": false}], "sum": {"start": 3.000015, "end": 4.003369, "seconds": 1.0033539533615112, "bytes": 154834400, "bits_per_second": 1234534628.433065, "jitter_ms": 0.31163622217703146, "lost_packets": 106469, "packets": 218994, "lost_percent": 48.61731371635753, "omitted": false, "sender": false}}, {"streams": [{"socket": 64, "start": 4.003369, "end": 5.00227, "seconds": 0.9989010095596313, "bytes": 203963104, "bits_per_second": 1633500032.9205215, "jitter_ms": 0.2290458744107198, "lost_packets": 74485, "packets": 222714, "lost_percent": 33.44423790152393, "omitted": false, "sender": false}], "sum": {"start": 4.003369, "end": 5.00227, "seconds": 0.9989010095596313, "bytes": 203963104, "bits_per_second": 1633500032.9205215, "jitter_ms": 0.2290458744107198, "lost_packets": 74485, "packets": 222714, "lost_percent": 33.44423790152393, "omitted": false, "sender": false}}, {"streams": [{"socket": 64, "start": 5.00227, "end": 6.002427, "seconds": 1.0001569986343384, "bytes": 84954240, "bits_per_second": 679527235.1520854, "jitter_ms": 0.3880977094009848, "lost_packets": 151741, "packets": 213481, "lost_percent": 71.07939348232395, "omitted": false, "sender": false}], "sum": {"start": 5.00227, "end": 6.002427, "seconds": 1.0001569986343384, "bytes": 84954240, "bits_per_second": 679527235.1520854, "jitter_ms": 0.3880977094009848, "lost_packets": 151741, "packets": 213481, "lost_percent": 71.07939348232395, "omitted": false, "sender": false}}, {"streams": [{"socket": 64, "start": 6.002427, "end": 7.001482, "seconds": 0.999055027961731, "bytes": 29590880, "bits_per_second": 236950952.024104, "jitter_ms": 0.5117228663186796, "lost_packets": 192895, "packets": 214400, "lost_percent": 89.96968283582089, "omitted": false, "sender": false}], "sum": {"start": 6.002427, "end": 7.001482, "seconds": 0.999055027961731, "bytes": 29590880, "bits_per_second": 236950952.024104, "jitter_ms": 0.5117228663186796, "lost_packets": 192895, "packets": 214400, "lost_percent": 89.96968283582089, "omitted": false, "sender": false}}, {"streams": [{"socket": 64, "start": 7.001482, "end": 8.000237, "seconds": 0.9987549781799316, "bytes": 30657280, "bits_per_second": 245563972.50399014, "jitter_ms": 0.6772200760393168, "lost_packets": 202369, "packets": 224649, "lost_percent": 90.08230617541142, "omitted": false, "sender": false}], "sum": {"start": 7.001482, "end": 8.000237, "seconds": 0.9987549781799316, "bytes": 30657280, "bits_per_second": 245563972.50399014, "jitter_ms": 0.6772200760393168, "lost_packets": 202369, "packets": 224649, "lost_percent": 90.08230617541142, "omitted": false, "sender": false}}, {"streams": [{"socket": 64, "start": 8.000237, "end": 9.001645, "seconds": 1.0014079809188843, "bytes": 33041888, "bits_per_second": 263963448.50122738, "jitter_ms": 1.3159007104866638, "lost_packets": 198480, "packets": 222493, "lost_percent": 89.20730090384866, "omitted": false, "sender": false}], "sum": {"start": 8.000237, "end": 9.001645, "seconds": 1.0014079809188843, "bytes": 33041888, "bits_per_second": 263963448.50122738, "jitter_ms": 1.3159007104866638, "lost_packets": 198480, "packets": 222493, "lost_percent": 89.20730090384866, "omitted": false, "sender": false}}, {"streams": [{"socket": 64, "start": 9.001645, "end": 10.000214, "seconds": 0.9985690116882324, "bytes": 29563360, "bits_per_second": 236845803.5766093, "jitter_ms": 1.3147582686618713, "lost_packets": 194720, "packets": 216205, "lost_percent": 90.06267200111006, "omitted": false, "sender": false}], "sum": {"start": 9.001645, "end": 10.000214, "seconds": 0.9985690116882324, "bytes": 29563360, "bits_per_second": 236845803.5766093, "jitter_ms": 1.3147582686618713, "lost_packets": 194720, "packets": 216205, "lost_percent": 90.06267200111006, "omitted": false, "sender": false}}, {"streams": [{"socket": 64, "start": 10.000214, "end": 11.000023, "seconds": 0.9998090267181396, "bytes": 26434336, "bits_per_second": 211515081.7293208, "jitter_ms": 0.08710750007559306, "lost_packets": 194711, "packets": 213922, "lost_percent": 91.01962397509372, "omitted": false, "sender": false}], "sum": {"start": 10.000214, "end": 11.000023, "seconds": 0.9998090267181396, "bytes": 26434336, "bits_per_second": 211515081.7293208, "jitter_ms": 0.08710750007559306, "lost_packets": 194711, "packets": 213922, "lost_percent": 91.01962397509372, "omitted": false, "sender": false}}, {"streams": [{"socket": 64, "start": 11.000023, "end": 12.000022, "seconds": 0.9999989867210388, "bytes": 25899072, "bits_per_second": 207192785.9440909, "jitter_ms": 0.012518728555510651, "lost_packets": 204037, "packets": 222859, "lost_percent": 91.55430115005451, "omitted": false, "sender": false}], "sum": {"start": 11.000023, "end": 12.000022, "seconds": 0.9999989867210388, "bytes": 25899072, "bits_per_second": 207192785.9440909, "jitter_ms": 0.012518728555510651, "lost_packets": 204037, "packets": 222859, "lost_percent": 91.55430115005451, "omitted": false, "sender": false}}, {"streams": [{"socket": 64, "start": 12.000022, "end": 13.003509, "seconds": 1.00348699092865, "bytes": 34445408, "bits_per_second": 274605716.3581039, "jitter_ms": 0.3360989472992517, "lost_packets": 190518, "packets": 215551, "lost_percent": 88.38650713752197, "omitted": false, "sender": false}],