{
	"start":	{
		"connected":	[{
				"socket":	305,
				"local_host":	"100.124.59.153",
				"local_port":	40480,
				"remote_host":	"52.237.164.255",
				"remote_port":	5201
			}],
		"version":	"iperf 3.7",
		"system_info":	"Linux localhost 4.19.110-g9ceb3bf92e0a-ab6790968 #2 SMP PREEMPT Wed Aug 26 04:14:37 UTC 2020 aarch64",
		"timestamp":	{
			"time":	"Tue, 11 May 2021 17:18:46 GMT",
			"timesecs":	1620753526
		},
		"connecting_to":	{
			"host":	"52.237.164.255",
			"port":	5201
		},
		"cookie":	"4kzegcv4vyky4b7ie3ukcbx7n6b6xoba7gw5",
		"tcp_mss_default":	1376,
		"target_bitrate":	2000000000,
		"sock_bufsize":	0,
		"sndbuf_actual":	2097152,
		"rcvbuf_actual":	6291456,
		"test_start":	{
			"protocol":	"TCP",
			"num_streams":	1,
			"blksize":	131072,
			"omit":	0,
			"duration":	30,
			"bytes":	0,
			"blocks":	0,
			"reverse":	1,
			"tos":	0
		}
	},
	"intervals":	[{
			"streams":	[{
					"socket":	305,
					"start":	0,
					"end":	1.000101,
					"seconds":	1.0001009702682495,
					"bytes":	9305888,
					"bits_per_second":	74439587.814849958,
					"omitted":	false,
					"sender":	false
				}],
			"sum":	{
				"start":	0,
				"end":	1.000101,
				"seconds":	1.0001009702682495,
				"bytes":	9305888,
				"bits_per_second":	74439587.814849958,
				"omitted":	false,
				"sender":	false
			}
		}, {
			"streams":	[{
					"socket":	305,
					"start":	1.000101,
					"end":	2.000127,
					"seconds":	1.0000259876251221,
					"bytes":	17381632,
					"bits_per_second":	139049442.43521655,
					"omitted":	false,
					"sender":	false
				}],
			"sum":	{
				"start":	1.000101,
				"end":	2.000127,
				"seconds":	1.0000259876251221,
				"bytes":	17381632,
				"bits_per_second":	139049442.43521655,
				"omitted":	false,
				"sender":	false
			}
		}, {
			"streams":	[{
					"socket":	305,
					"start":	2.000127,
					"end":	3.000446,
					"seconds":	1.0003190040588379,
					"bytes":	14501664,
					"bits_per_second":	115976315.08475889,
					"omitted":	false,
					"sender":	false
				}],
			"sum":	{
				"start":	2.000127,
				"end":	3.000446,
				"seconds":	1.0003190040588379,
				"bytes":	14501664,
				"bits_per_second":	115976315.08475889,
				"omitted":	false,
				"sender":	false
			}
		}, {
			"streams":	[{
					"socket":	305,
					"start":	3.000446,
					"end":	4.000142,
					"seconds":	0.99969601631164551,
					"bytes":	14948864,
					"bits_per_second":	119627276.74081148,
					"omitted":	false,
					"sender":	false
				}],
			"sum":	{
				"start":	3.000446,
				"end":	4.000142,
				"seconds":	0.99969601631164551,
				"bytes":	14948864,
				"bits_per_second":	119627276.74081148,
				"omitted":	false,
				"sender":	false
			}
		}, {
			"streams":	[{
					"socket":	305,
					"start":	4.000142,
					"end":	5.000485,
					"seconds":	1.0003429651260376,
					"bytes":	15704288,
					"bits_per_second":	125591230.58777225,
					"omitted":	false,
					"sender":	false
				}],
			"sum":	{
				"start":	4.000142,
				"end":	5.000485,
				"seconds":	1.0003429651260376,
				"bytes":	15704288,
				"bits_per_second":	125591230.58777225,
				"omitted":	false,
				"sender":	false
			}
		}, {
			"streams":	[{
					"socket":	305,
					"start":	5.000485,
					"end":	6.000405,
					"seconds":	0.99992001056671143,
					"bytes":	16532640,
					"bits_per_second":	132271700.33835018,
					"omitted":	false,
					"sender":	false
				}],
			"sum":	{
				"start":	5.000485,
				"end":	6.000405,
				"seconds":	0.99992001056671143,
				"bytes":	16532640,
				"bits_per_second":	132271700.33835018,
				"omitted":	false,
				"sender":	false
			}
		}, {
			"streams":	[{
					"socket":	305,
					"start":	6.000405,
					"end":	7.000137,
					"seconds":	0.99973201751708984,
					"bytes":	17689856,
					"bits_per_second":	141556782.73811093,
					"omitted":	false,
					"sender":	false
				}],
			"sum":	{
				"start":	6.000405,
				"end":	7.000137,
				"seconds":	0.99973201751708984,
				"bytes":	17689856,
				"bits_per_second":	141556782.73811093,
				"omitted":	false,
				"sender":	false
			}
		}, {
			"streams":	[{
					"socket":	305,
					"start":	7.000137,
					"end":	8.000163,
					"seconds":	1.0000259876251221,
					"bytes":	18077888,
					"bits_per_second":	144619345.68665889,
					"omitted":	false,
					"sender":	false
				}],
			"sum":	{
				"start":	7.000137,
				"end":	8.000163,
				"seconds":	1.0000259876251221,
				"bytes":	18077888,
				"bits_per_second":	144619345.68665889,
				"omitted":	false,
				"sender":	false
			}
		}, {
			"streams":	[{
					"socket":	305,
					"start":	8.000163,
					"end":	9.000123,
					"seconds":	0.99996000528335571,
					"bytes":	14782368,
					"bits_per_second":	118263673.92212783,
					"omitted":	false,
					"sender":	false
				}],
			"sum":	{
				"start":	8.000163,
				"end":	9.000123,
				"seconds":	0.99996000528335571,
				"bytes":	14782368,
				"bits_per_second":	118263673.92212783,
				"omitted":	false,
				"sender":	false
			}
		}, {
			"streams":	[{
					"socket":	305,
					"start":	9.000123,
					"end":	10.000143,
					"seconds":	1.0000200271606445,
					"bytes":	16404672,
					"bits_per_second":	131234747.74062486,
					"omitted":	false,
					"sender":	false
				}],
			"sum":	{
				"start":	9.000123,
				"end":	10.000143,
				"seconds":	1.0000200271606445,
				"bytes":	16404672,
				"bits_per_second":	131234747.74062486,
				"omitted":	false,
				"sender":	false
			}
		}, {
			"streams":	[{
					"socket":	305,
					"start":	10.000143,
					"end":	11.000416,
					"seconds":	1.0002729892730713,
					"bytes":	17460064,
					"bits_per_second":	139642391.12515682,
					"omitted":	false,
					"sender":	false
				}],
			"sum":	{
				"start":	10.000143,
				"end":	11.000416,
				"seconds":	1.0002729892730713,
				"bytes":	17460064,
				"bits_per_second":	139642391.12515682,
				"omitted":	false,
				"sender":	false
			}
		}, {
			"streams":	[{
					"socket":	305,
					"start":	11.000416,
					"end":	12.000325,
					"seconds":	0.999908983707428,
					"bytes":	17272928,
					"bits_per_second":	138196002.0877583,
					"omitted":	false,
					"sender":	false
				}],
			"sum":	{
				"start":	11.000416,
				"end":	12.000325,
				"seconds":	0.999908983707428,
				"bytes":	17272928,
				"bits_per_second":	138196002.0877583,
				"omitted":	false,
				"sender":	false
			}
		}, {
			"streams":	[{
					"socket":	305,
					"start":	12.000325,
					"end":	13.000414,
					"seconds":	1.0000890493392944,
					"bytes":	16759680,
					"bits_per_second":	134065501.55566429,
					"omitted":	false,
					"sender":	false
				}],
			"sum":	{
				"start":	12.000325,
				"end":	13.000414,
				"seconds":	1.0000890493392944,
				"bytes":	16759680,
				"bits_per_second":	134065501.55566429,
				"omitted":	false,
				"sender":	false
			}
		}, {
			"streams":	[{
					"socket":	305,
					"start":	13.000414,
					"end":	14.000193,
					"seconds":	0.99977898597717285,
					"bytes":	14536064,
					"bits_per_second":	116314219.07346943,
					"omitted":	false,
					"sender":	false
				}],
			"sum":	{
				"start":	13.000414,
				"end":	14.000193,
				"seconds":	0.99977898597717285,
				"bytes":	14536064,
				"bits_per_second":	116314219.07346943,
				"omitted":	false,
				"sender":	false
			}
		}, {
			"streams":	[{
					"socket":	305,
					"start":	14.000193,
					"end":	15.000159,
					"seconds":	0.999966025352478,
					"bytes":	12037248,
					"bits_per_second":	96301255.801221773,
					"omitted":	false,
					"sender":	false
				}],
			"sum":	{
				"start":	14.000193,
				"end":	15.000159,
				"seconds":	0.999966025352478,
				"bytes":	12037248,
				"bits_per_second":	96301255.801221773,
				"omitted":	false,
				"sender":	false
			}
		}, {
			"streams":	[{
					"socket":	305,
					"start":	15.000159,
					"end":	16.000414,
					"seconds":	1.0002549886703491,
					"bytes":	11628576,
					"bits_per_second":	93004892.806047425,
					"omitted":	false,
					"sender":	false
				}],
			"sum":	{
				"start":	15.000159,
				"end":	16.000414,
				"seconds":	1.0002549886703491,
				"bytes":	11628576,