{"start": {"connected": [{"socket": 200, "local_host": "100.124.85.183", "local_port": 45402, "remote_host": "65.52.196.57", "remote_port": 5201}], "version": "iperf 3.7", "system_info": "Linux localhost 4.19.110-g9ceb3bf92e0a-ab6790968 #2 SMP PREEMPT Wed Aug 26 04:14:37 UTC 2020 aarch64", "timestamp": {"time": "Mon, 18 Jan 2021 22:05:31 ", "timesecs": 1608350731.0}, "connecting_to": {"host": "65.52.196.57", "port": 5201}, "cookie": "6xxyfbesyym4mh47qyztvta2q7zyig74kzx5", "sock_bufsize": 0, "sndbuf_actual": 212992, "rcvbuf_actual": 212992, "test_start": {"protocol": "UDP", "num_streams": 1, "blksize": 1376, "omit": 0, "duration": 30, "bytes": 0, "blocks": 0, "reverse": 1, "tos": 0}}, "intervals": [{"streams": [{"socket": 200, "start": 0, "end": 1.000322, "seconds": 1.0003219842910767, "bytes": 71338720, "bits_per_second": 570526059.5711682, "jitter_ms": 0.0022082649255112845, "lost_packets": 132580, "packets": 184425, "lost_percent": 71.8883014775654, "omitted": false, "sender": false}], "sum": {"start": 0, "end": 1.000322, "seconds": 1.0003219842910767, "bytes": 71338720, "bits_per_second": 570526059.5711682, "jitter_ms": 0.0022082649255112845, "lost_packets": 132580, "packets": 184425, "lost_percent": 71.8883014775654, "omitted": false, "sender": false}}, {"streams": [{"socket": 200, "start": 1.000322, "end": 2.00038, "seconds": 1.0000580549240112, "bytes": 62057600, "bits_per_second": 496431979.679143, "jitter_ms": 0.001954534545404555, "lost_packets": 142968, "packets": 188068, "lost_percent": 76.01931216368547, "omitted": false, "sender": false}], "sum": {"start": 1.000322, "end": 2.00038, "seconds": 1.0000580549240112, "bytes": 62057600, "bits_per_second": 496431979.679143, "jitter_ms": 0.001954534545404555, "lost_packets": 142968, "packets": 188068, "lost_percent": 76.01931216368547, "omitted": false, "sender": false}}, {"streams": [{"socket": 200, "start": 2.00038, "end": 3.000432, "seconds": 1.0000519752502441, "bytes": 60889376, "bits_per_second": 487089691.3913986, "jitter_ms": 0.2502049979270276, "lost_packets": 143372, "packets": 187623, "lost_percent": 76.4149384670323, "omitted": false, "sender": false}], "sum": {"start": 2.00038, "end": 3.000432, "seconds": 1.0000519752502441, "bytes": 60889376, "bits_per_second": 487089691.3913986, "jitter_ms": 0.2502049979270276, "lost_packets": 143372, "packets": 187623, "lost_percent": 76.4149384670323, "omitted": false, "sender": false}}, {"streams": [{"socket": 200, "start": 3.000432, "end": 4.000104, "seconds": 0.999671995639801, "bytes": 62228224, "bits_per_second": 497989134.60748297, "jitter_ms": 0.0017599268279404655, "lost_packets": 143185, "packets": 188409, "lost_percent": 75.99690036038618, "omitted": false, "sender": false}], "sum": {"start": 3.000432, "end": 4.000104, "seconds": 0.999671995639801, "bytes": 62228224, "bits_per_second": 497989134.60748297, "jitter_ms": 0.0017599268279404655, "lost_packets": 143185, "packets": 188409, "lost_percent": 75.99690036038618, "omitted": false, "sender": false}}, {"streams": [{"socket": 200, "start": 4.000104, "end": 5.000558, "seconds": 1.0004539489746094, "bytes": 60169728, "bits_per_second": 481139411.25761545, "jitter_ms": 0.07716816827349562, "lost_packets": 143204, "packets": 186932, "lost_percent": 76.6075364303597, "omitted": false, "sender": false}], "sum": {"start": 4.000104, "end": 5.000558, "seconds": 1.0004539489746094, "bytes": 60169728, "bits_per_second": 481139411.25761545, "jitter_ms": 0.07716816827349562, "lost_packets": 143204, "packets": 186932, "lost_percent": 76.6075364303597, "omitted": false, "sender": false}}, {"streams": [{"socket": 200, "start": 5.000558, "end": 6.004695, "seconds": 1.0041370391845703, "bytes": 74551680, "bits_per_second": 593956219.8445837, "jitter_ms": 0.003906654882656011, "lost_packets": 133605, "packets": 187785, "lost_percent": 71.14785526000479, "omitted": false, "sender": false}], "sum": {"start": 5.000558, "end": 6.004695, "seconds": 1.0041370391845703, "bytes": 74551680, "bits_per_second": 593956219.8445837, "jitter_ms": 0.003906654882656011, "lost_packets": 133605, "packets": 187785, "lost_percent": 71.14785526000479, "omitted": false, "sender": false}}, {"streams": [{"socket": 200, "start": 6.004695, "end": 7.001116, "seconds": 0.9964209794998169, "bytes": 67827168, "bits_per_second": 544566358.1595632, "jitter_ms": 0.20657360708409792, "lost_packets": 138632, "packets": 187925, "lost_percent": 73.76985499534389, "omitted": false, "sender": false}], "sum": {"start": 6.004695, "end": 7.001116, "seconds": 0.9964209794998169, "bytes": 67827168, "bits_per_second": 544566358.1595632, "jitter_ms": 0.20657360708409792, "lost_packets": 138632, "packets": 187925, "lost_percent": 73.76985499534389, "omitted": false, "sender": false}}, {"streams": [{"socket": 200, "start": 7.001116, "end": 8.000446, "seconds": 0.9993299841880798, "bytes": 71168096, "bits_per_second": 569726493.7592885, "jitter_ms": 0.0005392153881615392, "lost_packets": 136382, "packets": 188103, "lost_percent": 72.50389414310244, "omitted": false, "sender": false}], "sum": {"start": 7.001116, "end": 8.000446, "seconds": 0.9993299841880798, "bytes": 71168096, "bits_per_second": 569726493.7592885, "jitter_ms": 0.0005392153881615392, "lost_packets": 136382, "packets": 188103, "lost_percent": 72.50389414310244, "omitted": false, "sender": false}}, {"streams": [{"socket": 200, "start": 8.000446, "end": 9.000472, "seconds": 1.000025987625122, "bytes": 66288800, "bits_per_second": 530296618.8502658, "jitter_ms": 0.002287506135048072, "lost_packets": 139847, "packets": 188022, "lost_percent": 74.37799831934561, "omitted": false, "sender": false}], "sum": {"start": 8.000446, "end": 9.000472, "seconds": 1.000025987625122, "bytes": 66288800, "bits_per_second": 530296618.8502658, "jitter_ms": 0.002287506135048072, "lost_packets": 139847, "packets": 188022, "lost_percent": 74.37799831934561, "omitted": false, "sender": false}}, {"streams": [{"socket": 200, "start": 9.000472, "end": 10.000329, "seconds": 0.9998570084571838, "bytes": 73101376, "bits_per_second": 584894642.9873856, "jitter_ms": 0.03959519500571813, "lost_packets": 135121, "packets": 188247, "lost_percent": 71.77856752033233, "omitted": false, "sender": false}], "sum": {"start": 9.000472, "end": 10.000329, "seconds": 0.9998570084571838, "bytes": 73101376, "bits_per_second": 584894642.9873856, "jitter_ms": 0.03959519500571813, "lost_packets": 135121, "packets": 188247, "lost_percent": 71.77856752033233, "omitted": false, "sender": false}}, {"streams": [{"socket": 200, "start": 10.000329, "end": 11.000478, "seconds": 1.0001490116119385, "bytes": 70715392, "bits_per_second": 565638849.2432992, "jitter_ms": 0.0011384686693449893, "lost_packets": 136505, "packets": 187897, "lost_percent": 72.6488448458464, "omitted": false, "sender": false}], "sum": {"start": 10.000329, "end": 11.000478, "seconds": 1.0001490116119385, "bytes": 70715392, "bits_per_second": 565638849.2432992, "jitter_ms": 0.0011384686693449893, "lost_packets": 136505, "packets": 187897, "lost_percent": 72.6488448458464, "omitted": false, "sender": false}}, {"streams": [{"socket": 200, "start": 11.000478, "end": 12.003712, "seconds": 1.0032340288162231, "bytes": 61749376, "bits_per_second": 492402563.91910344, "jitter_ms": 0.3957701373478786, "lost_packets": 141534, "packets": 186410, "lost_percent": 75.92618421758489, "omitted": false, "sender": false}], "sum": {"start": 11.000478, "end": 12.003712, "seconds": 1.0032340288162231, "bytes": 61749376, "bits_per_second": 492402563.91910344, "jitter_ms": 0.3957701373478786, "lost_packets": 141534, "packets": 186410, "lost_percent": 75.92618421758489, "omitted": false, "sender": false}}, {"streams": [{"socket": 200, "start": 12.003712, "end": 13.000423, "seconds": 0.996711015701294, "bytes": 60614176, "bits_per_second": 486513543.4053681, "jitter_ms": 0.0015593783811711818, "lost_packets": 140393, "packets": 184444, "lost_percent": 76.11687016113292, "omitted": false,