{
	"start":	{
		"connected":	[{
				"socket":	185,
				"local_host":	"100.124.85.183",
				"local_port":	37052,
				"remote_host":	"20.75.78.124",
				"remote_port":	5201
			}],
		"version":	"iperf 3.7",
		"system_info":	"Linux localhost 4.19.110-g9ceb3bf92e0a-ab6790968 #2 SMP PREEMPT Wed Aug 26 04:14:37 UTC 2020 aarch64",
		"timestamp":	{
			"time":	"Mon, 17 May 2021 22:03:42 GMT",
			"timesecs":	1621289022
		},
		"connecting_to":	{
			"host":	"20.75.78.124",
			"port":	5201
		},
		"cookie":	"uxviftaryxmf6oki7q4z5mzimptho6efhjkg",
		"tcp_mss_default":	1376,
		"target_bitrate":	30000000,
		"sock_bufsize":	0,
		"sndbuf_actual":	524288,
		"rcvbuf_actual":	1048576,
		"test_start":	{
			"protocol":	"TCP",
			"num_streams":	1,
			"blksize":	131072,
			"omit":	0,
			"duration":	10,
			"bytes":	0,
			"blocks":	0,
			"reverse":	1,
			"tos":	0
		}
	},
	"intervals":	[{
			"streams":	[{
					"socket":	185,
					"start":	0,
					"end":	1.000229,
					"seconds":	1.0002290010452271,
					"bytes":	649472,
					"bits_per_second":	5194586.4342770278,
					"omitted":	false,
					"sender":	false
				}],
			"sum":	{
				"start":	0,
				"end":	1.000229,
				"seconds":	1.0002290010452271,
				"bytes":	649472,
				"bits_per_second":	5194586.4342770278,
				"omitted":	false,
				"sender":	false
			}
		}, {
			"streams":	[{
					"socket":	185,
					"start":	1.000229,
					"end":	2.000128,
					"seconds":	0.99989902973175049,
					"bytes":	974208,
					"bits_per_second":	7794451.0078091165,
					"omitted":	false,
					"sender":	false
				}],
			"sum":	{
				"start":	1.000229,
				"end":	2.000128,
				"seconds":	0.99989902973175049,
				"bytes":	974208,
				"bits_per_second":	7794451.0078091165,
				"omitted":	false,
				"sender":	false
			}
		}, {
			"streams":	[{
					"socket":	185,
					"start":	2.000128,
					"end":	3.000117,
					"seconds":	0.99998897314071655,
					"bytes":	793952,
					"bits_per_second":	6351686.0391481668,
					"omitted":	false,
					"sender":	false
				}],
			"sum":	{
				"start":	2.000128,
				"end":	3.000117,
				"seconds":	0.99998897314071655,
				"bytes":	793952,
				"bits_per_second":	6351686.0391481668,
				"omitted":	false,
				"sender":	false
			}
		}, {
			"streams":	[{
					"socket":	185,
					"start":	3.000117,
					"end":	4.000235,
					"seconds":	1.0001180171966553,
					"bytes":	1177856,
					"bits_per_second":	9421736.0731210243,
					"omitted":	false,
					"sender":	false
				}],
			"sum":	{
				"start":	3.000117,
				"end":	4.000235,
				"seconds":	1.0001180171966553,
				"bytes":	1177856,
				"bits_per_second":	9421736.0731210243,
				"omitted":	false,
				"sender":	false
			}
		}, {
			"streams":	[{
					"socket":	185,
					"start":	4.000235,
					"end":	5.00042,
					"seconds":	1.0001850128173828,
					"bytes":	1170976,
					"bits_per_second":	9366075.15604756,
					"omitted":	false,
					"sender":	false
				}],
			"sum":	{
				"start":	4.000235,
				"end":	5.00042,
				"seconds":	1.0001850128173828,
				"bytes":	1170976,
				"bits_per_second":	9366075.15604756,
				"omitted":	false,
				"sender":	false
			}
		}, {
			"streams":	[{
					"socket":	185,
					"start":	5.00042,
					"end":	6.000113,
					"seconds":	0.999692976474762,
					"bytes":	1359488,
					"bits_per_second":	10879244.183901267,
					"omitted":	false,
					"sender":	false
				}],
			"sum":	{
				"start":	5.00042,
				"end":	6.000113,
				"seconds":	0.999692976474762,
				"bytes":	1359488,
				"bits_per_second":	10879244.183901267,
				"omitted":	false,
				"sender":	false
			}
		}, {
			"streams":	[{
					"socket":	185,
					"start":	6.000113,
					"end":	7.000153,
					"seconds":	1.0000400543212891,
					"bytes":	1623680,
					"bits_per_second":	12988919.737635631,
					"omitted":	false,
					"sender":	false
				}],
			"sum":	{
				"start":	6.000113,
				"end":	7.000153,
				"seconds":	1.0000400543212891,
				"bytes":	1623680,
				"bits_per_second":	12988919.737635631,
				"omitted":	false,
				"sender":	false
			}
		}, {
			"streams":	[{
					"socket":	185,
					"start":	7.000153,
					"end":	8.000179,
					"seconds":	1.0000259876251221,
					"bytes":	1556256,
					"bits_per_second":	12449724.461227829,
					"omitted":	false,
					"sender":	false
				}],
			"sum":	{
				"start":	7.000153,
				"end":	8.000179,
				"seconds":	1.0000259876251221,
				"bytes":	1556256,
				"bits_per_second":	12449724.461227829,
				"omitted":	false,
				"sender":	false
			}
		}, {
			"streams":	[{
					"socket":	185,
					"start":	8.000179,
					"end":	9.000432,
					"seconds":	1.0002529621124268,
					"bytes":	1424160,
					"bits_per_second":	11390398.660693409,
					"omitted":	false,
					"sender":	false
				}],
			"sum":	{
				"start":	8.000179,
				"end":	9.000432,
				"seconds":	1.0002529621124268,
				"bytes":	1424160,
				"bits_per_second":	11390398.660693409,
				"omitted":	false,
				"sender":	false
			}
		}, {
			"streams":	[{
					"socket":	185,
					"start":	9.000432,
					"end":	10.000473,
					"seconds":	1.0000410079956055,
					"bytes":	1433792,
					"bits_per_second":	11469865.643800084,
					"omitted":	false,
					"sender":	false
				}],
			"sum":	{
				"start":	9.000432,
				"end":	10.000473,
				"seconds":	1.0000410079956055,
				"bytes":	1433792,
				"bits_per_second":	11469865.643800084,
				"omitted":	false,
				"sender":	false
			}
		}],
	"end":	{
		"streams":	[{
				"sender":	{
					"socket":	185,
					"start":	0,
					"end":	10.000473,
					"seconds":	10.000473,
					"bytes":	13441504,
					"bits_per_second":	10752694.597545536,
					"retransmits":	0,
					"max_snd_cwnd":	0,
					"max_rtt":	0,
					"min_rtt":	0,
					"mean_rtt":	0,
					"sender":	false
				},
				"receiver":	{
					"socket":	185,
					"start":	0,
					"end":	10.000473,
					"seconds":	10.000473,
					"bytes":	12163840,
					"bits_per_second":	9730611.7420646,
					"sender":	false
				}
			}],
		"sum_sent":	{
			"start":	0,
			"end":	10.000473,
			"seconds":	10.000473,
			"bytes":	13441504,
			"bits_per_second":	10752694.597545536,
			"retransmits":	0,
			"sender":	false
		},
		"sum_received":	{
			"start":	0,
			"end":	10.000473,
			"seconds":	10.000473,
			"bytes":	12163840,
			"bits_per_second":	9730611.7420646,
			"sender":	false
		},
		"cpu_utilization_percent":	{
			"host_total":	16.16820409861182,
			"host_user":	9.7483354386800141,
			"host_system":	6.4199168850218369,
			"remote_total":	0.180742,
			"remote_user":	0.116623,
			"remote_system":	0.06412
		}
	},
	"title":	"HUCKLEBERRY_830_cubic_1621289018_64463_10_1"
}
