{
	"start":	{
		"connected":	[{
				"socket":	257,
				"local_host":	"100.124.59.153",
				"local_port":	38990,
				"remote_host":	"104.210.37.160",
				"remote_port":	5201
			}],
		"version":	"iperf 3.7",
		"system_info":	"Linux localhost 4.19.110-g9ceb3bf92e0a-ab6790968 #2 SMP PREEMPT Wed Aug 26 04:14:37 UTC 2020 aarch64",
		"timestamp":	{
			"time":	"Tue, 11 May 2021 17:06:51 GMT",
			"timesecs":	1620752811
		},
		"connecting_to":	{
			"host":	"104.210.37.160",
			"port":	5201
		},
		"cookie":	"qgxm5p2wdwaagyifgnrln56p3idjzcvdtqwd",
		"tcp_mss_default":	1376,
		"target_bitrate":	2000000000,
		"sock_bufsize":	0,
		"sndbuf_actual":	2097152,
		"rcvbuf_actual":	6291456,
		"test_start":	{
			"protocol":	"TCP",
			"num_streams":	1,
			"blksize":	131072,
			"omit":	0,
			"duration":	30,
			"bytes":	0,
			"blocks":	0,
			"reverse":	1,
			"tos":	0
		}
	},
	"intervals":	[{
			"streams":	[{
					"socket":	257,
					"start":	0,
					"end":	1.000067,
					"seconds":	1.0000669956207275,
					"bytes":	7847328,
					"bits_per_second":	62774418.388874225,
					"omitted":	false,
					"sender":	false
				}],
			"sum":	{
				"start":	0,
				"end":	1.000067,
				"seconds":	1.0000669956207275,
				"bytes":	7847328,
				"bits_per_second":	62774418.388874225,
				"omitted":	false,
				"sender":	false
			}
		}, {
			"streams":	[{
					"socket":	257,
					"start":	1.000067,
					"end":	2.000116,
					"seconds":	1.0000489950180054,
					"bytes":	25824768,
					"bits_per_second":	206588022.21613184,
					"omitted":	false,
					"sender":	false
				}],
			"sum":	{
				"start":	1.000067,
				"end":	2.000116,
				"seconds":	1.0000489950180054,
				"bytes":	25824768,
				"bits_per_second":	206588022.21613184,
				"omitted":	false,
				"sender":	false
			}
		}, {
			"streams":	[{
					"socket":	257,
					"start":	2.000116,
					"end":	3.000105,
					"seconds":	0.99998897314071655,
					"bytes":	31897504,
					"bits_per_second":	255182845.8653329,
					"omitted":	false,
					"sender":	false
				}],
			"sum":	{
				"start":	2.000116,
				"end":	3.000105,
				"seconds":	0.99998897314071655,
				"bytes":	31897504,
				"bits_per_second":	255182845.8653329,
				"omitted":	false,
				"sender":	false
			}
		}, {
			"streams":	[{
					"socket":	257,
					"start":	3.000105,
					"end":	4.000655,
					"seconds":	1.0005500316619873,
					"bytes":	17384672,
					"bits_per_second":	139000921.09235382,
					"omitted":	false,
					"sender":	false
				}],
			"sum":	{
				"start":	3.000105,
				"end":	4.000655,
				"seconds":	1.0005500316619873,
				"bytes":	17384672,
				"bits_per_second":	139000921.09235382,
				"omitted":	false,
				"sender":	false
			}
		}, {
			"streams":	[{
					"socket":	257,
					"start":	4.000655,
					"end":	5.000107,
					"seconds":	0.99945199489593506,
					"bytes":	19485184,
					"bits_per_second":	155966942.68065441,
					"omitted":	false,
					"sender":	false
				}],
			"sum":	{
				"start":	4.000655,
				"end":	5.000107,
				"seconds":	0.99945199489593506,
				"bytes":	19485184,
				"bits_per_second":	155966942.68065441,
				"omitted":	false,
				"sender":	false
			}
		}, {
			"streams":	[{
					"socket":	257,
					"start":	5.000107,
					"end":	6.000113,
					"seconds":	1.0000059604644775,
					"bytes":	20557440,
					"bits_per_second":	164458539.75071579,
					"omitted":	false,
					"sender":	false
				}],
			"sum":	{
				"start":	5.000107,
				"end":	6.000113,
				"seconds":	1.0000059604644775,
				"bytes":	20557440,
				"bits_per_second":	164458539.75071579,
				"omitted":	false,
				"sender":	false
			}
		}, {
			"streams":	[{
					"socket":	257,
					"start":	6.000113,
					"end":	7.000116,
					"seconds":	1.0000029802322388,
					"bytes":	22538880,
					"bits_per_second":	180310502.63282707,
					"omitted":	false,
					"sender":	false
				}],
			"sum":	{
				"start":	6.000113,
				"end":	7.000116,
				"seconds":	1.0000029802322388,
				"bytes":	22538880,
				"bits_per_second":	180310502.63282707,
				"omitted":	false,
				"sender":	false
			}
		}, {
			"streams":	[{
					"socket":	257,
					"start":	7.000116,
					"end":	8.000166,
					"seconds":	1.0000499486923218,
					"bytes":	22600800,
					"bits_per_second":	180797369.40782285,
					"omitted":	false,
					"sender":	false
				}],
			"sum":	{
				"start":	7.000116,
				"end":	8.000166,
				"seconds":	1.0000499486923218,
				"bytes":	22600800,
				"bits_per_second":	180797369.40782285,
				"omitted":	false,
				"sender":	false
			}
		}, {
			"streams":	[{
					"socket":	257,
					"start":	8.000166,
					"end":	9.000111,
					"seconds":	0.99994498491287231,
					"bytes":	21266080,
					"bits_per_second":	170138000.15690237,
					"omitted":	false,
					"sender":	false
				}],
			"sum":	{
				"start":	8.000166,
				"end":	9.000111,
				"seconds":	0.99994498491287231,
				"bytes":	21266080,
				"bits_per_second":	170138000.15690237,
				"omitted":	false,
				"sender":	false
			}
		}, {
			"streams":	[{
					"socket":	257,
					"start":	9.000111,
					"end":	10.000473,
					"seconds":	1.0003620386123657,
					"bytes":	17433920,
					"bits_per_second":	139420884.25652897,
					"omitted":	false,
					"sender":	false
				}],
			"sum":	{
				"start":	9.000111,
				"end":	10.000473,
				"seconds":	1.0003620386123657,
				"bytes":	17433920,
				"bits_per_second":	139420884.25652897,
				"omitted":	false,
				"sender":	false
			}
		}, {
			"streams":	[{
					"socket":	257,
					"start":	10.000473,
					"end":	11.000157,
					"seconds":	0.99968397617340088,
					"bytes":	15371296,
					"bits_per_second":	123009241.85131691,
					"omitted":	false,
					"sender":	false
				}],
			"sum":	{
				"start":	10.000473,
				"end":	11.000157,
				"seconds":	0.99968397617340088,
				"bytes":	15371296,
				"bits_per_second":	123009241.85131691,
				"omitted":	false,
				"sender":	false
			}
		}, {
			"streams":	[{
					"socket":	257,
					"start":	11.000157,
					"end":	12.000117,
					"seconds":	0.99996000528335571,
					"bytes":	13454528,
					"bits_per_second":	107640529.0524589,
					"omitted":	false,
					"sender":	false
				}],
			"sum":	{
				"start":	11.000157,
				"end":	12.000117,
				"seconds":	0.99996000528335571,
				"bytes":	13454528,
				"bits_per_second":	107640529.0524589,
				"omitted":	false,
				"sender":	false
			}
		}, {
			"streams":	[{
					"socket":	257,
					"start":	12.000117,
					"end":	13.000122,
					"seconds":	1.0000050067901611,
					"bytes":	14602112,
					"bits_per_second":	116816311.1252428,
					"omitted":	false,
					"sender":	false
				}],
			"sum":	{
				"start":	12.000117,
				"end":	13.000122,
				"seconds":	1.0000050067901611,
				"bytes":	14602112,
				"bits_per_second":	116816311.1252428,
				"omitted":	false,
				"sender":	false
			}
		}, {
			"streams":	[{
					"socket":	257,
					"start":	13.000122,
					"end":	14.000099,
					"seconds":	0.9999769926071167,
					"bytes":	15078208,
					"bits_per_second":	120628439.34589693,
					"omitted":	false,
					"sender":	false
				}],
			"sum":	{
				"start":	13.000122,
				"end":	14.000099,
				"seconds":	0.9999769926071167,
				"bytes":	15078208,
				"bits_per_second":	120628439.34589693,
				"omitted":	false,
				"sender":	false
			}
		}, {
			"streams":	[{
					"socket":	257,
					"start":	14.000099,
					"end":	15.000134,
					"seconds":	1.0000350475311279,
					"bytes":	14394336,
					"bits_per_second":	115150652.25393073,
					"omitted":	false,
					"sender":	false
				}],
			"sum":	{
				"start":	14.000099,
				"end":	15.000134,
				"seconds":	1.0000350475311279,
				"bytes":	14394336,
				"bits_per_second":	115150652.25393073,
				"omitted":	false,
				"sender":	false
			}
		}, {
			"streams":	[{
					"socket":	257,
					"start":	15.000134,
					"end":	16.000109,
					"seconds":	0.99997502565383911,
					"bytes":	14159040,
					"bits_per_second":	113275148.97278187,
					"omitted":	false,
					"sender":	false
				}],
			"sum":	{
				"start":	15.000134,
				"end":	16.000109,
				"seconds":	0.99997502565383911,
				"bytes":	14159040,