{
	"start":	{
		"connected":	[{
				"socket":	96,
				"local_host":	"100.124.85.183",
				"local_port":	46766,
				"remote_host":	"104.214.106.253",
				"remote_port":	5201
			}],
		"version":	"iperf 3.7",
		"system_info":	"Linux localhost 4.19.110-g9ceb3bf92e0a-ab6790968 #2 SMP PREEMPT Wed Aug 26 04:14:37 UTC 2020 aarch64",
		"timestamp":	{
			"time":	"Mon, 17 May 2021 22:15:32 GMT",
			"timesecs":	1621289732
		},
		"connecting_to":	{
			"host":	"104.214.106.253",
			"port":	5201
		},
		"cookie":	"cezzriyqder5ylduf2ezsdkbojcrcgwkagrg",
		"tcp_mss_default":	1376,
		"target_bitrate":	3000000000,
		"sock_bufsize":	0,
		"sndbuf_actual":	524288,
		"rcvbuf_actual":	1048576,
		"test_start":	{
			"protocol":	"TCP",
			"num_streams":	1,
			"blksize":	131072,
			"omit":	0,
			"duration":	10,
			"bytes":	0,
			"blocks":	0,
			"reverse":	1,
			"tos":	0
		}
	},
	"intervals":	[{
			"streams":	[{
					"socket":	96,
					"start":	0,
					"end":	1.000117,
					"seconds":	1.0001169443130493,
					"bytes":	883392,
					"bits_per_second":	7066309.6352739092,
					"omitted":	false,
					"sender":	false
				}],
			"sum":	{
				"start":	0,
				"end":	1.000117,
				"seconds":	1.0001169443130493,
				"bytes":	883392,
				"bits_per_second":	7066309.6352739092,
				"omitted":	false,
				"sender":	false
			}
		}, {
			"streams":	[{
					"socket":	96,
					"start":	1.000117,
					"end":	2.000122,
					"seconds":	1.0000050067901611,
					"bytes":	1069152,
					"bits_per_second":	8553173.1760566961,
					"omitted":	false,
					"sender":	false
				}],
			"sum":	{
				"start":	1.000117,
				"end":	2.000122,
				"seconds":	1.0000050067901611,
				"bytes":	1069152,
				"bits_per_second":	8553173.1760566961,
				"omitted":	false,
				"sender":	false
			}
		}, {
			"streams":	[{
					"socket":	96,
					"start":	2.000122,
					"end":	3.000472,
					"seconds":	1.0003499984741211,
					"bytes":	1153088,
					"bits_per_second":	9221476.4972968027,
					"omitted":	false,
					"sender":	false
				}],
			"sum":	{
				"start":	2.000122,
				"end":	3.000472,
				"seconds":	1.0003499984741211,
				"bytes":	1153088,
				"bits_per_second":	9221476.4972968027,
				"omitted":	false,
				"sender":	false
			}
		}, {
			"streams":	[{
					"socket":	96,
					"start":	3.000472,
					"end":	4.003093,
					"seconds":	1.002621054649353,
					"bytes":	1316832,
					"bits_per_second":	10507116.274038639,
					"omitted":	false,
					"sender":	false
				}],
			"sum":	{
				"start":	3.000472,
				"end":	4.003093,
				"seconds":	1.002621054649353,
				"bytes":	1316832,
				"bits_per_second":	10507116.274038639,
				"omitted":	false,
				"sender":	false
			}
		}, {
			"streams":	[{
					"socket":	96,
					"start":	4.003093,
					"end":	5.000263,
					"seconds":	0.99716997146606445,
					"bytes":	1426912,
					"bits_per_second":	11447693.298683016,
					"omitted":	false,
					"sender":	false
				}],
			"sum":	{
				"start":	4.003093,
				"end":	5.000263,
				"seconds":	0.99716997146606445,
				"bytes":	1426912,
				"bits_per_second":	11447693.298683016,
				"omitted":	false,
				"sender":	false
			}
		}, {
			"streams":	[{
					"socket":	96,
					"start":	5.000263,
					"end":	6.000128,
					"seconds":	0.99986499547958374,
					"bytes":	1948416,
					"bits_per_second":	15589432.643877648,
					"omitted":	false,
					"sender":	false
				}],
			"sum":	{
				"start":	5.000263,
				"end":	6.000128,
				"seconds":	0.99986499547958374,
				"bytes":	1948416,
				"bits_per_second":	15589432.643877648,
				"omitted":	false,
				"sender":	false
			}
		}, {
			"streams":	[{
					"socket":	96,
					"start":	6.000128,
					"end":	7.000137,
					"seconds":	1.0000089406967163,
					"bytes":	2633664,
					"bits_per_second":	21069123.627355568,
					"omitted":	false,
					"sender":	false
				}],
			"sum":	{
				"start":	6.000128,
				"end":	7.000137,
				"seconds":	1.0000089406967163,
				"bytes":	2633664,
				"bits_per_second":	21069123.627355568,
				"omitted":	false,
				"sender":	false
			}
		}, {
			"streams":	[{
					"socket":	96,
					"start":	7.000137,
					"end":	8.000132,
					"seconds":	0.99999499320983887,
					"bytes":	3416608,
					"bits_per_second":	27333000.850599732,
					"omitted":	false,
					"sender":	false
				}],
			"sum":	{
				"start":	7.000137,
				"end":	8.000132,
				"seconds":	0.99999499320983887,
				"bytes":	3416608,
				"bits_per_second":	27333000.850599732,
				"omitted":	false,
				"sender":	false
			}
		}, {
			"streams":	[{
					"socket":	96,
					"start":	8.000132,
					"end":	9.000129,
					"seconds":	0.99999701976776123,
					"bytes":	4712800,
					"bits_per_second":	37702512.362242825,
					"omitted":	false,
					"sender":	false
				}],
			"sum":	{
				"start":	8.000132,
				"end":	9.000129,
				"seconds":	0.99999701976776123,
				"bytes":	4712800,
				"bits_per_second":	37702512.362242825,
				"omitted":	false,
				"sender":	false
			}
		}, {
			"streams":	[{
					"socket":	96,
					"start":	9.000129,
					"end":	10.000234,
					"seconds":	1.0001050233840942,
					"bytes":	5483360,
					"bits_per_second":	43862273.435609728,
					"omitted":	false,
					"sender":	false
				}],
			"sum":	{
				"start":	9.000129,
				"end":	10.000234,
				"seconds":	1.0001050233840942,
				"bytes":	5483360,
				"bits_per_second":	43862273.435609728,
				"omitted":	false,
				"sender":	false
			}
		}],
	"end":	{
		"streams":	[{
				"sender":	{
					"socket":	96,
					"start":	0,
					"end":	10.000234,
					"seconds":	10.000234,
					"bytes":	25349344,
					"bits_per_second":	20279000.67138429,
					"retransmits":	1,
					"max_snd_cwnd":	0,
					"max_rtt":	0,
					"min_rtt":	0,
					"mean_rtt":	0,
					"sender":	false
				},
				"receiver":	{
					"socket":	96,
					"start":	0,
					"end":	10.000234,
					"seconds":	10.000234,
					"bytes":	24044224,
					"bits_per_second":	19234929.102659,
					"sender":	false
				}
			}],
		"sum_sent":	{
			"start":	0,
			"end":	10.000234,
			"seconds":	10.000234,
			"bytes":	25349344,
			"bits_per_second":	20279000.67138429,
			"retransmits":	1,
			"sender":	false
		},
		"sum_received":	{
			"start":	0,
			"end":	10.000234,
			"seconds":	10.000234,
			"bytes":	24044224,
			"bits_per_second":	19234929.102659,
			"sender":	false
		},
		"cpu_utilization_percent":	{
			"host_total":	85.0949623589612,
			"host_user":	71.977313661118529,
			"host_system":	13.117774034600851,
			"remote_total":	0.230222,
			"remote_user":	0,
			"remote_system":	0.230231
		}
	},
	"title":	"HUCKLEBERRY_830_cubic_1621289674_64469_10_1"
}
