{
	"start":	{
		"connected":	[{
				"socket":	247,
				"local_host":	"100.124.85.183",
				"local_port":	41288,
				"remote_host":	"13.78.225.186",
				"remote_port":	5201
			}],
		"version":	"iperf 3.7",
		"system_info":	"Linux localhost 4.19.110-g9ceb3bf92e0a-ab6790968 #2 SMP PREEMPT Wed Aug 26 04:14:37 UTC 2020 aarch64",
		"timestamp":	{
			"time":	"Tue, 18 May 2021 00:04:12 GMT",
			"timesecs":	1621296252
		},
		"connecting_to":	{
			"host":	"13.78.225.186",
			"port":	5201
		},
		"cookie":	"hy23q4lyp5au4ufcgxmnivgjiquxtzuasdda",
		"tcp_mss_default":	1376,
		"target_bitrate":	3000000000,
		"sock_bufsize":	0,
		"sndbuf_actual":	2097152,
		"rcvbuf_actual":	6291456,
		"test_start":	{
			"protocol":	"TCP",
			"num_streams":	1,
			"blksize":	131072,
			"omit":	0,
			"duration":	30,
			"bytes":	0,
			"blocks":	0,
			"reverse":	1,
			"tos":	0
		}
	},
	"intervals":	[{
			"streams":	[{
					"socket":	247,
					"start":	0,
					"end":	1.000112,
					"seconds":	1.0001120567321777,
					"bytes":	829728,
					"bits_per_second":	6637080.27047369,
					"omitted":	false,
					"sender":	false
				}],
			"sum":	{
				"start":	0,
				"end":	1.000112,
				"seconds":	1.0001120567321777,
				"bytes":	829728,
				"bits_per_second":	6637080.27047369,
				"omitted":	false,
				"sender":	false
			}
		}, {
			"streams":	[{
					"socket":	247,
					"start":	1.000112,
					"end":	2.000147,
					"seconds":	1.0000350475311279,
					"bytes":	992096,
					"bits_per_second":	7936489.8456250886,
					"omitted":	false,
					"sender":	false
				}],
			"sum":	{
				"start":	1.000112,
				"end":	2.000147,
				"seconds":	1.0000350475311279,
				"bytes":	992096,
				"bits_per_second":	7936489.8456250886,
				"omitted":	false,
				"sender":	false
			}
		}, {
			"streams":	[{
					"socket":	247,
					"start":	2.000147,
					"end":	3.000374,
					"seconds":	1.0002269744873047,
					"bytes":	1166848,
					"bits_per_second":	9332665.72298234,
					"omitted":	false,
					"sender":	false
				}],
			"sum":	{
				"start":	2.000147,
				"end":	3.000374,
				"seconds":	1.0002269744873047,
				"bytes":	1166848,
				"bits_per_second":	9332665.72298234,
				"omitted":	false,
				"sender":	false
			}
		}, {
			"streams":	[{
					"socket":	247,
					"start":	3.000374,
					"end":	4.00009,
					"seconds":	0.99971598386764526,
					"bytes":	1620928,
					"bits_per_second":	12971108.003927631,
					"omitted":	false,
					"sender":	false
				}],
			"sum":	{
				"start":	3.000374,
				"end":	4.00009,
				"seconds":	0.99971598386764526,
				"bytes":	1620928,
				"bits_per_second":	12971108.003927631,
				"omitted":	false,
				"sender":	false
			}
		}, {
			"streams":	[{
					"socket":	247,
					"start":	4.00009,
					"end":	5.000312,
					"seconds":	1.0002219676971436,
					"bytes":	2065376,
					"bits_per_second":	16519341.239866659,
					"omitted":	false,
					"sender":	false
				}],
			"sum":	{
				"start":	4.00009,
				"end":	5.000312,
				"seconds":	1.0002219676971436,
				"bytes":	2065376,
				"bits_per_second":	16519341.239866659,
				"omitted":	false,
				"sender":	false
			}
		}, {
			"streams":	[{
					"socket":	247,
					"start":	5.000312,
					"end":	6.000949,
					"seconds":	1.0006370544433594,
					"bytes":	2830432,
					"bits_per_second":	22629040.069474783,
					"omitted":	false,
					"sender":	false
				}],
			"sum":	{
				"start":	5.000312,
				"end":	6.000949,
				"seconds":	1.0006370544433594,
				"bytes":	2830432,
				"bits_per_second":	22629040.069474783,
				"omitted":	false,
				"sender":	false
			}
		}, {
			"streams":	[{
					"socket":	247,
					"start":	6.000949,
					"end":	7.00013,
					"seconds":	0.99918097257614136,
					"bytes":	2695584,
					"bits_per_second":	21582348.535321705,
					"omitted":	false,
					"sender":	false
				}],
			"sum":	{
				"start":	6.000949,
				"end":	7.00013,
				"seconds":	0.99918097257614136,
				"bytes":	2695584,
				"bits_per_second":	21582348.535321705,
				"omitted":	false,
				"sender":	false
			}
		}, {
			"streams":	[{
					"socket":	247,
					"start":	7.00013,
					"end":	8.000486,
					"seconds":	1.0003559589385986,
					"bytes":	3444128,
					"bits_per_second":	27543219.744734075,
					"omitted":	false,
					"sender":	false
				}],
			"sum":	{
				"start":	7.00013,
				"end":	8.000486,
				"seconds":	1.0003559589385986,
				"bytes":	3444128,
				"bits_per_second":	27543219.744734075,
				"omitted":	false,
				"sender":	false
			}
		}, {
			"streams":	[{
					"socket":	247,
					"start":	8.000486,
					"end":	9.000194,
					"seconds":	0.99970799684524536,
					"bytes":	4943968,
					"bits_per_second":	39563296.60742186,
					"omitted":	false,
					"sender":	false
				}],
			"sum":	{
				"start":	8.000486,
				"end":	9.000194,
				"seconds":	0.99970799684524536,
				"bytes":	4943968,
				"bits_per_second":	39563296.60742186,
				"omitted":	false,
				"sender":	false
			}
		}, {
			"streams":	[{
					"socket":	247,
					"start":	9.000194,
					"end":	10.000138,
					"seconds":	0.99994397163391113,
					"bytes":	6604800,
					"bits_per_second":	52841360.61509718,
					"omitted":	false,
					"sender":	false
				}],
			"sum":	{
				"start":	9.000194,
				"end":	10.000138,
				"seconds":	0.99994397163391113,
				"bytes":	6604800,
				"bits_per_second":	52841360.61509718,
				"omitted":	false,
				"sender":	false
			}
		}, {
			"streams":	[{
					"socket":	247,
					"start":	10.000138,
					"end":	11.000378,
					"seconds":	1.0002399682998657,
					"bytes":	8692192,
					"bits_per_second":	69520853.1990526,
					"omitted":	false,
					"sender":	false
				}],
			"sum":	{
				"start":	10.000138,
				"end":	11.000378,
				"seconds":	1.0002399682998657,
				"bytes":	8692192,
				"bits_per_second":	69520853.1990526,
				"omitted":	false,
				"sender":	false
			}
		}, {
			"streams":	[{
					"socket":	247,
					"start":	11.000378,
					"end":	12.000139,
					"seconds":	0.99976098537445068,
					"bytes":	14373696,
					"bits_per_second":	115017058.75923112,
					"omitted":	false,
					"sender":	false
				}],
			"sum":	{
				"start":	11.000378,
				"end":	12.000139,
				"seconds":	0.99976098537445068,
				"bytes":	14373696,
				"bits_per_second":	115017058.75923112,
				"omitted":	false,
				"sender":	false
			}
		}, {
			"streams":	[{
					"socket":	247,
					"start":	12.000139,
					"end":	13.000115,
					"seconds":	0.99997597932815552,
					"bytes":	19577728,
					"bits_per_second":	156625586.25180981,
					"omitted":	false,
					"sender":	false
				}],
			"sum":	{
				"start":	12.000139,
				"end":	13.000115,
				"seconds":	0.99997597932815552,
				"bytes":	19577728,
				"bits_per_second":	156625586.25180981,
				"omitted":	false,
				"sender":	false
			}
		}, {
			"streams":	[{
					"socket":	247,
					"start":	13.000115,
					"end":	14.000124,
					"seconds":	1.0000089406967163,
					"bytes":	23541984,
					"bits_per_second":	188334188.16114235,
					"omitted":	false,
					"sender":	false
				}],
			"sum":	{
				"start":	13.000115,
				"end":	14.000124,
				"seconds":	1.0000089406967163,
				"bytes":	23541984,
				"bits_per_second":	188334188.16114235,
				"omitted":	false,
				"sender":	false
			}
		}, {
			"streams":	[{
					"socket":	247,
					"start":	14.000124,
					"end":	15.000151,
					"seconds":	1.0000269412994385,
					"bytes":	28346976,
					"bits_per_second":	226769698.52964833,
					"omitted":	false,
					"sender":	false
				}],
			"sum":	{
				"start":	14.000124,
				"end":	15.000151,
				"seconds":	1.0000269412994385,
				"bytes":	28346976,
				"bits_per_second":	226769698.52964833,
				"omitted":	false,
				"sender":	false
			}
		}, {
			"streams":	[{
					"socket":	247,
					"start":	15.000151,
					"end":	16.000268,
					"seconds":	1.0001169443130493,
					"bytes":	31165024,
					"bits_per_second":	249291038.83071458,
					"omitted":	false,
					"sender":	false
				}],
			"sum":	{
				"start":	15.000151,
				"end":	16.000268,
				"seconds":	1.0001169443130493,
				"bytes":	31165024,
				"bits_per_second":	249291038.83071458,