{
	"start":	{
		"connected":	[{
				"socket":	473,
				"local_host":	"100.124.59.153",
				"local_port":	40938,
				"remote_host":	"52.237.164.255",
				"remote_port":	5201
			}],
		"version":	"iperf 3.7",
		"system_info":	"Linux localhost 4.19.110-g9ceb3bf92e0a-ab6790968 #2 SMP PREEMPT Wed Aug 26 04:14:37 UTC 2020 aarch64",
		"timestamp":	{
			"time":	"Tue, 11 May 2021 18:01:02 GMT",
			"timesecs":	1620756062
		},
		"connecting_to":	{
			"host":	"52.237.164.255",
			"port":	5201
		},
		"cookie":	"rojlyufjfli4ryoo63wp3mguyeac2qs4nphs",
		"tcp_mss_default":	1376,
		"target_bitrate":	2000000000,
		"sock_bufsize":	0,
		"sndbuf_actual":	2097152,
		"rcvbuf_actual":	6291456,
		"test_start":	{
			"protocol":	"TCP",
			"num_streams":	1,
			"blksize":	131072,
			"omit":	0,
			"duration":	30,
			"bytes":	0,
			"blocks":	0,
			"reverse":	1,
			"tos":	0
		}
	},
	"intervals":	[{
			"streams":	[{
					"socket":	473,
					"start":	0,
					"end":	1.000362,
					"seconds":	1.0003620386123657,
					"bytes":	15298720,
					"bits_per_second":	122345466.21718149,
					"omitted":	false,
					"sender":	false
				}],
			"sum":	{
				"start":	0,
				"end":	1.000362,
				"seconds":	1.0003620386123657,
				"bytes":	15298720,
				"bits_per_second":	122345466.21718149,
				"omitted":	false,
				"sender":	false
			}
		}, {
			"streams":	[{
					"socket":	473,
					"start":	1.000362,
					"end":	2.000105,
					"seconds":	0.99974298477172852,
					"bytes":	78348064,
					"bits_per_second":	626945646.57846916,
					"omitted":	false,
					"sender":	false
				}],
			"sum":	{
				"start":	1.000362,
				"end":	2.000105,
				"seconds":	0.99974298477172852,
				"bytes":	78348064,
				"bits_per_second":	626945646.57846916,
				"omitted":	false,
				"sender":	false
			}
		}, {
			"streams":	[{
					"socket":	473,
					"start":	2.000105,
					"end":	3.000288,
					"seconds":	1.0001829862594604,
					"bytes":	235124352,
					"bits_per_second":	1880650682.7662089,
					"omitted":	false,
					"sender":	false
				}],
			"sum":	{
				"start":	2.000105,
				"end":	3.000288,
				"seconds":	1.0001829862594604,
				"bytes":	235124352,
				"bits_per_second":	1880650682.7662089,
				"omitted":	false,
				"sender":	false
			}
		}, {
			"streams":	[{
					"socket":	473,
					"start":	3.000288,
					"end":	4.000662,
					"seconds":	1.0003739595413208,
					"bytes":	236934464,
					"bits_per_second":	1894767145.7472665,
					"omitted":	false,
					"sender":	false
				}],
			"sum":	{
				"start":	3.000288,
				"end":	4.000662,
				"seconds":	1.0003739595413208,
				"bytes":	236934464,
				"bits_per_second":	1894767145.7472665,
				"omitted":	false,
				"sender":	false
			}
		}, {
			"streams":	[{
					"socket":	473,
					"start":	4.000662,
					"end":	5.00033,
					"seconds":	0.99966800212860107,
					"bytes":	242902880,
					"bits_per_second":	1943868400.1711364,
					"omitted":	false,
					"sender":	false
				}],
			"sum":	{
				"start":	4.000662,
				"end":	5.00033,
				"seconds":	0.99966800212860107,
				"bytes":	242902880,
				"bits_per_second":	1943868400.1711364,
				"omitted":	false,
				"sender":	false
			}
		}, {
			"streams":	[{
					"socket":	473,
					"start":	5.00033,
					"end":	6.000843,
					"seconds":	1.000512957572937,
					"bytes":	242811712,
					"bits_per_second":	1941497790.0057762,
					"omitted":	false,
					"sender":	false
				}],
			"sum":	{
				"start":	5.00033,
				"end":	6.000843,
				"seconds":	1.000512957572937,
				"bytes":	242811712,
				"bits_per_second":	1941497790.0057762,
				"omitted":	false,
				"sender":	false
			}
		}, {
			"streams":	[{
					"socket":	473,
					"start":	6.000843,
					"end":	7.000196,
					"seconds":	0.99935299158096313,
					"bytes":	240238592,
					"bits_per_second":	1923153032.2029316,
					"omitted":	false,
					"sender":	false
				}],
			"sum":	{
				"start":	6.000843,
				"end":	7.000196,
				"seconds":	0.99935299158096313,
				"bytes":	240238592,
				"bits_per_second":	1923153032.2029316,
				"omitted":	false,
				"sender":	false
			}
		}, {
			"streams":	[{
					"socket":	473,
					"start":	7.000196,
					"end":	8.000203,
					"seconds":	1.0000070333480835,
					"bytes":	242620096,
					"bits_per_second":	1940947116.643317,
					"omitted":	false,
					"sender":	false
				}],
			"sum":	{
				"start":	7.000196,
				"end":	8.000203,
				"seconds":	1.0000070333480835,
				"bytes":	242620096,
				"bits_per_second":	1940947116.643317,
				"omitted":	false,
				"sender":	false
			}
		}, {
			"streams":	[{
					"socket":	473,
					"start":	8.000203,
					"end":	9.000654,
					"seconds":	1.0004509687423706,
					"bytes":	239128160,
					"bits_per_second":	1912162954.2773018,
					"omitted":	false,
					"sender":	false
				}],
			"sum":	{
				"start":	8.000203,
				"end":	9.000654,
				"seconds":	1.0004509687423706,
				"bytes":	239128160,
				"bits_per_second":	1912162954.2773018,
				"omitted":	false,
				"sender":	false
			}
		}, {
			"streams":	[{
					"socket":	473,
					"start":	9.000654,
					"end":	10.000324,
					"seconds":	0.99967002868652344,
					"bytes":	241170144,
					"bits_per_second":	1929997995.9737387,
					"omitted":	false,
					"sender":	false
				}],
			"sum":	{
				"start":	9.000654,
				"end":	10.000324,
				"seconds":	0.99967002868652344,
				"bytes":	241170144,
				"bits_per_second":	1929997995.9737387,
				"omitted":	false,
				"sender":	false
			}
		}, {
			"streams":	[{
					"socket":	473,
					"start":	10.000324,
					"end":	11.000048,
					"seconds":	0.99972397089004517,
					"bytes":	237151200,
					"bits_per_second":	1897733429.6695232,
					"omitted":	false,
					"sender":	false
				}],
			"sum":	{
				"start":	10.000324,
				"end":	11.000048,
				"seconds":	0.99972397089004517,
				"bytes":	237151200,
				"bits_per_second":	1897733429.6695232,
				"omitted":	false,
				"sender":	false
			}
		}, {
			"streams":	[{
					"socket":	473,
					"start":	11.000048,
					"end":	12.000156,
					"seconds":	1.000108003616333,
					"bytes":	205152992,
					"bits_per_second":	1641046697.0221503,
					"omitted":	false,
					"sender":	false
				}],
			"sum":	{
				"start":	11.000048,
				"end":	12.000156,
				"seconds":	1.000108003616333,
				"bytes":	205152992,
				"bits_per_second":	1641046697.0221503,
				"omitted":	false,
				"sender":	false
			}
		}, {
			"streams":	[{
					"socket":	473,
					"start":	12.000156,
					"end":	13.001088,
					"seconds":	1.000931978225708,
					"bytes":	238115424,
					"bits_per_second":	1903149697.9212747,
					"omitted":	false,
					"sender":	false
				}],
			"sum":	{
				"start":	12.000156,
				"end":	13.001088,
				"seconds":	1.000931978225708,
				"bytes":	238115424,
				"bits_per_second":	1903149697.9212747,
				"omitted":	false,
				"sender":	false
			}
		}, {
			"streams":	[{
					"socket":	473,
					"start":	13.001088,
					"end":	14.000206,
					"seconds":	0.99911797046661377,
					"bytes":	241136096,
					"bits_per_second":	1930791783.375757,
					"omitted":	false,
					"sender":	false
				}],
			"sum":	{
				"start":	13.001088,
				"end":	14.000206,
				"seconds":	0.99911797046661377,
				"bytes":	241136096,
				"bits_per_second":	1930791783.375757,
				"omitted":	false,
				"sender":	false
			}
		}, {
			"streams":	[{
					"socket":	473,
					"start":	14.000206,
					"end":	15.000045,
					"seconds":	0.99983900785446167,
					"bytes":	241115104,
					"bits_per_second":	1929231423.1060457,
					"omitted":	false,
					"sender":	false
				}],
			"sum":	{
				"start":	14.000206,
				"end":	15.000045,
				"seconds":	0.99983900785446167,
				"bytes":	241115104,
				"bits_per_second":	1929231423.1060457,
				"omitted":	false,
				"sender":	false
			}
		}, {
			"streams":	[{
					"socket":	473,
					"start":	15.000045,
					"end":	16.000759,
					"seconds":	1.0007139444351196,
					"bytes":	237422944,
					"bits_per_second":	1898028465.1396148,
					"omitted":	false,
					"sender":	false
				}],
			"sum":	{
				"start":	15.000045,
				"end":	16.000759,
				"seconds":	1.0007139444351196,