{
	"start":	{
		"connected":	[{
				"socket":	177,
				"local_host":	"100.124.85.183",
				"local_port":	39562,
				"remote_host":	"13.78.225.186",
				"remote_port":	5201
			}],
		"version":	"iperf 3.7",
		"system_info":	"Linux localhost 4.19.110-g9ceb3bf92e0a-ab6790968 #2 SMP PREEMPT Wed Aug 26 04:14:37 UTC 2020 aarch64",
		"timestamp":	{
			"time":	"Mon, 17 May 2021 22:14:40 GMT",
			"timesecs":	1621289680
		},
		"connecting_to":	{
			"host":	"13.78.225.186",
			"port":	5201
		},
		"cookie":	"pmi3kr2b5zobstofd3vfiiymrqeacu7zaff3",
		"tcp_mss_default":	1376,
		"target_bitrate":	3000000000,
		"sock_bufsize":	0,
		"sndbuf_actual":	524288,
		"rcvbuf_actual":	1048576,
		"test_start":	{
			"protocol":	"TCP",
			"num_streams":	1,
			"blksize":	131072,
			"omit":	0,
			"duration":	10,
			"bytes":	0,
			"blocks":	0,
			"reverse":	1,
			"tos":	0
		}
	},
	"intervals":	[{
			"streams":	[{
					"socket":	177,
					"start":	0,
					"end":	1.000114,
					"seconds":	1.0001139640808105,
					"bytes":	656352,
					"bits_per_second":	5250217.6637698933,
					"omitted":	false,
					"sender":	false
				}],
			"sum":	{
				"start":	0,
				"end":	1.000114,
				"seconds":	1.0001139640808105,
				"bytes":	656352,
				"bits_per_second":	5250217.6637698933,
				"omitted":	false,
				"sender":	false
			}
		}, {
			"streams":	[{
					"socket":	177,
					"start":	1.000114,
					"end":	2.000106,
					"seconds":	0.9999920129776001,
					"bytes":	1272800,
					"bits_per_second":	10182481.327706451,
					"omitted":	false,
					"sender":	false
				}],
			"sum":	{
				"start":	1.000114,
				"end":	2.000106,
				"seconds":	0.9999920129776001,
				"bytes":	1272800,
				"bits_per_second":	10182481.327706451,
				"omitted":	false,
				"sender":	false
			}
		}, {
			"streams":	[{
					"socket":	177,
					"start":	2.000106,
					"end":	3.000114,
					"seconds":	1.0000079870224,
					"bytes":	2015840,
					"bits_per_second":	16126591.196554879,
					"omitted":	false,
					"sender":	false
				}],
			"sum":	{
				"start":	2.000106,
				"end":	3.000114,
				"seconds":	1.0000079870224,
				"bytes":	2015840,
				"bits_per_second":	16126591.196554879,
				"omitted":	false,
				"sender":	false
			}
		}, {
			"streams":	[{
					"socket":	177,
					"start":	3.000114,
					"end":	4.000106,
					"seconds":	0.9999920129776001,
					"bytes":	2311680,
					"bits_per_second":	18493587.708699282,
					"omitted":	false,
					"sender":	false
				}],
			"sum":	{
				"start":	3.000114,
				"end":	4.000106,
				"seconds":	0.9999920129776001,
				"bytes":	2311680,
				"bits_per_second":	18493587.708699282,
				"omitted":	false,
				"sender":	false
			}
		}, {
			"streams":	[{
					"socket":	177,
					"start":	4.000106,
					"end":	5.000332,
					"seconds":	1.0002260208129883,
					"bytes":	2351584,
					"bits_per_second":	18808420.905415934,
					"omitted":	false,
					"sender":	false
				}],
			"sum":	{
				"start":	4.000106,
				"end":	5.000332,
				"seconds":	1.0002260208129883,
				"bytes":	2351584,
				"bits_per_second":	18808420.905415934,
				"omitted":	false,
				"sender":	false
			}
		}, {
			"streams":	[{
					"socket":	177,
					"start":	5.000332,
					"end":	6.000122,
					"seconds":	0.9997900128364563,
					"bytes":	2336448,
					"bits_per_second":	18695509.817077491,
					"omitted":	false,
					"sender":	false
				}],
			"sum":	{
				"start":	5.000332,
				"end":	6.000122,
				"seconds":	0.9997900128364563,
				"bytes":	2336448,
				"bits_per_second":	18695509.817077491,
				"omitted":	false,
				"sender":	false
			}
		}, {
			"streams":	[{
					"socket":	177,
					"start":	6.000122,
					"end":	7.000221,
					"seconds":	1.0000989437103271,
					"bytes":	2383232,
					"bits_per_second":	19063969.74010035,
					"omitted":	false,
					"sender":	false
				}],
			"sum":	{
				"start":	6.000122,
				"end":	7.000221,
				"seconds":	1.0000989437103271,
				"bytes":	2383232,
				"bits_per_second":	19063969.74010035,
				"omitted":	false,
				"sender":	false
			}
		}, {
			"streams":	[{
					"socket":	177,
					"start":	7.000221,
					"end":	8.000127,
					"seconds":	0.99990600347518921,
					"bytes":	2295168,
					"bits_per_second":	18363070.064770944,
					"omitted":	false,
					"sender":	false
				}],
			"sum":	{
				"start":	7.000221,
				"end":	8.000127,
				"seconds":	0.99990600347518921,
				"bytes":	2295168,
				"bits_per_second":	18363070.064770944,
				"omitted":	false,
				"sender":	false
			}
		}, {
			"streams":	[{
					"socket":	177,
					"start":	8.000127,
					"end":	9.000147,
					"seconds":	1.0000200271606445,
					"bytes":	2282784,
					"bits_per_second":	18261906.265869539,
					"omitted":	false,
					"sender":	false
				}],
			"sum":	{
				"start":	8.000127,
				"end":	9.000147,
				"seconds":	1.0000200271606445,
				"bytes":	2282784,
				"bits_per_second":	18261906.265869539,
				"omitted":	false,
				"sender":	false
			}
		}, {
			"streams":	[{
					"socket":	177,
					"start":	9.000147,
					"end":	10.000203,
					"seconds":	1.0000560283660889,
					"bytes":	2304800,
					"bits_per_second":	18437366.984452881,
					"omitted":	false,
					"sender":	false
				}],
			"sum":	{
				"start":	9.000147,
				"end":	10.000203,
				"seconds":	1.0000560283660889,
				"bytes":	2304800,
				"bits_per_second":	18437366.984452881,
				"omitted":	false,
				"sender":	false
			}
		}],
	"end":	{
		"streams":	[{
				"sender":	{
					"socket":	177,
					"start":	0,
					"end":	10.000203,
					"seconds":	10.000203,
					"bytes":	22280768,
					"bits_per_second":	17824252.567672875,
					"retransmits":	0,
					"max_snd_cwnd":	0,
					"max_rtt":	0,
					"min_rtt":	0,
					"mean_rtt":	0,
					"sender":	false
				},
				"receiver":	{
					"socket":	177,
					"start":	0,
					"end":	10.000203,
					"seconds":	10.000203,
					"bytes":	20210688,
					"bits_per_second":	16168222.185089642,
					"sender":	false
				}
			}],
		"sum_sent":	{
			"start":	0,
			"end":	10.000203,
			"seconds":	10.000203,
			"bytes":	22280768,
			"bits_per_second":	17824252.567672875,
			"retransmits":	0,
			"sender":	false
		},
		"sum_received":	{
			"start":	0,
			"end":	10.000203,
			"seconds":	10.000203,
			"bytes":	20210688,
			"bits_per_second":	16168222.185089642,
			"sender":	false
		},
		"cpu_utilization_percent":	{
			"host_total":	81.054593828202513,
			"host_user":	69.165305235563252,
			"host_system":	11.889423284604025,
			"remote_total":	0.202298,
			"remote_user":	0,
			"remote_system":	0.202298
		}
	},
	"title":	"HUCKLEBERRY_830_cubic_1621289674_64467_10_1"
}
