{
	"start":	{
		"connected":	[{
				"socket":	404,
				"local_host":	"100.124.59.153",
				"local_port":	39400,
				"remote_host":	"104.210.37.160",
				"remote_port":	5201
			}],
		"version":	"iperf 3.7",
		"system_info":	"Linux localhost 4.19.110-g9ceb3bf92e0a-ab6790968 #2 SMP PREEMPT Wed Aug 26 04:14:37 UTC 2020 aarch64",
		"timestamp":	{
			"time":	"Tue, 11 May 2021 17:46:02 GMT",
			"timesecs":	1620755162
		},
		"connecting_to":	{
			"host":	"104.210.37.160",
			"port":	5201
		},
		"cookie":	"o47vtuxv66zf5qdcxaf5ihz4j2vgwhgshpga",
		"tcp_mss_default":	1376,
		"target_bitrate":	2000000000,
		"sock_bufsize":	0,
		"sndbuf_actual":	2097152,
		"rcvbuf_actual":	6291456,
		"test_start":	{
			"protocol":	"TCP",
			"num_streams":	1,
			"blksize":	131072,
			"omit":	0,
			"duration":	30,
			"bytes":	0,
			"blocks":	0,
			"reverse":	1,
			"tos":	0
		}
	},
	"intervals":	[{
			"streams":	[{
					"socket":	404,
					"start":	0,
					"end":	1.000171,
					"seconds":	1.0001709461212158,
					"bytes":	21040416,
					"bits_per_second":	168294558.69796884,
					"omitted":	false,
					"sender":	false
				}],
			"sum":	{
				"start":	0,
				"end":	1.000171,
				"seconds":	1.0001709461212158,
				"bytes":	21040416,
				"bits_per_second":	168294558.69796884,
				"omitted":	false,
				"sender":	false
			}
		}, {
			"streams":	[{
					"socket":	404,
					"start":	1.000171,
					"end":	2.000171,
					"seconds":	1,
					"bytes":	51046848,
					"bits_per_second":	408374784,
					"omitted":	false,
					"sender":	false
				}],
			"sum":	{
				"start":	1.000171,
				"end":	2.000171,
				"seconds":	1,
				"bytes":	51046848,
				"bits_per_second":	408374784,
				"omitted":	false,
				"sender":	false
			}
		}, {
			"streams":	[{
					"socket":	404,
					"start":	2.000171,
					"end":	3.000209,
					"seconds":	1.0000380277633667,
					"bytes":	51304160,
					"bits_per_second":	410417672.73385978,
					"omitted":	false,
					"sender":	false
				}],
			"sum":	{
				"start":	2.000171,
				"end":	3.000209,
				"seconds":	1.0000380277633667,
				"bytes":	51304160,
				"bits_per_second":	410417672.73385978,
				"omitted":	false,
				"sender":	false
			}
		}, {
			"streams":	[{
					"socket":	404,
					"start":	3.000209,
					"end":	4.000157,
					"seconds":	0.99994802474975586,
					"bytes":	57365440,
					"bits_per_second":	458947373.90460759,
					"omitted":	false,
					"sender":	false
				}],
			"sum":	{
				"start":	3.000209,
				"end":	4.000157,
				"seconds":	0.99994802474975586,
				"bytes":	57365440,
				"bits_per_second":	458947373.90460759,
				"omitted":	false,
				"sender":	false
			}
		}, {
			"streams":	[{
					"socket":	404,
					"start":	4.000157,
					"end":	5.000052,
					"seconds":	0.99989497661590576,
					"bytes":	48228800,
					"bits_per_second":	385870925.47041649,
					"omitted":	false,
					"sender":	false
				}],
			"sum":	{
				"start":	4.000157,
				"end":	5.000052,
				"seconds":	0.99989497661590576,
				"bytes":	48228800,
				"bits_per_second":	385870925.47041649,
				"omitted":	false,
				"sender":	false
			}
		}, {
			"streams":	[{
					"socket":	404,
					"start":	5.000052,
					"end":	6.000127,
					"seconds":	1.0000749826431274,
					"bytes":	37282720,
					"bits_per_second":	298239397.22171158,
					"omitted":	false,
					"sender":	false
				}],
			"sum":	{
				"start":	5.000052,
				"end":	6.000127,
				"seconds":	1.0000749826431274,
				"bytes":	37282720,
				"bits_per_second":	298239397.22171158,
				"omitted":	false,
				"sender":	false
			}
		}, {
			"streams":	[{
					"socket":	404,
					"start":	6.000127,
					"end":	7.000135,
					"seconds":	1.0000079870224,
					"bytes":	31949344,
					"bits_per_second":	255592710.57529539,
					"omitted":	false,
					"sender":	false
				}],
			"sum":	{
				"start":	6.000127,
				"end":	7.000135,
				"seconds":	1.0000079870224,
				"bytes":	31949344,
				"bits_per_second":	255592710.57529539,
				"omitted":	false,
				"sender":	false
			}
		}, {
			"streams":	[{
					"socket":	404,
					"start":	7.000135,
					"end":	8.000442,
					"seconds":	1.0003069639205933,
					"bytes":	32558912,
					"bits_per_second":	260391365.24563557,
					"omitted":	false,
					"sender":	false
				}],
			"sum":	{
				"start":	7.000135,
				"end":	8.000442,
				"seconds":	1.0003069639205933,
				"bytes":	32558912,
				"bits_per_second":	260391365.24563557,
				"omitted":	false,
				"sender":	false
			}
		}, {
			"streams":	[{
					"socket":	404,
					"start":	8.000442,
					"end":	9.000165,
					"seconds":	0.99972301721572876,
					"bytes":	21487616,
					"bits_per_second":	171948554.789457,
					"omitted":	false,
					"sender":	false
				}],
			"sum":	{
				"start":	8.000442,
				"end":	9.000165,
				"seconds":	0.99972301721572876,
				"bytes":	21487616,
				"bits_per_second":	171948554.789457,
				"omitted":	false,
				"sender":	false
			}
		}, {
			"streams":	[{
					"socket":	404,
					"start":	9.000165,
					"end":	10.000565,
					"seconds":	1.0003999471664429,
					"bytes":	13183456,
					"bits_per_second":	105425483.37665264,
					"omitted":	false,
					"sender":	false
				}],
			"sum":	{
				"start":	9.000165,
				"end":	10.000565,
				"seconds":	1.0003999471664429,
				"bytes":	13183456,
				"bits_per_second":	105425483.37665264,
				"omitted":	false,
				"sender":	false
			}
		}, {
			"streams":	[{
					"socket":	404,
					"start":	10.000565,
					"end":	11.000526,
					"seconds":	0.99996101856231689,
					"bytes":	13353056,
					"bits_per_second":	106828612.33289443,
					"omitted":	false,
					"sender":	false
				}],
			"sum":	{
				"start":	10.000565,
				"end":	11.000526,
				"seconds":	0.99996101856231689,
				"bytes":	13353056,
				"bits_per_second":	106828612.33289443,
				"omitted":	false,
				"sender":	false
			}
		}, {
			"streams":	[{
					"socket":	404,
					"start":	11.000526,
					"end":	12.000153,
					"seconds":	0.99962699413299561,
					"bytes":	14374720,
					"bits_per_second":	115040670.84516937,
					"omitted":	false,
					"sender":	false
				}],
			"sum":	{
				"start":	11.000526,
				"end":	12.000153,
				"seconds":	0.99962699413299561,
				"bytes":	14374720,
				"bits_per_second":	115040670.84516937,
				"omitted":	false,
				"sender":	false
			}
		}, {
			"streams":	[{
					"socket":	404,
					"start":	12.000153,
					"end":	13.000178,
					"seconds":	1.0000250339508057,
					"bytes":	10720416,
					"bits_per_second":	85761181.058812335,
					"omitted":	false,
					"sender":	false
				}],
			"sum":	{
				"start":	12.000153,
				"end":	13.000178,
				"seconds":	1.0000250339508057,
				"bytes":	10720416,
				"bits_per_second":	85761181.058812335,
				"omitted":	false,
				"sender":	false
			}
		}, {
			"streams":	[{
					"socket":	404,
					"start":	13.000178,
					"end":	14.00226,
					"seconds":	1.0020819902420044,
					"bytes":	7715584,
					"bits_per_second":	61596428.836220667,
					"omitted":	false,
					"sender":	false
				}],
			"sum":	{
				"start":	13.000178,
				"end":	14.00226,
				"seconds":	1.0020819902420044,
				"bytes":	7715584,
				"bits_per_second":	61596428.836220667,
				"omitted":	false,
				"sender":	false
			}
		}, {
			"streams":	[{
					"socket":	404,
					"start":	14.00226,
					"end":	15.000166,
					"seconds":	0.99790602922439575,
					"bytes":	8423520,
					"bits_per_second":	67529564.935464129,
					"omitted":	false,
					"sender":	false
				}],
			"sum":	{
				"start":	14.00226,
				"end":	15.000166,
				"seconds":	0.99790602922439575,
				"bytes":	8423520,
				"bits_per_second":	67529564.935464129,
				"omitted":	false,
				"sender":	false
			}
		}, {
			"streams":	[{
					"socket":	404,
					"start":	15.000166,
					"end":	16.000284,
					"seconds":	1.0001180171966553,
					"bytes":	8883456,
					"bits_per_second":	71059261.785127729,
					"omitted":	false,
					"sender":	false
				}],
			"sum":	{
				"start":	15.000166,
				"end":	16.000284,
				"seconds":	1.0001180171966553,
				"bytes":	8883456,
				"bits_per_second":	71059261.785127729,
				"omitted":	false,