{
	"start":	{
		"connected":	[{
				"socket":	327,
				"local_host":	"100.124.85.183",
				"local_port":	41312,
				"remote_host":	"13.78.225.186",
				"remote_port":	5201
			}],
		"version":	"iperf 3.7",
		"system_info":	"Linux localhost 4.19.110-g9ceb3bf92e0a-ab6790968 #2 SMP PREEMPT Wed Aug 26 04:14:37 UTC 2020 aarch64",
		"timestamp":	{
			"time":	"Tue, 18 May 2021 00:06:18 GMT",
			"timesecs":	1621296378
		},
		"connecting_to":	{
			"host":	"13.78.225.186",
			"port":	5201
		},
		"cookie":	"zp2h4dxoausd7ycymfefqljb4cjabxnheyzt",
		"tcp_mss_default":	1376,
		"target_bitrate":	3000000000,
		"sock_bufsize":	0,
		"sndbuf_actual":	2097152,
		"rcvbuf_actual":	6291456,
		"test_start":	{
			"protocol":	"TCP",
			"num_streams":	1,
			"blksize":	131072,
			"omit":	0,
			"duration":	30,
			"bytes":	0,
			"blocks":	0,
			"reverse":	1,
			"tos":	0
		}
	},
	"intervals":	[{
			"streams":	[{
					"socket":	327,
					"start":	0,
					"end":	1.000389,
					"seconds":	1.0003889799118042,
					"bytes":	34237632,
					"bits_per_second":	273794555.417981,
					"omitted":	false,
					"sender":	false
				}],
			"sum":	{
				"start":	0,
				"end":	1.000389,
				"seconds":	1.0003889799118042,
				"bytes":	34237632,
				"bits_per_second":	273794555.417981,
				"omitted":	false,
				"sender":	false
			}
		}, {
			"streams":	[{
					"socket":	327,
					"start":	1.000389,
					"end":	2.000338,
					"seconds":	0.99994897842407227,
					"bytes":	81570656,
					"bits_per_second":	652598544.6061939,
					"omitted":	false,
					"sender":	false
				}],
			"sum":	{
				"start":	1.000389,
				"end":	2.000338,
				"seconds":	0.99994897842407227,
				"bytes":	81570656,
				"bits_per_second":	652598544.6061939,
				"omitted":	false,
				"sender":	false
			}
		}, {
			"streams":	[{
					"socket":	327,
					"start":	2.000338,
					"end":	3.000139,
					"seconds":	0.999800980091095,
					"bytes":	79497376,
					"bits_per_second":	636105605.67969632,
					"omitted":	false,
					"sender":	false
				}],
			"sum":	{
				"start":	2.000338,
				"end":	3.000139,
				"seconds":	0.999800980091095,
				"bytes":	79497376,
				"bits_per_second":	636105605.67969632,
				"omitted":	false,
				"sender":	false
			}
		}, {
			"streams":	[{
					"socket":	327,
					"start":	3.000139,
					"end":	4.00032,
					"seconds":	1.0001809597015381,
					"bytes":	83536608,
					"bits_per_second":	668171951.8030256,
					"omitted":	false,
					"sender":	false
				}],
			"sum":	{
				"start":	3.000139,
				"end":	4.00032,
				"seconds":	1.0001809597015381,
				"bytes":	83536608,
				"bits_per_second":	668171951.8030256,
				"omitted":	false,
				"sender":	false
			}
		}, {
			"streams":	[{
					"socket":	327,
					"start":	4.00032,
					"end":	5.00012,
					"seconds":	0.99980002641677856,
					"bytes":	80929440,
					"bits_per_second":	647565015.89659774,
					"omitted":	false,
					"sender":	false
				}],
			"sum":	{
				"start":	4.00032,
				"end":	5.00012,
				"seconds":	0.99980002641677856,
				"bytes":	80929440,
				"bits_per_second":	647565015.89659774,
				"omitted":	false,
				"sender":	false
			}
		}, {
			"streams":	[{
					"socket":	327,
					"start":	5.00012,
					"end":	6.000112,
					"seconds":	0.9999920129776001,
					"bytes":	81116576,
					"bits_per_second":	648937791.08067346,
					"omitted":	false,
					"sender":	false
				}],
			"sum":	{
				"start":	5.00012,
				"end":	6.000112,
				"seconds":	0.9999920129776001,
				"bytes":	81116576,
				"bits_per_second":	648937791.08067346,
				"omitted":	false,
				"sender":	false
			}
		}, {
			"streams":	[{
					"socket":	327,
					"start":	6.000112,
					"end":	7.000133,
					"seconds":	1.0000209808349609,
					"bytes":	81672480,
					"bits_per_second":	653366131.8330189,
					"omitted":	false,
					"sender":	false
				}],
			"sum":	{
				"start":	6.000112,
				"end":	7.000133,
				"seconds":	1.0000209808349609,
				"bytes":	81672480,
				"bits_per_second":	653366131.8330189,
				"omitted":	false,
				"sender":	false
			}
		}, {
			"streams":	[{
					"socket":	327,
					"start":	7.000133,
					"end":	8.000132,
					"seconds":	0.99999898672103882,
					"bytes":	84768480,
					"bits_per_second":	678148527.15363514,
					"omitted":	false,
					"sender":	false
				}],
			"sum":	{
				"start":	7.000133,
				"end":	8.000132,
				"seconds":	0.99999898672103882,
				"bytes":	84768480,
				"bits_per_second":	678148527.15363514,
				"omitted":	false,
				"sender":	false
			}
		}, {
			"streams":	[{
					"socket":	327,
					"start":	8.000132,
					"end":	9.000132,
					"seconds":	1,
					"bytes":	86174752,
					"bits_per_second":	689398016,
					"omitted":	false,
					"sender":	false
				}],
			"sum":	{
				"start":	8.000132,
				"end":	9.000132,
				"seconds":	1,
				"bytes":	86174752,
				"bits_per_second":	689398016,
				"omitted":	false,
				"sender":	false
			}
		}, {
			"streams":	[{
					"socket":	327,
					"start":	9.000132,
					"end":	10.000135,
					"seconds":	1.0000029802322388,
					"bytes":	86946688,
					"bits_per_second":	695571431.03559685,
					"omitted":	false,
					"sender":	false
				}],
			"sum":	{
				"start":	9.000132,
				"end":	10.000135,
				"seconds":	1.0000029802322388,
				"bytes":	86946688,
				"bits_per_second":	695571431.03559685,
				"omitted":	false,
				"sender":	false
			}
		}, {
			"streams":	[{
					"socket":	327,
					"start":	10.000135,
					"end":	11.000194,
					"seconds":	1.0000590085983276,
					"bytes":	88242880,
					"bits_per_second":	705901385.74866939,
					"omitted":	false,
					"sender":	false
				}],
			"sum":	{
				"start":	10.000135,
				"end":	11.000194,
				"seconds":	1.0000590085983276,
				"bytes":	88242880,
				"bits_per_second":	705901385.74866939,
				"omitted":	false,
				"sender":	false
			}
		}, {
			"streams":	[{
					"socket":	327,
					"start":	11.000194,
					"end":	12.000356,
					"seconds":	1.0001620054244995,
					"bytes":	94974272,
					"bits_per_second":	759671105.16012847,
					"omitted":	false,
					"sender":	false
				}],
			"sum":	{
				"start":	11.000194,
				"end":	12.000356,
				"seconds":	1.0001620054244995,
				"bytes":	94974272,
				"bits_per_second":	759671105.16012847,
				"omitted":	false,
				"sender":	false
			}
		}, {
			"streams":	[{
					"socket":	327,
					"start":	12.000356,
					"end":	13.001407,
					"seconds":	1.0010509490966797,
					"bytes":	92845952,
					"bits_per_second":	741987824.566025,
					"omitted":	false,
					"sender":	false
				}],
			"sum":	{
				"start":	12.000356,
				"end":	13.001407,
				"seconds":	1.0010509490966797,
				"bytes":	92845952,
				"bits_per_second":	741987824.566025,
				"omitted":	false,
				"sender":	false
			}
		}, {
			"streams":	[{
					"socket":	327,
					"start":	13.001407,
					"end":	14.000316,
					"seconds":	0.99890899658203125,
					"bytes":	102529888,
					"bits_per_second":	821134965.05348706,
					"omitted":	false,
					"sender":	false
				}],
			"sum":	{
				"start":	13.001407,
				"end":	14.000316,
				"seconds":	0.99890899658203125,
				"bytes":	102529888,
				"bits_per_second":	821134965.05348706,
				"omitted":	false,
				"sender":	false
			}
		}, {
			"streams":	[{
					"socket":	327,
					"start":	14.000316,
					"end":	15.000122,
					"seconds":	0.9998059868812561,
					"bytes":	104998080,
					"bits_per_second":	840147639.66377652,
					"omitted":	false,
					"sender":	false
				}],
			"sum":	{
				"start":	14.000316,
				"end":	15.000122,
				"seconds":	0.9998059868812561,
				"bytes":	104998080,
				"bits_per_second":	840147639.66377652,
				"omitted":	false,
				"sender":	false
			}
		}, {
			"streams":	[{
					"socket":	327,
					"start":	15.000122,
					"end":	16.000152,
					"seconds":	1.0000300407409668,
					"bytes":	105988128,
					"bits_per_second":	847879553.06997514,
					"omitted":	false,
					"sender":	false
				}],
			"sum":	{
				"start":	15.000122,
				"end":	16.000152,
				"seconds":	1.0000300407409668,
				"bytes":	105988128,
				"bits_per_second":	847879553.06997514,
				"omitted":	false,