{
	"start":	{
		"connected":	[{
				"socket":	256,
				"local_host":	"100.124.59.153",
				"local_port":	44910,
				"remote_host":	"20.51.124.54",
				"remote_port":	5201
			}],
		"version":	"iperf 3.7",
		"system_info":	"Linux localhost 4.19.110-g9ceb3bf92e0a-ab6790968 #2 SMP PREEMPT Wed Aug 26 04:14:37 UTC 2020 aarch64",
		"timestamp":	{
			"time":	"Tue, 11 May 2021 17:07:34 GMT",
			"timesecs":	1620752854
		},
		"connecting_to":	{
			"host":	"20.51.124.54",
			"port":	5201
		},
		"cookie":	"q35udwk3j6yneiksqs3ea6flzkgqhhz6zrpd",
		"tcp_mss_default":	1376,
		"target_bitrate":	2000000000,
		"sock_bufsize":	0,
		"sndbuf_actual":	2097152,
		"rcvbuf_actual":	6291456,
		"test_start":	{
			"protocol":	"TCP",
			"num_streams":	1,
			"blksize":	131072,
			"omit":	0,
			"duration":	30,
			"bytes":	0,
			"blocks":	0,
			"reverse":	1,
			"tos":	0
		}
	},
	"intervals":	[{
			"streams":	[{
					"socket":	256,
					"start":	0,
					"end":	1.000273,
					"seconds":	1.0002729892730713,
					"bytes":	1718624,
					"bits_per_second":	13745239.697006924,
					"omitted":	false,
					"sender":	false
				}],
			"sum":	{
				"start":	0,
				"end":	1.000273,
				"seconds":	1.0002729892730713,
				"bytes":	1718624,
				"bits_per_second":	13745239.697006924,
				"omitted":	false,
				"sender":	false
			}
		}, {
			"streams":	[{
					"socket":	256,
					"start":	1.000273,
					"end":	2.000177,
					"seconds":	0.99990397691726685,
					"bytes":	3431744,
					"bits_per_second":	27456588.466265865,
					"omitted":	false,
					"sender":	false
				}],
			"sum":	{
				"start":	1.000273,
				"end":	2.000177,
				"seconds":	0.99990397691726685,
				"bytes":	3431744,
				"bits_per_second":	27456588.466265865,
				"omitted":	false,
				"sender":	false
			}
		}, {
			"streams":	[{
					"socket":	256,
					"start":	2.000177,
					"end":	3.000632,
					"seconds":	1.0004550218582153,
					"bytes":	6712128,
					"bits_per_second":	53672601.7929969,
					"omitted":	false,
					"sender":	false
				}],
			"sum":	{
				"start":	2.000177,
				"end":	3.000632,
				"seconds":	1.0004550218582153,
				"bytes":	6712128,
				"bits_per_second":	53672601.7929969,
				"omitted":	false,
				"sender":	false
			}
		}, {
			"streams":	[{
					"socket":	256,
					"start":	3.000632,
					"end":	4.000287,
					"seconds":	0.99965500831604,
					"bytes":	12360608,
					"bits_per_second":	98918990.229014724,
					"omitted":	false,
					"sender":	false
				}],
			"sum":	{
				"start":	3.000632,
				"end":	4.000287,
				"seconds":	0.99965500831604,
				"bytes":	12360608,
				"bits_per_second":	98918990.229014724,
				"omitted":	false,
				"sender":	false
			}
		}, {
			"streams":	[{
					"socket":	256,
					"start":	4.000287,
					"end":	5.000412,
					"seconds":	1.0001250505447388,
					"bytes":	22000864,
					"bits_per_second":	175984904.991765,
					"omitted":	false,
					"sender":	false
				}],
			"sum":	{
				"start":	4.000287,
				"end":	5.000412,
				"seconds":	1.0001250505447388,
				"bytes":	22000864,
				"bits_per_second":	175984904.991765,
				"omitted":	false,
				"sender":	false
			}
		}, {
			"streams":	[{
					"socket":	256,
					"start":	5.000412,
					"end":	6.000978,
					"seconds":	1.0005660057067871,
					"bytes":	29872416,
					"bits_per_second":	238844140.85324439,
					"omitted":	false,
					"sender":	false
				}],
			"sum":	{
				"start":	5.000412,
				"end":	6.000978,
				"seconds":	1.0005660057067871,
				"bytes":	29872416,
				"bits_per_second":	238844140.85324439,
				"omitted":	false,
				"sender":	false
			}
		}, {
			"streams":	[{
					"socket":	256,
					"start":	6.000978,
					"end":	7.000245,
					"seconds":	0.99926698207855225,
					"bytes":	35604288,
					"bits_per_second":	285043245.80756456,
					"omitted":	false,
					"sender":	false
				}],
			"sum":	{
				"start":	6.000978,
				"end":	7.000245,
				"seconds":	0.99926698207855225,
				"bytes":	35604288,
				"bits_per_second":	285043245.80756456,
				"omitted":	false,
				"sender":	false
			}
		}, {
			"streams":	[{
					"socket":	256,
					"start":	7.000245,
					"end":	8.000368,
					"seconds":	1.0001230239868164,
					"bytes":	33189248,
					"bits_per_second":	265481323.42916644,
					"omitted":	false,
					"sender":	false
				}],
			"sum":	{
				"start":	7.000245,
				"end":	8.000368,
				"seconds":	1.0001230239868164,
				"bytes":	33189248,
				"bits_per_second":	265481323.42916644,
				"omitted":	false,
				"sender":	false
			}
		}, {
			"streams":	[{
					"socket":	256,
					"start":	8.000368,
					"end":	9.000468,
					"seconds":	1.0001000165939331,
					"bytes":	35623552,
					"bits_per_second":	284959915.27986622,
					"omitted":	false,
					"sender":	false
				}],
			"sum":	{
				"start":	8.000368,
				"end":	9.000468,
				"seconds":	1.0001000165939331,
				"bytes":	35623552,
				"bits_per_second":	284959915.27986622,
				"omitted":	false,
				"sender":	false
			}
		}, {
			"streams":	[{
					"socket":	256,
					"start":	9.000468,
					"end":	10.000023,
					"seconds":	0.99955499172210693,
					"bytes":	34124640,
					"bits_per_second":	273118660.06457579,
					"omitted":	false,
					"sender":	false
				}],
			"sum":	{
				"start":	9.000468,
				"end":	10.000023,
				"seconds":	0.99955499172210693,
				"bytes":	34124640,
				"bits_per_second":	273118660.06457579,
				"omitted":	false,
				"sender":	false
			}
		}, {
			"streams":	[{
					"socket":	256,
					"start":	10.000023,
					"end":	11.000191,
					"seconds":	1.0001679658889771,
					"bytes":	34688160,
					"bits_per_second":	277458676.40676296,
					"omitted":	false,
					"sender":	false
				}],
			"sum":	{
				"start":	10.000023,
				"end":	11.000191,
				"seconds":	1.0001679658889771,
				"bytes":	34688160,
				"bits_per_second":	277458676.40676296,
				"omitted":	false,
				"sender":	false
			}
		}, {
			"streams":	[{
					"socket":	256,
					"start":	11.000191,
					"end":	12.000981,
					"seconds":	1.000789999961853,
					"bytes":	33554432,
					"bits_per_second":	268223559.39830726,
					"omitted":	false,
					"sender":	false
				}],
			"sum":	{
				"start":	11.000191,
				"end":	12.000981,
				"seconds":	1.000789999961853,
				"bytes":	33554432,
				"bits_per_second":	268223559.39830726,
				"omitted":	false,
				"sender":	false
			}
		}, {
			"streams":	[{
					"socket":	256,
					"start":	12.000981,
					"end":	13.000421,
					"seconds":	0.99944001436233521,
					"bytes":	35258368,
					"bits_per_second":	282224985.93871582,
					"omitted":	false,
					"sender":	false
				}],
			"sum":	{
				"start":	12.000981,
				"end":	13.000421,
				"seconds":	0.99944001436233521,
				"bytes":	35258368,
				"bits_per_second":	282224985.93871582,
				"omitted":	false,
				"sender":	false
			}
		}, {
			"streams":	[{
					"socket":	256,
					"start":	13.000421,
					"end":	14.000205,
					"seconds":	0.999783992767334,
					"bytes":	33597600,
					"bits_per_second":	268838871.1405881,
					"omitted":	false,
					"sender":	false
				}],
			"sum":	{
				"start":	13.000421,
				"end":	14.000205,
				"seconds":	0.999783992767334,
				"bytes":	33597600,
				"bits_per_second":	268838871.1405881,
				"omitted":	false,
				"sender":	false
			}
		}, {
			"streams":	[{
					"socket":	256,
					"start":	14.000205,
					"end":	15.000156,
					"seconds":	0.99995100498199463,
					"bytes":	36021952,
					"bits_per_second":	288189735.86129749,
					"omitted":	false,
					"sender":	false
				}],
			"sum":	{
				"start":	14.000205,
				"end":	15.000156,
				"seconds":	0.99995100498199463,
				"bytes":	36021952,
				"bits_per_second":	288189735.86129749,
				"omitted":	false,
				"sender":	false
			}
		}, {
			"streams":	[{
					"socket":	256,
					"start":	15.000156,
					"end":	16.000167,
					"seconds":	1.0000109672546387,
					"bytes":	40481024,
					"bits_per_second":	323844640.31336629,
					"omitted":	false,
					"sender":	false
				}],
			"sum":	{
				"start":	15.000156,
				"end":	16.000167,
				"seconds":	1.0000109672546387,
				"bytes":	40481024,