{"start": {"connected": [{"socket": 155, "local_host": "100.123.106.128", "local_port": 47615, "remote_host": "20.80.1.154", "remote_port": 5201}], "version": "iperf 3.7", "system_info": "Linux localhost 4.19.110-g9ceb3bf92e0a-ab6790968 #2 SMP PREEMPT Wed Aug 26 04:14:37 UTC 2020 aarch64", "timestamp": {"time": "2021-01-25 06:08:02 ", "timesecs": 1611594482.0}, "connecting_to": {"host": "20.80.1.154", "port": 5201}, "cookie": "jc26czzo2rz6blxbwkymjeprvufgxdcaphbz", "sock_bufsize": 0, "sndbuf_actual": 212992, "rcvbuf_actual": 212992, "test_start": {"protocol": "UDP", "num_streams": 1, "blksize": 1376, "omit": 0, "duration": 30, "bytes": 0, "blocks": 0, "reverse": 1, "tos": 0}}, "intervals": [{"streams": [{"socket": 155, "start": 0, "end": 1.002855, "seconds": 1.0028549432754517, "bytes": 43141728, "bits_per_second": 344151291.58435327, "jitter_ms": 0.13100899091359297, "lost_packets": 153827, "packets": 185180, "lost_percent": 83.06890592936603, "omitted": false, "sender": false}], "sum": {"start": 0, "end": 1.002855, "seconds": 1.0028549432754517, "bytes": 43141728, "bits_per_second": 344151291.58435327, "jitter_ms": 0.13100899091359297, "lost_packets": 153827, "packets": 185180, "lost_percent": 83.06890592936603, "omitted": false, "sender": false}}, {"streams": [{"socket": 155, "start": 1.002855, "end": 2.003248, "seconds": 1.000393033027649, "bytes": 40014080, "bits_per_second": 319986874.589872, "jitter_ms": 0.30565888033553074, "lost_packets": 192743, "packets": 221823, "lost_percent": 86.89044869107352, "omitted": false, "sender": false}], "sum": {"start": 1.002855, "end": 2.003248, "seconds": 1.000393033027649, "bytes": 40014080, "bits_per_second": 319986874.589872, "jitter_ms": 0.30565888033553074, "lost_packets": 192743, "packets": 221823, "lost_percent": 86.89044869107352, "omitted": false, "sender": false}}, {"streams": [{"socket": 155, "start": 2.003248, "end": 3.000015, "seconds": 0.996766984462738, "bytes": 42040928, "bits_per_second": 337418302.61491054, "jitter_ms": 0.0028265222387681066, "lost_packets": 190496, "packets": 221049, "lost_percent": 86.17817768910966, "omitted": false, "sender": false}], "sum": {"start": 2.003248, "end": 3.000015, "seconds": 0.996766984462738, "bytes": 42040928, "bits_per_second": 337418302.61491054, "jitter_ms": 0.0028265222387681066, "lost_packets": 190496, "packets": 221049, "lost_percent": 86.17817768910966, "omitted": false, "sender": false}}, {"streams": [{"socket": 155, "start": 3.000015, "end": 4.000349, "seconds": 1.0003340244293213, "bytes": 40766752, "bits_per_second": 326025115.64680165, "jitter_ms": 0.11652348958099285, "lost_packets": 195380, "packets": 225007, "lost_percent": 86.8328540889839, "omitted": false, "sender": false}], "sum": {"start": 3.000015, "end": 4.000349, "seconds": 1.0003340244293213, "bytes": 40766752, "bits_per_second": 326025115.64680165, "jitter_ms": 0.11652348958099285, "lost_packets": 195380, "packets": 225007, "lost_percent": 86.8328540889839, "omitted": false, "sender": false}}, {"streams": [{"socket": 155, "start": 4.000349, "end": 5.004744, "seconds": 1.0043950080871582, "bytes": 44927776, "bits_per_second": 357849456.7436266, "jitter_ms": 0.2773554134967338, "lost_packets": 194518, "packets": 227169, "lost_percent": 85.62700016287434, "omitted": false, "sender": false}], "sum": {"start": 4.000349, "end": 5.004744, "seconds": 1.0043950080871582, "bytes": 44927776, "bits_per_second": 357849456.7436266, "jitter_ms": 0.2773554134967338, "lost_packets": 194518, "packets": 227169, "lost_percent": 85.62700016287434, "omitted": false, "sender": false}}, {"streams": [{"socket": 155, "start": 5.004744, "end": 6.001797, "seconds": 0.9970530271530151, "bytes": 39462304, "bits_per_second": 316631536.5406845, "jitter_ms": 0.2890266057235296, "lost_packets": 192754, "packets": 221433, "lost_percent": 87.0484525793355, "omitted": false, "sender": false}], "sum": {"start": 5.004744, "end": 6.001797, "seconds": 0.9970530271530151, "bytes": 39462304, "bits_per_second": 316631536.5406845, "jitter_ms": 0.2890266057235296, "lost_packets": 192754, "packets": 221433, "lost_percent": 87.0484525793355, "omitted": false, "sender": false}}, {"streams": [{"socket": 155, "start": 6.001797, "end": 7.00635, "seconds": 1.004552960395813, "bytes": 38296832, "bits_per_second": 304986066.51786935, "jitter_ms": 0.4475702300284284, "lost_packets": 196391, "packets": 224223, "lost_percent": 87.58735722918702, "omitted": false, "sender": false}], "sum": {"start": 6.001797, "end": 7.00635, "seconds": 1.004552960395813, "bytes": 38296832, "bits_per_second": 304986066.51786935, "jitter_ms": 0.4475702300284284, "lost_packets": 196391, "packets": 224223, "lost_percent": 87.58735722918702, "omitted": false, "sender": false}}, {"streams": [{"socket": 155, "start": 7.00635, "end": 8.00002, "seconds": 0.9936699867248535, "bytes": 39203616, "bits_per_second": 315626850.15145135, "jitter_ms": 0.0074038079023328995, "lost_packets": 198025, "packets": 226516, "lost_percent": 87.42208055943068, "omitted": false, "sender": false}], "sum": {"start": 7.00635, "end": 8.00002, "seconds": 0.9936699867248535, "bytes": 39203616, "bits_per_second": 315626850.15145135, "jitter_ms": 0.0074038079023328995, "lost_packets": 198025, "packets": 226516, "lost_percent": 87.42208055943068, "omitted": false, "sender": false}}, {"streams": [{"socket": 155, "start": 8.00002, "end": 9.003269, "seconds": 1.0032490491867065, "bytes": 34976544, "bits_per_second": 278906172.1282792, "jitter_ms": 0.16992950712438296, "lost_packets": 198221, "packets": 223640, "lost_percent": 88.63396530137722, "omitted": false, "sender": false}], "sum": {"start": 8.00002, "end": 9.003269, "seconds": 1.0032490491867065, "bytes": 34976544, "bits_per_second": 278906172.1282792, "jitter_ms": 0.16992950712438296, "lost_packets": 198221, "packets": 223640, "lost_percent": 88.63396530137722, "omitted": false, "sender": false}}, {"streams": [{"socket": 155, "start": 9.003269, "end": 10.00067, "seconds": 0.9974009990692139, "bytes": 34216992, "bits_per_second": 274449229.8037134, "jitter_ms": 0.12031207303176435, "lost_packets": 198995, "packets": 223862, "lost_percent": 88.89181728028875, "omitted": false, "sender": false}], "sum": {"start": 9.003269, "end": 10.00067, "seconds": 0.9974009990692139, "bytes": 34216992, "bits_per_second": 274449229.8037134, "jitter_ms": 0.12031207303176435, "lost_packets": 198995, "packets": 223862, "lost_percent": 88.89181728028875, "omitted": false, "sender": false}}, {"streams": [{"socket": 155, "start": 10.00067, "end": 11.001053, "seconds": 1.0003830194473267, "bytes": 41153408, "bits_per_second": 329101211.83572817, "jitter_ms": 0.04833652852804115, "lost_packets": 193562, "packets": 223470, "lost_percent": 86.61654808251667, "omitted": false, "sender": false}], "sum": {"start": 10.00067, "end": 11.001053, "seconds": 1.0003830194473267, "bytes": 41153408, "bits_per_second": 329101211.83572817, "jitter_ms": 0.04833652852804115, "lost_packets": 193562, "packets": 223470, "lost_percent": 86.61654808251667, "omitted": false, "sender": false}}, {"streams": [{"socket": 155, "start": 11.001053, "end": 12.000317, "seconds": 0.9992640018463135, "bytes": 45793280, "bits_per_second": 366616068.7497116, "jitter_ms": 0.12528832630693296, "lost_packets": 192030, "packets": 225310, "lost_percent": 85.22923971417158, "omitted": false, "sender": false}], "sum": {"start": 11.001053, "end": 12.000317, "seconds": 0.9992640018463135, "bytes": 45793280, "bits_per_second": 366616068.7497116, "jitter_ms": 0.12528832630693296, "lost_packets": 192030, "packets": 225310, "lost_percent": 85.22923971417158, "omitted": false, "sender": false}}, {"streams": [{"socket": 155, "start": 12.000317, "end": 13.004707, "seconds": 1.004390001296997, "bytes": 37288224, "bits_per_second": 297001953.0409396, "jitter_ms": 0.4422346729696767, "lost_packets": 195662, "packets": 222761, "lost_percent": 87.83494417784082, "omitted": false, "sender": false}],