{
	"start":	{
		"connected":	[{
				"socket":	322,
				"local_host":	"100.124.59.153",
				"local_port":	40520,
				"remote_host":	"52.237.164.255",
				"remote_port":	5201
			}],
		"version":	"iperf 3.7",
		"system_info":	"Linux localhost 4.19.110-g9ceb3bf92e0a-ab6790968 #2 SMP PREEMPT Wed Aug 26 04:14:37 UTC 2020 aarch64",
		"timestamp":	{
			"time":	"Tue, 11 May 2021 17:21:47 GMT",
			"timesecs":	1620753707
		},
		"connecting_to":	{
			"host":	"52.237.164.255",
			"port":	5201
		},
		"cookie":	"i4fkhildihzlf5c6mow5honsxcipvczwxab5",
		"tcp_mss_default":	1376,
		"target_bitrate":	2000000000,
		"sock_bufsize":	0,
		"sndbuf_actual":	2097152,
		"rcvbuf_actual":	6291456,
		"test_start":	{
			"protocol":	"TCP",
			"num_streams":	1,
			"blksize":	131072,
			"omit":	0,
			"duration":	30,
			"bytes":	0,
			"blocks":	0,
			"reverse":	1,
			"tos":	0
		}
	},
	"intervals":	[{
			"streams":	[{
					"socket":	322,
					"start":	0,
					"end":	1.000084,
					"seconds":	1.0000840425491333,
					"bytes":	10531904,
					"bits_per_second":	84248151.570582241,
					"omitted":	false,
					"sender":	false
				}],
			"sum":	{
				"start":	0,
				"end":	1.000084,
				"seconds":	1.0000840425491333,
				"bytes":	10531904,
				"bits_per_second":	84248151.570582241,
				"omitted":	false,
				"sender":	false
			}
		}, {
			"streams":	[{
					"socket":	322,
					"start":	1.000084,
					"end":	2.000147,
					"seconds":	1.0000629425048828,
					"bytes":	51218656,
					"bits_per_second":	409723458.9791826,
					"omitted":	false,
					"sender":	false
				}],
			"sum":	{
				"start":	1.000084,
				"end":	2.000147,
				"seconds":	1.0000629425048828,
				"bytes":	51218656,
				"bits_per_second":	409723458.9791826,
				"omitted":	false,
				"sender":	false
			}
		}, {
			"streams":	[{
					"socket":	322,
					"start":	2.000147,
					"end":	3.000128,
					"seconds":	0.99998098611831665,
					"bytes":	61053120,
					"bits_per_second":	488434247.03098315,
					"omitted":	false,
					"sender":	false
				}],
			"sum":	{
				"start":	2.000147,
				"end":	3.000128,
				"seconds":	0.99998098611831665,
				"bytes":	61053120,
				"bits_per_second":	488434247.03098315,
				"omitted":	false,
				"sender":	false
			}
		}, {
			"streams":	[{
					"socket":	322,
					"start":	3.000128,
					"end":	4.000153,
					"seconds":	1.0000250339508057,
					"bytes":	57877312,
					"bits_per_second":	463006905.10791487,
					"omitted":	false,
					"sender":	false
				}],
			"sum":	{
				"start":	3.000128,
				"end":	4.000153,
				"seconds":	1.0000250339508057,
				"bytes":	57877312,
				"bits_per_second":	463006905.10791487,
				"omitted":	false,
				"sender":	false
			}
		}, {
			"streams":	[{
					"socket":	322,
					"start":	4.000153,
					"end":	5.00015,
					"seconds":	0.99999701976776123,
					"bytes":	35353568,
					"bits_per_second":	282829386.89725691,
					"omitted":	false,
					"sender":	false
				}],
			"sum":	{
				"start":	4.000153,
				"end":	5.00015,
				"seconds":	0.99999701976776123,
				"bytes":	35353568,
				"bits_per_second":	282829386.89725691,
				"omitted":	false,
				"sender":	false
			}
		}, {
			"streams":	[{
					"socket":	322,
					"start":	5.00015,
					"end":	6.000145,
					"seconds":	0.99999499320983887,
					"bytes":	36959360,
					"bits_per_second":	295676360.38949209,
					"omitted":	false,
					"sender":	false
				}],
			"sum":	{
				"start":	5.00015,
				"end":	6.000145,
				"seconds":	0.99999499320983887,
				"bytes":	36959360,
				"bits_per_second":	295676360.38949209,
				"omitted":	false,
				"sender":	false
			}
		}, {
			"streams":	[{
					"socket":	322,
					"start":	6.000145,
					"end":	7.000144,
					"seconds":	0.99999898672103882,
					"bytes":	38851360,
					"bits_per_second":	310811194.93844473,
					"omitted":	false,
					"sender":	false
				}],
			"sum":	{
				"start":	6.000145,
				"end":	7.000144,
				"seconds":	0.99999898672103882,
				"bytes":	38851360,
				"bits_per_second":	310811194.93844473,
				"omitted":	false,
				"sender":	false
			}
		}, {
			"streams":	[{
					"socket":	322,
					"start":	7.000144,
					"end":	8.000136,
					"seconds":	0.9999920129776001,
					"bytes":	39319200,
					"bits_per_second":	314556112.36671549,
					"omitted":	false,
					"sender":	false
				}],
			"sum":	{
				"start":	7.000144,
				"end":	8.000136,
				"seconds":	0.9999920129776001,
				"bytes":	39319200,
				"bits_per_second":	314556112.36671549,
				"omitted":	false,
				"sender":	false
			}
		}, {
			"streams":	[{
					"socket":	322,
					"start":	8.000136,
					"end":	9.000144,
					"seconds":	1.0000079870224,
					"bytes":	33808320,
					"bits_per_second":	270464399.79478043,
					"omitted":	false,
					"sender":	false
				}],
			"sum":	{
				"start":	8.000136,
				"end":	9.000144,
				"seconds":	1.0000079870224,
				"bytes":	33808320,
				"bits_per_second":	270464399.79478043,
				"omitted":	false,
				"sender":	false
			}
		}, {
			"streams":	[{
					"socket":	322,
					"start":	9.000144,
					"end":	10.000146,
					"seconds":	1.0000020265579224,
					"bytes":	31517280,
					"bits_per_second":	252137729.02828771,
					"omitted":	false,
					"sender":	false
				}],
			"sum":	{
				"start":	9.000144,
				"end":	10.000146,
				"seconds":	1.0000020265579224,
				"bytes":	31517280,
				"bits_per_second":	252137729.02828771,
				"omitted":	false,
				"sender":	false
			}
		}, {
			"streams":	[{
					"socket":	322,
					"start":	10.000146,
					"end":	11.000256,
					"seconds":	1.0001100301742554,
					"bytes":	32879520,
					"bits_per_second":	263007221.2696133,
					"omitted":	false,
					"sender":	false
				}],
			"sum":	{
				"start":	10.000146,
				"end":	11.000256,
				"seconds":	1.0001100301742554,
				"bytes":	32879520,
				"bits_per_second":	263007221.2696133,
				"omitted":	false,
				"sender":	false
			}
		}, {
			"streams":	[{
					"socket":	322,
					"start":	11.000256,
					"end":	12.00016,
					"seconds":	0.99990397691726685,
					"bytes":	33462944,
					"bits_per_second":	267729260.18890122,
					"omitted":	false,
					"sender":	false
				}],
			"sum":	{
				"start":	11.000256,
				"end":	12.00016,
				"seconds":	0.99990397691726685,
				"bytes":	33462944,
				"bits_per_second":	267729260.18890122,
				"omitted":	false,
				"sender":	false
			}
		}, {
			"streams":	[{
					"socket":	322,
					"start":	12.00016,
					"end":	13.000323,
					"seconds":	1.0001629590988159,
					"bytes":	23627296,
					"bits_per_second":	188987570.75578222,
					"omitted":	false,
					"sender":	false
				}],
			"sum":	{
				"start":	12.00016,
				"end":	13.000323,
				"seconds":	1.0001629590988159,
				"bytes":	23627296,
				"bits_per_second":	188987570.75578222,
				"omitted":	false,
				"sender":	false
			}
		}, {
			"streams":	[{
					"socket":	322,
					"start":	13.000323,
					"end":	14.000175,
					"seconds":	0.99985200166702271,
					"bytes":	26377920,
					"bits_per_second":	211054595.728335,
					"omitted":	false,
					"sender":	false
				}],
			"sum":	{
				"start":	13.000323,
				"end":	14.000175,
				"seconds":	0.99985200166702271,
				"bytes":	26377920,
				"bits_per_second":	211054595.728335,
				"omitted":	false,
				"sender":	false
			}
		}, {
			"streams":	[{
					"socket":	322,
					"start":	14.000175,
					"end":	15.000147,
					"seconds":	0.99997198581695557,
					"bytes":	20867040,
					"bits_per_second":	166940996.71563962,
					"omitted":	false,
					"sender":	false
				}],
			"sum":	{
				"start":	14.000175,
				"end":	15.000147,
				"seconds":	0.99997198581695557,
				"bytes":	20867040,
				"bits_per_second":	166940996.71563962,
				"omitted":	false,
				"sender":	false
			}
		}, {
			"streams":	[{
					"socket":	322,
					"start":	15.000147,
					"end":	16.00013,
					"seconds":	0.999983012676239,
					"bytes":	22043520,
					"bits_per_second":	176351155.73417807,
					"omitted":	false,
					"sender":	false
				}],
			"sum":	{
				"start":	15.000147,
				"end":	16.00013,
				"seconds":	0.999983012676239,
				"bytes":	22043520,