{
	"start":	{
		"connected":	[{
				"socket":	169,
				"local_host":	"100.124.85.183",
				"local_port":	47644,
				"remote_host":	"104.214.106.253",
				"remote_port":	5201
			}],
		"version":	"iperf 3.7",
		"system_info":	"Linux localhost 4.19.110-g9ceb3bf92e0a-ab6790968 #2 SMP PREEMPT Wed Aug 26 04:14:37 UTC 2020 aarch64",
		"timestamp":	{
			"time":	"Mon, 17 May 2021 23:23:54 GMT",
			"timesecs":	1621293834
		},
		"connecting_to":	{
			"host":	"104.214.106.253",
			"port":	5201
		},
		"cookie":	"onittiphpjboak5zd6oyf55kudxmev4ddp6q",
		"tcp_mss_default":	1376,
		"target_bitrate":	3000000000,
		"sock_bufsize":	0,
		"sndbuf_actual":	2097152,
		"rcvbuf_actual":	6291456,
		"test_start":	{
			"protocol":	"TCP",
			"num_streams":	1,
			"blksize":	131072,
			"omit":	0,
			"duration":	30,
			"bytes":	0,
			"blocks":	0,
			"reverse":	1,
			"tos":	0
		}
	},
	"intervals":	[{
			"streams":	[{
					"socket":	169,
					"start":	0,
					"end":	1.00008,
					"seconds":	1.0000799894332886,
					"bytes":	24803488,
					"bits_per_second":	198412033.133912,
					"omitted":	false,
					"sender":	false
				}],
			"sum":	{
				"start":	0,
				"end":	1.00008,
				"seconds":	1.0000799894332886,
				"bytes":	24803488,
				"bits_per_second":	198412033.133912,
				"omitted":	false,
				"sender":	false
			}
		}, {
			"streams":	[{
					"socket":	169,
					"start":	1.00008,
					"end":	2.000215,
					"seconds":	1.0001349449157715,
					"bytes":	50861024,
					"bits_per_second":	406833291.91568941,
					"omitted":	false,
					"sender":	false
				}],
			"sum":	{
				"start":	1.00008,
				"end":	2.000215,
				"seconds":	1.0001349449157715,
				"bytes":	50861024,
				"bits_per_second":	406833291.91568941,
				"omitted":	false,
				"sender":	false
			}
		}, {
			"streams":	[{
					"socket":	169,
					"start":	2.000215,
					"end":	3.000102,
					"seconds":	0.99988698959350586,
					"bytes":	44303104,
					"bits_per_second":	354464890.22133183,
					"omitted":	false,
					"sender":	false
				}],
			"sum":	{
				"start":	2.000215,
				"end":	3.000102,
				"seconds":	0.99988698959350586,
				"bytes":	44303104,
				"bits_per_second":	354464890.22133183,
				"omitted":	false,
				"sender":	false
			}
		}, {
			"streams":	[{
					"socket":	169,
					"start":	3.000102,
					"end":	4.000118,
					"seconds":	1.0000159740447998,
					"bytes":	35468288,
					"bits_per_second":	283741771.49623054,
					"omitted":	false,
					"sender":	false
				}],
			"sum":	{
				"start":	3.000102,
				"end":	4.000118,
				"seconds":	1.0000159740447998,
				"bytes":	35468288,
				"bits_per_second":	283741771.49623054,
				"omitted":	false,
				"sender":	false
			}
		}, {
			"streams":	[{
					"socket":	169,
					"start":	4.000118,
					"end":	5.00052,
					"seconds":	1.0004019737243652,
					"bytes":	41554176,
					"bits_per_second":	332299832.19884509,
					"omitted":	false,
					"sender":	false
				}],
			"sum":	{
				"start":	4.000118,
				"end":	5.00052,
				"seconds":	1.0004019737243652,
				"bytes":	41554176,
				"bits_per_second":	332299832.19884509,
				"omitted":	false,
				"sender":	false
			}
		}, {
			"streams":	[{
					"socket":	169,
					"start":	5.00052,
					"end":	6.000152,
					"seconds":	0.99963200092315674,
					"bytes":	43482976,
					"bits_per_second":	347991868.68642557,
					"omitted":	false,
					"sender":	false
				}],
			"sum":	{
				"start":	5.00052,
				"end":	6.000152,
				"seconds":	0.99963200092315674,
				"bytes":	43482976,
				"bits_per_second":	347991868.68642557,
				"omitted":	false,
				"sender":	false
			}
		}, {
			"streams":	[{
					"socket":	169,
					"start":	6.000152,
					"end":	7.000173,
					"seconds":	1.0000209808349609,
					"bytes":	44188512,
					"bits_per_second":	353500679.26058984,
					"omitted":	false,
					"sender":	false
				}],
			"sum":	{
				"start":	6.000152,
				"end":	7.000173,
				"seconds":	1.0000209808349609,
				"bytes":	44188512,
				"bits_per_second":	353500679.26058984,
				"omitted":	false,
				"sender":	false
			}
		}, {
			"streams":	[{
					"socket":	169,
					"start":	7.000173,
					"end":	8.00177,
					"seconds":	1.0015970468521118,
					"bytes":	43022368,
					"bits_per_second":	343630150.54977375,
					"omitted":	false,
					"sender":	false
				}],
			"sum":	{
				"start":	7.000173,
				"end":	8.00177,
				"seconds":	1.0015970468521118,
				"bytes":	43022368,
				"bits_per_second":	343630150.54977375,
				"omitted":	false,
				"sender":	false
			}
		}, {
			"streams":	[{
					"socket":	169,
					"start":	8.00177,
					"end":	9.000128,
					"seconds":	0.99835801124572754,
					"bytes":	33047264,
					"bits_per_second":	264812931.85609362,
					"omitted":	false,
					"sender":	false
				}],
			"sum":	{
				"start":	8.00177,
				"end":	9.000128,
				"seconds":	0.99835801124572754,
				"bytes":	33047264,
				"bits_per_second":	264812931.85609362,
				"omitted":	false,
				"sender":	false
			}
		}, {
			"streams":	[{
					"socket":	169,
					"start":	9.000128,
					"end":	10.000269,
					"seconds":	1.0001410245895386,
					"bytes":	27536896,
					"bits_per_second":	220264105.34495366,
					"omitted":	false,
					"sender":	false
				}],
			"sum":	{
				"start":	9.000128,
				"end":	10.000269,
				"seconds":	1.0001410245895386,
				"bytes":	27536896,
				"bits_per_second":	220264105.34495366,
				"omitted":	false,
				"sender":	false
			}
		}, {
			"streams":	[{
					"socket":	169,
					"start":	10.000269,
					"end":	11.00036,
					"seconds":	1.0000909566879272,
					"bytes":	12488576,
					"bits_per_second":	99899521.47040154,
					"omitted":	false,
					"sender":	false
				}],
			"sum":	{
				"start":	10.000269,
				"end":	11.00036,
				"seconds":	1.0000909566879272,
				"bytes":	12488576,
				"bits_per_second":	99899521.47040154,
				"omitted":	false,
				"sender":	false
			}
		}, {
			"streams":	[{
					"socket":	169,
					"start":	11.00036,
					"end":	12.00016,
					"seconds":	0.99980002641677856,
					"bytes":	11112576,
					"bits_per_second":	88918389.328928381,
					"omitted":	false,
					"sender":	false
				}],
			"sum":	{
				"start":	11.00036,
				"end":	12.00016,
				"seconds":	0.99980002641677856,
				"bytes":	11112576,
				"bits_per_second":	88918389.328928381,
				"omitted":	false,
				"sender":	false
			}
		}, {
			"streams":	[{
					"socket":	169,
					"start":	12.00016,
					"end":	13.000146,
					"seconds":	0.99998599290847778,
					"bytes":	14450752,
					"bits_per_second":	115607635.32672869,
					"omitted":	false,
					"sender":	false
				}],
			"sum":	{
				"start":	12.00016,
				"end":	13.000146,
				"seconds":	0.99998599290847778,
				"bytes":	14450752,
				"bits_per_second":	115607635.32672869,
				"omitted":	false,
				"sender":	false
			}
		}, {
			"streams":	[{
					"socket":	169,
					"start":	13.000146,
					"end":	14.000155,
					"seconds":	1.0000089406967163,
					"bytes":	15418080,
					"bits_per_second":	123343537.22284177,
					"omitted":	false,
					"sender":	false
				}],
			"sum":	{
				"start":	13.000146,
				"end":	14.000155,
				"seconds":	1.0000089406967163,
				"bytes":	15418080,
				"bits_per_second":	123343537.22284177,
				"omitted":	false,
				"sender":	false
			}
		}, {
			"streams":	[{
					"socket":	169,
					"start":	14.000155,
					"end":	15.000165,
					"seconds":	1.0000100135803223,
					"bytes":	11371264,
					"bits_per_second":	90969201.0725982,
					"omitted":	false,
					"sender":	false
				}],
			"sum":	{
				"start":	14.000155,
				"end":	15.000165,
				"seconds":	1.0000100135803223,
				"bytes":	11371264,
				"bits_per_second":	90969201.0725982,
				"omitted":	false,
				"sender":	false
			}
		}, {
			"streams":	[{
					"socket":	169,
					"start":	15.000165,
					"end":	16.000115,
					"seconds":	0.99994999170303345,
					"bytes":	11486848,
					"bits_per_second":	91899379.731472656,
					"omitted":	false,
					"sender":	false
				}],
			"sum":	{
				"start":	15.000165,
				"end":	16.000115,
				"seconds":	0.99994999170303345,
				"bytes":	11486848,