{
	"start":	{
		"connected":	[{
				"socket":	221,
				"local_host":	"100.124.59.153",
				"local_port":	38932,
				"remote_host":	"104.210.37.160",
				"remote_port":	5201
			}],
		"version":	"iperf 3.7",
		"system_info":	"Linux localhost 4.19.110-g9ceb3bf92e0a-ab6790968 #2 SMP PREEMPT Wed Aug 26 04:14:37 UTC 2020 aarch64",
		"timestamp":	{
			"time":	"Tue, 11 May 2021 17:00:56 GMT",
			"timesecs":	1620752456
		},
		"connecting_to":	{
			"host":	"104.210.37.160",
			"port":	5201
		},
		"cookie":	"6i64ggzxl7wnwcqisfvmserj2vjuriqucqxu",
		"tcp_mss_default":	1376,
		"target_bitrate":	2000000000,
		"sock_bufsize":	0,
		"sndbuf_actual":	2097152,
		"rcvbuf_actual":	6291456,
		"test_start":	{
			"protocol":	"TCP",
			"num_streams":	1,
			"blksize":	131072,
			"omit":	0,
			"duration":	30,
			"bytes":	0,
			"blocks":	0,
			"reverse":	1,
			"tos":	0
		}
	},
	"intervals":	[{
			"streams":	[{
					"socket":	221,
					"start":	0,
					"end":	1.000157,
					"seconds":	1.0001569986343384,
					"bytes":	572416,
					"bits_per_second":	4578609.1646139864,
					"omitted":	false,
					"sender":	false
				}],
			"sum":	{
				"start":	0,
				"end":	1.000157,
				"seconds":	1.0001569986343384,
				"bytes":	572416,
				"bits_per_second":	4578609.1646139864,
				"omitted":	false,
				"sender":	false
			}
		}, {
			"streams":	[{
					"socket":	221,
					"start":	1.000157,
					"end":	2.000211,
					"seconds":	1.0000540018081665,
					"bytes":	770560,
					"bits_per_second":	6164147.12490945,
					"omitted":	false,
					"sender":	false
				}],
			"sum":	{
				"start":	1.000157,
				"end":	2.000211,
				"seconds":	1.0000540018081665,
				"bytes":	770560,
				"bits_per_second":	6164147.12490945,
				"omitted":	false,
				"sender":	false
			}
		}, {
			"streams":	[{
					"socket":	221,
					"start":	2.000211,
					"end":	3.000117,
					"seconds":	0.99990600347518921,
					"bytes":	865504,
					"bits_per_second":	6924682.8961276524,
					"omitted":	false,
					"sender":	false
				}],
			"sum":	{
				"start":	2.000211,
				"end":	3.000117,
				"seconds":	0.99990600347518921,
				"bytes":	865504,
				"bits_per_second":	6924682.8961276524,
				"omitted":	false,
				"sender":	false
			}
		}, {
			"streams":	[{
					"socket":	221,
					"start":	3.000117,
					"end":	4.000187,
					"seconds":	1.0000699758529663,
					"bytes":	865504,
					"bits_per_second":	6923547.5188568151,
					"omitted":	false,
					"sender":	false
				}],
			"sum":	{
				"start":	3.000117,
				"end":	4.000187,
				"seconds":	1.0000699758529663,
				"bytes":	865504,
				"bits_per_second":	6923547.5188568151,
				"omitted":	false,
				"sender":	false
			}
		}, {
			"streams":	[{
					"socket":	221,
					"start":	4.000187,
					"end":	5.000168,
					"seconds":	0.99998098611831665,
					"bytes":	931552,
					"bits_per_second":	7452557.7020503851,
					"omitted":	false,
					"sender":	false
				}],
			"sum":	{
				"start":	4.000187,
				"end":	5.000168,
				"seconds":	0.99998098611831665,
				"bytes":	931552,
				"bits_per_second":	7452557.7020503851,
				"omitted":	false,
				"sender":	false
			}
		}, {
			"streams":	[{
					"socket":	221,
					"start":	5.000168,
					"end":	6.000119,
					"seconds":	0.99995100498199463,
					"bytes":	1486080,
					"bits_per_second":	11889222.512671078,
					"omitted":	false,
					"sender":	false
				}],
			"sum":	{
				"start":	5.000168,
				"end":	6.000119,
				"seconds":	0.99995100498199463,
				"bytes":	1486080,
				"bits_per_second":	11889222.512671078,
				"omitted":	false,
				"sender":	false
			}
		}, {
			"streams":	[{
					"socket":	221,
					"start":	6.000119,
					"end":	7.000114,
					"seconds":	0.99999499320983887,
					"bytes":	2325440,
					"bits_per_second":	18603613.144387253,
					"omitted":	false,
					"sender":	false
				}],
			"sum":	{
				"start":	6.000119,
				"end":	7.000114,
				"seconds":	0.99999499320983887,
				"bytes":	2325440,
				"bits_per_second":	18603613.144387253,
				"omitted":	false,
				"sender":	false
			}
		}, {
			"streams":	[{
					"socket":	221,
					"start":	7.000114,
					"end":	8.000131,
					"seconds":	1.0000170469284058,
					"bytes":	3701440,
					"bits_per_second":	29611015.22314347,
					"omitted":	false,
					"sender":	false
				}],
			"sum":	{
				"start":	7.000114,
				"end":	8.000131,
				"seconds":	1.0000170469284058,
				"bytes":	3701440,
				"bits_per_second":	29611015.22314347,
				"omitted":	false,
				"sender":	false
			}
		}, {
			"streams":	[{
					"socket":	221,
					"start":	8.000131,
					"end":	9.000205,
					"seconds":	1.000074028968811,
					"bytes":	4529792,
					"bits_per_second":	36235653.511936314,
					"omitted":	false,
					"sender":	false
				}],
			"sum":	{
				"start":	8.000131,
				"end":	9.000205,
				"seconds":	1.000074028968811,
				"bytes":	4529792,
				"bits_per_second":	36235653.511936314,
				"omitted":	false,
				"sender":	false
			}
		}, {
			"streams":	[{
					"socket":	221,
					"start":	9.000205,
					"end":	10.000122,
					"seconds":	0.99991697072982788,
					"bytes":	6231904,
					"bits_per_second":	49859371.787250735,
					"omitted":	false,
					"sender":	false
				}],
			"sum":	{
				"start":	9.000205,
				"end":	10.000122,
				"seconds":	0.99991697072982788,
				"bytes":	6231904,
				"bits_per_second":	49859371.787250735,
				"omitted":	false,
				"sender":	false
			}
		}, {
			"streams":	[{
					"socket":	221,
					"start":	10.000122,
					"end":	11.000213,
					"seconds":	1.0000909566879272,
					"bytes":	7778528,
					"bits_per_second":	62222564.441624053,
					"omitted":	false,
					"sender":	false
				}],
			"sum":	{
				"start":	10.000122,
				"end":	11.000213,
				"seconds":	1.0000909566879272,
				"bytes":	7778528,
				"bits_per_second":	62222564.441624053,
				"omitted":	false,
				"sender":	false
			}
		}, {
			"streams":	[{
					"socket":	221,
					"start":	11.000213,
					"end":	12.000864,
					"seconds":	1.0006510019302368,
					"bytes":	10796096,
					"bits_per_second":	86312578.344893754,
					"omitted":	false,
					"sender":	false
				}],
			"sum":	{
				"start":	11.000213,
				"end":	12.000864,
				"seconds":	1.0006510019302368,
				"bytes":	10796096,
				"bits_per_second":	86312578.344893754,
				"omitted":	false,
				"sender":	false
			}
		}, {
			"streams":	[{
					"socket":	221,
					"start":	12.000864,
					"end":	13.000381,
					"seconds":	0.999517023563385,
					"bytes":	13940608,
					"bits_per_second":	111578753.90896489,
					"omitted":	false,
					"sender":	false
				}],
			"sum":	{
				"start":	12.000864,
				"end":	13.000381,
				"seconds":	0.999517023563385,
				"bytes":	13940608,
				"bits_per_second":	111578753.90896489,
				"omitted":	false,
				"sender":	false
			}
		}, {
			"streams":	[{
					"socket":	221,
					"start":	13.000381,
					"end":	14.00082,
					"seconds":	1.0004390478134155,
					"bytes":	17502720,
					"bits_per_second":	139960310.73160833,
					"omitted":	false,
					"sender":	false
				}],
			"sum":	{
				"start":	13.000381,
				"end":	14.00082,
				"seconds":	1.0004390478134155,
				"bytes":	17502720,
				"bits_per_second":	139960310.73160833,
				"omitted":	false,
				"sender":	false
			}
		}, {
			"streams":	[{
					"socket":	221,
					"start":	14.00082,
					"end":	15.000153,
					"seconds":	0.99933302402496338,
					"bytes":	22644480,
					"bits_per_second":	181276747.2352387,
					"omitted":	false,
					"sender":	false
				}],
			"sum":	{
				"start":	14.00082,
				"end":	15.000153,
				"seconds":	0.99933302402496338,
				"bytes":	22644480,
				"bits_per_second":	181276747.2352387,
				"omitted":	false,
				"sender":	false
			}
		}, {
			"streams":	[{
					"socket":	221,
					"start":	15.000153,
					"end":	16.000177,
					"seconds":	1.0000239610671997,
					"bytes":	28081408,
					"bits_per_second":	224645881.24494335,
					"omitted":	false,
					"sender":	false
				}],
			"sum":	{
				"start":	15.000153,
				"end":	16.000177,
				"seconds":	1.0000239610671997,
				"bytes":	28081408,
				"bits_per_second":	224645881.24494335,