{"start": {"connected": [{"socket": 95, "local_host": "100.123.106.128", "local_port": 49433, "remote_host": "20.83.58.111", "remote_port": 5201}], "version": "iperf 3.7", "system_info": "Linux localhost 4.19.110-g9ceb3bf92e0a-ab6790968 #2 SMP PREEMPT Wed Aug 26 04:14:37 UTC 2020 aarch64", "timestamp": {"time": "2021-01-25 06:39:57 ", "timesecs": 1611596397.0}, "connecting_to": {"host": "20.83.58.111", "port": 5201}, "cookie": "4kdnoiyrrcznjeqku7ugseac6vjvnon3jicy", "sock_bufsize": 0, "sndbuf_actual": 212992, "rcvbuf_actual": 212992, "test_start": {"protocol": "UDP", "num_streams": 1, "blksize": 1376, "omit": 0, "duration": 30, "bytes": 0, "blocks": 0, "reverse": 1, "tos": 0}}, "intervals": [{"streams": [{"socket": 95, "start": 0, "end": 1.002988, "seconds": 1.0029879808425903, "bytes": 169506688, "bits_per_second": 1352013712.926855, "jitter_ms": 0.20759137550896611, "lost_packets": 57941, "packets": 181129, "lost_percent": 31.98880355989378, "omitted": false, "sender": false}], "sum": {"start": 0, "end": 1.002988, "seconds": 1.0029879808425903, "bytes": 169506688, "bits_per_second": 1352013712.926855, "jitter_ms": 0.20759137550896611, "lost_packets": 57941, "packets": 181129, "lost_percent": 31.98880355989378, "omitted": false, "sender": false}}, {"streams": [{"socket": 95, "start": 1.002988, "end": 2.000034, "seconds": 0.9970459938049316, "bytes": 189654080, "bits_per_second": 1521727833.447211, "jitter_ms": 0.16831628923325698, "lost_packets": 88169, "packets": 225999, "lost_percent": 39.01300448232072, "omitted": false, "sender": false}], "sum": {"start": 1.002988, "end": 2.000034, "seconds": 0.9970459938049316, "bytes": 189654080, "bits_per_second": 1521727833.447211, "jitter_ms": 0.16831628923325698, "lost_packets": 88169, "packets": 225999, "lost_percent": 39.01300448232072, "omitted": false, "sender": false}}, {"streams": [{"socket": 95, "start": 2.000034, "end": 3.00031, "seconds": 1.00027596950531, "bytes": 81761920, "bits_per_second": 653914899.4286898, "jitter_ms": 0.05161921060535269, "lost_packets": 161965, "packets": 221385, "lost_percent": 73.1598798473248, "omitted": false, "sender": false}], "sum": {"start": 2.000034, "end": 3.00031, "seconds": 1.00027596950531, "bytes": 81761920, "bits_per_second": 653914899.4286898, "jitter_ms": 0.05161921060535269, "lost_packets": 161965, "packets": 221385, "lost_percent": 73.1598798473248, "omitted": false, "sender": false}}, {"streams": [{"socket": 95, "start": 3.00031, "end": 4.000649, "seconds": 1.0003390312194824, "bytes": 208808000, "bits_per_second": 1669897852.4946578, "jitter_ms": 0.21107740518828647, "lost_packets": 63129, "packets": 214879, "lost_percent": 29.378859730359878, "omitted": false, "sender": false}], "sum": {"start": 3.00031, "end": 4.000649, "seconds": 1.0003390312194824, "bytes": 208808000, "bits_per_second": 1669897852.4946578, "jitter_ms": 0.21107740518828647, "lost_packets": 63129, "packets": 214879, "lost_percent": 29.378859730359878, "omitted": false, "sender": false}}, {"streams": [{"socket": 95, "start": 4.000649, "end": 5.001653, "seconds": 1.0010039806365967, "bytes": 67315296, "bits_per_second": 537982244.2439462, "jitter_ms": 0.30333939386896186, "lost_packets": 166110, "packets": 215031, "lost_percent": 77.24932684124614, "omitted": false, "sender": false}], "sum": {"start": 4.000649, "end": 5.001653, "seconds": 1.0010039806365967, "bytes": 67315296, "bits_per_second": 537982244.2439462, "jitter_ms": 0.30333939386896186, "lost_packets": 166110, "packets": 215031, "lost_percent": 77.24932684124614, "omitted": false, "sender": false}}, {"streams": [{"socket": 95, "start": 5.001653, "end": 6.001683, "seconds": 1.0000300407409668, "bytes": 229825024, "bits_per_second": 1838544960.7470784, "jitter_ms": 0.10877643908178296, "lost_packets": 56150, "packets": 223174, "lost_percent": 25.159740830025004, "omitted": false, "sender": false}], "sum": {"start": 5.001653, "end": 6.001683, "seconds": 1.0000300407409668, "bytes": 229825024, "bits_per_second": 1838544960.7470784, "jitter_ms": 0.10877643908178296, "lost_packets": 56150, "packets": 223174, "lost_percent": 25.159740830025004, "omitted": false, "sender": false}}, {"streams": [{"socket": 95, "start": 6.001683, "end": 7.000014, "seconds": 0.9983310103416443, "bytes": 237040768, "bits_per_second": 1899496383.8206809, "jitter_ms": 0.001728644240571774, "lost_packets": 46749, "packets": 219017, "lost_percent": 21.344918430989374, "omitted": false, "sender": false}], "sum": {"start": 6.001683, "end": 7.000014, "seconds": 0.9983310103416443, "bytes": 237040768, "bits_per_second": 1899496383.8206809, "jitter_ms": 0.001728644240571774, "lost_packets": 46749, "packets": 219017, "lost_percent": 21.344918430989374, "omitted": false, "sender": false}}, {"streams": [{"socket": 95, "start": 7.000014, "end": 8.001096, "seconds": 1.001081943511963, "bytes": 205636320, "bits_per_second": 1643312588.60663, "jitter_ms": 0.11311079439953005, "lost_packets": 49663, "packets": 199108, "lost_percent": 24.942744641099303, "omitted": false, "sender": false}], "sum": {"start": 7.000014, "end": 8.001096, "seconds": 1.001081943511963, "bytes": 205636320, "bits_per_second": 1643312588.60663, "jitter_ms": 0.11311079439953005, "lost_packets": 49663, "packets": 199108, "lost_percent": 24.942744641099303, "omitted": false, "sender": false}}, {"streams": [{"socket": 95, "start": 8.001096, "end": 9.000255, "seconds": 0.9991589784622192, "bytes": 27892896, "bits_per_second": 223330994.17615613, "jitter_ms": 0.02958602470387783, "lost_packets": 196019, "packets": 216290, "lost_percent": 90.62786074252162, "omitted": false, "sender": false}], "sum": {"start": 8.001096, "end": 9.000255, "seconds": 0.9991589784622192, "bytes": 27892896, "bits_per_second": 223330994.17615613, "jitter_ms": 0.02958602470387783, "lost_packets": 196019, "packets": 216290, "lost_percent": 90.62786074252162, "omitted": false, "sender": false}}, {"streams": [{"socket": 95, "start": 9.000255, "end": 10.000019, "seconds": 0.9997640252113342, "bytes": 34203232, "bits_per_second": 273690440.04374915, "jitter_ms": 0.024381952815170117, "lost_packets": 192569, "packets": 217426, "lost_percent": 88.5676046103042, "omitted": false, "sender": false}], "sum": {"start": 9.000255, "end": 10.000019, "seconds": 0.9997640252113342, "bytes": 34203232, "bits_per_second": 273690440.04374915, "jitter_ms": 0.024381952815170117, "lost_packets": 192569, "packets": 217426, "lost_percent": 88.5676046103042, "omitted": false, "sender": false}}, {"streams": [{"socket": 95, "start": 10.000019, "end": 11.010984, "seconds": 1.0109649896621704, "bytes": 34204608, "bits_per_second": 270668981.41689354, "jitter_ms": 0.9942895673040987, "lost_packets": 200767, "packets": 225625, "lost_percent": 88.98260387811635, "omitted": false, "sender": false}], "sum": {"start": 10.000019, "end": 11.010984, "seconds": 1.0109649896621704, "bytes": 34204608, "bits_per_second": 270668981.41689354, "jitter_ms": 0.9942895673040987, "lost_packets": 200767, "packets": 225625, "lost_percent": 88.98260387811635, "omitted": false, "sender": false}}, {"streams": [{"socket": 95, "start": 11.010984, "end": 12.000302, "seconds": 0.9893180131912231, "bytes": 24630400, "bits_per_second": 199170739.20892406, "jitter_ms": 0.10274174865843407, "lost_packets": 206999, "packets": 224899, "lost_percent": 92.04087168017644, "omitted": false, "sender": false}], "sum": {"start": 11.010984, "end": 12.000302, "seconds": 0.9893180131912231, "bytes": 24630400, "bits_per_second": 199170739.20892406, "jitter_ms": 0.10274174865843407, "lost_packets": 206999, "packets": 224899, "lost_percent": 92.04087168017644, "omitted": false, "sender": false}}, {"streams": [{"socket": 95, "start": 12.000302, "end": 13.00002, "seconds": 0.9997180104255676, "bytes": 27335616, "bits_per_second": 218746612.26410088, "jitter_ms": 0.007932991141479134, "lost_packets": 202514, "packets": 222380, "lost_percent": 91.06664268369458, "omitted": false, "sender": false}],