{
	"start":	{
		"connected":	[{
				"socket":	194,
				"local_host":	"100.124.85.183",
				"local_port":	45816,
				"remote_host":	"20.46.241.99",
				"remote_port":	5201
			}],
		"version":	"iperf 3.7",
		"system_info":	"Linux localhost 4.19.110-g9ceb3bf92e0a-ab6790968 #2 SMP PREEMPT Wed Aug 26 04:14:37 UTC 2020 aarch64",
		"timestamp":	{
			"time":	"Mon, 17 May 2021 23:19:04 GMT",
			"timesecs":	1621293544
		},
		"connecting_to":	{
			"host":	"20.46.241.99",
			"port":	5201
		},
		"cookie":	"ncz77xynijm5zfpjrtavwosvezu4vudb5ddr",
		"tcp_mss_default":	1376,
		"target_bitrate":	3000000000,
		"sock_bufsize":	0,
		"sndbuf_actual":	2097152,
		"rcvbuf_actual":	6291456,
		"test_start":	{
			"protocol":	"TCP",
			"num_streams":	1,
			"blksize":	131072,
			"omit":	0,
			"duration":	30,
			"bytes":	0,
			"blocks":	0,
			"reverse":	1,
			"tos":	0
		}
	},
	"intervals":	[{
			"streams":	[{
					"socket":	194,
					"start":	0,
					"end":	1.00012,
					"seconds":	1.0001200437545776,
					"bytes":	3987648,
					"bits_per_second":	31897354.921754096,
					"omitted":	false,
					"sender":	false
				}],
			"sum":	{
				"start":	0,
				"end":	1.00012,
				"seconds":	1.0001200437545776,
				"bytes":	3987648,
				"bits_per_second":	31897354.921754096,
				"omitted":	false,
				"sender":	false
			}
		}, {
			"streams":	[{
					"socket":	194,
					"start":	1.00012,
					"end":	2.000104,
					"seconds":	0.9999840259552002,
					"bytes":	15229568,
					"bits_per_second":	121838490.25350165,
					"omitted":	false,
					"sender":	false
				}],
			"sum":	{
				"start":	1.00012,
				"end":	2.000104,
				"seconds":	0.9999840259552002,
				"bytes":	15229568,
				"bits_per_second":	121838490.25350165,
				"omitted":	false,
				"sender":	false
			}
		}, {
			"streams":	[{
					"socket":	194,
					"start":	2.000104,
					"end":	3.00034,
					"seconds":	1.0002360343933105,
					"bytes":	48286784,
					"bits_per_second":	386203114.78210777,
					"omitted":	false,
					"sender":	false
				}],
			"sum":	{
				"start":	2.000104,
				"end":	3.00034,
				"seconds":	1.0002360343933105,
				"bytes":	48286784,
				"bits_per_second":	386203114.78210777,
				"omitted":	false,
				"sender":	false
			}
		}, {
			"streams":	[{
					"socket":	194,
					"start":	3.00034,
					"end":	4.000095,
					"seconds":	0.99975502490997314,
					"bytes":	51869312,
					"bits_per_second":	415056174.42369562,
					"omitted":	false,
					"sender":	false
				}],
			"sum":	{
				"start":	3.00034,
				"end":	4.000095,
				"seconds":	0.99975502490997314,
				"bytes":	51869312,
				"bits_per_second":	415056174.42369562,
				"omitted":	false,
				"sender":	false
			}
		}, {
			"streams":	[{
					"socket":	194,
					"start":	4.000095,
					"end":	5.000099,
					"seconds":	1.0000040531158447,
					"bytes":	42259712,
					"bits_per_second":	338076325.73748744,
					"omitted":	false,
					"sender":	false
				}],
			"sum":	{
				"start":	4.000095,
				"end":	5.000099,
				"seconds":	1.0000040531158447,
				"bytes":	42259712,
				"bits_per_second":	338076325.73748744,
				"omitted":	false,
				"sender":	false
			}
		}, {
			"streams":	[{
					"socket":	194,
					"start":	5.000099,
					"end":	6.00015,
					"seconds":	1.0000510215759277,
					"bytes":	38845856,
					"bits_per_second":	310750992.99461633,
					"omitted":	false,
					"sender":	false
				}],
			"sum":	{
				"start":	5.000099,
				"end":	6.00015,
				"seconds":	1.0000510215759277,
				"bytes":	38845856,
				"bits_per_second":	310750992.99461633,
				"omitted":	false,
				"sender":	false
			}
		}, {
			"streams":	[{
					"socket":	194,
					"start":	6.00015,
					"end":	7.000301,
					"seconds":	1.0001510381698608,
					"bytes":	14739712,
					"bits_per_second":	117899888.61659655,
					"omitted":	false,
					"sender":	false
				}],
			"sum":	{
				"start":	6.00015,
				"end":	7.000301,
				"seconds":	1.0001510381698608,
				"bytes":	14739712,
				"bits_per_second":	117899888.61659655,
				"omitted":	false,
				"sender":	false
			}
		}, {
			"streams":	[{
					"socket":	194,
					"start":	7.000301,
					"end":	8.001405,
					"seconds":	1.0011039972305298,
					"bytes":	13156288,
					"bits_per_second":	105134236.09451778,
					"omitted":	false,
					"sender":	false
				}],
			"sum":	{
				"start":	7.000301,
				"end":	8.001405,
				"seconds":	1.0011039972305298,
				"bytes":	13156288,
				"bits_per_second":	105134236.09451778,
				"omitted":	false,
				"sender":	false
			}
		}, {
			"streams":	[{
					"socket":	194,
					"start":	8.001405,
					"end":	9.000123,
					"seconds":	0.9987180233001709,
					"bytes":	13653696,
					"bits_per_second":	109369777.50642873,
					"omitted":	false,
					"sender":	false
				}],
			"sum":	{
				"start":	8.001405,
				"end":	9.000123,
				"seconds":	0.9987180233001709,
				"bytes":	13653696,
				"bits_per_second":	109369777.50642873,
				"omitted":	false,
				"sender":	false
			}
		}, {
			"streams":	[{
					"socket":	194,
					"start":	9.000123,
					"end":	10.000157,
					"seconds":	1.000033974647522,
					"bytes":	13947136,
					"bits_per_second":	111573297.33655013,
					"omitted":	false,
					"sender":	false
				}],
			"sum":	{
				"start":	9.000123,
				"end":	10.000157,
				"seconds":	1.000033974647522,
				"bytes":	13947136,
				"bits_per_second":	111573297.33655013,
				"omitted":	false,
				"sender":	false
			}
		}, {
			"streams":	[{
					"socket":	194,
					"start":	10.000157,
					"end":	11.000189,
					"seconds":	1.0000319480895996,
					"bytes":	14065472,
					"bits_per_second":	112520181.19516942,
					"omitted":	false,
					"sender":	false
				}],
			"sum":	{
				"start":	10.000157,
				"end":	11.000189,
				"seconds":	1.0000319480895996,
				"bytes":	14065472,
				"bits_per_second":	112520181.19516942,
				"omitted":	false,
				"sender":	false
			}
		}, {
			"streams":	[{
					"socket":	194,
					"start":	11.000189,
					"end":	12.000157,
					"seconds":	0.99996799230575562,
					"bytes":	13911360,
					"bits_per_second":	111294442.27847955,
					"omitted":	false,
					"sender":	false
				}],
			"sum":	{
				"start":	11.000189,
				"end":	12.000157,
				"seconds":	0.99996799230575562,
				"bytes":	13911360,
				"bits_per_second":	111294442.27847955,
				"omitted":	false,
				"sender":	false
			}
		}, {
			"streams":	[{
					"socket":	194,
					"start":	12.000157,
					"end":	13.000229,
					"seconds":	1.0000720024108887,
					"bytes":	13669184,
					"bits_per_second":	109345598.8532625,
					"omitted":	false,
					"sender":	false
				}],
			"sum":	{
				"start":	12.000157,
				"end":	13.000229,
				"seconds":	1.0000720024108887,
				"bytes":	13669184,
				"bits_per_second":	109345598.8532625,
				"omitted":	false,
				"sender":	false
			}
		}, {
			"streams":	[{
					"socket":	194,
					"start":	13.000229,
					"end":	14.000179,
					"seconds":	0.99994999170303345,
					"bytes":	15508896,
					"bits_per_second":	124077372.89811072,
					"omitted":	false,
					"sender":	false
				}],
			"sum":	{
				"start":	13.000229,
				"end":	14.000179,
				"seconds":	0.99994999170303345,
				"bytes":	15508896,
				"bits_per_second":	124077372.89811072,
				"omitted":	false,
				"sender":	false
			}
		}, {
			"streams":	[{
					"socket":	194,
					"start":	14.000179,
					"end":	15.000141,
					"seconds":	0.9999619722366333,
					"bytes":	13660928,
					"bits_per_second":	109291580.11434656,
					"omitted":	false,
					"sender":	false
				}],
			"sum":	{
				"start":	14.000179,
				"end":	15.000141,
				"seconds":	0.9999619722366333,
				"bytes":	13660928,
				"bits_per_second":	109291580.11434656,
				"omitted":	false,
				"sender":	false
			}
		}, {
			"streams":	[{
					"socket":	194,
					"start":	15.000141,
					"end":	16.000144,
					"seconds":	1.0000029802322388,
					"bytes":	12814688,
					"bits_per_second":	102517198.47494008,
					"omitted":	false,
					"sender":	false
				}],
			"sum":	{
				"start":	15.000141,
				"end":	16.000144,
				"seconds":	1.0000029802322388,
				"bytes":	12814688,