{
	"start":	{
		"connected":	[{
				"socket":	318,
				"local_host":	"100.124.59.153",
				"local_port":	40528,
				"remote_host":	"52.237.164.255",
				"remote_port":	5201
			}],
		"version":	"iperf 3.7",
		"system_info":	"Linux localhost 4.19.110-g9ceb3bf92e0a-ab6790968 #2 SMP PREEMPT Wed Aug 26 04:14:37 UTC 2020 aarch64",
		"timestamp":	{
			"time":	"Tue, 11 May 2021 17:22:22 GMT",
			"timesecs":	1620753742
		},
		"connecting_to":	{
			"host":	"52.237.164.255",
			"port":	5201
		},
		"cookie":	"kcgeivwr5ukgbgsf4qittulkyt7rqqe3gpt4",
		"tcp_mss_default":	1376,
		"target_bitrate":	2000000000,
		"sock_bufsize":	0,
		"sndbuf_actual":	2097152,
		"rcvbuf_actual":	6291456,
		"test_start":	{
			"protocol":	"TCP",
			"num_streams":	1,
			"blksize":	131072,
			"omit":	0,
			"duration":	30,
			"bytes":	0,
			"blocks":	0,
			"reverse":	1,
			"tos":	0
		}
	},
	"intervals":	[{
			"streams":	[{
					"socket":	318,
					"start":	0,
					"end":	1.000096,
					"seconds":	1.0000959634780884,
					"bytes":	83170432,
					"bits_per_second":	665299611.53530622,
					"omitted":	false,
					"sender":	false
				}],
			"sum":	{
				"start":	0,
				"end":	1.000096,
				"seconds":	1.0000959634780884,
				"bytes":	83170432,
				"bits_per_second":	665299611.53530622,
				"omitted":	false,
				"sender":	false
			}
		}, {
			"streams":	[{
					"socket":	318,
					"start":	1.000096,
					"end":	2.000506,
					"seconds":	1.0004099607467651,
					"bytes":	104871360,
					"bits_per_second":	838627075.81774032,
					"omitted":	false,
					"sender":	false
				}],
			"sum":	{
				"start":	1.000096,
				"end":	2.000506,
				"seconds":	1.0004099607467651,
				"bytes":	104871360,
				"bits_per_second":	838627075.81774032,
				"omitted":	false,
				"sender":	false
			}
		}, {
			"streams":	[{
					"socket":	318,
					"start":	2.000506,
					"end":	3.000103,
					"seconds":	0.99959701299667358,
					"bytes":	102336576,
					"bits_per_second":	819022663.48881578,
					"omitted":	false,
					"sender":	false
				}],
			"sum":	{
				"start":	2.000506,
				"end":	3.000103,
				"seconds":	0.99959701299667358,
				"bytes":	102336576,
				"bits_per_second":	819022663.48881578,
				"omitted":	false,
				"sender":	false
			}
		}, {
			"streams":	[{
					"socket":	318,
					"start":	3.000103,
					"end":	4.000157,
					"seconds":	1.0000540018081665,
					"bytes":	102515808,
					"bits_per_second":	820082178.07953858,
					"omitted":	false,
					"sender":	false
				}],
			"sum":	{
				"start":	3.000103,
				"end":	4.000157,
				"seconds":	1.0000540018081665,
				"bytes":	102515808,
				"bits_per_second":	820082178.07953858,
				"omitted":	false,
				"sender":	false
			}
		}, {
			"streams":	[{
					"socket":	318,
					"start":	4.000157,
					"end":	5.000122,
					"seconds":	0.99996501207351685,
					"bytes":	99136928,
					"bits_per_second":	793123173.7352947,
					"omitted":	false,
					"sender":	false
				}],
			"sum":	{
				"start":	4.000157,
				"end":	5.000122,
				"seconds":	0.99996501207351685,
				"bytes":	99136928,
				"bits_per_second":	793123173.7352947,
				"omitted":	false,
				"sender":	false
			}
		}, {
			"streams":	[{
					"socket":	318,
					"start":	5.000122,
					"end":	6.000122,
					"seconds":	1,
					"bytes":	101833952,
					"bits_per_second":	814671616,
					"omitted":	false,
					"sender":	false
				}],
			"sum":	{
				"start":	5.000122,
				"end":	6.000122,
				"seconds":	1,
				"bytes":	101833952,
				"bits_per_second":	814671616,
				"omitted":	false,
				"sender":	false
			}
		}, {
			"streams":	[{
					"socket":	318,
					"start":	6.000122,
					"end":	7.000134,
					"seconds":	1.0000120401382446,
					"bytes":	102395488,
					"bits_per_second":	819154041.27209949,
					"omitted":	false,
					"sender":	false
				}],
			"sum":	{
				"start":	6.000122,
				"end":	7.000134,
				"seconds":	1.0000120401382446,
				"bytes":	102395488,
				"bits_per_second":	819154041.27209949,
				"omitted":	false,
				"sender":	false
			}
		}, {
			"streams":	[{
					"socket":	318,
					"start":	7.000134,
					"end":	8.000101,
					"seconds":	0.99996697902679443,
					"bytes":	102849216,
					"bits_per_second":	822820898.34683728,
					"omitted":	false,
					"sender":	false
				}],
			"sum":	{
				"start":	7.000134,
				"end":	8.000101,
				"seconds":	0.99996697902679443,
				"bytes":	102849216,
				"bits_per_second":	822820898.34683728,
				"omitted":	false,
				"sender":	false
			}
		}, {
			"streams":	[{
					"socket":	318,
					"start":	8.000101,
					"end":	9.000131,
					"seconds":	1.0000300407409668,
					"bytes":	102815168,
					"bits_per_second":	822496635.59162414,
					"omitted":	false,
					"sender":	false
				}],
			"sum":	{
				"start":	8.000101,
				"end":	9.000131,
				"seconds":	1.0000300407409668,
				"bytes":	102815168,
				"bits_per_second":	822496635.59162414,
				"omitted":	false,
				"sender":	false
			}
		}, {
			"streams":	[{
					"socket":	318,
					"start":	9.000131,
					"end":	10.000145,
					"seconds":	1.0000139474868774,
					"bytes":	102419776,
					"bits_per_second":	819346780.17153549,
					"omitted":	false,
					"sender":	false
				}],
			"sum":	{
				"start":	9.000131,
				"end":	10.000145,
				"seconds":	1.0000139474868774,
				"bytes":	102419776,
				"bits_per_second":	819346780.17153549,
				"omitted":	false,
				"sender":	false
			}
		}, {
			"streams":	[{
					"socket":	318,
					"start":	10.000145,
					"end":	11.000137,
					"seconds":	0.9999920129776001,
					"bytes":	103498880,
					"bits_per_second":	827997653.23580348,
					"omitted":	false,
					"sender":	false
				}],
			"sum":	{
				"start":	10.000145,
				"end":	11.000137,
				"seconds":	0.9999920129776001,
				"bytes":	103498880,
				"bits_per_second":	827997653.23580348,
				"omitted":	false,
				"sender":	false
			}
		}, {
			"streams":	[{
					"socket":	318,
					"start":	11.000137,
					"end":	12.00013,
					"seconds":	0.99999302625656128,
					"bytes":	102220608,
					"bits_per_second":	817770566.92212546,
					"omitted":	false,
					"sender":	false
				}],
			"sum":	{
				"start":	11.000137,
				"end":	12.00013,
				"seconds":	0.99999302625656128,
				"bytes":	102220608,
				"bits_per_second":	817770566.92212546,
				"omitted":	false,
				"sender":	false
			}
		}, {
			"streams":	[{
					"socket":	318,
					"start":	12.00013,
					"end":	13.000128,
					"seconds":	0.99999797344207764,
					"bytes":	102268480,
					"bits_per_second":	818149498.02734685,
					"omitted":	false,
					"sender":	false
				}],
			"sum":	{
				"start":	12.00013,
				"end":	13.000128,
				"seconds":	0.99999797344207764,
				"bytes":	102268480,
				"bits_per_second":	818149498.02734685,
				"omitted":	false,
				"sender":	false
			}
		}, {
			"streams":	[{
					"socket":	318,
					"start":	13.000128,
					"end":	14.000138,
					"seconds":	1.0000100135803223,
					"bytes":	101206560,
					"bits_per_second":	809644372.5610429,
					"omitted":	false,
					"sender":	false
				}],
			"sum":	{
				"start":	13.000128,
				"end":	14.000138,
				"seconds":	1.0000100135803223,
				"bytes":	101206560,
				"bits_per_second":	809644372.5610429,
				"omitted":	false,
				"sender":	false
			}
		}, {
			"streams":	[{
					"socket":	318,
					"start":	14.000138,
					"end":	15.000375,
					"seconds":	1.000236988067627,
					"bytes":	102076864,
					"bits_per_second":	816421429.86296749,
					"omitted":	false,
					"sender":	false
				}],
			"sum":	{
				"start":	14.000138,
				"end":	15.000375,
				"seconds":	1.000236988067627,
				"bytes":	102076864,
				"bits_per_second":	816421429.86296749,
				"omitted":	false,
				"sender":	false
			}
		}, {
			"streams":	[{
					"socket":	318,
					"start":	15.000375,
					"end":	16.000142,
					"seconds":	0.999767005443573,
					"bytes":	101588032,
					"bits_per_second":	812893655.79675472,
					"omitted":	false,
					"sender":	false
				}],
			"sum":	{
				"start":	15.000375,
				"end":	16.000142,
				"seconds":	0.999767005443573,
				"bytes":	101588032,