{
	"start":	{
		"connected":	[{
				"socket":	305,
				"local_host":	"100.124.85.183",
				"local_port":	47658,
				"remote_host":	"104.214.106.253",
				"remote_port":	5201
			}],
		"version":	"iperf 3.7",
		"system_info":	"Linux localhost 4.19.110-g9ceb3bf92e0a-ab6790968 #2 SMP PREEMPT Wed Aug 26 04:14:37 UTC 2020 aarch64",
		"timestamp":	{
			"time":	"Mon, 17 May 2021 23:24:32 GMT",
			"timesecs":	1621293872
		},
		"connecting_to":	{
			"host":	"104.214.106.253",
			"port":	5201
		},
		"cookie":	"nl2iiab2o2o6lc55aonltw2afil3d3hzufrf",
		"tcp_mss_default":	1376,
		"target_bitrate":	3000000000,
		"sock_bufsize":	0,
		"sndbuf_actual":	2097152,
		"rcvbuf_actual":	6291456,
		"test_start":	{
			"protocol":	"TCP",
			"num_streams":	1,
			"blksize":	131072,
			"omit":	0,
			"duration":	30,
			"bytes":	0,
			"blocks":	0,
			"reverse":	1,
			"tos":	0
		}
	},
	"intervals":	[{
			"streams":	[{
					"socket":	305,
					"start":	0,
					"end":	1.000086,
					"seconds":	1.0000859498977661,
					"bytes":	26118272,
					"bits_per_second":	208928218.64096734,
					"omitted":	false,
					"sender":	false
				}],
			"sum":	{
				"start":	0,
				"end":	1.000086,
				"seconds":	1.0000859498977661,
				"bytes":	26118272,
				"bits_per_second":	208928218.64096734,
				"omitted":	false,
				"sender":	false
			}
		}, {
			"streams":	[{
					"socket":	305,
					"start":	1.000086,
					"end":	2.000393,
					"seconds":	1.0003069639205933,
					"bytes":	53738816,
					"bits_per_second":	429778601.475504,
					"omitted":	false,
					"sender":	false
				}],
			"sum":	{
				"start":	1.000086,
				"end":	2.000393,
				"seconds":	1.0003069639205933,
				"bytes":	53738816,
				"bits_per_second":	429778601.475504,
				"omitted":	false,
				"sender":	false
			}
		}, {
			"streams":	[{
					"socket":	305,
					"start":	2.000393,
					"end":	3.000104,
					"seconds":	0.99971097707748413,
					"bytes":	52114688,
					"bits_per_second":	417038037.5524137,
					"omitted":	false,
					"sender":	false
				}],
			"sum":	{
				"start":	2.000393,
				"end":	3.000104,
				"seconds":	0.99971097707748413,
				"bytes":	52114688,
				"bits_per_second":	417038037.5524137,
				"omitted":	false,
				"sender":	false
			}
		}, {
			"streams":	[{
					"socket":	305,
					"start":	3.000104,
					"end":	4.000062,
					"seconds":	0.99995797872543335,
					"bytes":	49050656,
					"bits_per_second":	392421738.061601,
					"omitted":	false,
					"sender":	false
				}],
			"sum":	{
				"start":	3.000104,
				"end":	4.000062,
				"seconds":	0.99995797872543335,
				"bytes":	49050656,
				"bits_per_second":	392421738.061601,
				"omitted":	false,
				"sender":	false
			}
		}, {
			"streams":	[{
					"socket":	305,
					"start":	4.000062,
					"end":	5.000086,
					"seconds":	1.0000239610671997,
					"bytes":	52002208,
					"bits_per_second":	416007696.01164025,
					"omitted":	false,
					"sender":	false
				}],
			"sum":	{
				"start":	4.000062,
				"end":	5.000086,
				"seconds":	1.0000239610671997,
				"bytes":	52002208,
				"bits_per_second":	416007696.01164025,
				"omitted":	false,
				"sender":	false
			}
		}, {
			"streams":	[{
					"socket":	305,
					"start":	5.000086,
					"end":	6.000366,
					"seconds":	1.0002800226211548,
					"bytes":	51565248,
					"bits_per_second":	412406500.85065055,
					"omitted":	false,
					"sender":	false
				}],
			"sum":	{
				"start":	5.000086,
				"end":	6.000366,
				"seconds":	1.0002800226211548,
				"bytes":	51565248,
				"bits_per_second":	412406500.85065055,
				"omitted":	false,
				"sender":	false
			}
		}, {
			"streams":	[{
					"socket":	305,
					"start":	6.000366,
					"end":	7.00011,
					"seconds":	0.9997439980506897,
					"bytes":	52173856,
					"bits_per_second":	417497728.23226011,
					"omitted":	false,
					"sender":	false
				}],
			"sum":	{
				"start":	6.000366,
				"end":	7.00011,
				"seconds":	0.9997439980506897,
				"bytes":	52173856,
				"bits_per_second":	417497728.23226011,
				"omitted":	false,
				"sender":	false
			}
		}, {
			"streams":	[{
					"socket":	305,
					"start":	7.00011,
					"end":	8.000106,
					"seconds":	0.9999960064888,
					"bytes":	52434336,
					"bits_per_second":	419476363.18355447,
					"omitted":	false,
					"sender":	false
				}],
			"sum":	{
				"start":	7.00011,
				"end":	8.000106,
				"seconds":	0.9999960064888,
				"bytes":	52434336,
				"bits_per_second":	419476363.18355447,
				"omitted":	false,
				"sender":	false
			}
		}, {
			"streams":	[{
					"socket":	305,
					"start":	8.000106,
					"end":	9.000088,
					"seconds":	0.99998199939727783,
					"bytes":	53558880,
					"bits_per_second":	428478752.87580538,
					"omitted":	false,
					"sender":	false
				}],
			"sum":	{
				"start":	8.000106,
				"end":	9.000088,
				"seconds":	0.99998199939727783,
				"bytes":	53558880,
				"bits_per_second":	428478752.87580538,
				"omitted":	false,
				"sender":	false
			}
		}, {
			"streams":	[{
					"socket":	305,
					"start":	9.000088,
					"end":	10.000086,
					"seconds":	0.99999797344207764,
					"bytes":	50524384,
					"bits_per_second":	404195891.12638533,
					"omitted":	false,
					"sender":	false
				}],
			"sum":	{
				"start":	9.000088,
				"end":	10.000086,
				"seconds":	0.99999797344207764,
				"bytes":	50524384,
				"bits_per_second":	404195891.12638533,
				"omitted":	false,
				"sender":	false
			}
		}, {
			"streams":	[{
					"socket":	305,
					"start":	10.000086,
					"end":	11.000171,
					"seconds":	1.0000849962234497,
					"bytes":	37968480,
					"bits_per_second":	303722024.77491564,
					"omitted":	false,
					"sender":	false
				}],
			"sum":	{
				"start":	10.000086,
				"end":	11.000171,
				"seconds":	1.0000849962234497,
				"bytes":	37968480,
				"bits_per_second":	303722024.77491564,
				"omitted":	false,
				"sender":	false
			}
		}, {
			"streams":	[{
					"socket":	305,
					"start":	11.000171,
					"end":	12.000277,
					"seconds":	1.0001059770584106,
					"bytes":	50484000,
					"bits_per_second":	403829203.36892664,
					"omitted":	false,
					"sender":	false
				}],
			"sum":	{
				"start":	11.000171,
				"end":	12.000277,
				"seconds":	1.0001059770584106,
				"bytes":	50484000,
				"bits_per_second":	403829203.36892664,
				"omitted":	false,
				"sender":	false
			}
		}, {
			"streams":	[{
					"socket":	305,
					"start":	12.000277,
					"end":	13.000975,
					"seconds":	1.0006979703903198,
					"bytes":	53343904,
					"bits_per_second":	426453580.02829438,
					"omitted":	false,
					"sender":	false
				}],
			"sum":	{
				"start":	12.000277,
				"end":	13.000975,
				"seconds":	1.0006979703903198,
				"bytes":	53343904,
				"bits_per_second":	426453580.02829438,
				"omitted":	false,
				"sender":	false
			}
		}, {
			"streams":	[{
					"socket":	305,
					"start":	13.000975,
					"end":	14.000127,
					"seconds":	0.99915200471878052,
					"bytes":	52564064,
					"bits_per_second":	420869407.27137578,
					"omitted":	false,
					"sender":	false
				}],
			"sum":	{
				"start":	13.000975,
				"end":	14.000127,
				"seconds":	0.99915200471878052,
				"bytes":	52564064,
				"bits_per_second":	420869407.27137578,
				"omitted":	false,
				"sender":	false
			}
		}, {
			"streams":	[{
					"socket":	305,
					"start":	14.000127,
					"end":	15.000116,
					"seconds":	0.99998897314071655,
					"bytes":	49959744,
					"bits_per_second":	399682359.24113345,
					"omitted":	false,
					"sender":	false
				}],
			"sum":	{
				"start":	14.000127,
				"end":	15.000116,
				"seconds":	0.99998897314071655,
				"bytes":	49959744,
				"bits_per_second":	399682359.24113345,
				"omitted":	false,
				"sender":	false
			}
		}, {
			"streams":	[{
					"socket":	305,
					"start":	15.000116,
					"end":	16.000147,
					"seconds":	1.0000309944152832,
					"bytes":	52177024,
					"bits_per_second":	417403254.83017921,
					"omitted":	false,
					"sender":	false
				}],
			"sum":	{
				"start":	15.000116,
				"end":	16.000147,
				"seconds":	1.0000309944152832,
				"bytes":	52177024,