{
	"start":	{
		"connected":	[{
				"socket":	333,
				"local_host":	"100.124.59.153",
				"local_port":	40022,
				"remote_host":	"40.124.132.228",
				"remote_port":	5201
			}],
		"version":	"iperf 3.7",
		"system_info":	"Linux localhost 4.19.110-g9ceb3bf92e0a-ab6790968 #2 SMP PREEMPT Wed Aug 26 04:14:37 UTC 2020 aarch64",
		"timestamp":	{
			"time":	"Tue, 11 May 2021 17:26:25 GMT",
			"timesecs":	1620753985
		},
		"connecting_to":	{
			"host":	"40.124.132.228",
			"port":	5201
		},
		"cookie":	"6gqsl3yv4kssuveg6yui52j5mopb46jp5qiy",
		"tcp_mss_default":	1376,
		"target_bitrate":	2000000000,
		"sock_bufsize":	0,
		"sndbuf_actual":	2097152,
		"rcvbuf_actual":	6291456,
		"test_start":	{
			"protocol":	"TCP",
			"num_streams":	1,
			"blksize":	131072,
			"omit":	0,
			"duration":	30,
			"bytes":	0,
			"blocks":	0,
			"reverse":	1,
			"tos":	0
		}
	},
	"intervals":	[{
			"streams":	[{
					"socket":	333,
					"start":	0,
					"end":	1.000097,
					"seconds":	1.0000970363616943,
					"bytes":	3925728,
					"bits_per_second":	31402776.788793318,
					"omitted":	false,
					"sender":	false
				}],
			"sum":	{
				"start":	0,
				"end":	1.000097,
				"seconds":	1.0000970363616943,
				"bytes":	3925728,
				"bits_per_second":	31402776.788793318,
				"omitted":	false,
				"sender":	false
			}
		}, {
			"streams":	[{
					"socket":	333,
					"start":	1.000097,
					"end":	2.001085,
					"seconds":	1.0009880065917969,
					"bytes":	12288032,
					"bits_per_second":	98207226.612744525,
					"omitted":	false,
					"sender":	false
				}],
			"sum":	{
				"start":	1.000097,
				"end":	2.001085,
				"seconds":	1.0009880065917969,
				"bytes":	12288032,
				"bits_per_second":	98207226.612744525,
				"omitted":	false,
				"sender":	false
			}
		}, {
			"streams":	[{
					"socket":	333,
					"start":	2.001085,
					"end":	3.000154,
					"seconds":	0.9990689754486084,
					"bytes":	16576320,
					"bits_per_second":	132734138.7419766,
					"omitted":	false,
					"sender":	false
				}],
			"sum":	{
				"start":	2.001085,
				"end":	3.000154,
				"seconds":	0.9990689754486084,
				"bytes":	16576320,
				"bits_per_second":	132734138.7419766,
				"omitted":	false,
				"sender":	false
			}
		}, {
			"streams":	[{
					"socket":	333,
					"start":	3.000154,
					"end":	4.000151,
					"seconds":	0.99999701976776123,
					"bytes":	50089728,
					"bits_per_second":	400719018.23573685,
					"omitted":	false,
					"sender":	false
				}],
			"sum":	{
				"start":	3.000154,
				"end":	4.000151,
				"seconds":	0.99999701976776123,
				"bytes":	50089728,
				"bits_per_second":	400719018.23573685,
				"omitted":	false,
				"sender":	false
			}
		}, {
			"streams":	[{
					"socket":	333,
					"start":	4.000151,
					"end":	5.000128,
					"seconds":	0.9999769926071167,
					"bytes":	54132224,
					"bits_per_second":	433067755.76000184,
					"omitted":	false,
					"sender":	false
				}],
			"sum":	{
				"start":	4.000151,
				"end":	5.000128,
				"seconds":	0.9999769926071167,
				"bytes":	54132224,
				"bits_per_second":	433067755.76000184,
				"omitted":	false,
				"sender":	false
			}
		}, {
			"streams":	[{
					"socket":	333,
					"start":	5.000128,
					"end":	6.000153,
					"seconds":	1.0000250339508057,
					"bytes":	53915008,
					"bits_per_second":	431309266.62503725,
					"omitted":	false,
					"sender":	false
				}],
			"sum":	{
				"start":	5.000128,
				"end":	6.000153,
				"seconds":	1.0000250339508057,
				"bytes":	53915008,
				"bits_per_second":	431309266.62503725,
				"omitted":	false,
				"sender":	false
			}
		}, {
			"streams":	[{
					"socket":	333,
					"start":	6.000153,
					"end":	7.000094,
					"seconds":	0.99994099140167236,
					"bytes":	54644288,
					"bits_per_second":	437180101.38499945,
					"omitted":	false,
					"sender":	false
				}],
			"sum":	{
				"start":	6.000153,
				"end":	7.000094,
				"seconds":	0.99994099140167236,
				"bytes":	54644288,
				"bits_per_second":	437180101.38499945,
				"omitted":	false,
				"sender":	false
			}
		}, {
			"streams":	[{
					"socket":	333,
					"start":	7.000094,
					"end":	8.000129,
					"seconds":	1.0000350475311279,
					"bytes":	54204672,
					"bits_per_second":	433622178.61319727,
					"omitted":	false,
					"sender":	false
				}],
			"sum":	{
				"start":	7.000094,
				"end":	8.000129,
				"seconds":	1.0000350475311279,
				"bytes":	54204672,
				"bits_per_second":	433622178.61319727,
				"omitted":	false,
				"sender":	false
			}
		}, {
			"streams":	[{
					"socket":	333,
					"start":	8.000129,
					"end":	9.000403,
					"seconds":	1.0002739429473877,
					"bytes":	50359456,
					"bits_per_second":	402765313.28297371,
					"omitted":	false,
					"sender":	false
				}],
			"sum":	{
				"start":	8.000129,
				"end":	9.000403,
				"seconds":	1.0002739429473877,
				"bytes":	50359456,
				"bits_per_second":	402765313.28297371,
				"omitted":	false,
				"sender":	false
			}
		}, {
			"streams":	[{
					"socket":	333,
					"start":	9.000403,
					"end":	10.000289,
					"seconds":	0.99988597631454468,
					"bytes":	50200736,
					"bits_per_second":	401651685.80548489,
					"omitted":	false,
					"sender":	false
				}],
			"sum":	{
				"start":	9.000403,
				"end":	10.000289,
				"seconds":	0.99988597631454468,
				"bytes":	50200736,
				"bits_per_second":	401651685.80548489,
				"omitted":	false,
				"sender":	false
			}
		}, {
			"streams":	[{
					"socket":	333,
					"start":	10.000289,
					"end":	11.000381,
					"seconds":	1.0000920295715332,
					"bytes":	54656992,
					"bits_per_second":	437215699.22653258,
					"omitted":	false,
					"sender":	false
				}],
			"sum":	{
				"start":	10.000289,
				"end":	11.000381,
				"seconds":	1.0000920295715332,
				"bytes":	54656992,
				"bits_per_second":	437215699.22653258,
				"omitted":	false,
				"sender":	false
			}
		}, {
			"streams":	[{
					"socket":	333,
					"start":	11.000381,
					"end":	12.000151,
					"seconds":	0.99976998567581177,
					"bytes":	53738816,
					"bits_per_second":	430009436.329892,
					"omitted":	false,
					"sender":	false
				}],
			"sum":	{
				"start":	11.000381,
				"end":	12.000151,
				"seconds":	0.99976998567581177,
				"bytes":	53738816,
				"bits_per_second":	430009436.329892,
				"omitted":	false,
				"sender":	false
			}
		}, {
			"streams":	[{
					"socket":	333,
					"start":	12.000151,
					"end":	13.000146,
					"seconds":	0.99999499320983887,
					"bytes":	54657248,
					"bits_per_second":	437260173.2699334,
					"omitted":	false,
					"sender":	false
				}],
			"sum":	{
				"start":	12.000151,
				"end":	13.000146,
				"seconds":	0.99999499320983887,
				"bytes":	54657248,
				"bits_per_second":	437260173.2699334,
				"omitted":	false,
				"sender":	false
			}
		}, {
			"streams":	[{
					"socket":	333,
					"start":	13.000146,
					"end":	14.000152,
					"seconds":	1.0000059604644775,
					"bytes":	52698880,
					"bits_per_second":	421588527.13655984,
					"omitted":	false,
					"sender":	false
				}],
			"sum":	{
				"start":	13.000146,
				"end":	14.000152,
				"seconds":	1.0000059604644775,
				"bytes":	52698880,
				"bits_per_second":	421588527.13655984,
				"omitted":	false,
				"sender":	false
			}
		}, {
			"streams":	[{
					"socket":	333,
					"start":	14.000152,
					"end":	15.000113,
					"seconds":	0.99996101856231689,
					"bytes":	53549312,
					"bits_per_second":	428411196.0843429,
					"omitted":	false,
					"sender":	false
				}],
			"sum":	{
				"start":	14.000152,
				"end":	15.000113,
				"seconds":	0.99996101856231689,
				"bytes":	53549312,
				"bits_per_second":	428411196.0843429,
				"omitted":	false,
				"sender":	false
			}
		}, {
			"streams":	[{
					"socket":	333,
					"start":	15.000113,
					"end":	16.000155,
					"seconds":	1.0000419616699219,
					"bytes":	53135872,
					"bits_per_second":	425069139.389079,
					"omitted":	false,
					"sender":	false
				}],
			"sum":	{
				"start":	15.000113,
				"end":	16.000155,
				"seconds":	1.0000419616699219,
				"bytes":	53135872,