{"start": {"connected": [{"socket": 163, "local_host": "100.123.106.128", "local_port": 49710, "remote_host": "52.161.167.187", "remote_port": 5201}], "version": "iperf 3.7", "system_info": "Linux localhost 4.19.110-g9ceb3bf92e0a-ab6790968 #2 SMP PREEMPT Wed Aug 26 04:14:37 UTC 2020 aarch64", "timestamp": {"time": "2021-01-25 05:46:56 ", "timesecs": 1611593216.0}, "connecting_to": {"host": "52.161.167.187", "port": 5201}, "cookie": "rssjqhdleac6haddquvw3xrobmptpvvdbn6k", "sock_bufsize": 0, "sndbuf_actual": 212992, "rcvbuf_actual": 212992, "test_start": {"protocol": "UDP", "num_streams": 1, "blksize": 1376, "omit": 0, "duration": 30, "bytes": 0, "blocks": 0, "reverse": 1, "tos": 0}}, "intervals": [{"streams": [{"socket": 163, "start": 0, "end": 1.001287, "seconds": 1.0012869834899902, "bytes": 36517664, "bits_per_second": 291765814.2141628, "jitter_ms": 0.13544742755105213, "lost_packets": 167205, "packets": 193744, "lost_percent": 86.30202741762325, "omitted": false, "sender": false}], "sum": {"start": 0, "end": 1.001287, "seconds": 1.0012869834899902, "bytes": 36517664, "bits_per_second": 291765814.2141628, "jitter_ms": 0.13544742755105213, "lost_packets": 167205, "packets": 193744, "lost_percent": 86.30202741762325, "omitted": false, "sender": false}}, {"streams": [{"socket": 163, "start": 1.001287, "end": 2.002715, "seconds": 1.0014280080795288, "bytes": 34186720, "bits_per_second": 273103765.6161504, "jitter_ms": 0.3050617482827023, "lost_packets": 178882, "packets": 203727, "lost_percent": 87.80475832854752, "omitted": false, "sender": false}], "sum": {"start": 1.001287, "end": 2.002715, "seconds": 1.0014280080795288, "bytes": 34186720, "bits_per_second": 273103765.6161504, "jitter_ms": 0.3050617482827023, "lost_packets": 178882, "packets": 203727, "lost_percent": 87.80475832854752, "omitted": false, "sender": false}}, {"streams": [{"socket": 163, "start": 2.002715, "end": 3.002062, "seconds": 0.9993469715118408, "bytes": 43608192, "bits_per_second": 349093504.00314534, "jitter_ms": 0.3295363206201819, "lost_packets": 173832, "packets": 205524, "lost_percent": 84.5799030770129, "omitted": false, "sender": false}], "sum": {"start": 2.002715, "end": 3.002062, "seconds": 0.9993469715118408, "bytes": 43608192, "bits_per_second": 349093504.00314534, "jitter_ms": 0.3295363206201819, "lost_packets": 173832, "packets": 205524, "lost_percent": 84.5799030770129, "omitted": false, "sender": false}}, {"streams": [{"socket": 163, "start": 3.002062, "end": 4.000448, "seconds": 0.998386025428772, "bytes": 47375680, "bits_per_second": 379618134.01507735, "jitter_ms": 0.06572844006364705, "lost_packets": 165760, "packets": 200190, "lost_percent": 82.80133872820821, "omitted": false, "sender": false}], "sum": {"start": 3.002062, "end": 4.000448, "seconds": 0.998386025428772, "bytes": 47375680, "bits_per_second": 379618134.01507735, "jitter_ms": 0.06572844006364705, "lost_packets": 165760, "packets": 200190, "lost_percent": 82.80133872820821, "omitted": false, "sender": false}}, {"streams": [{"socket": 163, "start": 4.000448, "end": 5.000014, "seconds": 0.9995660185813904, "bytes": 48246688, "bits_per_second": 386141082.0545735, "jitter_ms": 0.02583618645652687, "lost_packets": 154636, "packets": 189699, "lost_percent": 81.51650773066805, "omitted": false, "sender": false}], "sum": {"start": 4.000448, "end": 5.000014, "seconds": 0.9995660185813904, "bytes": 48246688, "bits_per_second": 386141082.0545735, "jitter_ms": 0.02583618645652687, "lost_packets": 154636, "packets": 189699, "lost_percent": 81.51650773066805, "omitted": false, "sender": false}}, {"streams": [{"socket": 163, "start": 5.000014, "end": 6.000579, "seconds": 1.0005650520324707, "bytes": 61093024, "bits_per_second": 488468182.0609292, "jitter_ms": 0.0330918893251573, "lost_packets": 148762, "packets": 193161, "lost_percent": 77.01451121085519, "omitted": false, "sender": false}], "sum": {"start": 5.000014, "end": 6.000579, "seconds": 1.0005650520324707, "bytes": 61093024, "bits_per_second": 488468182.0609292, "jitter_ms": 0.0330918893251573, "lost_packets": 148762, "packets": 193161, "lost_percent": 77.01451121085519, "omitted": false, "sender": false}}, {"streams": [{"socket": 163, "start": 6.000579, "end": 7.000354, "seconds": 0.9997749924659729, "bytes": 61300800, "bits_per_second": 490516769.9688096, "jitter_ms": 0.05052596402576449, "lost_packets": 158477, "packets": 203027, "lost_percent": 78.05710570515252, "omitted": false, "sender": false}], "sum": {"start": 6.000579, "end": 7.000354, "seconds": 0.9997749924659729, "bytes": 61300800, "bits_per_second": 490516769.9688096, "jitter_ms": 0.05052596402576449, "lost_packets": 158477, "packets": 203027, "lost_percent": 78.05710570515252, "omitted": false, "sender": false}}, {"streams": [{"socket": 163, "start": 7.000354, "end": 8.000016, "seconds": 0.9996619820594788, "bytes": 46686304, "bits_per_second": 373616721.154629, "jitter_ms": 0.0006245592393648799, "lost_packets": 167893, "packets": 201822, "lost_percent": 83.18865138587468, "omitted": false, "sender": false}], "sum": {"start": 7.000354, "end": 8.000016, "seconds": 0.9996619820594788, "bytes": 46686304, "bits_per_second": 373616721.154629, "jitter_ms": 0.0006245592393648799, "lost_packets": 167893, "packets": 201822, "lost_percent": 83.18865138587468, "omitted": false, "sender": false}}, {"streams": [{"socket": 163, "start": 8.000016, "end": 9.003891, "seconds": 1.0038750171661377, "bytes": 33681728, "bits_per_second": 268413716.2419357, "jitter_ms": 0.022766476068216954, "lost_packets": 187087, "packets": 211565, "lost_percent": 88.43003332309219, "omitted": false, "sender": false}], "sum": {"start": 8.000016, "end": 9.003891, "seconds": 1.0038750171661377, "bytes": 33681728, "bits_per_second": 268413716.2419357, "jitter_ms": 0.022766476068216954, "lost_packets": 187087, "packets": 211565, "lost_percent": 88.43003332309219, "omitted": false, "sender": false}}, {"streams": [{"socket": 163, "start": 9.003891, "end": 10.000036, "seconds": 0.9961450099945068, "bytes": 46039584, "bits_per_second": 369742023.80638444, "jitter_ms": 0.11606051051452342, "lost_packets": 166682, "packets": 200141, "lost_percent": 83.28228598837819, "omitted": false, "sender": false}], "sum": {"start": 9.003891, "end": 10.000036, "seconds": 0.9961450099945068, "bytes": 46039584, "bits_per_second": 369742023.80638444, "jitter_ms": 0.11606051051452342, "lost_packets": 166682, "packets": 200141, "lost_percent": 83.28228598837819, "omitted": false, "sender": false}}, {"streams": [{"socket": 163, "start": 10.000036, "end": 11.003011, "seconds": 1.0029749870300293, "bytes": 48271456, "bits_per_second": 385026200.0486339, "jitter_ms": 0.3963017190869791, "lost_packets": 162289, "packets": 197370, "lost_percent": 82.22576886051579, "omitted": false, "sender": false}], "sum": {"start": 10.000036, "end": 11.003011, "seconds": 1.0029749870300293, "bytes": 48271456, "bits_per_second": 385026200.0486339, "jitter_ms": 0.3963017190869791, "lost_packets": 162289, "packets": 197370, "lost_percent": 82.22576886051579, "omitted": false, "sender": false}}, {"streams": [{"socket": 163, "start": 11.003011, "end": 12.001797, "seconds": 0.9987859725952148, "bytes": 41544192, "bits_per_second": 332757512.739614, "jitter_ms": 0.4625795336486855, "lost_packets": 171290, "packets": 201482, "lost_percent": 85.01503856423899, "omitted": false, "sender": false}], "sum": {"start": 11.003011, "end": 12.001797, "seconds": 0.9987859725952148, "bytes": 41544192, "bits_per_second": 332757512.739614, "jitter_ms": 0.4625795336486855, "lost_packets": 171290, "packets": 201482, "lost_percent": 85.01503856423899, "omitted": false, "sender": false}}, {"streams": [{"socket": 163, "start": 12.001797, "end": 13.003454, "seconds": 1.0016570091247559, "bytes": 42971104, "bits_per_second": 343200146.22608584, "jitter_ms": 0.2447739221177663, "lost_packets": 170858, "packets": 202087, "lost_percent": 84.54675461558635, "omitted": false, "sender": false}],