{
	"start":	{
		"connected":	[{
				"socket":	300,
				"local_host":	"100.124.59.153",
				"local_port":	40512,
				"remote_host":	"52.237.164.255",
				"remote_port":	5201
			}],
		"version":	"iperf 3.7",
		"system_info":	"Linux localhost 4.19.110-g9ceb3bf92e0a-ab6790968 #2 SMP PREEMPT Wed Aug 26 04:14:37 UTC 2020 aarch64",
		"timestamp":	{
			"time":	"Tue, 11 May 2021 17:21:12 GMT",
			"timesecs":	1620753672
		},
		"connecting_to":	{
			"host":	"52.237.164.255",
			"port":	5201
		},
		"cookie":	"w7csadaasptq4fn2m4kpoxtl2wdguv4ixppq",
		"tcp_mss_default":	1376,
		"target_bitrate":	2000000000,
		"sock_bufsize":	0,
		"sndbuf_actual":	2097152,
		"rcvbuf_actual":	6291456,
		"test_start":	{
			"protocol":	"TCP",
			"num_streams":	1,
			"blksize":	131072,
			"omit":	0,
			"duration":	30,
			"bytes":	0,
			"blocks":	0,
			"reverse":	1,
			"tos":	0
		}
	},
	"intervals":	[{
			"streams":	[{
					"socket":	300,
					"start":	0,
					"end":	1.00015,
					"seconds":	1.0001499652862549,
					"bytes":	8505056,
					"bits_per_second":	68030245.8247109,
					"omitted":	false,
					"sender":	false
				}],
			"sum":	{
				"start":	0,
				"end":	1.00015,
				"seconds":	1.0001499652862549,
				"bytes":	8505056,
				"bits_per_second":	68030245.8247109,
				"omitted":	false,
				"sender":	false
			}
		}, {
			"streams":	[{
					"socket":	300,
					"start":	1.00015,
					"end":	2.000731,
					"seconds":	1.0005810260772705,
					"bytes":	20144640,
					"bits_per_second":	161063537.88439173,
					"omitted":	false,
					"sender":	false
				}],
			"sum":	{
				"start":	1.00015,
				"end":	2.000731,
				"seconds":	1.0005810260772705,
				"bytes":	20144640,
				"bits_per_second":	161063537.88439173,
				"omitted":	false,
				"sender":	false
			}
		}, {
			"streams":	[{
					"socket":	300,
					"start":	2.000731,
					"end":	3.000114,
					"seconds":	0.99938297271728516,
					"bytes":	18493440,
					"bits_per_second":	148038864.01800123,
					"omitted":	false,
					"sender":	false
				}],
			"sum":	{
				"start":	2.000731,
				"end":	3.000114,
				"seconds":	0.99938297271728516,
				"bytes":	18493440,
				"bits_per_second":	148038864.01800123,
				"omitted":	false,
				"sender":	false
			}
		}, {
			"streams":	[{
					"socket":	300,
					"start":	3.000114,
					"end":	4.000123,
					"seconds":	1.0000089406967163,
					"bytes":	13213728,
					"bits_per_second":	105708878.88897364,
					"omitted":	false,
					"sender":	false
				}],
			"sum":	{
				"start":	3.000114,
				"end":	4.000123,
				"seconds":	1.0000089406967163,
				"bytes":	13213728,
				"bits_per_second":	105708878.88897364,
				"omitted":	false,
				"sender":	false
			}
		}, {
			"streams":	[{
					"socket":	300,
					"start":	4.000123,
					"end":	5.000263,
					"seconds":	1.0001399517059326,
					"bytes":	10922688,
					"bits_per_second":	87369276.520704836,
					"omitted":	false,
					"sender":	false
				}],
			"sum":	{
				"start":	4.000123,
				"end":	5.000263,
				"seconds":	1.0001399517059326,
				"bytes":	10922688,
				"bits_per_second":	87369276.520704836,
				"omitted":	false,
				"sender":	false
			}
		}, {
			"streams":	[{
					"socket":	300,
					"start":	5.000263,
					"end":	6.000111,
					"seconds":	0.99984800815582275,
					"bytes":	8928864,
					"bits_per_second":	71441770.566459686,
					"omitted":	false,
					"sender":	false
				}],
			"sum":	{
				"start":	5.000263,
				"end":	6.000111,
				"seconds":	0.99984800815582275,
				"bytes":	8928864,
				"bits_per_second":	71441770.566459686,
				"omitted":	false,
				"sender":	false
			}
		}, {
			"streams":	[{
					"socket":	300,
					"start":	6.000111,
					"end":	7.000198,
					"seconds":	1.0000870227813721,
					"bytes":	9659520,
					"bits_per_second":	77269435.798781738,
					"omitted":	false,
					"sender":	false
				}],
			"sum":	{
				"start":	6.000111,
				"end":	7.000198,
				"seconds":	1.0000870227813721,
				"bytes":	9659520,
				"bits_per_second":	77269435.798781738,
				"omitted":	false,
				"sender":	false
			}
		}, {
			"streams":	[{
					"socket":	300,
					"start":	7.000198,
					"end":	8.000307,
					"seconds":	1.0001089572906494,
					"bytes":	10922688,
					"bits_per_second":	87371984.1853245,
					"omitted":	false,
					"sender":	false
				}],
			"sum":	{
				"start":	7.000198,
				"end":	8.000307,
				"seconds":	1.0001089572906494,
				"bytes":	10922688,
				"bits_per_second":	87371984.1853245,
				"omitted":	false,
				"sender":	false
			}
		}, {
			"streams":	[{
					"socket":	300,
					"start":	8.000307,
					"end":	9.000124,
					"seconds":	0.99981701374053955,
					"bytes":	12111552,
					"bits_per_second":	96910149.225710571,
					"omitted":	false,
					"sender":	false
				}],
			"sum":	{
				"start":	8.000307,
				"end":	9.000124,
				"seconds":	0.99981701374053955,
				"bytes":	12111552,
				"bits_per_second":	96910149.225710571,
				"omitted":	false,
				"sender":	false
			}
		}, {
			"streams":	[{
					"socket":	300,
					"start":	9.000124,
					"end":	10.000787,
					"seconds":	1.0006630420684814,
					"bytes":	13047232,
					"bits_per_second":	104308694.94714165,
					"omitted":	false,
					"sender":	false
				}],
			"sum":	{
				"start":	9.000124,
				"end":	10.000787,
				"seconds":	1.0006630420684814,
				"bytes":	13047232,
				"bits_per_second":	104308694.94714165,
				"omitted":	false,
				"sender":	false
			}
		}, {
			"streams":	[{
					"socket":	300,
					"start":	10.000787,
					"end":	11.000163,
					"seconds":	0.99937599897384644,
					"bytes":	10661248,
					"bits_per_second":	85343238.268254653,
					"omitted":	false,
					"sender":	false
				}],
			"sum":	{
				"start":	10.000787,
				"end":	11.000163,
				"seconds":	0.99937599897384644,
				"bytes":	10661248,
				"bits_per_second":	85343238.268254653,
				"omitted":	false,
				"sender":	false
			}
		}, {
			"streams":	[{
					"socket":	300,
					"start":	11.000163,
					"end":	12.000132,
					"seconds":	0.9999690055847168,
					"bytes":	12327584,
					"bits_per_second":	98623728.784806728,
					"omitted":	false,
					"sender":	false
				}],
			"sum":	{
				"start":	11.000163,
				"end":	12.000132,
				"seconds":	0.9999690055847168,
				"bytes":	12327584,
				"bits_per_second":	98623728.784806728,
				"omitted":	false,
				"sender":	false
			}
		}, {
			"streams":	[{
					"socket":	300,
					"start":	12.000132,
					"end":	13.00027,
					"seconds":	1.0001380443572998,
					"bytes":	10943328,
					"bits_per_second":	87534540.350635767,
					"omitted":	false,
					"sender":	false
				}],
			"sum":	{
				"start":	12.000132,
				"end":	13.00027,
				"seconds":	1.0001380443572998,
				"bytes":	10943328,
				"bits_per_second":	87534540.350635767,
				"omitted":	false,
				"sender":	false
			}
		}, {
			"streams":	[{
					"socket":	300,
					"start":	13.00027,
					"end":	14.000155,
					"seconds":	0.99988502264022827,
					"bytes":	10296608,
					"bits_per_second":	82382336.103497013,
					"omitted":	false,
					"sender":	false
				}],
			"sum":	{
				"start":	13.00027,
				"end":	14.000155,
				"seconds":	0.99988502264022827,
				"bytes":	10296608,
				"bits_per_second":	82382336.103497013,
				"omitted":	false,
				"sender":	false
			}
		}, {
			"streams":	[{
					"socket":	300,
					"start":	14.000155,
					"end":	15.000151,
					"seconds":	0.9999960064888,
					"bytes":	11288704,
					"bits_per_second":	90309992.653967127,
					"omitted":	false,
					"sender":	false
				}],
			"sum":	{
				"start":	14.000155,
				"end":	15.000151,
				"seconds":	0.9999960064888,
				"bytes":	11288704,
				"bits_per_second":	90309992.653967127,
				"omitted":	false,
				"sender":	false
			}
		}, {
			"streams":	[{
					"socket":	300,
					"start":	15.000151,
					"end":	16.000554,
					"seconds":	1.0004030466079712,
					"bytes":	9480992,
					"bits_per_second":	75817378.062946454,
					"omitted":	false,
					"sender":	false
				}],
			"sum":	{
				"start":	15.000151,
				"end":	16.000554,
				"seconds":	1.0004030466079712,
				"bytes":	9480992,