{
	"start":	{
		"connected":	[{
				"socket":	278,
				"local_host":	"100.124.85.183",
				"local_port":	48436,
				"remote_host":	"104.214.106.253",
				"remote_port":	5201
			}],
		"version":	"iperf 3.7",
		"system_info":	"Linux localhost 4.19.110-g9ceb3bf92e0a-ab6790968 #2 SMP PREEMPT Wed Aug 26 04:14:37 UTC 2020 aarch64",
		"timestamp":	{
			"time":	"Tue, 18 May 2021 00:01:16 GMT",
			"timesecs":	1621296076
		},
		"connecting_to":	{
			"host":	"104.214.106.253",
			"port":	5201
		},
		"cookie":	"ivumybjtiie6e5p7x23aj7fz2abkrw2h2qrc",
		"tcp_mss_default":	1376,
		"target_bitrate":	3000000000,
		"sock_bufsize":	0,
		"sndbuf_actual":	2097152,
		"rcvbuf_actual":	6291456,
		"test_start":	{
			"protocol":	"TCP",
			"num_streams":	1,
			"blksize":	131072,
			"omit":	0,
			"duration":	30,
			"bytes":	0,
			"blocks":	0,
			"reverse":	1,
			"tos":	0
		}
	},
	"intervals":	[{
			"streams":	[{
					"socket":	278,
					"start":	0,
					"end":	1.000078,
					"seconds":	1.0000779628753662,
					"bytes":	39316448,
					"bits_per_second":	314507064.12495786,
					"omitted":	false,
					"sender":	false
				}],
			"sum":	{
				"start":	0,
				"end":	1.000078,
				"seconds":	1.0000779628753662,
				"bytes":	39316448,
				"bits_per_second":	314507064.12495786,
				"omitted":	false,
				"sender":	false
			}
		}, {
			"streams":	[{
					"socket":	278,
					"start":	1.000078,
					"end":	2.000304,
					"seconds":	1.0002260208129883,
					"bytes":	150118848,
					"bits_per_second":	1200679405.4646387,
					"omitted":	false,
					"sender":	false
				}],
			"sum":	{
				"start":	1.000078,
				"end":	2.000304,
				"seconds":	1.0002260208129883,
				"bytes":	150118848,
				"bits_per_second":	1200679405.4646387,
				"omitted":	false,
				"sender":	false
			}
		}, {
			"streams":	[{
					"socket":	278,
					"start":	2.000304,
					"end":	3.000092,
					"seconds":	0.99978798627853394,
					"bytes":	148460768,
					"bits_per_second":	1187938003.1569202,
					"omitted":	false,
					"sender":	false
				}],
			"sum":	{
				"start":	2.000304,
				"end":	3.000092,
				"seconds":	0.99978798627853394,
				"bytes":	148460768,
				"bits_per_second":	1187938003.1569202,
				"omitted":	false,
				"sender":	false
			}
		}, {
			"streams":	[{
					"socket":	278,
					"start":	3.000092,
					"end":	4.000091,
					"seconds":	0.99999898672103882,
					"bytes":	154034944,
					"bits_per_second":	1232280800.6442096,
					"omitted":	false,
					"sender":	false
				}],
			"sum":	{
				"start":	3.000092,
				"end":	4.000091,
				"seconds":	0.99999898672103882,
				"bytes":	154034944,
				"bits_per_second":	1232280800.6442096,
				"omitted":	false,
				"sender":	false
			}
		}, {
			"streams":	[{
					"socket":	278,
					"start":	4.000091,
					"end":	5.000078,
					"seconds":	0.999987006187439,
					"bytes":	140495104,
					"bits_per_second":	1123975436.7261481,
					"omitted":	false,
					"sender":	false
				}],
			"sum":	{
				"start":	4.000091,
				"end":	5.000078,
				"seconds":	0.999987006187439,
				"bytes":	140495104,
				"bits_per_second":	1123975436.7261481,
				"omitted":	false,
				"sender":	false
			}
		}, {
			"streams":	[{
					"socket":	278,
					"start":	5.000078,
					"end":	6.000086,
					"seconds":	1.0000079870224,
					"bytes":	156196640,
					"bits_per_second":	1249563139.7112131,
					"omitted":	false,
					"sender":	false
				}],
			"sum":	{
				"start":	5.000078,
				"end":	6.000086,
				"seconds":	1.0000079870224,
				"bytes":	156196640,
				"bits_per_second":	1249563139.7112131,
				"omitted":	false,
				"sender":	false
			}
		}, {
			"streams":	[{
					"socket":	278,
					"start":	6.000086,
					"end":	7.000082,
					"seconds":	0.9999960064888,
					"bytes":	159701312,
					"bits_per_second":	1277615598.1722004,
					"omitted":	false,
					"sender":	false
				}],
			"sum":	{
				"start":	6.000086,
				"end":	7.000082,
				"seconds":	0.9999960064888,
				"bytes":	159701312,
				"bits_per_second":	1277615598.1722004,
				"omitted":	false,
				"sender":	false
			}
		}, {
			"streams":	[{
					"socket":	278,
					"start":	7.000082,
					"end":	8.000148,
					"seconds":	1.0000660419464111,
					"bytes":	158702336,
					"bits_per_second":	1269534845.4477699,
					"omitted":	false,
					"sender":	false
				}],
			"sum":	{
				"start":	7.000082,
				"end":	8.000148,
				"seconds":	1.0000660419464111,
				"bytes":	158702336,
				"bits_per_second":	1269534845.4477699,
				"omitted":	false,
				"sender":	false
			}
		}, {
			"streams":	[{
					"socket":	278,
					"start":	8.000148,
					"end":	9.000078,
					"seconds":	0.99993002414703369,
					"bytes":	158782144,
					"bits_per_second":	1270346045.5480995,
					"omitted":	false,
					"sender":	false
				}],
			"sum":	{
				"start":	8.000148,
				"end":	9.000078,
				"seconds":	0.99993002414703369,
				"bytes":	158782144,
				"bits_per_second":	1270346045.5480995,
				"omitted":	false,
				"sender":	false
			}
		}, {
			"streams":	[{
					"socket":	278,
					"start":	9.000078,
					"end":	10.000082,
					"seconds":	1.0000040531158447,
					"bytes":	146436672,
					"bits_per_second":	1171488627.8208807,
					"omitted":	false,
					"sender":	false
				}],
			"sum":	{
				"start":	9.000078,
				"end":	10.000082,
				"seconds":	1.0000040531158447,
				"bytes":	146436672,
				"bits_per_second":	1171488627.8208807,
				"omitted":	false,
				"sender":	false
			}
		}, {
			"streams":	[{
					"socket":	278,
					"start":	10.000082,
					"end":	11.000051,
					"seconds":	0.9999690055847168,
					"bytes":	153398208,
					"bits_per_second":	1227223701.0810368,
					"omitted":	false,
					"sender":	false
				}],
			"sum":	{
				"start":	10.000082,
				"end":	11.000051,
				"seconds":	0.9999690055847168,
				"bytes":	153398208,
				"bits_per_second":	1227223701.0810368,
				"omitted":	false,
				"sender":	false
			}
		}, {
			"streams":	[{
					"socket":	278,
					"start":	11.000051,
					"end":	12.000097,
					"seconds":	1.0000460147857666,
					"bytes":	147054144,
					"bits_per_second":	1176379021.1713605,
					"omitted":	false,
					"sender":	false
				}],
			"sum":	{
				"start":	11.000051,
				"end":	12.000097,
				"seconds":	1.0000460147857666,
				"bytes":	147054144,
				"bits_per_second":	1176379021.1713605,
				"omitted":	false,
				"sender":	false
			}
		}, {
			"streams":	[{
					"socket":	278,
					"start":	12.000097,
					"end":	13.003058,
					"seconds":	1.0029610395431519,
					"bytes":	155145728,
					"bits_per_second":	1237501533.0259991,
					"omitted":	false,
					"sender":	false
				}],
			"sum":	{
				"start":	12.000097,
				"end":	13.003058,
				"seconds":	1.0029610395431519,
				"bytes":	155145728,
				"bits_per_second":	1237501533.0259991,
				"omitted":	false,
				"sender":	false
			}
		}, {
			"streams":	[{
					"socket":	278,
					"start":	13.003058,
					"end":	14.002432,
					"seconds":	0.99937397241592407,
					"bytes":	155637984,
					"bits_per_second":	1245883829.6439111,
					"omitted":	false,
					"sender":	false
				}],
			"sum":	{
				"start":	13.003058,
				"end":	14.002432,
				"seconds":	0.99937397241592407,
				"bytes":	155637984,
				"bits_per_second":	1245883829.6439111,
				"omitted":	false,
				"sender":	false
			}
		}, {
			"streams":	[{
					"socket":	278,
					"start":	14.002432,
					"end":	15.000311,
					"seconds":	0.9978790283203125,
					"bytes":	145163520,
					"bits_per_second":	1163776496.991605,
					"omitted":	false,
					"sender":	false
				}],
			"sum":	{
				"start":	14.002432,
				"end":	15.000311,
				"seconds":	0.9978790283203125,
				"bytes":	145163520,
				"bits_per_second":	1163776496.991605,
				"omitted":	false,
				"sender":	false
			}
		}, {
			"streams":	[{
					"socket":	278,
					"start":	15.000311,
					"end":	16.000127,
					"seconds":	0.99981600046157837,
					"bytes":	133871040,
					"bits_per_second":	1071165413.9417385,
					"omitted":	false,
					"sender":	false
				}],
			"sum":	{
				"start":	15.000311,
				"end":	16.000127,
				"seconds":	0.99981600046157837,