{
	"start":	{
		"connected":	[{
				"socket":	514,
				"local_host":	"100.124.59.153",
				"local_port":	40524,
				"remote_host":	"40.124.132.228",
				"remote_port":	5201
			}],
		"version":	"iperf 3.7",
		"system_info":	"Linux localhost 4.19.110-g9ceb3bf92e0a-ab6790968 #2 SMP PREEMPT Wed Aug 26 04:14:37 UTC 2020 aarch64",
		"timestamp":	{
			"time":	"Tue, 11 May 2021 18:11:00 GMT",
			"timesecs":	1620756660
		},
		"connecting_to":	{
			"host":	"40.124.132.228",
			"port":	5201
		},
		"cookie":	"d6vm2eodpgseoq75it6lpzzyomkmfz4gd4it",
		"tcp_mss_default":	1376,
		"target_bitrate":	2000000000,
		"sock_bufsize":	0,
		"sndbuf_actual":	2097152,
		"rcvbuf_actual":	6291456,
		"test_start":	{
			"protocol":	"TCP",
			"num_streams":	1,
			"blksize":	131072,
			"omit":	0,
			"duration":	30,
			"bytes":	0,
			"blocks":	0,
			"reverse":	1,
			"tos":	0
		}
	},
	"intervals":	[{
			"streams":	[{
					"socket":	514,
					"start":	0,
					"end":	1.000808,
					"seconds":	1.0008080005645752,
					"bytes":	1169600,
					"bits_per_second":	9349245.8041119259,
					"omitted":	false,
					"sender":	false
				}],
			"sum":	{
				"start":	0,
				"end":	1.000808,
				"seconds":	1.0008080005645752,
				"bytes":	1169600,
				"bits_per_second":	9349245.8041119259,
				"omitted":	false,
				"sender":	false
			}
		}, {
			"streams":	[{
					"socket":	514,
					"start":	1.000808,
					"end":	2.000732,
					"seconds":	0.99992400407791138,
					"bytes":	2340576,
					"bits_per_second":	18726031.102000657,
					"omitted":	false,
					"sender":	false
				}],
			"sum":	{
				"start":	1.000808,
				"end":	2.000732,
				"seconds":	0.99992400407791138,
				"bytes":	2340576,
				"bits_per_second":	18726031.102000657,
				"omitted":	false,
				"sender":	false
			}
		}, {
			"streams":	[{
					"socket":	514,
					"start":	2.000732,
					"end":	3.000736,
					"seconds":	1.0000040531158447,
					"bytes":	8279392,
					"bits_per_second":	66234867.542408891,
					"omitted":	false,
					"sender":	false
				}],
			"sum":	{
				"start":	2.000732,
				"end":	3.000736,
				"seconds":	1.0000040531158447,
				"bytes":	8279392,
				"bits_per_second":	66234867.542408891,
				"omitted":	false,
				"sender":	false
			}
		}, {
			"streams":	[{
					"socket":	514,
					"start":	3.000736,
					"end":	4.00127,
					"seconds":	1.0005340576171875,
					"bytes":	21289472,
					"bits_per_second":	170224866.1136173,
					"omitted":	false,
					"sender":	false
				}],
			"sum":	{
				"start":	3.000736,
				"end":	4.00127,
				"seconds":	1.0005340576171875,
				"bytes":	21289472,
				"bits_per_second":	170224866.1136173,
				"omitted":	false,
				"sender":	false
			}
		}, {
			"streams":	[{
					"socket":	514,
					"start":	4.00127,
					"end":	5.001084,
					"seconds":	0.999813973903656,
					"bytes":	48486112,
					"bits_per_second":	387961066.88280565,
					"omitted":	false,
					"sender":	false
				}],
			"sum":	{
				"start":	4.00127,
				"end":	5.001084,
				"seconds":	0.999813973903656,
				"bytes":	48486112,
				"bits_per_second":	387961066.88280565,
				"omitted":	false,
				"sender":	false
			}
		}, {
			"streams":	[{
					"socket":	514,
					"start":	5.001084,
					"end":	6.000219,
					"seconds":	0.99913501739501953,
					"bytes":	62519936,
					"bits_per_second":	500592491.79758877,
					"omitted":	false,
					"sender":	false
				}],
			"sum":	{
				"start":	5.001084,
				"end":	6.000219,
				"seconds":	0.99913501739501953,
				"bytes":	62519936,
				"bits_per_second":	500592491.79758877,
				"omitted":	false,
				"sender":	false
			}
		}, {
			"streams":	[{
					"socket":	514,
					"start":	6.000219,
					"end":	7.000714,
					"seconds":	1.0004949569702148,
					"bytes":	62473152,
					"bits_per_second":	499537966.20174152,
					"omitted":	false,
					"sender":	false
				}],
			"sum":	{
				"start":	6.000219,
				"end":	7.000714,
				"seconds":	1.0004949569702148,
				"bytes":	62473152,
				"bits_per_second":	499537966.20174152,
				"omitted":	false,
				"sender":	false
			}
		}, {
			"streams":	[{
					"socket":	514,
					"start":	7.000714,
					"end":	8.000492,
					"seconds":	0.99977797269821167,
					"bytes":	62610752,
					"bits_per_second":	500997251.067858,
					"omitted":	false,
					"sender":	false
				}],
			"sum":	{
				"start":	7.000714,
				"end":	8.000492,
				"seconds":	0.99977797269821167,
				"bytes":	62610752,
				"bits_per_second":	500997251.067858,
				"omitted":	false,
				"sender":	false
			}
		}, {
			"streams":	[{
					"socket":	514,
					"start":	8.000492,
					"end":	9.000601,
					"seconds":	1.0001089572906494,
					"bytes":	62519936,
					"bits_per_second":	500104997.91438705,
					"omitted":	false,
					"sender":	false
				}],
			"sum":	{
				"start":	8.000492,
				"end":	9.000601,
				"seconds":	1.0001089572906494,
				"bytes":	62519936,
				"bits_per_second":	500104997.91438705,
				"omitted":	false,
				"sender":	false
			}
		}, {
			"streams":	[{
					"socket":	514,
					"start":	9.000601,
					"end":	10.000607,
					"seconds":	1.0000059604644775,
					"bytes":	62394720,
					"bits_per_second":	499154784.80563635,
					"omitted":	false,
					"sender":	false
				}],
			"sum":	{
				"start":	9.000601,
				"end":	10.000607,
				"seconds":	1.0000059604644775,
				"bytes":	62394720,
				"bits_per_second":	499154784.80563635,
				"omitted":	false,
				"sender":	false
			}
		}, {
			"streams":	[{
					"socket":	514,
					"start":	10.000607,
					"end":	11.000157,
					"seconds":	0.9995499849319458,
					"bytes":	62499648,
					"bits_per_second":	500222291.56858248,
					"omitted":	false,
					"sender":	false
				}],
			"sum":	{
				"start":	10.000607,
				"end":	11.000157,
				"seconds":	0.9995499849319458,
				"bytes":	62499648,
				"bits_per_second":	500222291.56858248,
				"omitted":	false,
				"sender":	false
			}
		}, {
			"streams":	[{
					"socket":	514,
					"start":	11.000157,
					"end":	12.000646,
					"seconds":	1.0004889965057373,
					"bytes":	62570496,
					"bits_per_second":	500319313.60389483,
					"omitted":	false,
					"sender":	false
				}],
			"sum":	{
				"start":	11.000157,
				"end":	12.000646,
				"seconds":	1.0004889965057373,
				"bytes":	62570496,
				"bits_per_second":	500319313.60389483,
				"omitted":	false,
				"sender":	false
			}
		}, {
			"streams":	[{
					"socket":	514,
					"start":	12.000646,
					"end":	13.000573,
					"seconds":	0.99992698431015015,
					"bytes":	62323168,
					"bits_per_second":	498621751.21113884,
					"omitted":	false,
					"sender":	false
				}],
			"sum":	{
				"start":	12.000646,
				"end":	13.000573,
				"seconds":	0.99992698431015015,
				"bytes":	62323168,
				"bits_per_second":	498621751.21113884,
				"omitted":	false,
				"sender":	false
			}
		}, {
			"streams":	[{
					"socket":	514,
					"start":	13.000573,
					"end":	14.000608,
					"seconds":	1.0000350475311279,
					"bytes":	60063776,
					"bits_per_second":	480493367.89373195,
					"omitted":	false,
					"sender":	false
				}],
			"sum":	{
				"start":	13.000573,
				"end":	14.000608,
				"seconds":	1.0000350475311279,
				"bytes":	60063776,
				"bits_per_second":	480493367.89373195,
				"omitted":	false,
				"sender":	false
			}
		}, {
			"streams":	[{
					"socket":	514,
					"start":	14.000608,
					"end":	15.00173,
					"seconds":	1.001121997833252,
					"bytes":	59811968,
					"bits_per_second":	477959474.50522292,
					"omitted":	false,
					"sender":	false
				}],
			"sum":	{
				"start":	14.000608,
				"end":	15.00173,
				"seconds":	1.001121997833252,
				"bytes":	59811968,
				"bits_per_second":	477959474.50522292,
				"omitted":	false,
				"sender":	false
			}
		}, {
			"streams":	[{
					"socket":	514,
					"start":	15.00173,
					"end":	16.000609,
					"seconds":	0.99887901544570923,
					"bytes":	61380608,
					"bits_per_second":	491595935.45059222,
					"omitted":	false,
					"sender":	false
				}],
			"sum":	{
				"start":	15.00173,
				"end":	16.000609,
				"seconds":	0.99887901544570923,
				"bytes":	61380608,