{"start": {"connected": [{"socket": 189, "local_host": "100.123.106.128", "local_port": 46692, "remote_host": "20.80.1.154", "remote_port": 5201}], "version": "iperf 3.7", "system_info": "Linux localhost 4.19.110-g9ceb3bf92e0a-ab6790968 #2 SMP PREEMPT Wed Aug 26 04:14:37 UTC 2020 aarch64", "timestamp": {"time": "2021-01-25 05:58:00 ", "timesecs": 1611593880.0}, "connecting_to": {"host": "20.80.1.154", "port": 5201}, "cookie": "krphhd7jizutom6cdvxdkhtkdvhusp3yyr3c", "sock_bufsize": 0, "sndbuf_actual": 212992, "rcvbuf_actual": 212992, "test_start": {"protocol": "UDP", "num_streams": 1, "blksize": 1376, "omit": 0, "duration": 30, "bytes": 0, "blocks": 0, "reverse": 1, "tos": 0}}, "intervals": [{"streams": [{"socket": 189, "start": 0, "end": 1.000808, "seconds": 1.0008080005645752, "bytes": 17773792, "bits_per_second": 142075538.8843691, "jitter_ms": 0.6766739258666971, "lost_packets": 145629, "packets": 158546, "lost_percent": 91.85283766225575, "omitted": false, "sender": false}], "sum": {"start": 0, "end": 1.000808, "seconds": 1.0008080005645752, "bytes": 17773792, "bits_per_second": 142075538.8843691, "jitter_ms": 0.6766739258666971, "lost_packets": 145629, "packets": 158546, "lost_percent": 91.85283766225575, "omitted": false, "sender": false}}, {"streams": [{"socket": 189, "start": 1.000808, "end": 2.00002, "seconds": 0.9992120265960693, "bytes": 63389568, "bits_per_second": 507516453.4673895, "jitter_ms": 0.0024290417264422664, "lost_packets": 195571, "packets": 241639, "lost_percent": 80.93519671907266, "omitted": false, "sender": false}], "sum": {"start": 1.000808, "end": 2.00002, "seconds": 0.9992120265960693, "bytes": 63389568, "bits_per_second": 507516453.4673895, "jitter_ms": 0.0024290417264422664, "lost_packets": 195571, "packets": 241639, "lost_percent": 80.93519671907266, "omitted": false, "sender": false}}, {"streams": [{"socket": 189, "start": 2.00002, "end": 3.000018, "seconds": 0.9999979734420776, "bytes": 192483136, "bits_per_second": 1539868208.6321175, "jitter_ms": 0.0014652691203265393, "lost_packets": 86379, "packets": 226265, "lost_percent": 38.176032528230174, "omitted": false, "sender": false}], "sum": {"start": 2.00002, "end": 3.000018, "seconds": 0.9999979734420776, "bytes": 192483136, "bits_per_second": 1539868208.6321175, "jitter_ms": 0.0014652691203265393, "lost_packets": 86379, "packets": 226265, "lost_percent": 38.176032528230174, "omitted": false, "sender": false}}, {"streams": [{"socket": 189, "start": 3.000018, "end": 4.000287, "seconds": 1.0002690553665161, "bytes": 197994016, "bits_per_second": 1583526071.8123608, "jitter_ms": 0.1122042335892741, "lost_packets": 82649, "packets": 226540, "lost_percent": 36.48318177805244, "omitted": false, "sender": false}], "sum": {"start": 3.000018, "end": 4.000287, "seconds": 1.0002690553665161, "bytes": 197994016, "bits_per_second": 1583526071.8123608, "jitter_ms": 0.1122042335892741, "lost_packets": 82649, "packets": 226540, "lost_percent": 36.48318177805244, "omitted": false, "sender": false}}, {"streams": [{"socket": 189, "start": 4.000287, "end": 5.00047, "seconds": 1.0001829862594604, "bytes": 194333856, "bits_per_second": 1554386416.6438622, "jitter_ms": 0.04151990468309431, "lost_packets": 86731, "packets": 227962, "lost_percent": 38.04625332292224, "omitted": false, "sender": false}], "sum": {"start": 4.000287, "end": 5.00047, "seconds": 1.0001829862594604, "bytes": 194333856, "bits_per_second": 1554386416.6438622, "jitter_ms": 0.04151990468309431, "lost_packets": 86731, "packets": 227962, "lost_percent": 38.04625332292224, "omitted": false, "sender": false}}, {"streams": [{"socket": 189, "start": 5.00047, "end": 6.00002, "seconds": 0.9995499849319458, "bytes": 223202336, "bits_per_second": 1786422605.0902033, "jitter_ms": 0.055930891145823856, "lost_packets": 62422, "packets": 224633, "lost_percent": 27.78843713969007, "omitted": false, "sender": false}], "sum": {"start": 5.00047, "end": 6.00002, "seconds": 0.9995499849319458, "bytes": 223202336, "bits_per_second": 1786422605.0902033, "jitter_ms": 0.055930891145823856, "lost_packets": 62422, "packets": 224633, "lost_percent": 27.78843713969007, "omitted": false, "sender": false}}, {"streams": [{"socket": 189, "start": 6.00002, "end": 7.000017, "seconds": 0.9999970197677612, "bytes": 237869120, "bits_per_second": 1902958631.258662, "jitter_ms": 0.0026657073286368393, "lost_packets": 52681, "packets": 225551, "lost_percent": 23.356580108268197, "omitted": false, "sender": false}], "sum": {"start": 6.00002, "end": 7.000017, "seconds": 0.9999970197677612, "bytes": 237869120, "bits_per_second": 1902958631.258662, "jitter_ms": 0.0026657073286368393, "lost_packets": 52681, "packets": 225551, "lost_percent": 23.356580108268197, "omitted": false, "sender": false}}, {"streams": [{"socket": 189, "start": 7.000017, "end": 8.00003, "seconds": 1.000012993812561, "bytes": 244084512, "bits_per_second": 1952650723.6225002, "jitter_ms": 0.029972042883594275, "lost_packets": 47329, "packets": 224716, "lost_percent": 21.06169565139999, "omitted": false, "sender": false}], "sum": {"start": 7.000017, "end": 8.00003, "seconds": 1.000012993812561, "bytes": 244084512, "bits_per_second": 1952650723.6225002, "jitter_ms": 0.029972042883594275, "lost_packets": 47329, "packets": 224716, "lost_percent": 21.06169565139999, "omitted": false, "sender": false}}, {"streams": [{"socket": 189, "start": 8.00003, "end": 9.000915, "seconds": 1.000885009765625, "bytes": 226427680, "bits_per_second": 1809819731.8632803, "jitter_ms": 0.09209278277052803, "lost_packets": 60222, "packets": 224777, "lost_percent": 26.791887070296337, "omitted": false, "sender": false}], "sum": {"start": 8.00003, "end": 9.000915, "seconds": 1.000885009765625, "bytes": 226427680, "bits_per_second": 1809819731.8632803, "jitter_ms": 0.09209278277052803, "lost_packets": 60222, "packets": 224777, "lost_percent": 26.791887070296337, "omitted": false, "sender": false}}, {"streams": [{"socket": 189, "start": 9.000915, "end": 10.000461, "seconds": 0.9995459914207458, "bytes": 230808864, "bits_per_second": 1847309606.4098487, "jitter_ms": 0.11400065938567427, "lost_packets": 58213, "packets": 225952, "lost_percent": 25.76343648208469, "omitted": false, "sender": false}], "sum": {"start": 9.000915, "end": 10.000461, "seconds": 0.9995459914207458, "bytes": 230808864, "bits_per_second": 1847309606.4098487, "jitter_ms": 0.11400065938567427, "lost_packets": 58213, "packets": 225952, "lost_percent": 25.76343648208469, "omitted": false, "sender": false}}, {"streams": [{"socket": 189, "start": 10.000461, "end": 11.000019, "seconds": 0.9995579719543457, "bytes": 231414304, "bits_per_second": 1852133126.786325, "jitter_ms": 0.0027480705655378982, "lost_packets": 56360, "packets": 224539, "lost_percent": 25.100316648778165, "omitted": false, "sender": false}], "sum": {"start": 10.000461, "end": 11.000019, "seconds": 0.9995579719543457, "bytes": 231414304, "bits_per_second": 1852133126.786325, "jitter_ms": 0.0027480705655378982, "lost_packets": 56360, "packets": 224539, "lost_percent": 25.100316648778165, "omitted": false, "sender": false}}, {"streams": [{"socket": 189, "start": 11.000019, "end": 12.002942000000001, "seconds": 1.0029230117797852, "bytes": 239260256, "bits_per_second": 1908503469.8757923, "jitter_ms": 0.28843632478911213, "lost_packets": 51126, "packets": 225007, "lost_percent": 22.72195976125187, "omitted": false, "sender": false}], "sum": {"start": 11.000019, "end": 12.002942000000001, "seconds": 1.0029230117797852, "bytes": 239260256, "bits_per_second": 1908503469.8757923, "jitter_ms": 0.28843632478911213, "lost_packets": 51126, "packets": 225007, "lost_percent": 22.72195976125187, "omitted": false, "sender": false}}, {"streams": [{"socket": 189, "start": 12.002942000000001, "end": 13.000703, "seconds": 0.9977610111236572, "bytes": 231729408, "bits_per_second": 1857995294.7973485, "jitter_ms": 0.0009793942487356857, "lost_packets": 56306, "packets": 224714,