{
	"start":	{
		"connected":	[{
				"socket":	485,
				"local_host":	"100.124.59.153",
				"local_port":	41012,
				"remote_host":	"52.237.164.255",
				"remote_port":	5201
			}],
		"version":	"iperf 3.7",
		"system_info":	"Linux localhost 4.19.110-g9ceb3bf92e0a-ab6790968 #2 SMP PREEMPT Wed Aug 26 04:14:37 UTC 2020 aarch64",
		"timestamp":	{
			"time":	"Tue, 11 May 2021 18:06:35 GMT",
			"timesecs":	1620756395
		},
		"connecting_to":	{
			"host":	"52.237.164.255",
			"port":	5201
		},
		"cookie":	"6mvlbihhn6amh5qbtkexle4uqgvmi6ifjta7",
		"tcp_mss_default":	1376,
		"target_bitrate":	2000000000,
		"sock_bufsize":	0,
		"sndbuf_actual":	2097152,
		"rcvbuf_actual":	6291456,
		"test_start":	{
			"protocol":	"TCP",
			"num_streams":	1,
			"blksize":	131072,
			"omit":	0,
			"duration":	30,
			"bytes":	0,
			"blocks":	0,
			"reverse":	1,
			"tos":	0
		}
	},
	"intervals":	[{
			"streams":	[{
					"socket":	485,
					"start":	0,
					"end":	1.000116,
					"seconds":	1.0001159906387329,
					"bytes":	7953632,
					"bits_per_second":	63621676.4811077,
					"omitted":	false,
					"sender":	false
				}],
			"sum":	{
				"start":	0,
				"end":	1.000116,
				"seconds":	1.0001159906387329,
				"bytes":	7953632,
				"bits_per_second":	63621676.4811077,
				"omitted":	false,
				"sender":	false
			}
		}, {
			"streams":	[{
					"socket":	485,
					"start":	1.000116,
					"end":	2.00057,
					"seconds":	1.0004539489746094,
					"bytes":	30876064,
					"bits_per_second":	246896433.6171248,
					"omitted":	false,
					"sender":	false
				}],
			"sum":	{
				"start":	1.000116,
				"end":	2.00057,
				"seconds":	1.0004539489746094,
				"bytes":	30876064,
				"bits_per_second":	246896433.6171248,
				"omitted":	false,
				"sender":	false
			}
		}, {
			"streams":	[{
					"socket":	485,
					"start":	2.00057,
					"end":	3.000108,
					"seconds":	0.999538004398346,
					"bytes":	58455232,
					"bits_per_second":	467858004.34020382,
					"omitted":	false,
					"sender":	false
				}],
			"sum":	{
				"start":	2.00057,
				"end":	3.000108,
				"seconds":	0.999538004398346,
				"bytes":	58455232,
				"bits_per_second":	467858004.34020382,
				"omitted":	false,
				"sender":	false
			}
		}, {
			"streams":	[{
					"socket":	485,
					"start":	3.000108,
					"end":	4.000528,
					"seconds":	1.0004199743270874,
					"bytes":	62405728,
					"bits_per_second":	499036241.5902459,
					"omitted":	false,
					"sender":	false
				}],
			"sum":	{
				"start":	3.000108,
				"end":	4.000528,
				"seconds":	1.0004199743270874,
				"bytes":	62405728,
				"bits_per_second":	499036241.5902459,
				"omitted":	false,
				"sender":	false
			}
		}, {
			"streams":	[{
					"socket":	485,
					"start":	4.000528,
					"end":	5.000103,
					"seconds":	0.99957501888275146,
					"bytes":	62585984,
					"bits_per_second":	500900745.358393,
					"omitted":	false,
					"sender":	false
				}],
			"sum":	{
				"start":	4.000528,
				"end":	5.000103,
				"seconds":	0.99957501888275146,
				"bytes":	62585984,
				"bits_per_second":	500900745.358393,
				"omitted":	false,
				"sender":	false
			}
		}, {
			"streams":	[{
					"socket":	485,
					"start":	5.000103,
					"end":	6.000094,
					"seconds":	0.99999099969863892,
					"bytes":	62321792,
					"bits_per_second":	498578823.35966247,
					"omitted":	false,
					"sender":	false
				}],
			"sum":	{
				"start":	5.000103,
				"end":	6.000094,
				"seconds":	0.99999099969863892,
				"bytes":	62321792,
				"bits_per_second":	498578823.35966247,
				"omitted":	false,
				"sender":	false
			}
		}, {
			"streams":	[{
					"socket":	485,
					"start":	6.000094,
					"end":	7.000406,
					"seconds":	1.0003119707107544,
					"bytes":	62473152,
					"bits_per_second":	499629346.27772796,
					"omitted":	false,
					"sender":	false
				}],
			"sum":	{
				"start":	6.000094,
				"end":	7.000406,
				"seconds":	1.0003119707107544,
				"bytes":	62473152,
				"bits_per_second":	499629346.27772796,
				"omitted":	false,
				"sender":	false
			}
		}, {
			"streams":	[{
					"socket":	485,
					"start":	7.000406,
					"end":	8.000102,
					"seconds":	0.99969601631164551,
					"bytes":	62519936,
					"bits_per_second":	500311574.55776054,
					"omitted":	false,
					"sender":	false
				}],
			"sum":	{
				"start":	7.000406,
				"end":	8.000102,
				"seconds":	0.99969601631164551,
				"bytes":	62519936,
				"bits_per_second":	500311574.55776054,
				"omitted":	false,
				"sender":	false
			}
		}, {
			"streams":	[{
					"socket":	485,
					"start":	8.000102,
					"end":	9.000698,
					"seconds":	1.0005960464477539,
					"bytes":	62376832,
					"bits_per_second":	498717397.266926,
					"omitted":	false,
					"sender":	false
				}],
			"sum":	{
				"start":	8.000102,
				"end":	9.000698,
				"seconds":	1.0005960464477539,
				"bytes":	62376832,
				"bits_per_second":	498717397.266926,
				"omitted":	false,
				"sender":	false
			}
		}, {
			"streams":	[{
					"socket":	485,
					"start":	9.000698,
					"end":	10.000097,
					"seconds":	0.99939900636672974,
					"bytes":	62519936,
					"bits_per_second":	500460261.4308247,
					"omitted":	false,
					"sender":	false
				}],
			"sum":	{
				"start":	9.000698,
				"end":	10.000097,
				"seconds":	0.99939900636672974,
				"bytes":	62519936,
				"bits_per_second":	500460261.4308247,
				"omitted":	false,
				"sender":	false
			}
		}, {
			"streams":	[{
					"socket":	485,
					"start":	10.000097,
					"end":	11.000112,
					"seconds":	1.0000150203704834,
					"bytes":	62496544,
					"bits_per_second":	499964842.34283936,
					"omitted":	false,
					"sender":	false
				}],
			"sum":	{
				"start":	10.000097,
				"end":	11.000112,
				"seconds":	1.0000150203704834,
				"bytes":	62496544,
				"bits_per_second":	499964842.34283936,
				"omitted":	false,
				"sender":	false
			}
		}, {
			"streams":	[{
					"socket":	485,
					"start":	11.000112,
					"end":	12.000442,
					"seconds":	1.0003299713134766,
					"bytes":	62493792,
					"bits_per_second":	499785421.14812732,
					"omitted":	false,
					"sender":	false
				}],
			"sum":	{
				"start":	11.000112,
				"end":	12.000442,
				"seconds":	1.0003299713134766,
				"bytes":	62493792,
				"bits_per_second":	499785421.14812732,
				"omitted":	false,
				"sender":	false
			}
		}, {
			"streams":	[{
					"socket":	485,
					"start":	12.000442,
					"end":	13.000701,
					"seconds":	1.0002590417861938,
					"bytes":	62519936,
					"bits_per_second":	500029959.3461805,
					"omitted":	false,
					"sender":	false
				}],
			"sum":	{
				"start":	12.000442,
				"end":	13.000701,
				"seconds":	1.0002590417861938,
				"bytes":	62519936,
				"bits_per_second":	500029959.3461805,
				"omitted":	false,
				"sender":	false
			}
		}, {
			"streams":	[{
					"socket":	485,
					"start":	13.000701,
					"end":	14.000128,
					"seconds":	0.99942702054977417,
					"bytes":	62445632,
					"bits_per_second":	499851460.61509782,
					"omitted":	false,
					"sender":	false
				}],
			"sum":	{
				"start":	13.000701,
				"end":	14.000128,
				"seconds":	0.99942702054977417,
				"bytes":	62445632,
				"bits_per_second":	499851460.61509782,
				"omitted":	false,
				"sender":	false
			}
		}, {
			"streams":	[{
					"socket":	485,
					"start":	14.000128,
					"end":	15.000395,
					"seconds":	1.0002670288085938,
					"bytes":	62519936,
					"bits_per_second":	500025966.66185635,
					"omitted":	false,
					"sender":	false
				}],
			"sum":	{
				"start":	14.000128,
				"end":	15.000395,
				"seconds":	1.0002670288085938,
				"bytes":	62519936,
				"bits_per_second":	500025966.66185635,
				"omitted":	false,
				"sender":	false
			}
		}, {
			"streams":	[{
					"socket":	485,
					"start":	15.000395,
					"end":	16.00058,
					"seconds":	1.0001850128173828,
					"bytes":	62496544,
					"bits_per_second":	499879867.81730217,
					"omitted":	false,
					"sender":	false
				}],
			"sum":	{
				"start":	15.000395,
				"end":	16.00058,
				"seconds":	1.0001850128173828,
				"bytes":	62496544,