{
	"start":	{
		"connected":	[{
				"socket":	362,
				"local_host":	"100.124.85.183",
				"local_port":	40896,
				"remote_host":	"13.78.225.186",
				"remote_port":	5201
			}],
		"version":	"iperf 3.7",
		"system_info":	"Linux localhost 4.19.110-g9ceb3bf92e0a-ab6790968 #2 SMP PREEMPT Wed Aug 26 04:14:37 UTC 2020 aarch64",
		"timestamp":	{
			"time":	"Mon, 17 May 2021 23:33:07 GMT",
			"timesecs":	1621294387
		},
		"connecting_to":	{
			"host":	"13.78.225.186",
			"port":	5201
		},
		"cookie":	"jgybymm57zn3drhgtnh7s3jlfg5qrs5kf4qx",
		"tcp_mss_default":	1376,
		"target_bitrate":	3000000000,
		"sock_bufsize":	0,
		"sndbuf_actual":	2097152,
		"rcvbuf_actual":	6291456,
		"test_start":	{
			"protocol":	"TCP",
			"num_streams":	1,
			"blksize":	131072,
			"omit":	0,
			"duration":	30,
			"bytes":	0,
			"blocks":	0,
			"reverse":	1,
			"tos":	0
		}
	},
	"intervals":	[{
			"streams":	[{
					"socket":	362,
					"start":	0,
					"end":	1.000127,
					"seconds":	1.0001269578933716,
					"bytes":	2853824,
					"bits_per_second":	22827693.844079025,
					"omitted":	false,
					"sender":	false
				}],
			"sum":	{
				"start":	0,
				"end":	1.000127,
				"seconds":	1.0001269578933716,
				"bytes":	2853824,
				"bits_per_second":	22827693.844079025,
				"omitted":	false,
				"sender":	false
			}
		}, {
			"streams":	[{
					"socket":	362,
					"start":	1.000127,
					"end":	2.000111,
					"seconds":	0.9999840259552002,
					"bytes":	6441056,
					"bits_per_second":	51529271.130885549,
					"omitted":	false,
					"sender":	false
				}],
			"sum":	{
				"start":	1.000127,
				"end":	2.000111,
				"seconds":	0.9999840259552002,
				"bytes":	6441056,
				"bits_per_second":	51529271.130885549,
				"omitted":	false,
				"sender":	false
			}
		}, {
			"streams":	[{
					"socket":	362,
					"start":	2.000111,
					"end":	3.000128,
					"seconds":	1.0000170469284058,
					"bytes":	8494048,
					"bits_per_second":	67951225.640321419,
					"omitted":	false,
					"sender":	false
				}],
			"sum":	{
				"start":	2.000111,
				"end":	3.000128,
				"seconds":	1.0000170469284058,
				"bytes":	8494048,
				"bits_per_second":	67951225.640321419,
				"omitted":	false,
				"sender":	false
			}
		}, {
			"streams":	[{
					"socket":	362,
					"start":	3.000128,
					"end":	4.000117,
					"seconds":	0.99998897314071655,
					"bytes":	11272192,
					"bits_per_second":	90178530.38596496,
					"omitted":	false,
					"sender":	false
				}],
			"sum":	{
				"start":	3.000128,
				"end":	4.000117,
				"seconds":	0.99998897314071655,
				"bytes":	11272192,
				"bits_per_second":	90178530.38596496,
				"omitted":	false,
				"sender":	false
			}
		}, {
			"streams":	[{
					"socket":	362,
					"start":	4.000117,
					"end":	5.000156,
					"seconds":	1.0000389814376831,
					"bytes":	15111232,
					"bits_per_second":	120885143.72330314,
					"omitted":	false,
					"sender":	false
				}],
			"sum":	{
				"start":	4.000117,
				"end":	5.000156,
				"seconds":	1.0000389814376831,
				"bytes":	15111232,
				"bits_per_second":	120885143.72330314,
				"omitted":	false,
				"sender":	false
			}
		}, {
			"streams":	[{
					"socket":	362,
					"start":	5.000156,
					"end":	6.000191,
					"seconds":	1.0000350475311279,
					"bytes":	11405664,
					"bits_per_second":	91242114.189162776,
					"omitted":	false,
					"sender":	false
				}],
			"sum":	{
				"start":	5.000156,
				"end":	6.000191,
				"seconds":	1.0000350475311279,
				"bytes":	11405664,
				"bits_per_second":	91242114.189162776,
				"omitted":	false,
				"sender":	false
			}
		}, {
			"streams":	[{
					"socket":	362,
					"start":	6.000191,
					"end":	7.000147,
					"seconds":	0.99995601177215576,
					"bytes":	10895168,
					"bits_per_second":	87165178.241720587,
					"omitted":	false,
					"sender":	false
				}],
			"sum":	{
				"start":	6.000191,
				"end":	7.000147,
				"seconds":	0.99995601177215576,
				"bytes":	10895168,
				"bits_per_second":	87165178.241720587,
				"omitted":	false,
				"sender":	false
			}
		}, {
			"streams":	[{
					"socket":	362,
					"start":	7.000147,
					"end":	8.00034,
					"seconds":	1.0001929998397827,
					"bytes":	6862112,
					"bits_per_second":	54886302.952323936,
					"omitted":	false,
					"sender":	false
				}],
			"sum":	{
				"start":	7.000147,
				"end":	8.00034,
				"seconds":	1.0001929998397827,
				"bytes":	6862112,
				"bits_per_second":	54886302.952323936,
				"omitted":	false,
				"sender":	false
			}
		}, {
			"streams":	[{
					"socket":	362,
					"start":	8.00034,
					"end":	9.000163,
					"seconds":	0.99982297420501709,
					"bytes":	7913376,
					"bits_per_second":	63318216.957693838,
					"omitted":	false,
					"sender":	false
				}],
			"sum":	{
				"start":	8.00034,
				"end":	9.000163,
				"seconds":	0.99982297420501709,
				"bytes":	7913376,
				"bits_per_second":	63318216.957693838,
				"omitted":	false,
				"sender":	false
			}
		}, {
			"streams":	[{
					"socket":	362,
					"start":	9.000163,
					"end":	10.000149,
					"seconds":	0.99998599290847778,
					"bytes":	7775776,
					"bits_per_second":	62207079.340253651,
					"omitted":	false,
					"sender":	false
				}],
			"sum":	{
				"start":	9.000163,
				"end":	10.000149,
				"seconds":	0.99998599290847778,
				"bytes":	7775776,
				"bits_per_second":	62207079.340253651,
				"omitted":	false,
				"sender":	false
			}
		}, {
			"streams":	[{
					"socket":	362,
					"start":	10.000149,
					"end":	11.000159,
					"seconds":	1.0000100135803223,
					"bytes":	7171712,
					"bits_per_second":	57373121.489639625,
					"omitted":	false,
					"sender":	false
				}],
			"sum":	{
				"start":	10.000149,
				"end":	11.000159,
				"seconds":	1.0000100135803223,
				"bytes":	7171712,
				"bits_per_second":	57373121.489639625,
				"omitted":	false,
				"sender":	false
			}
		}, {
			"streams":	[{
					"socket":	362,
					"start":	11.000159,
					"end":	12.001377,
					"seconds":	1.0012179613113403,
					"bytes":	6356096,
					"bits_per_second":	50786911.506662421,
					"omitted":	false,
					"sender":	false
				}],
			"sum":	{
				"start":	11.000159,
				"end":	12.001377,
				"seconds":	1.0012179613113403,
				"bytes":	6356096,
				"bits_per_second":	50786911.506662421,
				"omitted":	false,
				"sender":	false
			}
		}, {
			"streams":	[{
					"socket":	362,
					"start":	12.001377,
					"end":	13.000161,
					"seconds":	0.99878400564193726,
					"bytes":	6630592,
					"bits_per_second":	53109316.629381895,
					"omitted":	false,
					"sender":	false
				}],
			"sum":	{
				"start":	12.001377,
				"end":	13.000161,
				"seconds":	0.99878400564193726,
				"bytes":	6630592,
				"bits_per_second":	53109316.629381895,
				"omitted":	false,
				"sender":	false
			}
		}, {
			"streams":	[{
					"socket":	362,
					"start":	13.000161,
					"end":	14.00016,
					"seconds":	0.99999898672103882,
					"bytes":	6663968,
					"bits_per_second":	53311798.019723319,
					"omitted":	false,
					"sender":	false
				}],
			"sum":	{
				"start":	13.000161,
				"end":	14.00016,
				"seconds":	0.99999898672103882,
				"bytes":	6663968,
				"bits_per_second":	53311798.019723319,
				"omitted":	false,
				"sender":	false
			}
		}, {
			"streams":	[{
					"socket":	362,
					"start":	14.00016,
					"end":	15.000151,
					"seconds":	0.99999099969863892,
					"bytes":	6346112,
					"bits_per_second":	50769352.939476363,
					"omitted":	false,
					"sender":	false
				}],
			"sum":	{
				"start":	14.00016,
				"end":	15.000151,
				"seconds":	0.99999099969863892,
				"bytes":	6346112,
				"bits_per_second":	50769352.939476363,
				"omitted":	false,
				"sender":	false
			}
		}, {
			"streams":	[{
					"socket":	362,
					"start":	15.000151,
					"end":	16.000149,
					"seconds":	0.99999797344207764,
					"bytes":	6791936,
					"bits_per_second":	54335598.114236824,
					"omitted":	false,
					"sender":	false
				}],
			"sum":	{
				"start":	15.000151,
				"end":	16.000149,
				"seconds":	0.99999797344207764,
				"bytes":	6791936,