{
	"start":	{
		"connected":	[{
				"socket":	334,
				"local_host":	"100.124.85.183",
				"local_port":	40862,
				"remote_host":	"13.78.225.186",
				"remote_port":	5201
			}],
		"version":	"iperf 3.7",
		"system_info":	"Linux localhost 4.19.110-g9ceb3bf92e0a-ab6790968 #2 SMP PREEMPT Wed Aug 26 04:14:37 UTC 2020 aarch64",
		"timestamp":	{
			"time":	"Mon, 17 May 2021 23:29:50 GMT",
			"timesecs":	1621294190
		},
		"connecting_to":	{
			"host":	"13.78.225.186",
			"port":	5201
		},
		"cookie":	"2lekdzm7udidm3f6rdzxgczpxzl2qpecyfok",
		"tcp_mss_default":	1376,
		"target_bitrate":	3000000000,
		"sock_bufsize":	0,
		"sndbuf_actual":	2097152,
		"rcvbuf_actual":	6291456,
		"test_start":	{
			"protocol":	"TCP",
			"num_streams":	1,
			"blksize":	131072,
			"omit":	0,
			"duration":	30,
			"bytes":	0,
			"blocks":	0,
			"reverse":	1,
			"tos":	0
		}
	},
	"intervals":	[{
			"streams":	[{
					"socket":	334,
					"start":	0,
					"end":	1.003004,
					"seconds":	1.0030039548873901,
					"bytes":	21970944,
					"bits_per_second":	175241135.53443953,
					"omitted":	false,
					"sender":	false
				}],
			"sum":	{
				"start":	0,
				"end":	1.003004,
				"seconds":	1.0030039548873901,
				"bytes":	21970944,
				"bits_per_second":	175241135.53443953,
				"omitted":	false,
				"sender":	false
			}
		}, {
			"streams":	[{
					"socket":	334,
					"start":	1.003004,
					"end":	2.000081,
					"seconds":	0.99707698822021484,
					"bytes":	52912288,
					"bits_per_second":	424539237.19129115,
					"omitted":	false,
					"sender":	false
				}],
			"sum":	{
				"start":	1.003004,
				"end":	2.000081,
				"seconds":	0.99707698822021484,
				"bytes":	52912288,
				"bits_per_second":	424539237.19129115,
				"omitted":	false,
				"sender":	false
			}
		}, {
			"streams":	[{
					"socket":	334,
					"start":	2.000081,
					"end":	3.004476,
					"seconds":	1.0043950080871582,
					"bytes":	24979488,
					"bits_per_second":	198961466.74462453,
					"omitted":	false,
					"sender":	false
				}],
			"sum":	{
				"start":	2.000081,
				"end":	3.004476,
				"seconds":	1.0043950080871582,
				"bytes":	24979488,
				"bits_per_second":	198961466.74462453,
				"omitted":	false,
				"sender":	false
			}
		}, {
			"streams":	[{
					"socket":	334,
					"start":	3.004476,
					"end":	4.000106,
					"seconds":	0.99563002586364746,
					"bytes":	24144768,
					"bits_per_second":	194005944.96178162,
					"omitted":	false,
					"sender":	false
				}],
			"sum":	{
				"start":	3.004476,
				"end":	4.000106,
				"seconds":	0.99563002586364746,
				"bytes":	24144768,
				"bits_per_second":	194005944.96178162,
				"omitted":	false,
				"sender":	false
			}
		}, {
			"streams":	[{
					"socket":	334,
					"start":	4.000106,
					"end":	5.000135,
					"seconds":	1.0000289678573608,
					"bytes":	13367840,
					"bits_per_second":	106939622.18827823,
					"omitted":	false,
					"sender":	false
				}],
			"sum":	{
				"start":	4.000106,
				"end":	5.000135,
				"seconds":	1.0000289678573608,
				"bytes":	13367840,
				"bits_per_second":	106939622.18827823,
				"omitted":	false,
				"sender":	false
			}
		}, {
			"streams":	[{
					"socket":	334,
					"start":	5.000135,
					"end":	6.000616,
					"seconds":	1.0004810094833374,
					"bytes":	10478240,
					"bits_per_second":	83785618.323019341,
					"omitted":	false,
					"sender":	false
				}],
			"sum":	{
				"start":	5.000135,
				"end":	6.000616,
				"seconds":	1.0004810094833374,
				"bytes":	10478240,
				"bits_per_second":	83785618.323019341,
				"omitted":	false,
				"sender":	false
			}
		}, {
			"streams":	[{
					"socket":	334,
					"start":	6.000616,
					"end":	7.000137,
					"seconds":	0.999521017074585,
					"bytes":	11744160,
					"bits_per_second":	93998303.582433969,
					"omitted":	false,
					"sender":	false
				}],
			"sum":	{
				"start":	6.000616,
				"end":	7.000137,
				"seconds":	0.999521017074585,
				"bytes":	11744160,
				"bits_per_second":	93998303.582433969,
				"omitted":	false,
				"sender":	false
			}
		}, {
			"streams":	[{
					"socket":	334,
					"start":	7.000137,
					"end":	8.000139,
					"seconds":	1.0000020265579224,
					"bytes":	8086752,
					"bits_per_second":	64693884.894095041,
					"omitted":	false,
					"sender":	false
				}],
			"sum":	{
				"start":	7.000137,
				"end":	8.000139,
				"seconds":	1.0000020265579224,
				"bytes":	8086752,
				"bits_per_second":	64693884.894095041,
				"omitted":	false,
				"sender":	false
			}
		}, {
			"streams":	[{
					"socket":	334,
					"start":	8.000139,
					"end":	9.000349,
					"seconds":	1.0002100467681885,
					"bytes":	10127360,
					"bits_per_second":	81001865.8198673,
					"omitted":	false,
					"sender":	false
				}],
			"sum":	{
				"start":	8.000139,
				"end":	9.000349,
				"seconds":	1.0002100467681885,
				"bytes":	10127360,
				"bits_per_second":	81001865.8198673,
				"omitted":	false,
				"sender":	false
			}
		}, {
			"streams":	[{
					"socket":	334,
					"start":	9.000349,
					"end":	10.000026,
					"seconds":	0.99967700242996216,
					"bytes":	11924416,
					"bits_per_second":	95426150.414702013,
					"omitted":	false,
					"sender":	false
				}],
			"sum":	{
				"start":	9.000349,
				"end":	10.000026,
				"seconds":	0.99967700242996216,
				"bytes":	11924416,
				"bits_per_second":	95426150.414702013,
				"omitted":	false,
				"sender":	false
			}
		}, {
			"streams":	[{
					"socket":	334,
					"start":	10.000026,
					"end":	11.000139,
					"seconds":	1.0001130104064941,
					"bytes":	10643360,
					"bits_per_second":	85137258.603797391,
					"omitted":	false,
					"sender":	false
				}],
			"sum":	{
				"start":	10.000026,
				"end":	11.000139,
				"seconds":	1.0001130104064941,
				"bytes":	10643360,
				"bits_per_second":	85137258.603797391,
				"omitted":	false,
				"sender":	false
			}
		}, {
			"streams":	[{
					"socket":	334,
					"start":	11.000139,
					"end":	12.000183,
					"seconds":	1.0000439882278442,
					"bytes":	9473760,
					"bits_per_second":	75786746.275337264,
					"omitted":	false,
					"sender":	false
				}],
			"sum":	{
				"start":	11.000139,
				"end":	12.000183,
				"seconds":	1.0000439882278442,
				"bytes":	9473760,
				"bits_per_second":	75786746.275337264,
				"omitted":	false,
				"sender":	false
			}
		}, {
			"streams":	[{
					"socket":	334,
					"start":	12.000183,
					"end":	13.000257,
					"seconds":	1.000074028968811,
					"bytes":	8529824,
					"bits_per_second":	68233540.741340593,
					"omitted":	false,
					"sender":	false
				}],
			"sum":	{
				"start":	12.000183,
				"end":	13.000257,
				"seconds":	1.000074028968811,
				"bytes":	8529824,
				"bits_per_second":	68233540.741340593,
				"omitted":	false,
				"sender":	false
			}
		}, {
			"streams":	[{
					"socket":	334,
					"start":	13.000257,
					"end":	14.000521,
					"seconds":	1.000264048576355,
					"bytes":	8012448,
					"bits_per_second":	64082663.0640489,
					"omitted":	false,
					"sender":	false
				}],
			"sum":	{
				"start":	13.000257,
				"end":	14.000521,
				"seconds":	1.000264048576355,
				"bytes":	8012448,
				"bits_per_second":	64082663.0640489,
				"omitted":	false,
				"sender":	false
			}
		}, {
			"streams":	[{
					"socket":	334,
					"start":	14.000521,
					"end":	15.000293,
					"seconds":	0.99977201223373413,
					"bytes":	6284896,
					"bits_per_second":	50290633.64922978,
					"omitted":	false,
					"sender":	false
				}],
			"sum":	{
				"start":	14.000521,
				"end":	15.000293,
				"seconds":	0.99977201223373413,
				"bytes":	6284896,
				"bits_per_second":	50290633.64922978,
				"omitted":	false,
				"sender":	false
			}
		}, {
			"streams":	[{
					"socket":	334,
					"start":	15.000293,
					"end":	16.000163,
					"seconds":	0.99987000226974487,
					"bytes":	6097728,
					"bits_per_second":	48788166.350888923,
					"omitted":	false,
					"sender":	false
				}],
			"sum":	{
				"start":	15.000293,
				"end":	16.000163,
				"seconds":	0.99987000226974487,
				"bytes":	6097728,