{
	"start":	{
		"connected":	[{
				"socket":	472,
				"local_host":	"100.124.59.153",
				"local_port":	40954,
				"remote_host":	"52.237.164.255",
				"remote_port":	5201
			}],
		"version":	"iperf 3.7",
		"system_info":	"Linux localhost 4.19.110-g9ceb3bf92e0a-ab6790968 #2 SMP PREEMPT Wed Aug 26 04:14:37 UTC 2020 aarch64",
		"timestamp":	{
			"time":	"Tue, 11 May 2021 18:02:17 GMT",
			"timesecs":	1620756137
		},
		"connecting_to":	{
			"host":	"52.237.164.255",
			"port":	5201
		},
		"cookie":	"rcz7h6fapz4ev7oqwl7xfbzzqhwcx2iosaio",
		"tcp_mss_default":	1376,
		"target_bitrate":	2000000000,
		"sock_bufsize":	0,
		"sndbuf_actual":	2097152,
		"rcvbuf_actual":	6291456,
		"test_start":	{
			"protocol":	"TCP",
			"num_streams":	1,
			"blksize":	131072,
			"omit":	0,
			"duration":	30,
			"bytes":	0,
			"blocks":	0,
			"reverse":	1,
			"tos":	0
		}
	},
	"intervals":	[{
			"streams":	[{
					"socket":	472,
					"start":	0,
					"end":	1.000031,
					"seconds":	1.0000309944152832,
					"bytes":	25423328,
					"bits_per_second":	203380320.34589076,
					"omitted":	false,
					"sender":	false
				}],
			"sum":	{
				"start":	0,
				"end":	1.000031,
				"seconds":	1.0000309944152832,
				"bytes":	25423328,
				"bits_per_second":	203380320.34589076,
				"omitted":	false,
				"sender":	false
			}
		}, {
			"streams":	[{
					"socket":	472,
					"start":	1.000031,
					"end":	2.000106,
					"seconds":	1.0000749826431274,
					"bytes":	113870880,
					"bits_per_second":	910898738.40497291,
					"omitted":	false,
					"sender":	false
				}],
			"sum":	{
				"start":	1.000031,
				"end":	2.000106,
				"seconds":	1.0000749826431274,
				"bytes":	113870880,
				"bits_per_second":	910898738.40497291,
				"omitted":	false,
				"sender":	false
			}
		}, {
			"streams":	[{
					"socket":	472,
					"start":	2.000106,
					"end":	3.000043,
					"seconds":	0.99993699789047241,
					"bytes":	80805600,
					"bits_per_second":	646485529.95216608,
					"omitted":	false,
					"sender":	false
				}],
			"sum":	{
				"start":	2.000106,
				"end":	3.000043,
				"seconds":	0.99993699789047241,
				"bytes":	80805600,
				"bits_per_second":	646485529.95216608,
				"omitted":	false,
				"sender":	false
			}
		}, {
			"streams":	[{
					"socket":	472,
					"start":	3.000043,
					"end":	4.00009,
					"seconds":	1.000046968460083,
					"bytes":	31565440,
					"bits_per_second":	252511659.91618073,
					"omitted":	false,
					"sender":	false
				}],
			"sum":	{
				"start":	3.000043,
				"end":	4.00009,
				"seconds":	1.000046968460083,
				"bytes":	31565440,
				"bits_per_second":	252511659.91618073,
				"omitted":	false,
				"sender":	false
			}
		}, {
			"streams":	[{
					"socket":	472,
					"start":	4.00009,
					"end":	5.000097,
					"seconds":	1.0000070333480835,
					"bytes":	21689888,
					"bits_per_second":	173517883.588326,
					"omitted":	false,
					"sender":	false
				}],
			"sum":	{
				"start":	4.00009,
				"end":	5.000097,
				"seconds":	1.0000070333480835,
				"bytes":	21689888,
				"bits_per_second":	173517883.588326,
				"omitted":	false,
				"sender":	false
			}
		}, {
			"streams":	[{
					"socket":	472,
					"start":	5.000097,
					"end":	6.000093,
					"seconds":	0.9999960064888,
					"bytes":	28788672,
					"bits_per_second":	230310295.74674553,
					"omitted":	false,
					"sender":	false
				}],
			"sum":	{
				"start":	5.000097,
				"end":	6.000093,
				"seconds":	0.9999960064888,
				"bytes":	28788672,
				"bits_per_second":	230310295.74674553,
				"omitted":	false,
				"sender":	false
			}
		}, {
			"streams":	[{
					"socket":	472,
					"start":	6.000093,
					"end":	7.000095,
					"seconds":	1.0000020265579224,
					"bytes":	23096160,
					"bits_per_second":	184768905.55511063,
					"omitted":	false,
					"sender":	false
				}],
			"sum":	{
				"start":	6.000093,
				"end":	7.000095,
				"seconds":	1.0000020265579224,
				"bytes":	23096160,
				"bits_per_second":	184768905.55511063,
				"omitted":	false,
				"sender":	false
			}
		}, {
			"streams":	[{
					"socket":	472,
					"start":	7.000095,
					"end":	8.000092,
					"seconds":	0.99999701976776123,
					"bytes":	26749440,
					"bits_per_second":	213996157.75824833,
					"omitted":	false,
					"sender":	false
				}],
			"sum":	{
				"start":	7.000095,
				"end":	8.000092,
				"seconds":	0.99999701976776123,
				"bytes":	26749440,
				"bits_per_second":	213996157.75824833,
				"omitted":	false,
				"sender":	false
			}
		}, {
			"streams":	[{
					"socket":	472,
					"start":	8.000092,
					"end":	9.000091,
					"seconds":	0.99999898672103882,
					"bytes":	28085536,
					"bits_per_second":	224684515.66809264,
					"omitted":	false,
					"sender":	false
				}],
			"sum":	{
				"start":	8.000092,
				"end":	9.000091,
				"seconds":	0.99999898672103882,
				"bytes":	28085536,
				"bits_per_second":	224684515.66809264,
				"omitted":	false,
				"sender":	false
			}
		}, {
			"streams":	[{
					"socket":	472,
					"start":	9.000091,
					"end":	10.000247,
					"seconds":	1.000156044960022,
					"bytes":	27306720,
					"bits_per_second":	218419676.71027973,
					"omitted":	false,
					"sender":	false
				}],
			"sum":	{
				"start":	9.000091,
				"end":	10.000247,
				"seconds":	1.000156044960022,
				"bytes":	27306720,
				"bits_per_second":	218419676.71027973,
				"omitted":	false,
				"sender":	false
			}
		}, {
			"streams":	[{
					"socket":	472,
					"start":	10.000247,
					"end":	11.000105,
					"seconds":	0.999858021736145,
					"bytes":	17003232,
					"bits_per_second":	136045171.45724934,
					"omitted":	false,
					"sender":	false
				}],
			"sum":	{
				"start":	10.000247,
				"end":	11.000105,
				"seconds":	0.999858021736145,
				"bytes":	17003232,
				"bits_per_second":	136045171.45724934,
				"omitted":	false,
				"sender":	false
			}
		}, {
			"streams":	[{
					"socket":	472,
					"start":	11.000105,
					"end":	12.000257,
					"seconds":	1.0001519918441772,
					"bytes":	19946496,
					"bits_per_second":	159547718.04809961,
					"omitted":	false,
					"sender":	false
				}],
			"sum":	{
				"start":	11.000105,
				"end":	12.000257,
				"seconds":	1.0001519918441772,
				"bytes":	19946496,
				"bits_per_second":	159547718.04809961,
				"omitted":	false,
				"sender":	false
			}
		}, {
			"streams":	[{
					"socket":	472,
					"start":	12.000257,
					"end":	13.000186,
					"seconds":	0.99992901086807251,
					"bytes":	10536032,
					"bits_per_second":	84294239.974922314,
					"omitted":	false,
					"sender":	false
				}],
			"sum":	{
				"start":	12.000257,
				"end":	13.000186,
				"seconds":	0.99992901086807251,
				"bytes":	10536032,
				"bits_per_second":	84294239.974922314,
				"omitted":	false,
				"sender":	false
			}
		}, {
			"streams":	[{
					"socket":	472,
					"start":	13.000186,
					"end":	14.00009,
					"seconds":	0.99990397691726685,
					"bytes":	35141664,
					"bits_per_second":	281160309.87969685,
					"omitted":	false,
					"sender":	false
				}],
			"sum":	{
				"start":	13.000186,
				"end":	14.00009,
				"seconds":	0.99990397691726685,
				"bytes":	35141664,
				"bits_per_second":	281160309.87969685,
				"omitted":	false,
				"sender":	false
			}
		}, {
			"streams":	[{
					"socket":	472,
					"start":	14.00009,
					"end":	15.000092,
					"seconds":	1.0000020265579224,
					"bytes":	39443040,
					"bits_per_second":	315543680.53245437,
					"omitted":	false,
					"sender":	false
				}],
			"sum":	{
				"start":	14.00009,
				"end":	15.000092,
				"seconds":	1.0000020265579224,
				"bytes":	39443040,
				"bits_per_second":	315543680.53245437,
				"omitted":	false,
				"sender":	false
			}
		}, {
			"streams":	[{
					"socket":	472,
					"start":	15.000092,
					"end":	16.000092,
					"seconds":	1,
					"bytes":	25515168,
					"bits_per_second":	204121344,
					"omitted":	false,
					"sender":	false
				}],
			"sum":	{
				"start":	15.000092,
				"end":	16.000092,
				"seconds":	1,
				"bytes":	25515168,
				"bits_per_second":	204121344,
				"omitted":	false,