{
	"start":	{
		"connected":	[{
				"socket":	460,
				"local_host":	"100.124.59.153",
				"local_port":	40946,
				"remote_host":	"52.237.164.255",
				"remote_port":	5201
			}],
		"version":	"iperf 3.7",
		"system_info":	"Linux localhost 4.19.110-g9ceb3bf92e0a-ab6790968 #2 SMP PREEMPT Wed Aug 26 04:14:37 UTC 2020 aarch64",
		"timestamp":	{
			"time":	"Tue, 11 May 2021 18:01:40 GMT",
			"timesecs":	1620756100
		},
		"connecting_to":	{
			"host":	"52.237.164.255",
			"port":	5201
		},
		"cookie":	"uhqst4ge2f42rujfe5jmp7nwwytdxzqhjewu",
		"tcp_mss_default":	1376,
		"target_bitrate":	2000000000,
		"sock_bufsize":	0,
		"sndbuf_actual":	2097152,
		"rcvbuf_actual":	6291456,
		"test_start":	{
			"protocol":	"TCP",
			"num_streams":	1,
			"blksize":	131072,
			"omit":	0,
			"duration":	30,
			"bytes":	0,
			"blocks":	0,
			"reverse":	1,
			"tos":	0
		}
	},
	"intervals":	[{
			"streams":	[{
					"socket":	460,
					"start":	0,
					"end":	1.000129,
					"seconds":	1.0001289844512939,
					"bytes":	17959904,
					"bits_per_second":	143660702.00317961,
					"omitted":	false,
					"sender":	false
				}],
			"sum":	{
				"start":	0,
				"end":	1.000129,
				"seconds":	1.0001289844512939,
				"bytes":	17959904,
				"bits_per_second":	143660702.00317961,
				"omitted":	false,
				"sender":	false
			}
		}, {
			"streams":	[{
					"socket":	460,
					"start":	1.000129,
					"end":	2.000547,
					"seconds":	1.000417947769165,
					"bytes":	50566976,
					"bits_per_second":	404366803.79642886,
					"omitted":	false,
					"sender":	false
				}],
			"sum":	{
				"start":	1.000129,
				"end":	2.000547,
				"seconds":	1.000417947769165,
				"bytes":	50566976,
				"bits_per_second":	404366803.79642886,
				"omitted":	false,
				"sender":	false
			}
		}, {
			"streams":	[{
					"socket":	460,
					"start":	2.000547,
					"end":	3.000126,
					"seconds":	0.99957901239395142,
					"bytes":	50643328,
					"bits_per_second":	405317257.54194278,
					"omitted":	false,
					"sender":	false
				}],
			"sum":	{
				"start":	2.000547,
				"end":	3.000126,
				"seconds":	0.99957901239395142,
				"bytes":	50643328,
				"bits_per_second":	405317257.54194278,
				"omitted":	false,
				"sender":	false
			}
		}, {
			"streams":	[{
					"socket":	460,
					"start":	3.000126,
					"end":	4.000096,
					"seconds":	0.999970018863678,
					"bytes":	56223360,
					"bits_per_second":	449800365.52607656,
					"omitted":	false,
					"sender":	false
				}],
			"sum":	{
				"start":	3.000126,
				"end":	4.000096,
				"seconds":	0.999970018863678,
				"bytes":	56223360,
				"bits_per_second":	449800365.52607656,
				"omitted":	false,
				"sender":	false
			}
		}, {
			"streams":	[{
					"socket":	460,
					"start":	4.000096,
					"end":	5.000102,
					"seconds":	1.0000059604644775,
					"bytes":	48146240,
					"bits_per_second":	385167624.22205794,
					"omitted":	false,
					"sender":	false
				}],
			"sum":	{
				"start":	4.000096,
				"end":	5.000102,
				"seconds":	1.0000059604644775,
				"bytes":	48146240,
				"bits_per_second":	385167624.22205794,
				"omitted":	false,
				"sender":	false
			}
		}, {
			"streams":	[{
					"socket":	460,
					"start":	5.000102,
					"end":	6.000659,
					"seconds":	1.0005569458007812,
					"bytes":	32476704,
					"bits_per_second":	259669010.43504518,
					"omitted":	false,
					"sender":	false
				}],
			"sum":	{
				"start":	5.000102,
				"end":	6.000659,
				"seconds":	1.0005569458007812,
				"bytes":	32476704,
				"bits_per_second":	259669010.43504518,
				"omitted":	false,
				"sender":	false
			}
		}, {
			"streams":	[{
					"socket":	460,
					"start":	6.000659,
					"end":	7.000131,
					"seconds":	0.99947202205657959,
					"bytes":	34486336,
					"bits_per_second":	276036429.14616972,
					"omitted":	false,
					"sender":	false
				}],
			"sum":	{
				"start":	6.000659,
				"end":	7.000131,
				"seconds":	0.99947202205657959,
				"bytes":	34486336,
				"bits_per_second":	276036429.14616972,
				"omitted":	false,
				"sender":	false
			}
		}, {
			"streams":	[{
					"socket":	460,
					"start":	7.000131,
					"end":	8.000105,
					"seconds":	0.99997401237487793,
					"bytes":	36223200,
					"bits_per_second":	289793131.03525227,
					"omitted":	false,
					"sender":	false
				}],
			"sum":	{
				"start":	7.000131,
				"end":	8.000105,
				"seconds":	0.99997401237487793,
				"bytes":	36223200,
				"bits_per_second":	289793131.03525227,
				"omitted":	false,
				"sender":	false
			}
		}, {
			"streams":	[{
					"socket":	460,
					"start":	8.000105,
					"end":	9.000132,
					"seconds":	1.0000269412994385,
					"bytes":	31389312,
					"bits_per_second":	251107730.83143234,
					"omitted":	false,
					"sender":	false
				}],
			"sum":	{
				"start":	8.000105,
				"end":	9.000132,
				"seconds":	1.0000269412994385,
				"bytes":	31389312,
				"bits_per_second":	251107730.83143234,
				"omitted":	false,
				"sender":	false
			}
		}, {
			"streams":	[{
					"socket":	460,
					"start":	9.000132,
					"end":	10.000914,
					"seconds":	1.0007820129394531,
					"bytes":	17864608,
					"bits_per_second":	142805188.49477604,
					"omitted":	false,
					"sender":	false
				}],
			"sum":	{
				"start":	9.000132,
				"end":	10.000914,
				"seconds":	1.0007820129394531,
				"bytes":	17864608,
				"bits_per_second":	142805188.49477604,
				"omitted":	false,
				"sender":	false
			}
		}, {
			"streams":	[{
					"socket":	460,
					"start":	10.000914,
					"end":	11.000936,
					"seconds":	1.0000220537185669,
					"bytes":	15674016,
					"bits_per_second":	125389362.69828378,
					"omitted":	false,
					"sender":	false
				}],
			"sum":	{
				"start":	10.000914,
				"end":	11.000936,
				"seconds":	1.0000220537185669,
				"bytes":	15674016,
				"bits_per_second":	125389362.69828378,
				"omitted":	false,
				"sender":	false
			}
		}, {
			"streams":	[{
					"socket":	460,
					"start":	11.000936,
					"end":	12.000127,
					"seconds":	0.99919098615646362,
					"bytes":	14081984,
					"bits_per_second":	112747085.95335466,
					"omitted":	false,
					"sender":	false
				}],
			"sum":	{
				"start":	11.000936,
				"end":	12.000127,
				"seconds":	0.99919098615646362,
				"bytes":	14081984,
				"bits_per_second":	112747085.95335466,
				"omitted":	false,
				"sender":	false
			}
		}, {
			"streams":	[{
					"socket":	460,
					"start":	12.000127,
					"end":	13.000143,
					"seconds":	1.0000159740447998,
					"bytes":	11968448,
					"bits_per_second":	95746054.548235238,
					"omitted":	false,
					"sender":	false
				}],
			"sum":	{
				"start":	12.000127,
				"end":	13.000143,
				"seconds":	1.0000159740447998,
				"bytes":	11968448,
				"bits_per_second":	95746054.548235238,
				"omitted":	false,
				"sender":	false
			}
		}, {
			"streams":	[{
					"socket":	460,
					"start":	13.000143,
					"end":	14.0001,
					"seconds":	0.99995702505111694,
					"bytes":	13480672,
					"bits_per_second":	107850010.84870327,
					"omitted":	false,
					"sender":	false
				}],
			"sum":	{
				"start":	13.000143,
				"end":	14.0001,
				"seconds":	0.99995702505111694,
				"bytes":	13480672,
				"bits_per_second":	107850010.84870327,
				"omitted":	false,
				"sender":	false
			}
		}, {
			"streams":	[{
					"socket":	460,
					"start":	14.0001,
					"end":	15.000101,
					"seconds":	1.0000009536743164,
					"bytes":	17213760,
					"bits_per_second":	137709948.66955885,
					"omitted":	false,
					"sender":	false
				}],
			"sum":	{
				"start":	14.0001,
				"end":	15.000101,
				"seconds":	1.0000009536743164,
				"bytes":	17213760,
				"bits_per_second":	137709948.66955885,
				"omitted":	false,
				"sender":	false
			}
		}, {
			"streams":	[{
					"socket":	460,
					"start":	15.000101,
					"end":	16.000127,
					"seconds":	1.0000259876251221,
					"bytes":	25651392,
					"bits_per_second":	205205803.18851388,
					"omitted":	false,
					"sender":	false
				}],
			"sum":	{
				"start":	15.000101,
				"end":	16.000127,
				"seconds":	1.0000259876251221,
				"bytes":	25651392,