{
	"start":	{
		"connected":	[{
				"socket":	88,
				"local_host":	"100.124.85.183",
				"local_port":	39658,
				"remote_host":	"20.55.123.19",
				"remote_port":	5201
			}],
		"version":	"iperf 3.7",
		"system_info":	"Linux localhost 4.19.110-g9ceb3bf92e0a-ab6790968 #2 SMP PREEMPT Wed Aug 26 04:14:37 UTC 2020 aarch64",
		"timestamp":	{
			"time":	"Mon, 17 May 2021 22:36:00 GMT",
			"timesecs":	1621290960
		},
		"connecting_to":	{
			"host":	"20.55.123.19",
			"port":	5201
		},
		"cookie":	"fly7hzpu3tvyzoj4ygr53ijsqcrjf2azzl73",
		"tcp_mss_default":	1376,
		"target_bitrate":	3000000000,
		"sock_bufsize":	0,
		"sndbuf_actual":	1048576,
		"rcvbuf_actual":	6291456,
		"test_start":	{
			"protocol":	"TCP",
			"num_streams":	1,
			"blksize":	131072,
			"omit":	0,
			"duration":	10,
			"bytes":	0,
			"blocks":	0,
			"reverse":	1,
			"tos":	0
		}
	},
	"intervals":	[{
			"streams":	[{
					"socket":	88,
					"start":	0,
					"end":	1.000135,
					"seconds":	1.0001349449157715,
					"bytes":	708640,
					"bits_per_second":	5668355.084300586,
					"omitted":	false,
					"sender":	false
				}],
			"sum":	{
				"start":	0,
				"end":	1.000135,
				"seconds":	1.0001349449157715,
				"bytes":	708640,
				"bits_per_second":	5668355.084300586,
				"omitted":	false,
				"sender":	false
			}
		}, {
			"streams":	[{
					"socket":	88,
					"start":	1.000135,
					"end":	2.00012,
					"seconds":	0.9999849796295166,
					"bytes":	1281056,
					"bits_per_second":	10248601.937798042,
					"omitted":	false,
					"sender":	false
				}],
			"sum":	{
				"start":	1.000135,
				"end":	2.00012,
				"seconds":	0.9999849796295166,
				"bytes":	1281056,
				"bits_per_second":	10248601.937798042,
				"omitted":	false,
				"sender":	false
			}
		}, {
			"streams":	[{
					"socket":	88,
					"start":	2.00012,
					"end":	3.000171,
					"seconds":	1.0000510215759277,
					"bytes":	1874112,
					"bits_per_second":	14992131.077845894,
					"omitted":	false,
					"sender":	false
				}],
			"sum":	{
				"start":	2.00012,
				"end":	3.000171,
				"seconds":	1.0000510215759277,
				"bytes":	1874112,
				"bits_per_second":	14992131.077845894,
				"omitted":	false,
				"sender":	false
			}
		}, {
			"streams":	[{
					"socket":	88,
					"start":	3.000171,
					"end":	4.000342,
					"seconds":	1.0001709461212158,
					"bytes":	1847968,
					"bits_per_second":	14781217.208251402,
					"omitted":	false,
					"sender":	false
				}],
			"sum":	{
				"start":	3.000171,
				"end":	4.000342,
				"seconds":	1.0001709461212158,
				"bytes":	1847968,
				"bits_per_second":	14781217.208251402,
				"omitted":	false,
				"sender":	false
			}
		}, {
			"streams":	[{
					"socket":	88,
					"start":	4.000342,
					"end":	5.000642,
					"seconds":	1.0003000497817993,
					"bytes":	1914016,
					"bits_per_second":	15307534.977470124,
					"omitted":	false,
					"sender":	false
				}],
			"sum":	{
				"start":	4.000342,
				"end":	5.000642,
				"seconds":	1.0003000497817993,
				"bytes":	1914016,
				"bits_per_second":	15307534.977470124,
				"omitted":	false,
				"sender":	false
			}
		}, {
			"streams":	[{
					"socket":	88,
					"start":	5.000642,
					"end":	6.000127,
					"seconds":	0.99948501586914062,
					"bytes":	1966304,
					"bits_per_second":	15738537.096847817,
					"omitted":	false,
					"sender":	false
				}],
			"sum":	{
				"start":	5.000642,
				"end":	6.000127,
				"seconds":	0.99948501586914062,
				"bytes":	1966304,
				"bits_per_second":	15738537.096847817,
				"omitted":	false,
				"sender":	false
			}
		}, {
			"streams":	[{
					"socket":	88,
					"start":	6.000127,
					"end":	7.00011,
					"seconds":	0.999983012676239,
					"bytes":	1768160,
					"bits_per_second":	14145520.294533011,
					"omitted":	false,
					"sender":	false
				}],
			"sum":	{
				"start":	6.000127,
				"end":	7.00011,
				"seconds":	0.999983012676239,
				"bytes":	1768160,
				"bits_per_second":	14145520.294533011,
				"omitted":	false,
				"sender":	false
			}
		}, {
			"streams":	[{
					"socket":	88,
					"start":	7.00011,
					"end":	8.000129,
					"seconds":	1.0000189542770386,
					"bytes":	1799808,
					"bits_per_second":	14398191.092697175,
					"omitted":	false,
					"sender":	false
				}],
			"sum":	{
				"start":	7.00011,
				"end":	8.000129,
				"seconds":	1.0000189542770386,
				"bytes":	1799808,
				"bits_per_second":	14398191.092697175,
				"omitted":	false,
				"sender":	false
			}
		}, {
			"streams":	[{
					"socket":	88,
					"start":	8.000129,
					"end":	9.000295,
					"seconds":	1.0001660585403442,
					"bytes":	1894752,
					"bits_per_second":	15155499.29990807,
					"omitted":	false,
					"sender":	false
				}],
			"sum":	{
				"start":	8.000129,
				"end":	9.000295,
				"seconds":	1.0001660585403442,
				"bytes":	1894752,
				"bits_per_second":	15155499.29990807,
				"omitted":	false,
				"sender":	false
			}
		}, {
			"streams":	[{
					"socket":	88,
					"start":	9.000295,
					"end":	10.000473,
					"seconds":	1.0001779794692993,
					"bytes":	1997952,
					"bits_per_second":	15980771.750724813,
					"omitted":	false,
					"sender":	false
				}],
			"sum":	{
				"start":	9.000295,
				"end":	10.000473,
				"seconds":	1.0001779794692993,
				"bytes":	1997952,
				"bits_per_second":	15980771.750724813,
				"omitted":	false,
				"sender":	false
			}
		}],
	"end":	{
		"streams":	[{
				"sender":	{
					"socket":	88,
					"start":	0,
					"end":	10.000473,
					"seconds":	10.000473,
					"bytes":	18691264,
					"bits_per_second":	14952303.956022881,
					"retransmits":	0,
					"max_snd_cwnd":	0,
					"max_rtt":	0,
					"min_rtt":	0,
					"mean_rtt":	0,
					"sender":	false
				},
				"receiver":	{
					"socket":	88,
					"start":	0,
					"end":	10.000473,
					"seconds":	10.000473,
					"bytes":	17052768,
					"bits_per_second":	13641569.153779026,
					"sender":	false
				}
			}],
		"sum_sent":	{
			"start":	0,
			"end":	10.000473,
			"seconds":	10.000473,
			"bytes":	18691264,
			"bits_per_second":	14952303.956022881,
			"retransmits":	0,
			"sender":	false
		},
		"sum_received":	{
			"start":	0,
			"end":	10.000473,
			"seconds":	10.000473,
			"bytes":	17052768,
			"bits_per_second":	13641569.153779026,
			"sender":	false
		},
		"cpu_utilization_percent":	{
			"host_total":	80.4402053838806,
			"host_user":	67.743594638723636,
			"host_system":	12.69654318339996,
			"remote_total":	0.145306,
			"remote_user":	0,
			"remote_system":	0.145315
		}
	},
	"title":	"HUCKLEBERRY_830_cubic_1621290953_64470_10_1"
}
