{
	"start":	{
		"connected":	[{
				"socket":	360,
				"local_host":	"100.124.59.153",
				"local_port":	49914,
				"remote_host":	"20.51.229.186",
				"remote_port":	5201
			}],
		"version":	"iperf 3.7",
		"system_info":	"Linux localhost 4.19.110-g9ceb3bf92e0a-ab6790968 #2 SMP PREEMPT Wed Aug 26 04:14:37 UTC 2020 aarch64",
		"timestamp":	{
			"time":	"Tue, 11 May 2021 17:37:47 GMT",
			"timesecs":	1620754667
		},
		"connecting_to":	{
			"host":	"20.51.229.186",
			"port":	5201
		},
		"cookie":	"iiestzfex37osok45tfvythtm6sp4lifclva",
		"tcp_mss_default":	1376,
		"target_bitrate":	2000000000,
		"sock_bufsize":	0,
		"sndbuf_actual":	2097152,
		"rcvbuf_actual":	6291456,
		"test_start":	{
			"protocol":	"TCP",
			"num_streams":	1,
			"blksize":	131072,
			"omit":	0,
			"duration":	30,
			"bytes":	0,
			"blocks":	0,
			"reverse":	1,
			"tos":	0
		}
	},
	"intervals":	[{
			"streams":	[{
					"socket":	360,
					"start":	0,
					"end":	1.000283,
					"seconds":	1.0002830028533936,
					"bytes":	13449024,
					"bits_per_second":	107561751.71734798,
					"omitted":	false,
					"sender":	false
				}],
			"sum":	{
				"start":	0,
				"end":	1.000283,
				"seconds":	1.0002830028533936,
				"bytes":	13449024,
				"bits_per_second":	107561751.71734798,
				"omitted":	false,
				"sender":	false
			}
		}, {
			"streams":	[{
					"socket":	360,
					"start":	1.000283,
					"end":	2.000147,
					"seconds":	0.99986398220062256,
					"bytes":	48545280,
					"bits_per_second":	388415071.36325186,
					"omitted":	false,
					"sender":	false
				}],
			"sum":	{
				"start":	1.000283,
				"end":	2.000147,
				"seconds":	0.99986398220062256,
				"bytes":	48545280,
				"bits_per_second":	388415071.36325186,
				"omitted":	false,
				"sender":	false
			}
		}, {
			"streams":	[{
					"socket":	360,
					"start":	2.000147,
					"end":	3.000387,
					"seconds":	1.0002399682998657,
					"bytes":	142305920,
					"bits_per_second":	1138174234.2640526,
					"omitted":	false,
					"sender":	false
				}],
			"sum":	{
				"start":	2.000147,
				"end":	3.000387,
				"seconds":	1.0002399682998657,
				"bytes":	142305920,
				"bits_per_second":	1138174234.2640526,
				"omitted":	false,
				"sender":	false
			}
		}, {
			"streams":	[{
					"socket":	360,
					"start":	3.000387,
					"end":	4.000148,
					"seconds":	0.99976098537445068,
					"bytes":	199179104,
					"bits_per_second":	1593813776.8030579,
					"omitted":	false,
					"sender":	false
				}],
			"sum":	{
				"start":	3.000387,
				"end":	4.000148,
				"seconds":	0.99976098537445068,
				"bytes":	199179104,
				"bits_per_second":	1593813776.8030579,
				"omitted":	false,
				"sender":	false
			}
		}, {
			"streams":	[{
					"socket":	360,
					"start":	4.000148,
					"end":	5.000149,
					"seconds":	1.0000009536743164,
					"bytes":	200035648,
					"bits_per_second":	1600283657.8505766,
					"omitted":	false,
					"sender":	false
				}],
			"sum":	{
				"start":	4.000148,
				"end":	5.000149,
				"seconds":	1.0000009536743164,
				"bytes":	200035648,
				"bits_per_second":	1600283657.8505766,
				"omitted":	false,
				"sender":	false
			}
		}, {
			"streams":	[{
					"socket":	360,
					"start":	5.000149,
					"end":	6.000173,
					"seconds":	1.0000239610671997,
					"bytes":	198519648,
					"bits_per_second":	1588119130.9707816,
					"omitted":	false,
					"sender":	false
				}],
			"sum":	{
				"start":	5.000149,
				"end":	6.000173,
				"seconds":	1.0000239610671997,
				"bytes":	198519648,
				"bits_per_second":	1588119130.9707816,
				"omitted":	false,
				"sender":	false
			}
		}, {
			"streams":	[{
					"socket":	360,
					"start":	6.000173,
					"end":	7.000125,
					"seconds":	0.99995201826095581,
					"bytes":	197152256,
					"bits_per_second":	1577293729.2961152,
					"omitted":	false,
					"sender":	false
				}],
			"sum":	{
				"start":	6.000173,
				"end":	7.000125,
				"seconds":	0.99995201826095581,
				"bytes":	197152256,
				"bits_per_second":	1577293729.2961152,
				"omitted":	false,
				"sender":	false
			}
		}, {
			"streams":	[{
					"socket":	360,
					"start":	7.000125,
					"end":	8.000997,
					"seconds":	1.000872015953064,
					"bytes":	200290560,
					"bits_per_second":	1600928444.8563714,
					"omitted":	false,
					"sender":	false
				}],
			"sum":	{
				"start":	7.000125,
				"end":	8.000997,
				"seconds":	1.000872015953064,
				"bytes":	200290560,
				"bits_per_second":	1600928444.8563714,
				"omitted":	false,
				"sender":	false
			}
		}, {
			"streams":	[{
					"socket":	360,
					"start":	8.000997,
					"end":	9.000326,
					"seconds":	0.99932897090911865,
					"bytes":	199510368,
					"bits_per_second":	1597154681.2537587,
					"omitted":	false,
					"sender":	false
				}],
			"sum":	{
				"start":	8.000997,
				"end":	9.000326,
				"seconds":	0.99932897090911865,
				"bytes":	199510368,
				"bits_per_second":	1597154681.2537587,
				"omitted":	false,
				"sender":	false
			}
		}, {
			"streams":	[{
					"socket":	360,
					"start":	9.000326,
					"end":	10.000818,
					"seconds":	1.0004919767379761,
					"bytes":	198977856,
					"bits_per_second":	1591040093.2849166,
					"omitted":	false,
					"sender":	false
				}],
			"sum":	{
				"start":	9.000326,
				"end":	10.000818,
				"seconds":	1.0004919767379761,
				"bytes":	198977856,
				"bits_per_second":	1591040093.2849166,
				"omitted":	false,
				"sender":	false
			}
		}, {
			"streams":	[{
					"socket":	360,
					"start":	10.000818,
					"end":	11.000362,
					"seconds":	0.99954402446746826,
					"bytes":	195109920,
					"bits_per_second":	1561591407.4736197,
					"omitted":	false,
					"sender":	false
				}],
			"sum":	{
				"start":	10.000818,
				"end":	11.000362,
				"seconds":	0.99954402446746826,
				"bytes":	195109920,
				"bits_per_second":	1561591407.4736197,
				"omitted":	false,
				"sender":	false
			}
		}, {
			"streams":	[{
					"socket":	360,
					"start":	11.000362,
					"end":	12.000048,
					"seconds":	0.99968600273132324,
					"bytes":	195409536,
					"bits_per_second":	1563767306.6631382,
					"omitted":	false,
					"sender":	false
				}],
			"sum":	{
				"start":	11.000362,
				"end":	12.000048,
				"seconds":	0.99968600273132324,
				"bytes":	195409536,
				"bits_per_second":	1563767306.6631382,
				"omitted":	false,
				"sender":	false
			}
		}, {
			"streams":	[{
					"socket":	360,
					"start":	12.000048,
					"end":	13.000343,
					"seconds":	1.0002950429916382,
					"bytes":	193470080,
					"bits_per_second":	1547304118.7638259,
					"omitted":	false,
					"sender":	false
				}],
			"sum":	{
				"start":	12.000048,
				"end":	13.000343,
				"seconds":	1.0002950429916382,
				"bytes":	193470080,
				"bits_per_second":	1547304118.7638259,
				"omitted":	false,
				"sender":	false
			}
		}, {
			"streams":	[{
					"socket":	360,
					"start":	13.000343,
					"end":	14.000531,
					"seconds":	1.0001879930496216,
					"bytes":	200462560,
					"bits_per_second":	1603399052.122431,
					"omitted":	false,
					"sender":	false
				}],
			"sum":	{
				"start":	13.000343,
				"end":	14.000531,
				"seconds":	1.0001879930496216,
				"bytes":	200462560,
				"bits_per_second":	1603399052.122431,
				"omitted":	false,
				"sender":	false
			}
		}, {
			"streams":	[{
					"socket":	360,
					"start":	14.000531,
					"end":	15.000749,
					"seconds":	1.0002180337905884,
					"bytes":	165720960,
					"bits_per_second":	1325478680.8588684,
					"omitted":	false,
					"sender":	false
				}],
			"sum":	{
				"start":	14.000531,
				"end":	15.000749,
				"seconds":	1.0002180337905884,
				"bytes":	165720960,
				"bits_per_second":	1325478680.8588684,
				"omitted":	false,
				"sender":	false
			}
		}, {
			"streams":	[{
					"socket":	360,
					"start":	15.000749,
					"end":	16.000385,
					"seconds":	0.99963599443435669,
					"bytes":	197160512,
					"bits_per_second":	1577858445.2558703,
					"omitted":	false,
					"sender":	false
				}],
			"sum":	{
				"start":	15.000749,
				"end":	16.000385,