{
	"start":	{
		"connected":	[{
				"socket":	234,
				"local_host":	"100.124.85.183",
				"local_port":	45774,
				"remote_host":	"20.46.241.99",
				"remote_port":	5201
			}],
		"version":	"iperf 3.7",
		"system_info":	"Linux localhost 4.19.110-g9ceb3bf92e0a-ab6790968 #2 SMP PREEMPT Wed Aug 26 04:14:37 UTC 2020 aarch64",
		"timestamp":	{
			"time":	"Mon, 17 May 2021 23:15:36 GMT",
			"timesecs":	1621293336
		},
		"connecting_to":	{
			"host":	"20.46.241.99",
			"port":	5201
		},
		"cookie":	"ewg3lsgmxhhgvtvxazpawzjmabxf67bgqcpo",
		"tcp_mss_default":	1376,
		"target_bitrate":	3000000000,
		"sock_bufsize":	0,
		"sndbuf_actual":	1048576,
		"rcvbuf_actual":	6291456,
		"test_start":	{
			"protocol":	"TCP",
			"num_streams":	1,
			"blksize":	131072,
			"omit":	0,
			"duration":	30,
			"bytes":	0,
			"blocks":	0,
			"reverse":	1,
			"tos":	0
		}
	},
	"intervals":	[{
			"streams":	[{
					"socket":	234,
					"start":	0,
					"end":	1.000154,
					"seconds":	1.0001540184020996,
					"bytes":	1338848,
					"bits_per_second":	10709134.596201623,
					"omitted":	false,
					"sender":	false
				}],
			"sum":	{
				"start":	0,
				"end":	1.000154,
				"seconds":	1.0001540184020996,
				"bytes":	1338848,
				"bits_per_second":	10709134.596201623,
				"omitted":	false,
				"sender":	false
			}
		}, {
			"streams":	[{
					"socket":	234,
					"start":	1.000154,
					"end":	2.000085,
					"seconds":	0.9999309778213501,
					"bytes":	1740640,
					"bits_per_second":	13926081.208465064,
					"omitted":	false,
					"sender":	false
				}],
			"sum":	{
				"start":	1.000154,
				"end":	2.000085,
				"seconds":	0.9999309778213501,
				"bytes":	1740640,
				"bits_per_second":	13926081.208465064,
				"omitted":	false,
				"sender":	false
			}
		}, {
			"streams":	[{
					"socket":	234,
					"start":	2.000085,
					"end":	3.000457,
					"seconds":	1.000372052192688,
					"bytes":	2330944,
					"bits_per_second":	18640616.717677131,
					"omitted":	false,
					"sender":	false
				}],
			"sum":	{
				"start":	2.000085,
				"end":	3.000457,
				"seconds":	1.000372052192688,
				"bytes":	2330944,
				"bits_per_second":	18640616.717677131,
				"omitted":	false,
				"sender":	false
			}
		}, {
			"streams":	[{
					"socket":	234,
					"start":	3.000457,
					"end":	4.000396,
					"seconds":	0.99993902444839478,
					"bytes":	2870336,
					"bits_per_second":	22964088.247948028,
					"omitted":	false,
					"sender":	false
				}],
			"sum":	{
				"start":	3.000457,
				"end":	4.000396,
				"seconds":	0.99993902444839478,
				"bytes":	2870336,
				"bits_per_second":	22964088.247948028,
				"omitted":	false,
				"sender":	false
			}
		}, {
			"streams":	[{
					"socket":	234,
					"start":	4.000396,
					"end":	5.000539,
					"seconds":	1.0001430511474609,
					"bytes":	3354688,
					"bits_per_second":	26833665.413372036,
					"omitted":	false,
					"sender":	false
				}],
			"sum":	{
				"start":	4.000396,
				"end":	5.000539,
				"seconds":	1.0001430511474609,
				"bytes":	3354688,
				"bits_per_second":	26833665.413372036,
				"omitted":	false,
				"sender":	false
			}
		}, {
			"streams":	[{
					"socket":	234,
					"start":	5.000539,
					"end":	6.000117,
					"seconds":	0.99957799911499023,
					"bytes":	3302400,
					"bits_per_second":	26430353.63262409,
					"omitted":	false,
					"sender":	false
				}],
			"sum":	{
				"start":	5.000539,
				"end":	6.000117,
				"seconds":	0.99957799911499023,
				"bytes":	3302400,
				"bits_per_second":	26430353.63262409,
				"omitted":	false,
				"sender":	false
			}
		}, {
			"streams":	[{
					"socket":	234,
					"start":	6.000117,
					"end":	7.000142,
					"seconds":	1.0000250339508057,
					"bytes":	2351584,
					"bits_per_second":	18812201.056284212,
					"omitted":	false,
					"sender":	false
				}],
			"sum":	{
				"start":	6.000117,
				"end":	7.000142,
				"seconds":	1.0000250339508057,
				"bytes":	2351584,
				"bits_per_second":	18812201.056284212,
				"omitted":	false,
				"sender":	false
			}
		}, {
			"streams":	[{
					"socket":	234,
					"start":	7.000142,
					"end":	8.000111,
					"seconds":	0.9999690055847168,
					"bytes":	2457536,
					"bits_per_second":	19660897.378018174,
					"omitted":	false,
					"sender":	false
				}],
			"sum":	{
				"start":	7.000142,
				"end":	8.000111,
				"seconds":	0.9999690055847168,
				"bytes":	2457536,
				"bits_per_second":	19660897.378018174,
				"omitted":	false,
				"sender":	false
			}
		}, {
			"streams":	[{
					"socket":	234,
					"start":	8.000111,
					"end":	9.000272,
					"seconds":	1.0001610517501831,
					"bytes":	3082240,
					"bits_per_second":	24653949.438294038,
					"omitted":	false,
					"sender":	false
				}],
			"sum":	{
				"start":	8.000111,
				"end":	9.000272,
				"seconds":	1.0001610517501831,
				"bytes":	3082240,
				"bits_per_second":	24653949.438294038,
				"omitted":	false,
				"sender":	false
			}
		}, {
			"streams":	[{
					"socket":	234,
					"start":	9.000272,
					"end":	10.000165,
					"seconds":	0.99989300966262817,
					"bytes":	3440000,
					"bits_per_second":	27522944.689137757,
					"omitted":	false,
					"sender":	false
				}],
			"sum":	{
				"start":	9.000272,
				"end":	10.000165,
				"seconds":	0.99989300966262817,
				"bytes":	3440000,
				"bits_per_second":	27522944.689137757,
				"omitted":	false,
				"sender":	false
			}
		}, {
			"streams":	[{
					"socket":	234,
					"start":	10.000165,
					"end":	11.000284,
					"seconds":	1.0001189708709717,
					"bytes":	3987648,
					"bits_per_second":	31897389.13983231,
					"omitted":	false,
					"sender":	false
				}],
			"sum":	{
				"start":	10.000165,
				"end":	11.000284,
				"seconds":	1.0001189708709717,
				"bytes":	3987648,
				"bits_per_second":	31897389.13983231,
				"omitted":	false,
				"sender":	false
			}
		}, {
			"streams":	[{
					"socket":	234,
					"start":	11.000284,
					"end":	12.000146,
					"seconds":	0.999862015247345,
					"bytes":	4438976,
					"bits_per_second":	35516708.764273956,
					"omitted":	false,
					"sender":	false
				}],
			"sum":	{
				"start":	11.000284,
				"end":	12.000146,
				"seconds":	0.999862015247345,
				"bytes":	4438976,
				"bits_per_second":	35516708.764273956,
				"omitted":	false,
				"sender":	false
			}
		}, {
			"streams":	[{
					"socket":	234,
					"start":	12.000146,
					"end":	13.000144,
					"seconds":	0.99999797344207764,
					"bytes":	4811872,
					"bits_per_second":	38495054.012456678,
					"omitted":	false,
					"sender":	false
				}],
			"sum":	{
				"start":	12.000146,
				"end":	13.000144,
				"seconds":	0.99999797344207764,
				"bytes":	4811872,
				"bits_per_second":	38495054.012456678,
				"omitted":	false,
				"sender":	false
			}
		}, {
			"streams":	[{
					"socket":	234,
					"start":	13.000144,
					"end":	14.000178,
					"seconds":	1.000033974647522,
					"bytes":	4875168,
					"bits_per_second":	39000018.988101527,
					"omitted":	false,
					"sender":	false
				}],
			"sum":	{
				"start":	13.000144,
				"end":	14.000178,
				"seconds":	1.000033974647522,
				"bytes":	4875168,
				"bits_per_second":	39000018.988101527,
				"omitted":	false,
				"sender":	false
			}
		}, {
			"streams":	[{
					"socket":	234,
					"start":	14.000178,
					"end":	15.000112,
					"seconds":	0.99993401765823364,
					"bytes":	4941216,
					"bits_per_second":	39532336.436133549,
					"omitted":	false,
					"sender":	false
				}],
			"sum":	{
				"start":	14.000178,
				"end":	15.000112,
				"seconds":	0.99993401765823364,
				"bytes":	4941216,
				"bits_per_second":	39532336.436133549,
				"omitted":	false,
				"sender":	false
			}
		}, {
			"streams":	[{
					"socket":	234,
					"start":	15.000112,
					"end":	16.000156,
					"seconds":	1.0000439882278442,
					"bytes":	4220192,
					"bits_per_second":	33760050.955186553,
					"omitted":	false,
					"sender":	false
				}],
			"sum":	{
				"start":	15.000112,
				"end":	16.000156,
				"seconds":	1.0000439882278442,
				"bytes":	4220192,
				"bits_per_second":	33760050.955186553,