{
	"start":	{
		"connected":	[{
				"socket":	524,
				"local_host":	"100.124.59.153",
				"local_port":	40540,
				"remote_host":	"40.124.132.228",
				"remote_port":	5201
			}],
		"version":	"iperf 3.7",
		"system_info":	"Linux localhost 4.19.110-g9ceb3bf92e0a-ab6790968 #2 SMP PREEMPT Wed Aug 26 04:14:37 UTC 2020 aarch64",
		"timestamp":	{
			"time":	"Tue, 11 May 2021 18:12:13 GMT",
			"timesecs":	1620756733
		},
		"connecting_to":	{
			"host":	"40.124.132.228",
			"port":	5201
		},
		"cookie":	"ezikyhht5uokgtg7mrzm4regbk63srnrayk4",
		"tcp_mss_default":	1376,
		"target_bitrate":	2000000000,
		"sock_bufsize":	0,
		"sndbuf_actual":	2097152,
		"rcvbuf_actual":	6291456,
		"test_start":	{
			"protocol":	"TCP",
			"num_streams":	1,
			"blksize":	131072,
			"omit":	0,
			"duration":	30,
			"bytes":	0,
			"blocks":	0,
			"reverse":	1,
			"tos":	0
		}
	},
	"intervals":	[{
			"streams":	[{
					"socket":	524,
					"start":	0,
					"end":	1.000903,
					"seconds":	1.0009030103683472,
					"bytes":	628832,
					"bits_per_second":	5026117.3639078615,
					"omitted":	false,
					"sender":	false
				}],
			"sum":	{
				"start":	0,
				"end":	1.000903,
				"seconds":	1.0009030103683472,
				"bytes":	628832,
				"bits_per_second":	5026117.3639078615,
				"omitted":	false,
				"sender":	false
			}
		}, {
			"streams":	[{
					"socket":	524,
					"start":	1.000903,
					"end":	2.001059,
					"seconds":	1.000156044960022,
					"bytes":	1169600,
					"bits_per_second":	9355340.1463208757,
					"omitted":	false,
					"sender":	false
				}],
			"sum":	{
				"start":	1.000903,
				"end":	2.001059,
				"seconds":	1.000156044960022,
				"bytes":	1169600,
				"bits_per_second":	9355340.1463208757,
				"omitted":	false,
				"sender":	false
			}
		}, {
			"streams":	[{
					"socket":	524,
					"start":	2.001059,
					"end":	3.001318,
					"seconds":	1.0002590417861938,
					"bytes":	2845568,
					"bits_per_second":	22758648.559025913,
					"omitted":	false,
					"sender":	false
				}],
			"sum":	{
				"start":	2.001059,
				"end":	3.001318,
				"seconds":	1.0002590417861938,
				"bytes":	2845568,
				"bits_per_second":	22758648.559025913,
				"omitted":	false,
				"sender":	false
			}
		}, {
			"streams":	[{
					"socket":	524,
					"start":	3.001318,
					"end":	4.001076,
					"seconds":	0.99975800514221191,
					"bytes":	3594112,
					"bits_per_second":	28759855.737199128,
					"omitted":	false,
					"sender":	false
				}],
			"sum":	{
				"start":	3.001318,
				"end":	4.001076,
				"seconds":	0.99975800514221191,
				"bytes":	3594112,
				"bits_per_second":	28759855.737199128,
				"omitted":	false,
				"sender":	false
			}
		}, {
			"streams":	[{
					"socket":	524,
					"start":	4.001076,
					"end":	5.000427,
					"seconds":	0.99935102462768555,
					"bytes":	13484800,
					"bits_per_second":	107948455.88935156,
					"omitted":	false,
					"sender":	false
				}],
			"sum":	{
				"start":	4.001076,
				"end":	5.000427,
				"seconds":	0.99935102462768555,
				"bytes":	13484800,
				"bits_per_second":	107948455.88935156,
				"omitted":	false,
				"sender":	false
			}
		}, {
			"streams":	[{
					"socket":	524,
					"start":	5.000427,
					"end":	6.00085,
					"seconds":	1.0004229545593262,
					"bytes":	32988576,
					"bits_per_second":	263797033.84179989,
					"omitted":	false,
					"sender":	false
				}],
			"sum":	{
				"start":	5.000427,
				"end":	6.00085,
				"seconds":	1.0004229545593262,
				"bytes":	32988576,
				"bits_per_second":	263797033.84179989,
				"omitted":	false,
				"sender":	false
			}
		}, {
			"streams":	[{
					"socket":	524,
					"start":	6.00085,
					"end":	7.000514,
					"seconds":	0.99966400861740112,
					"bytes":	59637216,
					"bits_per_second":	477258082.60303026,
					"omitted":	false,
					"sender":	false
				}],
			"sum":	{
				"start":	6.00085,
				"end":	7.000514,
				"seconds":	0.99966400861740112,
				"bytes":	59637216,
				"bits_per_second":	477258082.60303026,
				"omitted":	false,
				"sender":	false
			}
		}, {
			"streams":	[{
					"socket":	524,
					"start":	7.000514,
					"end":	8.0001,
					"seconds":	0.99958598613739014,
					"bytes":	62149440,
					"bits_per_second":	497401451.096036,
					"omitted":	false,
					"sender":	false
				}],
			"sum":	{
				"start":	7.000514,
				"end":	8.0001,
				"seconds":	0.99958598613739014,
				"bytes":	62149440,
				"bits_per_second":	497401451.096036,
				"omitted":	false,
				"sender":	false
			}
		}, {
			"streams":	[{
					"socket":	524,
					"start":	8.0001,
					"end":	9.000119,
					"seconds":	1.0000189542770386,
					"bytes":	62724960,
					"bits_per_second":	501790168.93012285,
					"omitted":	false,
					"sender":	false
				}],
			"sum":	{
				"start":	8.0001,
				"end":	9.000119,
				"seconds":	1.0000189542770386,
				"bytes":	62724960,
				"bits_per_second":	501790168.93012285,
				"omitted":	false,
				"sender":	false
			}
		}, {
			"streams":	[{
					"socket":	524,
					"start":	9.000119,
					"end":	10.00048,
					"seconds":	1.0003609657287598,
					"bytes":	62062080,
					"bits_per_second":	496317486.39682657,
					"omitted":	false,
					"sender":	false
				}],
			"sum":	{
				"start":	9.000119,
				"end":	10.00048,
				"seconds":	1.0003609657287598,
				"bytes":	62062080,
				"bits_per_second":	496317486.39682657,
				"omitted":	false,
				"sender":	false
			}
		}, {
			"streams":	[{
					"socket":	524,
					"start":	10.00048,
					"end":	11.000108,
					"seconds":	0.99962800741195679,
					"bytes":	62498944,
					"bits_per_second":	500177614.36524904,
					"omitted":	false,
					"sender":	false
				}],
			"sum":	{
				"start":	10.00048,
				"end":	11.000108,
				"seconds":	0.99962800741195679,
				"bytes":	62498944,
				"bits_per_second":	500177614.36524904,
				"omitted":	false,
				"sender":	false
			}
		}, {
			"streams":	[{
					"socket":	524,
					"start":	11.000108,
					"end":	12.000099,
					"seconds":	0.99999099969863892,
					"bytes":	62519936,
					"bits_per_second":	500163989.62663662,
					"omitted":	false,
					"sender":	false
				}],
			"sum":	{
				"start":	11.000108,
				"end":	12.000099,
				"seconds":	0.99999099969863892,
				"bytes":	62519936,
				"bits_per_second":	500163989.62663662,
				"omitted":	false,
				"sender":	false
			}
		}, {
			"streams":	[{
					"socket":	524,
					"start":	12.000099,
					"end":	13.00011,
					"seconds":	1.0000109672546387,
					"bytes":	62471776,
					"bits_per_second":	499768726.90911156,
					"omitted":	false,
					"sender":	false
				}],
			"sum":	{
				"start":	12.000099,
				"end":	13.00011,
				"seconds":	1.0000109672546387,
				"bytes":	62471776,
				"bits_per_second":	499768726.90911156,
				"omitted":	false,
				"sender":	false
			}
		}, {
			"streams":	[{
					"socket":	524,
					"start":	13.00011,
					"end":	14.000691,
					"seconds":	1.0005810260772705,
					"bytes":	62494144,
					"bits_per_second":	499662834.8631016,
					"omitted":	false,
					"sender":	false
				}],
			"sum":	{
				"start":	13.00011,
				"end":	14.000691,
				"seconds":	1.0005810260772705,
				"bytes":	62494144,
				"bits_per_second":	499662834.8631016,
				"omitted":	false,
				"sender":	false
			}
		}, {
			"streams":	[{
					"socket":	524,
					"start":	14.000691,
					"end":	15.000459,
					"seconds":	0.99976801872253418,
					"bytes":	62001184,
					"bits_per_second":	496124563.61004841,
					"omitted":	false,
					"sender":	false
				}],
			"sum":	{
				"start":	14.000691,
				"end":	15.000459,
				"seconds":	0.99976801872253418,
				"bytes":	62001184,
				"bits_per_second":	496124563.61004841,
				"omitted":	false,
				"sender":	false
			}
		}, {
			"streams":	[{
					"socket":	524,
					"start":	15.000459,
					"end":	16.000113,
					"seconds":	0.99965399503707886,
					"bytes":	62437024,
					"bits_per_second":	499669079.98149186,
					"omitted":	false,
					"sender":	false
				}],
			"sum":	{
				"start":	15.000459,
				"end":	16.000113,
				"seconds":	0.99965399503707886,
				"bytes":	62437024,