{
	"start":	{
		"connected":	[{
				"socket":	473,
				"local_host":	"100.124.59.153",
				"local_port":	40548,
				"remote_host":	"40.124.132.228",
				"remote_port":	5201
			}],
		"version":	"iperf 3.7",
		"system_info":	"Linux localhost 4.19.110-g9ceb3bf92e0a-ab6790968 #2 SMP PREEMPT Wed Aug 26 04:14:37 UTC 2020 aarch64",
		"timestamp":	{
			"time":	"Tue, 11 May 2021 18:12:49 GMT",
			"timesecs":	1620756769
		},
		"connecting_to":	{
			"host":	"40.124.132.228",
			"port":	5201
		},
		"cookie":	"jlmr7myzgvppym4ggfzl7idnjqnypy7ntjkk",
		"tcp_mss_default":	1376,
		"target_bitrate":	2000000000,
		"sock_bufsize":	0,
		"sndbuf_actual":	2097152,
		"rcvbuf_actual":	6291456,
		"test_start":	{
			"protocol":	"TCP",
			"num_streams":	1,
			"blksize":	131072,
			"omit":	0,
			"duration":	30,
			"bytes":	0,
			"blocks":	0,
			"reverse":	1,
			"tos":	0
		}
	},
	"intervals":	[{
			"streams":	[{
					"socket":	473,
					"start":	0,
					"end":	1.000116,
					"seconds":	1.0001159906387329,
					"bytes":	2128672,
					"bits_per_second":	17027400.980884265,
					"omitted":	false,
					"sender":	false
				}],
			"sum":	{
				"start":	0,
				"end":	1.000116,
				"seconds":	1.0001159906387329,
				"bytes":	2128672,
				"bits_per_second":	17027400.980884265,
				"omitted":	false,
				"sender":	false
			}
		}, {
			"streams":	[{
					"socket":	473,
					"start":	1.000116,
					"end":	2.000111,
					"seconds":	0.99999499320983887,
					"bytes":	10046176,
					"bits_per_second":	80369810.394775942,
					"omitted":	false,
					"sender":	false
				}],
			"sum":	{
				"start":	1.000116,
				"end":	2.000111,
				"seconds":	0.99999499320983887,
				"bytes":	10046176,
				"bits_per_second":	80369810.394775942,
				"omitted":	false,
				"sender":	false
			}
		}, {
			"streams":	[{
					"socket":	473,
					"start":	2.000111,
					"end":	3.000105,
					"seconds":	0.99999397993087769,
					"bytes":	24561600,
					"bits_per_second":	196493982.90735921,
					"omitted":	false,
					"sender":	false
				}],
			"sum":	{
				"start":	2.000111,
				"end":	3.000105,
				"seconds":	0.99999397993087769,
				"bytes":	24561600,
				"bits_per_second":	196493982.90735921,
				"omitted":	false,
				"sender":	false
			}
		}, {
			"streams":	[{
					"socket":	473,
					"start":	3.000105,
					"end":	4.000123,
					"seconds":	1.0000180006027222,
					"bytes":	51110144,
					"bits_per_second":	408873792.02530622,
					"omitted":	false,
					"sender":	false
				}],
			"sum":	{
				"start":	3.000105,
				"end":	4.000123,
				"seconds":	1.0000180006027222,
				"bytes":	51110144,
				"bits_per_second":	408873792.02530622,
				"omitted":	false,
				"sender":	false
			}
		}, {
			"streams":	[{
					"socket":	473,
					"start":	4.000123,
					"end":	5.000127,
					"seconds":	1.0000040531158447,
					"bytes":	62032832,
					"bits_per_second":	496260644.59811825,
					"omitted":	false,
					"sender":	false
				}],
			"sum":	{
				"start":	4.000123,
				"end":	5.000127,
				"seconds":	1.0000040531158447,
				"bytes":	62032832,
				"bits_per_second":	496260644.59811825,
				"omitted":	false,
				"sender":	false
			}
		}, {
			"streams":	[{
					"socket":	473,
					"start":	5.000127,
					"end":	6.000113,
					"seconds":	0.99998599290847778,
					"bytes":	62471776,
					"bits_per_second":	499781208.48112828,
					"omitted":	false,
					"sender":	false
				}],
			"sum":	{
				"start":	5.000127,
				"end":	6.000113,
				"seconds":	0.99998599290847778,
				"bytes":	62471776,
				"bits_per_second":	499781208.48112828,
				"omitted":	false,
				"sender":	false
			}
		}, {
			"streams":	[{
					"socket":	473,
					"start":	6.000113,
					"end":	7.000105,
					"seconds":	0.9999920129776001,
					"bytes":	62539200,
					"bits_per_second":	500317596.04784667,
					"omitted":	false,
					"sender":	false
				}],
			"sum":	{
				"start":	6.000113,
				"end":	7.000105,
				"seconds":	0.9999920129776001,
				"bytes":	62539200,
				"bits_per_second":	500317596.04784667,
				"omitted":	false,
				"sender":	false
			}
		}, {
			"streams":	[{
					"socket":	473,
					"start":	7.000105,
					"end":	8.000412,
					"seconds":	1.0003069639205933,
					"bytes":	62271232,
					"bits_per_second":	498016982.75445169,
					"omitted":	false,
					"sender":	false
				}],
			"sum":	{
				"start":	7.000105,
				"end":	8.000412,
				"seconds":	1.0003069639205933,
				"bytes":	62271232,
				"bits_per_second":	498016982.75445169,
				"omitted":	false,
				"sender":	false
			}
		}, {
			"streams":	[{
					"socket":	473,
					"start":	8.000412,
					"end":	9.000096,
					"seconds":	0.99968397617340088,
					"bytes":	62570496,
					"bits_per_second":	500722208.14828217,
					"omitted":	false,
					"sender":	false
				}],
			"sum":	{
				"start":	8.000412,
				"end":	9.000096,
				"seconds":	0.99968397617340088,
				"bytes":	62570496,
				"bits_per_second":	500722208.14828217,
				"omitted":	false,
				"sender":	false
			}
		}, {
			"streams":	[{
					"socket":	473,
					"start":	9.000096,
					"end":	10.000118,
					"seconds":	1.0000220537185669,
					"bytes":	62473152,
					"bits_per_second":	499774194.12057585,
					"omitted":	false,
					"sender":	false
				}],
			"sum":	{
				"start":	9.000096,
				"end":	10.000118,
				"seconds":	1.0000220537185669,
				"bytes":	62473152,
				"bits_per_second":	499774194.12057585,
				"omitted":	false,
				"sender":	false
			}
		}, {
			"streams":	[{
					"socket":	473,
					"start":	10.000118,
					"end":	11.001065,
					"seconds":	1.0009469985961914,
					"bytes":	40864448,
					"bits_per_second":	326606288.3034693,
					"omitted":	false,
					"sender":	false
				}],
			"sum":	{
				"start":	10.000118,
				"end":	11.001065,
				"seconds":	1.0009469985961914,
				"bytes":	40864448,
				"bits_per_second":	326606288.3034693,
				"omitted":	false,
				"sender":	false
			}
		}, {
			"streams":	[{
					"socket":	473,
					"start":	11.001065,
					"end":	12.000121,
					"seconds":	0.99905598163604736,
					"bytes":	48198528,
					"bits_per_second":	385952570.31399113,
					"omitted":	false,
					"sender":	false
				}],
			"sum":	{
				"start":	11.001065,
				"end":	12.000121,
				"seconds":	0.99905598163604736,
				"bytes":	48198528,
				"bits_per_second":	385952570.31399113,
				"omitted":	false,
				"sender":	false
			}
		}, {
			"streams":	[{
					"socket":	473,
					"start":	12.000121,
					"end":	13.000165,
					"seconds":	1.0000439882278442,
					"bytes":	48814976,
					"bits_per_second":	390502630.48131663,
					"omitted":	false,
					"sender":	false
				}],
			"sum":	{
				"start":	12.000121,
				"end":	13.000165,
				"seconds":	1.0000439882278442,
				"bytes":	48814976,
				"bits_per_second":	390502630.48131663,
				"omitted":	false,
				"sender":	false
			}
		}, {
			"streams":	[{
					"socket":	473,
					"start":	13.000165,
					"end":	14.00031,
					"seconds":	1.0001449584960938,
					"bytes":	51944352,
					"bits_per_second":	415494586.52960157,
					"omitted":	false,
					"sender":	false
				}],
			"sum":	{
				"start":	13.000165,
				"end":	14.00031,
				"seconds":	1.0001449584960938,
				"bytes":	51944352,
				"bits_per_second":	415494586.52960157,
				"omitted":	false,
				"sender":	false
			}
		}, {
			"streams":	[{
					"socket":	473,
					"start":	14.00031,
					"end":	15.000102,
					"seconds":	0.99979197978973389,
					"bytes":	37045696,
					"bits_per_second":	296427230.85489106,
					"omitted":	false,
					"sender":	false
				}],
			"sum":	{
				"start":	14.00031,
				"end":	15.000102,
				"seconds":	0.99979197978973389,
				"bytes":	37045696,
				"bits_per_second":	296427230.85489106,
				"omitted":	false,
				"sender":	false
			}
		}, {
			"streams":	[{
					"socket":	473,
					"start":	15.000102,
					"end":	16.000032,
					"seconds":	0.99993002414703369,
					"bytes":	42578944,
					"bits_per_second":	340655389.65145844,
					"omitted":	false,
					"sender":	false
				}],
			"sum":	{
				"start":	15.000102,
				"end":	16.000032,
				"seconds":	0.99993002414703369,
				"bytes":	42578944,