{
	"start":	{
		"connected":	[{
				"socket":	304,
				"local_host":	"100.124.85.183",
				"local_port":	40494,
				"remote_host":	"13.78.225.186",
				"remote_port":	5201
			}],
		"version":	"iperf 3.7",
		"system_info":	"Linux localhost 4.19.110-g9ceb3bf92e0a-ab6790968 #2 SMP PREEMPT Wed Aug 26 04:14:37 UTC 2020 aarch64",
		"timestamp":	{
			"time":	"Mon, 17 May 2021 23:26:36 GMT",
			"timesecs":	1621293996
		},
		"connecting_to":	{
			"host":	"13.78.225.186",
			"port":	5201
		},
		"cookie":	"bvz7u6jjqlyltkxdlpyemlboyvib4xv2qowq",
		"tcp_mss_default":	1376,
		"target_bitrate":	3000000000,
		"sock_bufsize":	0,
		"sndbuf_actual":	1048576,
		"rcvbuf_actual":	6291456,
		"test_start":	{
			"protocol":	"TCP",
			"num_streams":	1,
			"blksize":	131072,
			"omit":	0,
			"duration":	30,
			"bytes":	0,
			"blocks":	0,
			"reverse":	1,
			"tos":	0
		}
	},
	"intervals":	[{
			"streams":	[{
					"socket":	304,
					"start":	0,
					"end":	1.000107,
					"seconds":	1.0001070499420166,
					"bytes":	895776,
					"bits_per_second":	7165440.9399628537,
					"omitted":	false,
					"sender":	false
				}],
			"sum":	{
				"start":	0,
				"end":	1.000107,
				"seconds":	1.0001070499420166,
				"bytes":	895776,
				"bits_per_second":	7165440.9399628537,
				"omitted":	false,
				"sender":	false
			}
		}, {
			"streams":	[{
					"socket":	304,
					"start":	1.000107,
					"end":	2.000099,
					"seconds":	0.9999920129776001,
					"bytes":	2086016,
					"bits_per_second":	16688261.289516734,
					"omitted":	false,
					"sender":	false
				}],
			"sum":	{
				"start":	1.000107,
				"end":	2.000099,
				"seconds":	0.9999920129776001,
				"bytes":	2086016,
				"bits_per_second":	16688261.289516734,
				"omitted":	false,
				"sender":	false
			}
		}, {
			"streams":	[{
					"socket":	304,
					"start":	2.000099,
					"end":	3.00017,
					"seconds":	1.0000710487365723,
					"bytes":	3748224,
					"bits_per_second":	29983661.698718496,
					"omitted":	false,
					"sender":	false
				}],
			"sum":	{
				"start":	2.000099,
				"end":	3.00017,
				"seconds":	1.0000710487365723,
				"bytes":	3748224,
				"bits_per_second":	29983661.698718496,
				"omitted":	false,
				"sender":	false
			}
		}, {
			"streams":	[{
					"socket":	304,
					"start":	3.00017,
					"end":	4.000289,
					"seconds":	1.0001189708709717,
					"bytes":	6322720,
					"bits_per_second":	50575742.959810033,
					"omitted":	false,
					"sender":	false
				}],
			"sum":	{
				"start":	3.00017,
				"end":	4.000289,
				"seconds":	1.0001189708709717,
				"bytes":	6322720,
				"bits_per_second":	50575742.959810033,
				"omitted":	false,
				"sender":	false
			}
		}, {
			"streams":	[{
					"socket":	304,
					"start":	4.000289,
					"end":	5.000145,
					"seconds":	0.99985599517822266,
					"bytes":	11116704,
					"bits_per_second":	88946440.71634309,
					"omitted":	false,
					"sender":	false
				}],
			"sum":	{
				"start":	4.000289,
				"end":	5.000145,
				"seconds":	0.99985599517822266,
				"bytes":	11116704,
				"bits_per_second":	88946440.71634309,
				"omitted":	false,
				"sender":	false
			}
		}, {
			"streams":	[{
					"socket":	304,
					"start":	5.000145,
					"end":	6.000125,
					"seconds":	0.99997997283935547,
					"bytes":	15388160,
					"bits_per_second":	123107745.49859568,
					"omitted":	false,
					"sender":	false
				}],
			"sum":	{
				"start":	5.000145,
				"end":	6.000125,
				"seconds":	0.99997997283935547,
				"bytes":	15388160,
				"bits_per_second":	123107745.49859568,
				"omitted":	false,
				"sender":	false
			}
		}, {
			"streams":	[{
					"socket":	304,
					"start":	6.000125,
					"end":	7.000141,
					"seconds":	1.0000159740447998,
					"bytes":	16830112,
					"bits_per_second":	134638745.2746512,
					"omitted":	false,
					"sender":	false
				}],
			"sum":	{
				"start":	6.000125,
				"end":	7.000141,
				"seconds":	1.0000159740447998,
				"bytes":	16830112,
				"bits_per_second":	134638745.2746512,
				"omitted":	false,
				"sender":	false
			}
		}, {
			"streams":	[{
					"socket":	304,
					"start":	7.000141,
					"end":	8.000383,
					"seconds":	1.0002419948577881,
					"bytes":	18143616,
					"bits_per_second":	145113811.20389462,
					"omitted":	false,
					"sender":	false
				}],
			"sum":	{
				"start":	7.000141,
				"end":	8.000383,
				"seconds":	1.0002419948577881,
				"bytes":	18143616,
				"bits_per_second":	145113811.20389462,
				"omitted":	false,
				"sender":	false
			}
		}, {
			"streams":	[{
					"socket":	304,
					"start":	8.000383,
					"end":	9.00036,
					"seconds":	0.9999769926071167,
					"bytes":	17702240,
					"bits_per_second":	141621178.33409053,
					"omitted":	false,
					"sender":	false
				}],
			"sum":	{
				"start":	8.000383,
				"end":	9.00036,
				"seconds":	0.9999769926071167,
				"bytes":	17702240,
				"bits_per_second":	141621178.33409053,
				"omitted":	false,
				"sender":	false
			}
		}, {
			"streams":	[{
					"socket":	304,
					"start":	9.00036,
					"end":	10.000116,
					"seconds":	0.99975597858428955,
					"bytes":	16942240,
					"bits_per_second":	135571002.22789294,
					"omitted":	false,
					"sender":	false
				}],
			"sum":	{
				"start":	9.00036,
				"end":	10.000116,
				"seconds":	0.99975597858428955,
				"bytes":	16942240,
				"bits_per_second":	135571002.22789294,
				"omitted":	false,
				"sender":	false
			}
		}, {
			"streams":	[{
					"socket":	304,
					"start":	10.000116,
					"end":	11.000264,
					"seconds":	1.0001480579376221,
					"bytes":	14071104,
					"bits_per_second":	112552167.75816683,
					"omitted":	false,
					"sender":	false
				}],
			"sum":	{
				"start":	10.000116,
				"end":	11.000264,
				"seconds":	1.0001480579376221,
				"bytes":	14071104,
				"bits_per_second":	112552167.75816683,
				"omitted":	false,
				"sender":	false
			}
		}, {
			"streams":	[{
					"socket":	304,
					"start":	11.000264,
					"end":	12.000135,
					"seconds":	0.999871015548706,
					"bytes":	12583520,
					"bits_per_second":	100681146.30241147,
					"omitted":	false,
					"sender":	false
				}],
			"sum":	{
				"start":	11.000264,
				"end":	12.000135,
				"seconds":	0.999871015548706,
				"bytes":	12583520,
				"bits_per_second":	100681146.30241147,
				"omitted":	false,
				"sender":	false
			}
		}, {
			"streams":	[{
					"socket":	304,
					"start":	12.000135,
					"end":	13.000552,
					"seconds":	1.0004169940948486,
					"bytes":	12530208,
					"bits_per_second":	100199881.24121788,
					"omitted":	false,
					"sender":	false
				}],
			"sum":	{
				"start":	12.000135,
				"end":	13.000552,
				"seconds":	1.0004169940948486,
				"bytes":	12530208,
				"bits_per_second":	100199881.24121788,
				"omitted":	false,
				"sender":	false
			}
		}, {
			"streams":	[{
					"socket":	304,
					"start":	13.000552,
					"end":	14.000186,
					"seconds":	0.9996340274810791,
					"bytes":	13095040,
					"bits_per_second":	104798673.43449639,
					"omitted":	false,
					"sender":	false
				}],
			"sum":	{
				"start":	13.000552,
				"end":	14.000186,
				"seconds":	0.9996340274810791,
				"bytes":	13095040,
				"bits_per_second":	104798673.43449639,
				"omitted":	false,
				"sender":	false
			}
		}, {
			"streams":	[{
					"socket":	304,
					"start":	14.000186,
					"end":	15.000704,
					"seconds":	1.0005179643630981,
					"bytes":	12308672,
					"bits_per_second":	98418398.776760459,
					"omitted":	false,
					"sender":	false
				}],
			"sum":	{
				"start":	14.000186,
				"end":	15.000704,
				"seconds":	1.0005179643630981,
				"bytes":	12308672,
				"bits_per_second":	98418398.776760459,
				"omitted":	false,
				"sender":	false
			}
		}, {
			"streams":	[{
					"socket":	304,
					"start":	15.000704,
					"end":	16.00017,
					"seconds":	0.99946600198745728,
					"bytes":	7318592,
					"bits_per_second":	58580017.612980053,
					"omitted":	false,
					"sender":	false
				}],
			"sum":	{
				"start":	15.000704,
				"end":	16.00017,
				"seconds":	0.99946600198745728,
				"bytes":	7318592,