{
	"start":	{
		"connected":	[{
				"socket":	265,
				"local_host":	"100.124.59.153",
				"local_port":	44934,
				"remote_host":	"20.51.124.54",
				"remote_port":	5201
			}],
		"version":	"iperf 3.7",
		"system_info":	"Linux localhost 4.19.110-g9ceb3bf92e0a-ab6790968 #2 SMP PREEMPT Wed Aug 26 04:14:37 UTC 2020 aarch64",
		"timestamp":	{
			"time":	"Tue, 11 May 2021 17:09:58 GMT",
			"timesecs":	1620752998
		},
		"connecting_to":	{
			"host":	"20.51.124.54",
			"port":	5201
		},
		"cookie":	"q6cfav54mnyw5dstlzl3sxzaj7i3r3xgjf6j",
		"tcp_mss_default":	1376,
		"target_bitrate":	2000000000,
		"sock_bufsize":	0,
		"sndbuf_actual":	2097152,
		"rcvbuf_actual":	6291456,
		"test_start":	{
			"protocol":	"TCP",
			"num_streams":	1,
			"blksize":	131072,
			"omit":	0,
			"duration":	30,
			"bytes":	0,
			"blocks":	0,
			"reverse":	1,
			"tos":	0
		}
	},
	"intervals":	[{
			"streams":	[{
					"socket":	265,
					"start":	0,
					"end":	1.000451,
					"seconds":	1.0004509687423706,
					"bytes":	2853824,
					"bits_per_second":	22820300.757666796,
					"omitted":	false,
					"sender":	false
				}],
			"sum":	{
				"start":	0,
				"end":	1.000451,
				"seconds":	1.0004509687423706,
				"bytes":	2853824,
				"bits_per_second":	22820300.757666796,
				"omitted":	false,
				"sender":	false
			}
		}, {
			"streams":	[{
					"socket":	265,
					"start":	1.000451,
					"end":	2.000421,
					"seconds":	0.999970018863678,
					"bytes":	5975968,
					"bits_per_second":	47809177.373464279,
					"omitted":	false,
					"sender":	false
				}],
			"sum":	{
				"start":	1.000451,
				"end":	2.000421,
				"seconds":	0.999970018863678,
				"bytes":	5975968,
				"bits_per_second":	47809177.373464279,
				"omitted":	false,
				"sender":	false
			}
		}, {
			"streams":	[{
					"socket":	265,
					"start":	2.000421,
					"end":	3.00016,
					"seconds":	0.99973899126052856,
					"bytes":	11141472,
					"bits_per_second":	89155046.246238247,
					"omitted":	false,
					"sender":	false
				}],
			"sum":	{
				"start":	2.000421,
				"end":	3.00016,
				"seconds":	0.99973899126052856,
				"bytes":	11141472,
				"bits_per_second":	89155046.246238247,
				"omitted":	false,
				"sender":	false
			}
		}, {
			"streams":	[{
					"socket":	265,
					"start":	3.00016,
					"end":	4.000689,
					"seconds":	1.0005290508270264,
					"bytes":	17501344,
					"bits_per_second":	139936718.36341849,
					"omitted":	false,
					"sender":	false
				}],
			"sum":	{
				"start":	3.00016,
				"end":	4.000689,
				"seconds":	1.0005290508270264,
				"bytes":	17501344,
				"bits_per_second":	139936718.36341849,
				"omitted":	false,
				"sender":	false
			}
		}, {
			"streams":	[{
					"socket":	265,
					"start":	4.000689,
					"end":	5.000592,
					"seconds":	0.99990302324295044,
					"bytes":	33420640,
					"bits_per_second":	267391050.71696261,
					"omitted":	false,
					"sender":	false
				}],
			"sum":	{
				"start":	4.000689,
				"end":	5.000592,
				"seconds":	0.99990302324295044,
				"bytes":	33420640,
				"bits_per_second":	267391050.71696261,
				"omitted":	false,
				"sender":	false
			}
		}, {
			"streams":	[{
					"socket":	265,
					"start":	5.000592,
					"end":	6.000193,
					"seconds":	0.99960100650787354,
					"bytes":	33030144,
					"bits_per_second":	264346624.58287418,
					"omitted":	false,
					"sender":	false
				}],
			"sum":	{
				"start":	5.000592,
				"end":	6.000193,
				"seconds":	0.99960100650787354,
				"bytes":	33030144,
				"bits_per_second":	264346624.58287418,
				"omitted":	false,
				"sender":	false
			}
		}, {
			"streams":	[{
					"socket":	265,
					"start":	6.000193,
					"end":	7.000188,
					"seconds":	0.99999499320983887,
					"bytes":	35782656,
					"bits_per_second":	286262681.25717604,
					"omitted":	false,
					"sender":	false
				}],
			"sum":	{
				"start":	6.000193,
				"end":	7.000188,
				"seconds":	0.99999499320983887,
				"bytes":	35782656,
				"bits_per_second":	286262681.25717604,
				"omitted":	false,
				"sender":	false
			}
		}, {
			"streams":	[{
					"socket":	265,
					"start":	7.000188,
					"end":	8.000776,
					"seconds":	1.000588059425354,
					"bytes":	33074688,
					"bits_per_second":	264441996.39156252,
					"omitted":	false,
					"sender":	false
				}],
			"sum":	{
				"start":	7.000188,
				"end":	8.000776,
				"seconds":	1.000588059425354,
				"bytes":	33074688,
				"bits_per_second":	264441996.39156252,
				"omitted":	false,
				"sender":	false
			}
		}, {
			"streams":	[{
					"socket":	265,
					"start":	8.000776,
					"end":	9.000138,
					"seconds":	0.99936199188232422,
					"bytes":	32670496,
					"bits_per_second":	261530826.7905148,
					"omitted":	false,
					"sender":	false
				}],
			"sum":	{
				"start":	8.000776,
				"end":	9.000138,
				"seconds":	0.99936199188232422,
				"bytes":	32670496,
				"bits_per_second":	261530826.7905148,
				"omitted":	false,
				"sender":	false
			}
		}, {
			"streams":	[{
					"socket":	265,
					"start":	9.000138,
					"end":	10.000147,
					"seconds":	1.0000089406967163,
					"bytes":	23462496,
					"bits_per_second":	187698289.84651631,
					"omitted":	false,
					"sender":	false
				}],
			"sum":	{
				"start":	9.000138,
				"end":	10.000147,
				"seconds":	1.0000089406967163,
				"bytes":	23462496,
				"bits_per_second":	187698289.84651631,
				"omitted":	false,
				"sender":	false
			}
		}, {
			"streams":	[{
					"socket":	265,
					"start":	10.000147,
					"end":	11.000171,
					"seconds":	1.0000239610671997,
					"bytes":	34175712,
					"bits_per_second":	273399145.06471276,
					"omitted":	false,
					"sender":	false
				}],
			"sum":	{
				"start":	10.000147,
				"end":	11.000171,
				"seconds":	1.0000239610671997,
				"bytes":	34175712,
				"bits_per_second":	273399145.06471276,
				"omitted":	false,
				"sender":	false
			}
		}, {
			"streams":	[{
					"socket":	265,
					"start":	11.000171,
					"end":	12.000151,
					"seconds":	0.99997997283935547,
					"bytes":	36747456,
					"bits_per_second":	293985535.69555056,
					"omitted":	false,
					"sender":	false
				}],
			"sum":	{
				"start":	11.000171,
				"end":	12.000151,
				"seconds":	0.99997997283935547,
				"bytes":	36747456,
				"bits_per_second":	293985535.69555056,
				"omitted":	false,
				"sender":	false
			}
		}, {
			"streams":	[{
					"socket":	265,
					"start":	12.000151,
					"end":	13.000139,
					"seconds":	0.99998801946640015,
					"bytes":	39121056,
					"bits_per_second":	312972197.57392883,
					"omitted":	false,
					"sender":	false
				}],
			"sum":	{
				"start":	12.000151,
				"end":	13.000139,
				"seconds":	0.99998801946640015,
				"bytes":	39121056,
				"bits_per_second":	312972197.57392883,
				"omitted":	false,
				"sender":	false
			}
		}, {
			"streams":	[{
					"socket":	265,
					"start":	13.000139,
					"end":	14.000901,
					"seconds":	1.0007619857788086,
					"bytes":	40844544,
					"bits_per_second":	326507557.88421869,
					"omitted":	false,
					"sender":	false
				}],
			"sum":	{
				"start":	13.000139,
				"end":	14.000901,
				"seconds":	1.0007619857788086,
				"bytes":	40844544,
				"bits_per_second":	326507557.88421869,
				"omitted":	false,
				"sender":	false
			}
		}, {
			"streams":	[{
					"socket":	265,
					"start":	14.000901,
					"end":	15.000413,
					"seconds":	0.99951201677322388,
					"bytes":	38014944,
					"bits_per_second":	304268029.69493532,
					"omitted":	false,
					"sender":	false
				}],
			"sum":	{
				"start":	14.000901,
				"end":	15.000413,
				"seconds":	0.99951201677322388,
				"bytes":	38014944,
				"bits_per_second":	304268029.69493532,
				"omitted":	false,
				"sender":	false
			}
		}, {
			"streams":	[{
					"socket":	265,
					"start":	15.000413,
					"end":	16.001185,
					"seconds":	1.0007719993591309,
					"bytes":	32968384,
					"bits_per_second":	263543616.49696133,
					"omitted":	false,
					"sender":	false
				}],
			"sum":	{
				"start":	15.000413,
				"end":	16.001185,
				"seconds":	1.0007719993591309,
				"bytes":	32968384,