{
	"start":	{
		"connected":	[{
				"socket":	398,
				"local_host":	"100.124.59.153",
				"local_port":	39384,
				"remote_host":	"104.210.37.160",
				"remote_port":	5201
			}],
		"version":	"iperf 3.7",
		"system_info":	"Linux localhost 4.19.110-g9ceb3bf92e0a-ab6790968 #2 SMP PREEMPT Wed Aug 26 04:14:37 UTC 2020 aarch64",
		"timestamp":	{
			"time":	"Tue, 11 May 2021 17:44:50 GMT",
			"timesecs":	1620755090
		},
		"connecting_to":	{
			"host":	"104.210.37.160",
			"port":	5201
		},
		"cookie":	"eqmyhpjzwyt5zcog2pc7yuw27eay42axasvp",
		"tcp_mss_default":	1376,
		"target_bitrate":	2000000000,
		"sock_bufsize":	0,
		"sndbuf_actual":	2097152,
		"rcvbuf_actual":	6291456,
		"test_start":	{
			"protocol":	"TCP",
			"num_streams":	1,
			"blksize":	131072,
			"omit":	0,
			"duration":	30,
			"bytes":	0,
			"blocks":	0,
			"reverse":	1,
			"tos":	0
		}
	},
	"intervals":	[{
			"streams":	[{
					"socket":	398,
					"start":	0,
					"end":	1.000318,
					"seconds":	1.0003180503845215,
					"bytes":	25890816,
					"bits_per_second":	207060672.27356413,
					"omitted":	false,
					"sender":	false
				}],
			"sum":	{
				"start":	0,
				"end":	1.000318,
				"seconds":	1.0003180503845215,
				"bytes":	25890816,
				"bits_per_second":	207060672.27356413,
				"omitted":	false,
				"sender":	false
			}
		}, {
			"streams":	[{
					"socket":	398,
					"start":	1.000318,
					"end":	2.000138,
					"seconds":	0.99981999397277832,
					"bytes":	98390880,
					"bits_per_second":	787268753.120605,
					"omitted":	false,
					"sender":	false
				}],
			"sum":	{
				"start":	1.000318,
				"end":	2.000138,
				"seconds":	0.99981999397277832,
				"bytes":	98390880,
				"bits_per_second":	787268753.120605,
				"omitted":	false,
				"sender":	false
			}
		}, {
			"streams":	[{
					"socket":	398,
					"start":	2.000138,
					"end":	3.00009,
					"seconds":	0.99995201826095581,
					"bytes":	112671008,
					"bits_per_second":	901411315.28250134,
					"omitted":	false,
					"sender":	false
				}],
			"sum":	{
				"start":	2.000138,
				"end":	3.00009,
				"seconds":	0.99995201826095581,
				"bytes":	112671008,
				"bits_per_second":	901411315.28250134,
				"omitted":	false,
				"sender":	false
			}
		}, {
			"streams":	[{
					"socket":	398,
					"start":	3.00009,
					"end":	4.000578,
					"seconds":	1.0004880428314209,
					"bytes":	122076320,
					"bits_per_second":	976134164.71840417,
					"omitted":	false,
					"sender":	false
				}],
			"sum":	{
				"start":	3.00009,
				"end":	4.000578,
				"seconds":	1.0004880428314209,
				"bytes":	122076320,
				"bits_per_second":	976134164.71840417,
				"omitted":	false,
				"sender":	false
			}
		}, {
			"streams":	[{
					"socket":	398,
					"start":	4.000578,
					"end":	5.0001,
					"seconds":	0.99952197074890137,
					"bytes":	121283040,
					"bits_per_second":	970728356.54930151,
					"omitted":	false,
					"sender":	false
				}],
			"sum":	{
				"start":	4.000578,
				"end":	5.0001,
				"seconds":	0.99952197074890137,
				"bytes":	121283040,
				"bits_per_second":	970728356.54930151,
				"omitted":	false,
				"sender":	false
			}
		}, {
			"streams":	[{
					"socket":	398,
					"start":	5.0001,
					"end":	6.000099,
					"seconds":	0.99999898672103882,
					"bytes":	112922816,
					"bits_per_second":	903383443.37943709,
					"omitted":	false,
					"sender":	false
				}],
			"sum":	{
				"start":	5.0001,
				"end":	6.000099,
				"seconds":	0.99999898672103882,
				"bytes":	112922816,
				"bits_per_second":	903383443.37943709,
				"omitted":	false,
				"sender":	false
			}
		}, {
			"streams":	[{
					"socket":	398,
					"start":	6.000099,
					"end":	7.00035,
					"seconds":	1.0002510547637939,
					"bytes":	119659712,
					"bits_per_second":	957037427.19477367,
					"omitted":	false,
					"sender":	false
				}],
			"sum":	{
				"start":	6.000099,
				"end":	7.00035,
				"seconds":	1.0002510547637939,
				"bytes":	119659712,
				"bits_per_second":	957037427.19477367,
				"omitted":	false,
				"sender":	false
			}
		}, {
			"streams":	[{
					"socket":	398,
					"start":	7.00035,
					"end":	8.000097,
					"seconds":	0.99974697828292847,
					"bytes":	115542720,
					"bits_per_second":	924575697.73060238,
					"omitted":	false,
					"sender":	false
				}],
			"sum":	{
				"start":	7.00035,
				"end":	8.000097,
				"seconds":	0.99974697828292847,
				"bytes":	115542720,
				"bits_per_second":	924575697.73060238,
				"omitted":	false,
				"sender":	false
			}
		}, {
			"streams":	[{
					"socket":	398,
					"start":	8.000097,
					"end":	9.000066,
					"seconds":	0.9999690055847168,
					"bytes":	120248640,
					"bits_per_second":	962018937.21445036,
					"omitted":	false,
					"sender":	false
				}],
			"sum":	{
				"start":	8.000097,
				"end":	9.000066,
				"seconds":	0.9999690055847168,
				"bytes":	120248640,
				"bits_per_second":	962018937.21445036,
				"omitted":	false,
				"sender":	false
			}
		}, {
			"streams":	[{
					"socket":	398,
					"start":	9.000066,
					"end":	10.000121,
					"seconds":	1.0000549554824829,
					"bytes":	119385888,
					"bits_per_second":	955034619.61169136,
					"omitted":	false,
					"sender":	false
				}],
			"sum":	{
				"start":	9.000066,
				"end":	10.000121,
				"seconds":	1.0000549554824829,
				"bytes":	119385888,
				"bits_per_second":	955034619.61169136,
				"omitted":	false,
				"sender":	false
			}
		}, {
			"streams":	[{
					"socket":	398,
					"start":	10.000121,
					"end":	11.000093,
					"seconds":	0.99997198581695557,
					"bytes":	115045984,
					"bits_per_second":	920393656.07635427,
					"omitted":	false,
					"sender":	false
				}],
			"sum":	{
				"start":	10.000121,
				"end":	11.000093,
				"seconds":	0.99997198581695557,
				"bytes":	115045984,
				"bits_per_second":	920393656.07635427,
				"omitted":	false,
				"sender":	false
			}
		}, {
			"streams":	[{
					"socket":	398,
					"start":	11.000093,
					"end":	12.000075,
					"seconds":	0.99998199939727783,
					"bytes":	121594368,
					"bits_per_second":	972772454.49049234,
					"omitted":	false,
					"sender":	false
				}],
			"sum":	{
				"start":	11.000093,
				"end":	12.000075,
				"seconds":	0.99998199939727783,
				"bytes":	121594368,
				"bits_per_second":	972772454.49049234,
				"omitted":	false,
				"sender":	false
			}
		}, {
			"streams":	[{
					"socket":	398,
					"start":	12.000075,
					"end":	13.000584,
					"seconds":	1.0005090236663818,
					"bytes":	119650432,
					"bits_per_second":	956716464.677462,
					"omitted":	false,
					"sender":	false
				}],
			"sum":	{
				"start":	12.000075,
				"end":	13.000584,
				"seconds":	1.0005090236663818,
				"bytes":	119650432,
				"bits_per_second":	956716464.677462,
				"omitted":	false,
				"sender":	false
			}
		}, {
			"streams":	[{
					"socket":	398,
					"start":	13.000584,
					"end":	14.000083,
					"seconds":	0.99949902296066284,
					"bytes":	119623584,
					"bits_per_second":	957468341.65506136,
					"omitted":	false,
					"sender":	false
				}],
			"sum":	{
				"start":	13.000584,
				"end":	14.000083,
				"seconds":	0.99949902296066284,
				"bytes":	119623584,
				"bits_per_second":	957468341.65506136,
				"omitted":	false,
				"sender":	false
			}
		}, {
			"streams":	[{
					"socket":	398,
					"start":	14.000083,
					"end":	15.000118,
					"seconds":	1.0000350475311279,
					"bytes":	121176064,
					"bits_per_second":	969374537.81571126,
					"omitted":	false,
					"sender":	false
				}],
			"sum":	{
				"start":	14.000083,
				"end":	15.000118,
				"seconds":	1.0000350475311279,
				"bytes":	121176064,
				"bits_per_second":	969374537.81571126,
				"omitted":	false,
				"sender":	false
			}
		}, {
			"streams":	[{
					"socket":	398,
					"start":	15.000118,
					"end":	16.000103,
					"seconds":	0.9999849796295166,
					"bytes":	116223840,
					"bits_per_second":	929804686.010861,
					"omitted":	false,
					"sender":	false
				}],
			"sum":	{
				"start":	15.000118,
				"end":	16.000103,
				"seconds":	0.9999849796295166,