{
	"start":	{
		"connected":	[{
				"socket":	245,
				"local_host":	"100.124.85.183",
				"local_port":	47636,
				"remote_host":	"104.214.106.253",
				"remote_port":	5201
			}],
		"version":	"iperf 3.7",
		"system_info":	"Linux localhost 4.19.110-g9ceb3bf92e0a-ab6790968 #2 SMP PREEMPT Wed Aug 26 04:14:37 UTC 2020 aarch64",
		"timestamp":	{
			"time":	"Mon, 17 May 2021 23:23:13 GMT",
			"timesecs":	1621293793
		},
		"connecting_to":	{
			"host":	"104.214.106.253",
			"port":	5201
		},
		"cookie":	"ydfg4b42d47vutsfvnkbptxoh4jykg4gmtqu",
		"tcp_mss_default":	1376,
		"target_bitrate":	3000000000,
		"sock_bufsize":	0,
		"sndbuf_actual":	2097152,
		"rcvbuf_actual":	6291456,
		"test_start":	{
			"protocol":	"TCP",
			"num_streams":	1,
			"blksize":	131072,
			"omit":	0,
			"duration":	30,
			"bytes":	0,
			"blocks":	0,
			"reverse":	1,
			"tos":	0
		}
	},
	"intervals":	[{
			"streams":	[{
					"socket":	245,
					"start":	0,
					"end":	1.000131,
					"seconds":	1.0001310110092163,
					"bytes":	20096160,
					"bits_per_second":	160748220.21344012,
					"omitted":	false,
					"sender":	false
				}],
			"sum":	{
				"start":	0,
				"end":	1.000131,
				"seconds":	1.0001310110092163,
				"bytes":	20096160,
				"bits_per_second":	160748220.21344012,
				"omitted":	false,
				"sender":	false
			}
		}, {
			"streams":	[{
					"socket":	245,
					"start":	1.000131,
					"end":	2.000467,
					"seconds":	1.0003360509872437,
					"bytes":	51249280,
					"bits_per_second":	409856507.3160882,
					"omitted":	false,
					"sender":	false
				}],
			"sum":	{
				"start":	1.000131,
				"end":	2.000467,
				"seconds":	1.0003360509872437,
				"bytes":	51249280,
				"bits_per_second":	409856507.3160882,
				"omitted":	false,
				"sender":	false
			}
		}, {
			"streams":	[{
					"socket":	245,
					"start":	2.000467,
					"end":	3.000157,
					"seconds":	0.99968999624252319,
					"bytes":	51240448,
					"bits_per_second":	410050701.25814605,
					"omitted":	false,
					"sender":	false
				}],
			"sum":	{
				"start":	2.000467,
				"end":	3.000157,
				"seconds":	0.99968999624252319,
				"bytes":	51240448,
				"bits_per_second":	410050701.25814605,
				"omitted":	false,
				"sender":	false
			}
		}, {
			"streams":	[{
					"socket":	245,
					"start":	3.000157,
					"end":	4.000051,
					"seconds":	0.99989402294158936,
					"bytes":	36666912,
					"bits_per_second":	293366386.10663617,
					"omitted":	false,
					"sender":	false
				}],
			"sum":	{
				"start":	3.000157,
				"end":	4.000051,
				"seconds":	0.99989402294158936,
				"bytes":	36666912,
				"bits_per_second":	293366386.10663617,
				"omitted":	false,
				"sender":	false
			}
		}, {
			"streams":	[{
					"socket":	245,
					"start":	4.000051,
					"end":	5.000298,
					"seconds":	1.0002470016479492,
					"bytes":	31923456,
					"bits_per_second":	255324582.40738344,
					"omitted":	false,
					"sender":	false
				}],
			"sum":	{
				"start":	4.000051,
				"end":	5.000298,
				"seconds":	1.0002470016479492,
				"bytes":	31923456,
				"bits_per_second":	255324582.40738344,
				"omitted":	false,
				"sender":	false
			}
		}, {
			"streams":	[{
					"socket":	245,
					"start":	5.000298,
					"end":	6.000127,
					"seconds":	0.9998289942741394,
					"bytes":	25959616,
					"bits_per_second":	207712448.01794359,
					"omitted":	false,
					"sender":	false
				}],
			"sum":	{
				"start":	5.000298,
				"end":	6.000127,
				"seconds":	0.9998289942741394,
				"bytes":	25959616,
				"bits_per_second":	207712448.01794359,
				"omitted":	false,
				"sender":	false
			}
		}, {
			"streams":	[{
					"socket":	245,
					"start":	6.000127,
					"end":	7.000135,
					"seconds":	1.0000079870224,
					"bytes":	19774496,
					"bits_per_second":	158194704.49535164,
					"omitted":	false,
					"sender":	false
				}],
			"sum":	{
				"start":	6.000127,
				"end":	7.000135,
				"seconds":	1.0000079870224,
				"bytes":	19774496,
				"bits_per_second":	158194704.49535164,
				"omitted":	false,
				"sender":	false
			}
		}, {
			"streams":	[{
					"socket":	245,
					"start":	7.000135,
					"end":	8.00019,
					"seconds":	1.0000549554824829,
					"bytes":	12056512,
					"bits_per_second":	96446795.719807282,
					"omitted":	false,
					"sender":	false
				}],
			"sum":	{
				"start":	7.000135,
				"end":	8.00019,
				"seconds":	1.0000549554824829,
				"bytes":	12056512,
				"bits_per_second":	96446795.719807282,
				"omitted":	false,
				"sender":	false
			}
		}, {
			"streams":	[{
					"socket":	245,
					"start":	8.00019,
					"end":	9.000149,
					"seconds":	0.99995899200439453,
					"bytes":	17032128,
					"bits_per_second":	136262611.85658821,
					"omitted":	false,
					"sender":	false
				}],
			"sum":	{
				"start":	8.00019,
				"end":	9.000149,
				"seconds":	0.99995899200439453,
				"bytes":	17032128,
				"bits_per_second":	136262611.85658821,
				"omitted":	false,
				"sender":	false
			}
		}, {
			"streams":	[{
					"socket":	245,
					"start":	9.000149,
					"end":	10.00004,
					"seconds":	0.99989098310470581,
					"bytes":	12990816,
					"bits_per_second":	103937858.98268981,
					"omitted":	false,
					"sender":	false
				}],
			"sum":	{
				"start":	9.000149,
				"end":	10.00004,
				"seconds":	0.99989098310470581,
				"bytes":	12990816,
				"bits_per_second":	103937858.98268981,
				"omitted":	false,
				"sender":	false
			}
		}, {
			"streams":	[{
					"socket":	245,
					"start":	10.00004,
					"end":	11.000344,
					"seconds":	1.0003039836883545,
					"bytes":	18478304,
					"bits_per_second":	147781508.8318747,
					"omitted":	false,
					"sender":	false
				}],
			"sum":	{
				"start":	10.00004,
				"end":	11.000344,
				"seconds":	1.0003039836883545,
				"bytes":	18478304,
				"bits_per_second":	147781508.8318747,
				"omitted":	false,
				"sender":	false
			}
		}, {
			"streams":	[{
					"socket":	245,
					"start":	11.000344,
					"end":	12.000153,
					"seconds":	0.99980902671813965,
					"bytes":	19131904,
					"bits_per_second":	153084467.04307306,
					"omitted":	false,
					"sender":	false
				}],
			"sum":	{
				"start":	11.000344,
				"end":	12.000153,
				"seconds":	0.99980902671813965,
				"bytes":	19131904,
				"bits_per_second":	153084467.04307306,
				"omitted":	false,
				"sender":	false
			}
		}, {
			"streams":	[{
					"socket":	245,
					"start":	12.000153,
					"end":	13.000174,
					"seconds":	1.0000209808349609,
					"bytes":	18659936,
					"bits_per_second":	149276356.05741,
					"omitted":	false,
					"sender":	false
				}],
			"sum":	{
				"start":	12.000153,
				"end":	13.000174,
				"seconds":	1.0000209808349609,
				"bytes":	18659936,
				"bits_per_second":	149276356.05741,
				"omitted":	false,
				"sender":	false
			}
		}, {
			"streams":	[{
					"socket":	245,
					"start":	13.000174,
					"end":	14.001442,
					"seconds":	1.0012680292129517,
					"bytes":	12469664,
					"bits_per_second":	99630977.0106356,
					"omitted":	false,
					"sender":	false
				}],
			"sum":	{
				"start":	13.000174,
				"end":	14.001442,
				"seconds":	1.0012680292129517,
				"bytes":	12469664,
				"bits_per_second":	99630977.0106356,
				"omitted":	false,
				"sender":	false
			}
		}, {
			"streams":	[{
					"socket":	245,
					"start":	14.001442,
					"end":	15.000135,
					"seconds":	0.99869298934936523,
					"bytes":	16404320,
					"bits_per_second":	131406309.44600654,
					"omitted":	false,
					"sender":	false
				}],
			"sum":	{
				"start":	14.001442,
				"end":	15.000135,
				"seconds":	0.99869298934936523,
				"bytes":	16404320,
				"bits_per_second":	131406309.44600654,
				"omitted":	false,
				"sender":	false
			}
		}, {
			"streams":	[{
					"socket":	245,
					"start":	15.000135,
					"end":	16.000954,
					"seconds":	1.0008189678192139,
					"bytes":	15574944,
					"bits_per_second":	124497592.47819076,
					"omitted":	false,
					"sender":	false
				}],
			"sum":	{
				"start":	15.000135,
				"end":	16.000954,
				"seconds":	1.0008189678192139,
				"bytes":	15574944,