{
	"start":	{
		"connected":	[{
				"socket":	72,
				"local_host":	"100.124.59.153",
				"local_port":	39610,
				"remote_host":	"20.94.48.39",
				"remote_port":	5201
			}],
		"version":	"iperf 3.7",
		"system_info":	"Linux localhost 4.19.110-g9ceb3bf92e0a-ab6790968 #2 SMP PREEMPT Wed Aug 26 04:14:37 UTC 2020 aarch64",
		"timestamp":	{
			"time":	"Tue, 11 May 2021 16:57:15 GMT",
			"timesecs":	1620752235
		},
		"connecting_to":	{
			"host":	"20.94.48.39",
			"port":	5201
		},
		"cookie":	"c7x5dcmgzwedloqp4xbz7yss55zo7totdl5a",
		"tcp_mss_default":	1376,
		"target_bitrate":	2000000000,
		"sock_bufsize":	0,
		"sndbuf_actual":	2097152,
		"rcvbuf_actual":	6291456,
		"test_start":	{
			"protocol":	"TCP",
			"num_streams":	1,
			"blksize":	131072,
			"omit":	0,
			"duration":	30,
			"bytes":	0,
			"blocks":	0,
			"reverse":	1,
			"tos":	0
		}
	},
	"intervals":	[{
			"streams":	[{
					"socket":	72,
					"start":	0,
					"end":	1.000172,
					"seconds":	1.0001720190048218,
					"bytes":	2761632,
					"bits_per_second":	22089256.228126384,
					"omitted":	false,
					"sender":	false
				}],
			"sum":	{
				"start":	0,
				"end":	1.000172,
				"seconds":	1.0001720190048218,
				"bytes":	2761632,
				"bits_per_second":	22089256.228126384,
				"omitted":	false,
				"sender":	false
			}
		}, {
			"streams":	[{
					"socket":	72,
					"start":	1.000172,
					"end":	2.000144,
					"seconds":	0.99997198581695557,
					"bytes":	5736544,
					"bits_per_second":	45893637.672766343,
					"omitted":	false,
					"sender":	false
				}],
			"sum":	{
				"start":	1.000172,
				"end":	2.000144,
				"seconds":	0.99997198581695557,
				"bytes":	5736544,
				"bits_per_second":	45893637.672766343,
				"omitted":	false,
				"sender":	false
			}
		}, {
			"streams":	[{
					"socket":	72,
					"start":	2.000144,
					"end":	3.000209,
					"seconds":	1.0000649690628052,
					"bytes":	11473088,
					"bits_per_second":	91778741.221197426,
					"omitted":	false,
					"sender":	false
				}],
			"sum":	{
				"start":	2.000144,
				"end":	3.000209,
				"seconds":	1.0000649690628052,
				"bytes":	11473088,
				"bits_per_second":	91778741.221197426,
				"omitted":	false,
				"sender":	false
			}
		}, {
			"streams":	[{
					"socket":	72,
					"start":	3.000209,
					"end":	4.000154,
					"seconds":	0.99994498491287231,
					"bytes":	27610816,
					"bits_per_second":	220898680.7601684,
					"omitted":	false,
					"sender":	false
				}],
			"sum":	{
				"start":	3.000209,
				"end":	4.000154,
				"seconds":	0.99994498491287231,
				"bytes":	27610816,
				"bits_per_second":	220898680.7601684,
				"omitted":	false,
				"sender":	false
			}
		}, {
			"streams":	[{
					"socket":	72,
					"start":	4.000154,
					"end":	5.000147,
					"seconds":	0.99999302625656128,
					"bytes":	59759872,
					"bits_per_second":	478082310.02337271,
					"omitted":	false,
					"sender":	false
				}],
			"sum":	{
				"start":	4.000154,
				"end":	5.000147,
				"seconds":	0.99999302625656128,
				"bytes":	59759872,
				"bits_per_second":	478082310.02337271,
				"omitted":	false,
				"sender":	false
			}
		}, {
			"streams":	[{
					"socket":	72,
					"start":	5.000147,
					"end":	6.000435,
					"seconds":	1.0002880096435547,
					"bytes":	58853376,
					"bits_per_second":	470691444.32489574,
					"omitted":	false,
					"sender":	false
				}],
			"sum":	{
				"start":	5.000147,
				"end":	6.000435,
				"seconds":	1.0002880096435547,
				"bytes":	58853376,
				"bits_per_second":	470691444.32489574,
				"omitted":	false,
				"sender":	false
			}
		}, {
			"streams":	[{
					"socket":	72,
					"start":	6.000435,
					"end":	7.00062,
					"seconds":	1.0001850128173828,
					"bytes":	60311104,
					"bits_per_second":	482399581.89424944,
					"omitted":	false,
					"sender":	false
				}],
			"sum":	{
				"start":	6.000435,
				"end":	7.00062,
				"seconds":	1.0001850128173828,
				"bytes":	60311104,
				"bits_per_second":	482399581.89424944,
				"omitted":	false,
				"sender":	false
			}
		}, {
			"streams":	[{
					"socket":	72,
					"start":	7.00062,
					"end":	8.000131,
					"seconds":	0.9995110034942627,
					"bytes":	60207840,
					"bits_per_second":	481898366.61739641,
					"omitted":	false,
					"sender":	false
				}],
			"sum":	{
				"start":	7.00062,
				"end":	8.000131,
				"seconds":	0.9995110034942627,
				"bytes":	60207840,
				"bits_per_second":	481898366.61739641,
				"omitted":	false,
				"sender":	false
			}
		}, {
			"streams":	[{
					"socket":	72,
					"start":	8.000131,
					"end":	9.00012,
					"seconds":	0.99998897314071655,
					"bytes":	58787552,
					"bits_per_second":	470305601.99369341,
					"omitted":	false,
					"sender":	false
				}],
			"sum":	{
				"start":	8.000131,
				"end":	9.00012,
				"seconds":	0.99998897314071655,
				"bytes":	58787552,
				"bits_per_second":	470305601.99369341,
				"omitted":	false,
				"sender":	false
			}
		}, {
			"streams":	[{
					"socket":	72,
					"start":	9.00012,
					"end":	10.00012,
					"seconds":	1,
					"bytes":	55181120,
					"bits_per_second":	441448960,
					"omitted":	false,
					"sender":	false
				}],
			"sum":	{
				"start":	9.00012,
				"end":	10.00012,
				"seconds":	1,
				"bytes":	55181120,
				"bits_per_second":	441448960,
				"omitted":	false,
				"sender":	false
			}
		}, {
			"streams":	[{
					"socket":	72,
					"start":	10.00012,
					"end":	11.000167,
					"seconds":	1.000046968460083,
					"bytes":	55181504,
					"bits_per_second":	441431298.65166986,
					"omitted":	false,
					"sender":	false
				}],
			"sum":	{
				"start":	10.00012,
				"end":	11.000167,
				"seconds":	1.000046968460083,
				"bytes":	55181504,
				"bits_per_second":	441431298.65166986,
				"omitted":	false,
				"sender":	false
			}
		}, {
			"streams":	[{
					"socket":	72,
					"start":	11.000167,
					"end":	12.000169,
					"seconds":	1.0000020265579224,
					"bytes":	60643424,
					"bits_per_second":	485146408.82270169,
					"omitted":	false,
					"sender":	false
				}],
			"sum":	{
				"start":	11.000167,
				"end":	12.000169,
				"seconds":	1.0000020265579224,
				"bytes":	60643424,
				"bits_per_second":	485146408.82270169,
				"omitted":	false,
				"sender":	false
			}
		}, {
			"streams":	[{
					"socket":	72,
					"start":	12.000169,
					"end":	13.000143,
					"seconds":	0.99997401237487793,
					"bytes":	58244544,
					"bits_per_second":	465968461.4136939,
					"omitted":	false,
					"sender":	false
				}],
			"sum":	{
				"start":	12.000169,
				"end":	13.000143,
				"seconds":	0.99997401237487793,
				"bytes":	58244544,
				"bits_per_second":	465968461.4136939,
				"omitted":	false,
				"sender":	false
			}
		}, {
			"streams":	[{
					"socket":	72,
					"start":	13.000143,
					"end":	14.00049,
					"seconds":	1.0003470182418823,
					"bytes":	61125568,
					"bits_per_second":	488834909.36918,
					"omitted":	false,
					"sender":	false
				}],
			"sum":	{
				"start":	13.000143,
				"end":	14.00049,
				"seconds":	1.0003470182418823,
				"bytes":	61125568,
				"bits_per_second":	488834909.36918,
				"omitted":	false,
				"sender":	false
			}
		}, {
			"streams":	[{
					"socket":	72,
					"start":	14.00049,
					"end":	15.00021,
					"seconds":	0.99971997737884521,
					"bytes":	51066560,
					"bits_per_second":	408646910.3789711,
					"omitted":	false,
					"sender":	false
				}],
			"sum":	{
				"start":	14.00049,
				"end":	15.00021,
				"seconds":	0.99971997737884521,
				"bytes":	51066560,
				"bits_per_second":	408646910.3789711,
				"omitted":	false,
				"sender":	false
			}
		}, {
			"streams":	[{
					"socket":	72,
					"start":	15.00021,
					"end":	16.000148,
					"seconds":	0.99993801116943359,
					"bytes":	60424032,
					"bits_per_second":	483422222.77825981,
					"omitted":	false,
					"sender":	false
				}],
			"sum":	{
				"start":	15.00021,
				"end":	16.000148,
				"seconds":	0.99993801116943359,
				"bytes":	60424032,
				"bits_per_second":	483422222.77825981,
				"omitted":	false,