{"start": {"connected": [{"socket": 214, "local_host": "100.123.106.128", "local_port": 37680, "remote_host": "40.78.67.139", "remote_port": 5201}], "version": "iperf 3.7", "system_info": "Linux localhost 4.19.110-g9ceb3bf92e0a-ab6790968 #2 SMP PREEMPT Wed Aug 26 04:14:37 UTC 2020 aarch64", "timestamp": {"time": "2021-01-25 06:18:08 ", "timesecs": 1611595088.0}, "connecting_to": {"host": "40.78.67.139", "port": 5201}, "cookie": "o5erbuxkeahf6rf4gx4ak6ivi66qwow2db4c", "sock_bufsize": 0, "sndbuf_actual": 212992, "rcvbuf_actual": 212992, "test_start": {"protocol": "UDP", "num_streams": 1, "blksize": 1376, "omit": 0, "duration": 30, "bytes": 0, "blocks": 0, "reverse": 1, "tos": 0}}, "intervals": [{"streams": [{"socket": 214, "start": 0, "end": 1.000038, "seconds": 1.0000380277633667, "bytes": 201164320, "bits_per_second": 1609253363.6938884, "jitter_ms": 0.003297172952726681, "lost_packets": 46833, "packets": 193028, "lost_percent": 24.26228319207576, "omitted": false, "sender": false}], "sum": {"start": 0, "end": 1.000038, "seconds": 1.0000380277633667, "bytes": 201164320, "bits_per_second": 1609253363.6938884, "jitter_ms": 0.003297172952726681, "lost_packets": 46833, "packets": 193028, "lost_percent": 24.26228319207576, "omitted": false, "sender": false}}, {"streams": [{"socket": 214, "start": 1.000038, "end": 2.000022, "seconds": 0.9999840259552002, "bytes": 213577216, "bits_per_second": 1708645021.972128, "jitter_ms": 0.0028907837349088357, "lost_packets": 49500, "packets": 204716, "lost_percent": 24.179839387248677, "omitted": false, "sender": false}], "sum": {"start": 1.000038, "end": 2.000022, "seconds": 0.9999840259552002, "bytes": 213577216, "bits_per_second": 1708645021.972128, "jitter_ms": 0.0028907837349088357, "lost_packets": 49500, "packets": 204716, "lost_percent": 24.179839387248677, "omitted": false, "sender": false}}, {"streams": [{"socket": 214, "start": 2.000022, "end": 3.00198, "seconds": 1.0019580125808716, "bytes": 221921280, "bits_per_second": 1771900835.8713071, "jitter_ms": 0.2528612985607365, "lost_packets": 41596, "packets": 202876, "lost_percent": 20.50316449456811, "omitted": false, "sender": false}], "sum": {"start": 2.000022, "end": 3.00198, "seconds": 1.0019580125808716, "bytes": 221921280, "bits_per_second": 1771900835.8713071, "jitter_ms": 0.2528612985607365, "lost_packets": 41596, "packets": 202876, "lost_percent": 20.50316449456811, "omitted": false, "sender": false}}, {"streams": [{"socket": 214, "start": 3.00198, "end": 4.001135, "seconds": 0.9991549849510193, "bytes": 186347552, "bits_per_second": 1492041213.2789202, "jitter_ms": 0.2740319850675327, "lost_packets": 62894, "packets": 198321, "lost_percent": 31.713232587572673, "omitted": false, "sender": false}], "sum": {"start": 3.00198, "end": 4.001135, "seconds": 0.9991549849510193, "bytes": 186347552, "bits_per_second": 1492041213.2789202, "jitter_ms": 0.2740319850675327, "lost_packets": 62894, "packets": 198321, "lost_percent": 31.713232587572673, "omitted": false, "sender": false}}, {"streams": [{"socket": 214, "start": 4.001135, "end": 5.000025, "seconds": 0.9988899827003479, "bytes": 216663584, "bits_per_second": 1735234812.6610124, "jitter_ms": 0.01786143095284797, "lost_packets": 41756, "packets": 199215, "lost_percent": 20.960269056044975, "omitted": false, "sender": false}], "sum": {"start": 4.001135, "end": 5.000025, "seconds": 0.9988899827003479, "bytes": 216663584, "bits_per_second": 1735234812.6610124, "jitter_ms": 0.01786143095284797, "lost_packets": 41756, "packets": 199215, "lost_percent": 20.960269056044975, "omitted": false, "sender": false}}, {"streams": [{"socket": 214, "start": 5.000025, "end": 6.010454, "seconds": 1.01042902469635, "bytes": 140228160, "bits_per_second": 1110246491.916764, "jitter_ms": 0.6442249733944261, "lost_packets": 99924, "packets": 201834, "lost_percent": 49.5080115342311, "omitted": false, "sender": false}], "sum": {"start": 5.000025, "end": 6.010454, "seconds": 1.01042902469635, "bytes": 140228160, "bits_per_second": 1110246491.916764, "jitter_ms": 0.6442249733944261, "lost_packets": 99924, "packets": 201834, "lost_percent": 49.5080115342311, "omitted": false, "sender": false}}, {"streams": [{"socket": 214, "start": 6.010454, "end": 7.000024, "seconds": 0.9895700216293335, "bytes": 23429152, "bits_per_second": 189408745.11476207, "jitter_ms": 0.010311369918994182, "lost_packets": 185831, "packets": 202858, "lost_percent": 91.60644391643416, "omitted": false, "sender": false}], "sum": {"start": 6.010454, "end": 7.000024, "seconds": 0.9895700216293335, "bytes": 23429152, "bits_per_second": 189408745.11476207, "jitter_ms": 0.010311369918994182, "lost_packets": 185831, "packets": 202858, "lost_percent": 91.60644391643416, "omitted": false, "sender": false}}, {"streams": [{"socket": 214, "start": 7.000024, "end": 8.000871, "seconds": 1.0008469820022583, "bytes": 29080384, "bits_per_second": 232446194.2569709, "jitter_ms": 0.05658569950252259, "lost_packets": 175034, "packets": 196168, "lost_percent": 89.22658129766323, "omitted": false, "sender": false}], "sum": {"start": 7.000024, "end": 8.000871, "seconds": 1.0008469820022583, "bytes": 29080384, "bits_per_second": 232446194.2569709, "jitter_ms": 0.05658569950252259, "lost_packets": 175034, "packets": 196168, "lost_percent": 89.22658129766323, "omitted": false, "sender": false}}, {"streams": [{"socket": 214, "start": 8.000871, "end": 9.002341, "seconds": 1.0014699697494507, "bytes": 33588160, "bits_per_second": 268310871.13598135, "jitter_ms": 0.25448083660968657, "lost_packets": 175018, "packets": 199428, "lost_percent": 87.7599935816435, "omitted": false, "sender": false}], "sum": {"start": 8.000871, "end": 9.002341, "seconds": 1.0014699697494507, "bytes": 33588160, "bits_per_second": 268310871.13598135, "jitter_ms": 0.25448083660968657, "lost_packets": 175018, "packets": 199428, "lost_percent": 87.7599935816435, "omitted": false, "sender": false}}, {"streams": [{"socket": 214, "start": 9.002341, "end": 10.000413, "seconds": 0.9980720281600952, "bytes": 30091744, "bits_per_second": 241198976.83515203, "jitter_ms": 0.21808978647484198, "lost_packets": 177799, "packets": 199668, "lost_percent": 89.047318548791, "omitted": false, "sender": false}], "sum": {"start": 9.002341, "end": 10.000413, "seconds": 0.9980720281600952, "bytes": 30091744, "bits_per_second": 241198976.83515203, "jitter_ms": 0.21808978647484198, "lost_packets": 177799, "packets": 199668, "lost_percent": 89.047318548791, "omitted": false, "sender": false}}, {"streams": [{"socket": 214, "start": 10.000413, "end": 11.000027, "seconds": 0.9996140003204346, "bytes": 26609088, "bits_per_second": 212954904.5249085, "jitter_ms": 0.15083966714384786, "lost_packets": 177441, "packets": 196779, "lost_percent": 90.17273184638604, "omitted": false, "sender": false}], "sum": {"start": 10.000413, "end": 11.000027, "seconds": 0.9996140003204346, "bytes": 26609088, "bits_per_second": 212954904.5249085, "jitter_ms": 0.15083966714384786, "lost_packets": 177441, "packets": 196779, "lost_percent": 90.17273184638604, "omitted": false, "sender": false}}, {"streams": [{"socket": 214, "start": 11.000027, "end": 12.007853, "seconds": 1.0078259706497192, "bytes": 32117216, "bits_per_second": 254942555.046839, "jitter_ms": 0.4779309301859721, "lost_packets": 180523, "packets": 203864, "lost_percent": 88.55070046697799, "omitted": false, "sender": false}], "sum": {"start": 11.000027, "end": 12.007853, "seconds": 1.0078259706497192, "bytes": 32117216, "bits_per_second": 254942555.046839, "jitter_ms": 0.4779309301859721, "lost_packets": 180523, "packets": 203864, "lost_percent": 88.55070046697799, "omitted": false, "sender": false}}, {"streams": [{"socket": 214, "start": 12.007853, "end": 13.01015, "seconds": 1.002297043800354, "bytes": 25849536, "bits_per_second": 206322356.51010403, "jitter_ms": 0.8691717807671002, "lost_packets": 180749, "packets": 199535, "lost_percent": 90.5851103816373, "omitted": false, "sender": false}],