{"start": {"connected": [{"socket": 614, "local_host": "100.124.85.183", "local_port": 47115, "remote_host": "13.91.222.189", "remote_port": 5201}], "version": "iperf 3.7", "system_info": "Linux localhost 4.19.110-g9ceb3bf92e0a-ab6790968 #2 SMP PREEMPT Wed Aug 26 04:14:37 UTC 2020 aarch64", "timestamp": {"time": "Mon, 18 Jan 2021 21:26:25 ", "timesecs": 1608348385.0}, "connecting_to": {"host": "13.91.222.189", "port": 5201}, "cookie": "5yxqrnr4eyqmydcisrqabmwxiu3vunjedngg", "sock_bufsize": 0, "sndbuf_actual": 212992, "rcvbuf_actual": 212992, "test_start": {"protocol": "UDP", "num_streams": 1, "blksize": 1376, "omit": 0, "duration": 30, "bytes": 0, "blocks": 0, "reverse": 1, "tos": 0}}, "intervals": [{"streams": [{"socket": 614, "start": 0, "end": 1.000085, "seconds": 1.0000849962234497, "bytes": 186523680, "bits_per_second": 1492062620.312123, "jitter_ms": 0.003159694951437624, "lost_packets": 24380, "packets": 159935, "lost_percent": 15.243692750179761, "omitted": false, "sender": false}], "sum": {"start": 0, "end": 1.000085, "seconds": 1.0000849962234497, "bytes": 186523680, "bits_per_second": 1492062620.312123, "jitter_ms": 0.003159694951437624, "lost_packets": 24380, "packets": 159935, "lost_percent": 15.243692750179761, "omitted": false, "sender": false}}, {"streams": [{"socket": 614, "start": 1.000085, "end": 2.000019, "seconds": 0.9999340176582336, "bytes": 179724864, "bits_per_second": 1437893787.599317, "jitter_ms": 0.002847941888936258, "lost_packets": 14296, "packets": 144910, "lost_percent": 9.865433717479815, "omitted": false, "sender": false}], "sum": {"start": 1.000085, "end": 2.000019, "seconds": 0.9999340176582336, "bytes": 179724864, "bits_per_second": 1437893787.599317, "jitter_ms": 0.002847941888936258, "lost_packets": 14296, "packets": 144910, "lost_percent": 9.865433717479815, "omitted": false, "sender": false}}, {"streams": [{"socket": 614, "start": 2.000019, "end": 3.000085, "seconds": 1.0000660419464111, "bytes": 196040096, "bits_per_second": 1568217199.8837242, "jitter_ms": 0.0022980949813755347, "lost_packets": 10043, "packets": 152514, "lost_percent": 6.584969248724708, "omitted": false, "sender": false}], "sum": {"start": 2.000019, "end": 3.000085, "seconds": 1.0000660419464111, "bytes": 196040096, "bits_per_second": 1568217199.8837242, "jitter_ms": 0.0022980949813755347, "lost_packets": 10043, "packets": 152514, "lost_percent": 6.584969248724708, "omitted": false, "sender": false}}, {"streams": [{"socket": 614, "start": 3.000085, "end": 4.00002, "seconds": 0.99993497133255, "bytes": 187932704, "bits_per_second": 1503559406.4646342, "jitter_ms": 0.002747029075218069, "lost_packets": 15916, "packets": 152495, "lost_percent": 10.437063510279026, "omitted": false, "sender": false}], "sum": {"start": 3.000085, "end": 4.00002, "seconds": 0.99993497133255, "bytes": 187932704, "bits_per_second": 1503559406.4646342, "jitter_ms": 0.002747029075218069, "lost_packets": 15916, "packets": 152495, "lost_percent": 10.437063510279026, "omitted": false, "sender": false}}, {"streams": [{"socket": 614, "start": 4.00002, "end": 5.000019, "seconds": 0.9999989867210388, "bytes": 180642656, "bits_per_second": 1445142712.3327062, "jitter_ms": 0.004176390694002571, "lost_packets": 17851, "packets": 149132, "lost_percent": 11.969932677091435, "omitted": false, "sender": false}], "sum": {"start": 4.00002, "end": 5.000019, "seconds": 0.9999989867210388, "bytes": 180642656, "bits_per_second": 1445142712.3327062, "jitter_ms": 0.004176390694002571, "lost_packets": 17851, "packets": 149132, "lost_percent": 11.969932677091435, "omitted": false, "sender": false}}, {"streams": [{"socket": 614, "start": 5.000019, "end": 6.00002, "seconds": 1.0000009536743164, "bytes": 176061952, "bits_per_second": 1408494272.7551873, "jitter_ms": 0.004784425483681709, "lost_packets": 16089, "packets": 144041, "lost_percent": 11.169736394498788, "omitted": false, "sender": false}], "sum": {"start": 5.000019, "end": 6.00002, "seconds": 1.0000009536743164, "bytes": 176061952, "bits_per_second": 1408494272.7551873, "jitter_ms": 0.004784425483681709, "lost_packets": 16089, "packets": 144041, "lost_percent": 11.169736394498788, "omitted": false, "sender": false}}, {"streams": [{"socket": 614, "start": 6.00002, "end": 7.000021, "seconds": 1.0000009536743164, "bytes": 177158624, "bits_per_second": 1417267640.3882518, "jitter_ms": 0.010064108238183829, "lost_packets": 17344, "packets": 146093, "lost_percent": 11.871889823605512, "omitted": false, "sender": false}], "sum": {"start": 6.00002, "end": 7.000021, "seconds": 1.0000009536743164, "bytes": 177158624, "bits_per_second": 1417267640.3882518, "jitter_ms": 0.010064108238183829, "lost_packets": 17344, "packets": 146093, "lost_percent": 11.871889823605512, "omitted": false, "sender": false}}, {"streams": [{"socket": 614, "start": 7.000021, "end": 8.000084, "seconds": 1.0000629425048828, "bytes": 182304864, "bits_per_second": 1458347119.9792798, "jitter_ms": 0.003118871049945841, "lost_packets": 13308, "packets": 145797, "lost_percent": 9.127759830449186, "omitted": false, "sender": false}], "sum": {"start": 7.000021, "end": 8.000084, "seconds": 1.0000629425048828, "bytes": 182304864, "bits_per_second": 1458347119.9792798, "jitter_ms": 0.003118871049945841, "lost_packets": 13308, "packets": 145797, "lost_percent": 9.127759830449186, "omitted": false, "sender": false}}, {"streams": [{"socket": 614, "start": 8.000084, "end": 9.00002, "seconds": 0.9999359846115112, "bytes": 179862464, "bits_per_second": 1438991829.6210053, "jitter_ms": 0.0026741832611338065, "lost_packets": 15022, "packets": 145736, "lost_percent": 10.307679639896799, "omitted": false, "sender": false}], "sum": {"start": 8.000084, "end": 9.00002, "seconds": 0.9999359846115112, "bytes": 179862464, "bits_per_second": 1438991829.6210053, "jitter_ms": 0.0026741832611338065, "lost_packets": 15022, "packets": 145736, "lost_percent": 10.307679639896799, "omitted": false, "sender": false}}, {"streams": [{"socket": 614, "start": 9.00002, "end": 10.00002, "seconds": 1, "bytes": 199616320, "bits_per_second": 1596930560, "jitter_ms": 0.0014729241708700037, "lost_packets": 15766, "packets": 160836, "lost_percent": 9.802531771493944, "omitted": false, "sender": false}], "sum": {"start": 9.00002, "end": 10.00002, "seconds": 1, "bytes": 199616320, "bits_per_second": 1596930560, "jitter_ms": 0.0014729241708700037, "lost_packets": 15766, "packets": 160836, "lost_percent": 9.802531771493944, "omitted": false, "sender": false}}, {"streams": [{"socket": 614, "start": 10.00002, "end": 11.000021, "seconds": 1.0000009536743164, "bytes": 192605600, "bits_per_second": 1540843330.53729, "jitter_ms": 0.007066538094435618, "lost_packets": 22133, "packets": 162108, "lost_percent": 13.653243516667901, "omitted": false, "sender": false}], "sum": {"start": 10.00002, "end": 11.000021, "seconds": 1.0000009536743164, "bytes": 192605600, "bits_per_second": 1540843330.53729, "jitter_ms": 0.007066538094435618, "lost_packets": 22133, "packets": 162108, "lost_percent": 13.653243516667901, "omitted": false, "sender": false}}, {"streams": [{"socket": 614, "start": 11.000021, "end": 12.00002, "seconds": 0.9999989867210388, "bytes": 177418688, "bits_per_second": 1419350942.1984482, "jitter_ms": 0.003958417858106195, "lost_packets": 18961, "packets": 147899, "lost_percent": 12.820235430935977, "omitted": false, "sender": false}], "sum": {"start": 11.000021, "end": 12.00002, "seconds": 0.9999989867210388, "bytes": 177418688, "bits_per_second": 1419350942.1984482, "jitter_ms": 0.003958417858106195, "lost_packets": 18961, "packets": 147899, "lost_percent": 12.820235430935977, "omitted": false, "sender": false}}, {"streams": [{"socket": 614, "start": 12.00002, "end": 13.000028, "seconds": 1.0000079870224, "bytes": 168811808, "bits_per_second": 1350483677.656616, "jitter_ms": 0.007750077441617475, "lost_packets": 22103, "packets": 144786, "lost_percent": 15.265978754851988, "omitted": false, "sender": false}],