{
	"start":	{
		"connected":	[{
				"socket":	430,
				"local_host":	"100.124.59.153",
				"local_port":	39466,
				"remote_host":	"104.210.37.160",
				"remote_port":	5201
			}],
		"version":	"iperf 3.7",
		"system_info":	"Linux localhost 4.19.110-g9ceb3bf92e0a-ab6790968 #2 SMP PREEMPT Wed Aug 26 04:14:37 UTC 2020 aarch64",
		"timestamp":	{
			"time":	"Tue, 11 May 2021 17:51:03 GMT",
			"timesecs":	1620755463
		},
		"connecting_to":	{
			"host":	"104.210.37.160",
			"port":	5201
		},
		"cookie":	"cc324pgp5wolxxyz2nf4ero2h4enf7yufepx",
		"tcp_mss_default":	1376,
		"target_bitrate":	2000000000,
		"sock_bufsize":	0,
		"sndbuf_actual":	2097152,
		"rcvbuf_actual":	6291456,
		"test_start":	{
			"protocol":	"TCP",
			"num_streams":	1,
			"blksize":	131072,
			"omit":	0,
			"duration":	30,
			"bytes":	0,
			"blocks":	0,
			"reverse":	1,
			"tos":	0
		}
	},
	"intervals":	[{
			"streams":	[{
					"socket":	430,
					"start":	0,
					"end":	1.00012,
					"seconds":	1.0001200437545776,
					"bytes":	1692480,
					"bits_per_second":	13538214.821862506,
					"omitted":	false,
					"sender":	false
				}],
			"sum":	{
				"start":	0,
				"end":	1.00012,
				"seconds":	1.0001200437545776,
				"bytes":	1692480,
				"bits_per_second":	13538214.821862506,
				"omitted":	false,
				"sender":	false
			}
		}, {
			"streams":	[{
					"socket":	430,
					"start":	1.00012,
					"end":	2.000088,
					"seconds":	0.99996799230575562,
					"bytes":	3361568,
					"bits_per_second":	26893404.795877896,
					"omitted":	false,
					"sender":	false
				}],
			"sum":	{
				"start":	1.00012,
				"end":	2.000088,
				"seconds":	0.99996799230575562,
				"bytes":	3361568,
				"bits_per_second":	26893404.795877896,
				"omitted":	false,
				"sender":	false
			}
		}, {
			"streams":	[{
					"socket":	430,
					"start":	2.000088,
					"end":	3.000103,
					"seconds":	1.0000150203704834,
					"bytes":	6520864,
					"bits_per_second":	52166128.445424065,
					"omitted":	false,
					"sender":	false
				}],
			"sum":	{
				"start":	2.000088,
				"end":	3.000103,
				"seconds":	1.0000150203704834,
				"bytes":	6520864,
				"bits_per_second":	52166128.445424065,
				"omitted":	false,
				"sender":	false
			}
		}, {
			"streams":	[{
					"socket":	430,
					"start":	3.000103,
					"end":	4.000064,
					"seconds":	0.99996101856231689,
					"bytes":	9110496,
					"bits_per_second":	72886809.232612029,
					"omitted":	false,
					"sender":	false
				}],
			"sum":	{
				"start":	3.000103,
				"end":	4.000064,
				"seconds":	0.99996101856231689,
				"bytes":	9110496,
				"bits_per_second":	72886809.232612029,
				"omitted":	false,
				"sender":	false
			}
		}, {
			"streams":	[{
					"socket":	430,
					"start":	4.000064,
					"end":	5.000127,
					"seconds":	1.0000629425048828,
					"bytes":	9582464,
					"bits_per_second":	76654887.149391308,
					"omitted":	false,
					"sender":	false
				}],
			"sum":	{
				"start":	4.000064,
				"end":	5.000127,
				"seconds":	1.0000629425048828,
				"bytes":	9582464,
				"bits_per_second":	76654887.149391308,
				"omitted":	false,
				"sender":	false
			}
		}, {
			"streams":	[{
					"socket":	430,
					"start":	5.000127,
					"end":	6.000162,
					"seconds":	1.0000350475311279,
					"bytes":	9819136,
					"bits_per_second":	78550335.004688814,
					"omitted":	false,
					"sender":	false
				}],
			"sum":	{
				"start":	5.000127,
				"end":	6.000162,
				"seconds":	1.0000350475311279,
				"bytes":	9819136,
				"bits_per_second":	78550335.004688814,
				"omitted":	false,
				"sender":	false
			}
		}, {
			"streams":	[{
					"socket":	430,
					"start":	6.000162,
					"end":	7.000108,
					"seconds":	0.9999459981918335,
					"bytes":	11233664,
					"bits_per_second":	89874165.3674373,
					"omitted":	false,
					"sender":	false
				}],
			"sum":	{
				"start":	6.000162,
				"end":	7.000108,
				"seconds":	0.9999459981918335,
				"bytes":	11233664,
				"bits_per_second":	89874165.3674373,
				"omitted":	false,
				"sender":	false
			}
		}, {
			"streams":	[{
					"socket":	430,
					"start":	7.000108,
					"end":	8.000104,
					"seconds":	0.9999960064888,
					"bytes":	10910304,
					"bits_per_second":	87282780.564761743,
					"omitted":	false,
					"sender":	false
				}],
			"sum":	{
				"start":	7.000108,
				"end":	8.000104,
				"seconds":	0.9999960064888,
				"bytes":	10910304,
				"bits_per_second":	87282780.564761743,
				"omitted":	false,
				"sender":	false
			}
		}, {
			"streams":	[{
					"socket":	430,
					"start":	8.000104,
					"end":	9.001292,
					"seconds":	1.0011880397796631,
					"bytes":	12015232,
					"bits_per_second":	96007794.920476735,
					"omitted":	false,
					"sender":	false
				}],
			"sum":	{
				"start":	8.000104,
				"end":	9.001292,
				"seconds":	1.0011880397796631,
				"bytes":	12015232,
				"bits_per_second":	96007794.920476735,
				"omitted":	false,
				"sender":	false
			}
		}, {
			"streams":	[{
					"socket":	430,
					"start":	9.001292,
					"end":	10.000051,
					"seconds":	0.99875897169113159,
					"bytes":	11340992,
					"bits_per_second":	90840671.845356718,
					"omitted":	false,
					"sender":	false
				}],
			"sum":	{
				"start":	9.001292,
				"end":	10.000051,
				"seconds":	0.99875897169113159,
				"bytes":	11340992,
				"bits_per_second":	90840671.845356718,
				"omitted":	false,
				"sender":	false
			}
		}, {
			"streams":	[{
					"socket":	430,
					"start":	10.000051,
					"end":	11.000392,
					"seconds":	1.0003410577774048,
					"bytes":	12200992,
					"bits_per_second":	97574657.40421468,
					"omitted":	false,
					"sender":	false
				}],
			"sum":	{
				"start":	10.000051,
				"end":	11.000392,
				"seconds":	1.0003410577774048,
				"bytes":	12200992,
				"bits_per_second":	97574657.40421468,
				"omitted":	false,
				"sender":	false
			}
		}, {
			"streams":	[{
					"socket":	430,
					"start":	11.000392,
					"end":	12.00035,
					"seconds":	0.99995797872543335,
					"bytes":	13278400,
					"bits_per_second":	106231663.9899202,
					"omitted":	false,
					"sender":	false
				}],
			"sum":	{
				"start":	11.000392,
				"end":	12.00035,
				"seconds":	0.99995797872543335,
				"bytes":	13278400,
				"bits_per_second":	106231663.9899202,
				"omitted":	false,
				"sender":	false
			}
		}, {
			"streams":	[{
					"socket":	430,
					"start":	12.00035,
					"end":	13.000264,
					"seconds":	0.99991399049758911,
					"bytes":	13841184,
					"bits_per_second":	110738996.60599557,
					"omitted":	false,
					"sender":	false
				}],
			"sum":	{
				"start":	12.00035,
				"end":	13.000264,
				"seconds":	0.99991399049758911,
				"bytes":	13841184,
				"bits_per_second":	110738996.60599557,
				"omitted":	false,
				"sender":	false
			}
		}, {
			"streams":	[{
					"socket":	430,
					"start":	13.000264,
					"end":	14.000095,
					"seconds":	0.99983102083206177,
					"bytes":	13310048,
					"bits_per_second":	106498380.00764047,
					"omitted":	false,
					"sender":	false
				}],
			"sum":	{
				"start":	13.000264,
				"end":	14.000095,
				"seconds":	0.99983102083206177,
				"bytes":	13310048,
				"bits_per_second":	106498380.00764047,
				"omitted":	false,
				"sender":	false
			}
		}, {
			"streams":	[{
					"socket":	430,
					"start":	14.000095,
					"end":	15.000149,
					"seconds":	1.0000540018081665,
					"bytes":	11347872,
					"bits_per_second":	90778073.819871858,
					"omitted":	false,
					"sender":	false
				}],
			"sum":	{
				"start":	14.000095,
				"end":	15.000149,
				"seconds":	1.0000540018081665,
				"bytes":	11347872,
				"bits_per_second":	90778073.819871858,
				"omitted":	false,
				"sender":	false
			}
		}, {
			"streams":	[{
					"socket":	430,
					"start":	15.000149,
					"end":	16.00012,
					"seconds":	0.99997097253799438,
					"bytes":	11737280,
					"bits_per_second":	93900965.706714347,
					"omitted":	false,
					"sender":	false
				}],
			"sum":	{
				"start":	15.000149,
				"end":	16.00012,
				"seconds":	0.99997097253799438,
				"bytes":	11737280,