{
	"start":	{
		"connected":	[{
				"socket":	404,
				"local_host":	"100.124.59.153",
				"local_port":	39410,
				"remote_host":	"104.210.37.160",
				"remote_port":	5201
			}],
		"version":	"iperf 3.7",
		"system_info":	"Linux localhost 4.19.110-g9ceb3bf92e0a-ab6790968 #2 SMP PREEMPT Wed Aug 26 04:14:37 UTC 2020 aarch64",
		"timestamp":	{
			"time":	"Tue, 11 May 2021 17:46:39 GMT",
			"timesecs":	1620755199
		},
		"connecting_to":	{
			"host":	"104.210.37.160",
			"port":	5201
		},
		"cookie":	"rhegitq3op4xxzedexlg3djs4j3zaeqcbxt4",
		"tcp_mss_default":	1376,
		"target_bitrate":	2000000000,
		"sock_bufsize":	0,
		"sndbuf_actual":	2097152,
		"rcvbuf_actual":	6291456,
		"test_start":	{
			"protocol":	"TCP",
			"num_streams":	1,
			"blksize":	131072,
			"omit":	0,
			"duration":	30,
			"bytes":	0,
			"blocks":	0,
			"reverse":	1,
			"tos":	0
		}
	},
	"intervals":	[{
			"streams":	[{
					"socket":	404,
					"start":	0,
					"end":	1.001071,
					"seconds":	1.0010709762573242,
					"bytes":	1699360,
					"bits_per_second":	13580335.78281012,
					"omitted":	false,
					"sender":	false
				}],
			"sum":	{
				"start":	0,
				"end":	1.001071,
				"seconds":	1.0010709762573242,
				"bytes":	1699360,
				"bits_per_second":	13580335.78281012,
				"omitted":	false,
				"sender":	false
			}
		}, {
			"streams":	[{
					"socket":	404,
					"start":	1.001071,
					"end":	2.00017,
					"seconds":	0.9990990161895752,
					"bytes":	3350560,
					"bits_per_second":	26828652.181270842,
					"omitted":	false,
					"sender":	false
				}],
			"sum":	{
				"start":	1.001071,
				"end":	2.00017,
				"seconds":	0.9990990161895752,
				"bytes":	3350560,
				"bits_per_second":	26828652.181270842,
				"omitted":	false,
				"sender":	false
			}
		}, {
			"streams":	[{
					"socket":	404,
					"start":	2.00017,
					"end":	3.001274,
					"seconds":	1.0011039972305298,
					"bytes":	6688736,
					"bits_per_second":	53450878.378300972,
					"omitted":	false,
					"sender":	false
				}],
			"sum":	{
				"start":	2.00017,
				"end":	3.001274,
				"seconds":	1.0011039972305298,
				"bytes":	6688736,
				"bits_per_second":	53450878.378300972,
				"omitted":	false,
				"sender":	false
			}
		}, {
			"streams":	[{
					"socket":	404,
					"start":	3.001274,
					"end":	4.00016,
					"seconds":	0.998885989189148,
					"bytes":	11335488,
					"bits_per_second":	90785039.515483886,
					"omitted":	false,
					"sender":	false
				}],
			"sum":	{
				"start":	3.001274,
				"end":	4.00016,
				"seconds":	0.998885989189148,
				"bytes":	11335488,
				"bits_per_second":	90785039.515483886,
				"omitted":	false,
				"sender":	false
			}
		}, {
			"streams":	[{
					"socket":	404,
					"start":	4.00016,
					"end":	5.001152,
					"seconds":	1.0009919404983521,
					"bytes":	22632448,
					"bits_per_second":	180880161.64231852,
					"omitted":	false,
					"sender":	false
				}],
			"sum":	{
				"start":	4.00016,
				"end":	5.001152,
				"seconds":	1.0009919404983521,
				"bytes":	22632448,
				"bits_per_second":	180880161.64231852,
				"omitted":	false,
				"sender":	false
			}
		}, {
			"streams":	[{
					"socket":	404,
					"start":	5.001152,
					"end":	6.000178,
					"seconds":	0.99902600049972534,
					"bytes":	38371136,
					"bits_per_second":	307268367.23613822,
					"omitted":	false,
					"sender":	false
				}],
			"sum":	{
				"start":	5.001152,
				"end":	6.000178,
				"seconds":	0.99902600049972534,
				"bytes":	38371136,
				"bits_per_second":	307268367.23613822,
				"omitted":	false,
				"sender":	false
			}
		}, {
			"streams":	[{
					"socket":	404,
					"start":	6.000178,
					"end":	7.000142,
					"seconds":	0.99996399879455566,
					"bytes":	83974528,
					"bits_per_second":	671820410.34461451,
					"omitted":	false,
					"sender":	false
				}],
			"sum":	{
				"start":	6.000178,
				"end":	7.000142,
				"seconds":	0.99996399879455566,
				"bytes":	83974528,
				"bits_per_second":	671820410.34461451,
				"omitted":	false,
				"sender":	false
			}
		}, {
			"streams":	[{
					"socket":	404,
					"start":	7.000142,
					"end":	8.000297,
					"seconds":	1.000154972076416,
					"bytes":	117842368,
					"bits_per_second":	942592868.42596507,
					"omitted":	false,
					"sender":	false
				}],
			"sum":	{
				"start":	7.000142,
				"end":	8.000297,
				"seconds":	1.000154972076416,
				"bytes":	117842368,
				"bits_per_second":	942592868.42596507,
				"omitted":	false,
				"sender":	false
			}
		}, {
			"streams":	[{
					"socket":	404,
					"start":	8.000297,
					"end":	9.000411,
					"seconds":	1.0001139640808105,
					"bytes":	117260992,
					"bits_per_second":	937981039.85297549,
					"omitted":	false,
					"sender":	false
				}],
			"sum":	{
				"start":	8.000297,
				"end":	9.000411,
				"seconds":	1.0001139640808105,
				"bytes":	117260992,
				"bits_per_second":	937981039.85297549,
				"omitted":	false,
				"sender":	false
			}
		}, {
			"streams":	[{
					"socket":	404,
					"start":	9.000411,
					"end":	10.000142,
					"seconds":	0.99973100423812866,
					"bytes":	113888768,
					"bits_per_second":	911355294.71183646,
					"omitted":	false,
					"sender":	false
				}],
			"sum":	{
				"start":	9.000411,
				"end":	10.000142,
				"seconds":	0.99973100423812866,
				"bytes":	113888768,
				"bits_per_second":	911355294.71183646,
				"omitted":	false,
				"sender":	false
			}
		}, {
			"streams":	[{
					"socket":	404,
					"start":	10.000142,
					"end":	11.000154,
					"seconds":	1.0000120401382446,
					"bytes":	115790400,
					"bits_per_second":	926312047.0748955,
					"omitted":	false,
					"sender":	false
				}],
			"sum":	{
				"start":	10.000142,
				"end":	11.000154,
				"seconds":	1.0000120401382446,
				"bytes":	115790400,
				"bits_per_second":	926312047.0748955,
				"omitted":	false,
				"sender":	false
			}
		}, {
			"streams":	[{
					"socket":	404,
					"start":	11.000154,
					"end":	12.001003,
					"seconds":	1.0008490085601807,
					"bytes":	118358368,
					"bits_per_second":	946063727.79662418,
					"omitted":	false,
					"sender":	false
				}],
			"sum":	{
				"start":	11.000154,
				"end":	12.001003,
				"seconds":	1.0008490085601807,
				"bytes":	118358368,
				"bits_per_second":	946063727.79662418,
				"omitted":	false,
				"sender":	false
			}
		}, {
			"streams":	[{
					"socket":	404,
					"start":	12.001003,
					"end":	13.000147,
					"seconds":	0.99914401769638062,
					"bytes":	120021248,
					"bits_per_second":	960992576.639513,
					"omitted":	false,
					"sender":	false
				}],
			"sum":	{
				"start":	12.001003,
				"end":	13.000147,
				"seconds":	0.99914401769638062,
				"bytes":	120021248,
				"bits_per_second":	960992576.639513,
				"omitted":	false,
				"sender":	false
			}
		}, {
			"streams":	[{
					"socket":	404,
					"start":	13.000147,
					"end":	14.000178,
					"seconds":	1.0000309944152832,
					"bytes":	119368864,
					"bits_per_second":	954921314.77220714,
					"omitted":	false,
					"sender":	false
				}],
			"sum":	{
				"start":	13.000147,
				"end":	14.000178,
				"seconds":	1.0000309944152832,
				"bytes":	119368864,
				"bits_per_second":	954921314.77220714,
				"omitted":	false,
				"sender":	false
			}
		}, {
			"streams":	[{
					"socket":	404,
					"start":	14.000178,
					"end":	15.000427,
					"seconds":	1.0002490282058716,
					"bytes":	110764384,
					"bits_per_second":	885894459.29221094,
					"omitted":	false,
					"sender":	false
				}],
			"sum":	{
				"start":	14.000178,
				"end":	15.000427,
				"seconds":	1.0002490282058716,
				"bytes":	110764384,
				"bits_per_second":	885894459.29221094,
				"omitted":	false,
				"sender":	false
			}
		}, {
			"streams":	[{
					"socket":	404,
					"start":	15.000427,
					"end":	16.000156,
					"seconds":	0.9997289776802063,
					"bytes":	118550656,
					"bits_per_second":	948662356.67260635,
					"omitted":	false,
					"sender":	false
				}],
			"sum":	{
				"start":	15.000427,
				"end":	16.000156,
				"seconds":	0.9997289776802063,
				"bytes":	118550656,