{
	"start":	{
		"connected":	[{
				"socket":	226,
				"local_host":	"100.124.85.183",
				"local_port":	46030,
				"remote_host":	"52.240.159.197",
				"remote_port":	5201
			}],
		"version":	"iperf 3.7",
		"system_info":	"Linux localhost 4.19.110-g9ceb3bf92e0a-ab6790968 #2 SMP PREEMPT Wed Aug 26 04:14:37 UTC 2020 aarch64",
		"timestamp":	{
			"time":	"Mon, 17 May 2021 23:57:33 GMT",
			"timesecs":	1621295853
		},
		"connecting_to":	{
			"host":	"52.240.159.197",
			"port":	5201
		},
		"cookie":	"qjl6jlq5sbs7ot3tkoter2d3y7k5zjzn4hpc",
		"tcp_mss_default":	1376,
		"target_bitrate":	3000000000,
		"sock_bufsize":	0,
		"sndbuf_actual":	2097152,
		"rcvbuf_actual":	6291456,
		"test_start":	{
			"protocol":	"TCP",
			"num_streams":	1,
			"blksize":	131072,
			"omit":	0,
			"duration":	30,
			"bytes":	0,
			"blocks":	0,
			"reverse":	1,
			"tos":	0
		}
	},
	"intervals":	[{
			"streams":	[{
					"socket":	226,
					"start":	0,
					"end":	1.000437,
					"seconds":	1.0004370212554932,
					"bytes":	5242912,
					"bits_per_second":	41924973.895271771,
					"omitted":	false,
					"sender":	false
				}],
			"sum":	{
				"start":	0,
				"end":	1.000437,
				"seconds":	1.0004370212554932,
				"bytes":	5242912,
				"bits_per_second":	41924973.895271771,
				"omitted":	false,
				"sender":	false
			}
		}, {
			"streams":	[{
					"socket":	226,
					"start":	1.000437,
					"end":	2.000084,
					"seconds":	0.99964702129364014,
					"bytes":	35057728,
					"bits_per_second":	280560856.0080089,
					"omitted":	false,
					"sender":	false
				}],
			"sum":	{
				"start":	1.000437,
				"end":	2.000084,
				"seconds":	0.99964702129364014,
				"bytes":	35057728,
				"bits_per_second":	280560856.0080089,
				"omitted":	false,
				"sender":	false
			}
		}, {
			"streams":	[{
					"socket":	226,
					"start":	2.000084,
					"end":	3.000089,
					"seconds":	1.0000050067901611,
					"bytes":	93510208,
					"bits_per_second":	748077918.53083777,
					"omitted":	false,
					"sender":	false
				}],
			"sum":	{
				"start":	2.000084,
				"end":	3.000089,
				"seconds":	1.0000050067901611,
				"bytes":	93510208,
				"bits_per_second":	748077918.53083777,
				"omitted":	false,
				"sender":	false
			}
		}, {
			"streams":	[{
					"socket":	226,
					"start":	3.000089,
					"end":	4.000109,
					"seconds":	1.0000200271606445,
					"bytes":	67258880,
					"bits_per_second":	538060264.18065286,
					"omitted":	false,
					"sender":	false
				}],
			"sum":	{
				"start":	3.000089,
				"end":	4.000109,
				"seconds":	1.0000200271606445,
				"bytes":	67258880,
				"bits_per_second":	538060264.18065286,
				"omitted":	false,
				"sender":	false
			}
		}, {
			"streams":	[{
					"socket":	226,
					"start":	4.000109,
					"end":	5.0001,
					"seconds":	0.99999099969863892,
					"bytes":	55461056,
					"bits_per_second":	443692441.36568391,
					"omitted":	false,
					"sender":	false
				}],
			"sum":	{
				"start":	4.000109,
				"end":	5.0001,
				"seconds":	0.99999099969863892,
				"bytes":	55461056,
				"bits_per_second":	443692441.36568391,
				"omitted":	false,
				"sender":	false
			}
		}, {
			"streams":	[{
					"socket":	226,
					"start":	5.0001,
					"end":	6.000082,
					"seconds":	0.99998199939727783,
					"bytes":	27232416,
					"bits_per_second":	217863249.66980508,
					"omitted":	false,
					"sender":	false
				}],
			"sum":	{
				"start":	5.0001,
				"end":	6.000082,
				"seconds":	0.99998199939727783,
				"bytes":	27232416,
				"bits_per_second":	217863249.66980508,
				"omitted":	false,
				"sender":	false
			}
		}, {
			"streams":	[{
					"socket":	226,
					"start":	6.000082,
					"end":	7.000184,
					"seconds":	1.0001020431518555,
					"bytes":	28081408,
					"bits_per_second":	224628342.21596423,
					"omitted":	false,
					"sender":	false
				}],
			"sum":	{
				"start":	6.000082,
				"end":	7.000184,
				"seconds":	1.0001020431518555,
				"bytes":	28081408,
				"bits_per_second":	224628342.21596423,
				"omitted":	false,
				"sender":	false
			}
		}, {
			"streams":	[{
					"socket":	226,
					"start":	7.000184,
					"end":	8.000096,
					"seconds":	0.99991202354431152,
					"bytes":	29284032,
					"bits_per_second":	234292868.25614226,
					"omitted":	false,
					"sender":	false
				}],
			"sum":	{
				"start":	7.000184,
				"end":	8.000096,
				"seconds":	0.99991202354431152,
				"bytes":	29284032,
				"bits_per_second":	234292868.25614226,
				"omitted":	false,
				"sender":	false
			}
		}, {
			"streams":	[{
					"socket":	226,
					"start":	8.000096,
					"end":	9.000089,
					"seconds":	0.99999302625656128,
					"bytes":	28583648,
					"bits_per_second":	228670778.69134253,
					"omitted":	false,
					"sender":	false
				}],
			"sum":	{
				"start":	8.000096,
				"end":	9.000089,
				"seconds":	0.99999302625656128,
				"bytes":	28583648,
				"bits_per_second":	228670778.69134253,
				"omitted":	false,
				"sender":	false
			}
		}, {
			"streams":	[{
					"socket":	226,
					"start":	9.000089,
					"end":	10.000112,
					"seconds":	1.0000230073928833,
					"bytes":	27668608,
					"bits_per_second":	221343771.45688781,
					"omitted":	false,
					"sender":	false
				}],
			"sum":	{
				"start":	9.000089,
				"end":	10.000112,
				"seconds":	1.0000230073928833,
				"bytes":	27668608,
				"bits_per_second":	221343771.45688781,
				"omitted":	false,
				"sender":	false
			}
		}, {
			"streams":	[{
					"socket":	226,
					"start":	10.000112,
					"end":	11.000251,
					"seconds":	1.0001389980316162,
					"bytes":	22149824,
					"bits_per_second":	177173965.16758806,
					"omitted":	false,
					"sender":	false
				}],
			"sum":	{
				"start":	10.000112,
				"end":	11.000251,
				"seconds":	1.0001389980316162,
				"bytes":	22149824,
				"bits_per_second":	177173965.16758806,
				"omitted":	false,
				"sender":	false
			}
		}, {
			"streams":	[{
					"socket":	226,
					"start":	11.000251,
					"end":	12.000139,
					"seconds":	0.999888002872467,
					"bytes":	22743552,
					"bits_per_second":	181968795.98245066,
					"omitted":	false,
					"sender":	false
				}],
			"sum":	{
				"start":	11.000251,
				"end":	12.000139,
				"seconds":	0.999888002872467,
				"bytes":	22743552,
				"bits_per_second":	181968795.98245066,
				"omitted":	false,
				"sender":	false
			}
		}, {
			"streams":	[{
					"socket":	226,
					"start":	12.000139,
					"end":	13.000121,
					"seconds":	0.99998199939727783,
					"bytes":	24565728,
					"bits_per_second":	196529361.64696226,
					"omitted":	false,
					"sender":	false
				}],
			"sum":	{
				"start":	12.000139,
				"end":	13.000121,
				"seconds":	0.99998199939727783,
				"bytes":	24565728,
				"bits_per_second":	196529361.64696226,
				"omitted":	false,
				"sender":	false
			}
		}, {
			"streams":	[{
					"socket":	226,
					"start":	13.000121,
					"end":	14.000166,
					"seconds":	1.0000449419021606,
					"bytes":	26077952,
					"bits_per_second":	208614240.47921506,
					"omitted":	false,
					"sender":	false
				}],
			"sum":	{
				"start":	13.000121,
				"end":	14.000166,
				"seconds":	1.0000449419021606,
				"bytes":	26077952,
				"bits_per_second":	208614240.47921506,
				"omitted":	false,
				"sender":	false
			}
		}, {
			"streams":	[{
					"socket":	226,
					"start":	14.000166,
					"end":	15.000118,
					"seconds":	0.99995201826095581,
					"bytes":	21885280,
					"bits_per_second":	175090641.1534529,
					"omitted":	false,
					"sender":	false
				}],
			"sum":	{
				"start":	14.000166,
				"end":	15.000118,
				"seconds":	0.99995201826095581,
				"bytes":	21885280,
				"bits_per_second":	175090641.1534529,
				"omitted":	false,
				"sender":	false
			}
		}, {
			"streams":	[{
					"socket":	226,
					"start":	15.000118,
					"end":	16.000127,
					"seconds":	1.0000089406967163,
					"bytes":	19883200,
					"bits_per_second":	159064177.85542735,
					"omitted":	false,
					"sender":	false
				}],
			"sum":	{
				"start":	15.000118,
				"end":	16.000127,
				"seconds":	1.0000089406967163,
				"bytes":	19883200,