{"start": {"connected": [{"socket": 217, "local_host": "100.123.106.128", "local_port": 37211, "remote_host": "40.78.67.139", "remote_port": 5201}], "version": "iperf 3.7", "system_info": "Linux localhost 4.19.110-g9ceb3bf92e0a-ab6790968 #2 SMP PREEMPT Wed Aug 26 04:14:37 UTC 2020 aarch64", "timestamp": {"time": "2021-01-25 06:18:47 ", "timesecs": 1611595127.0}, "connecting_to": {"host": "40.78.67.139", "port": 5201}, "cookie": "guv2c2bb6bxqutov3gn4ps6442vaqq2hxvj3", "sock_bufsize": 0, "sndbuf_actual": 212992, "rcvbuf_actual": 212992, "test_start": {"protocol": "UDP", "num_streams": 1, "blksize": 1376, "omit": 0, "duration": 30, "bytes": 0, "blocks": 0, "reverse": 1, "tos": 0}}, "intervals": [{"streams": [{"socket": 217, "start": 0, "end": 1.000187, "seconds": 1.0001870393753052, "bytes": 45746496, "bits_per_second": 365903529.6323956, "jitter_ms": 0.7851496202120787, "lost_packets": 154970, "packets": 188216, "lost_percent": 82.33625196582649, "omitted": false, "sender": false}], "sum": {"start": 0, "end": 1.000187, "seconds": 1.0001870393753052, "bytes": 45746496, "bits_per_second": 365903529.6323956, "jitter_ms": 0.7851496202120787, "lost_packets": 154970, "packets": 188216, "lost_percent": 82.33625196582649, "omitted": false, "sender": false}}, {"streams": [{"socket": 217, "start": 1.000187, "end": 2.000058, "seconds": 0.999871015548706, "bytes": 40819040, "bits_per_second": 326594445.60536206, "jitter_ms": 0.02192368106790894, "lost_packets": 171280, "packets": 200945, "lost_percent": 85.23725397496827, "omitted": false, "sender": false}], "sum": {"start": 1.000187, "end": 2.000058, "seconds": 0.999871015548706, "bytes": 40819040, "bits_per_second": 326594445.60536206, "jitter_ms": 0.02192368106790894, "lost_packets": 171280, "packets": 200945, "lost_percent": 85.23725397496827, "omitted": false, "sender": false}}, {"streams": [{"socket": 217, "start": 2.000058, "end": 3.00173, "seconds": 1.0016720294952393, "bytes": 35163680, "bits_per_second": 280839867.45817083, "jitter_ms": 0.10745558911362785, "lost_packets": 174696, "packets": 200251, "lost_percent": 87.23851566284313, "omitted": false, "sender": false}], "sum": {"start": 2.000058, "end": 3.00173, "seconds": 1.0016720294952393, "bytes": 35163680, "bits_per_second": 280839867.45817083, "jitter_ms": 0.10745558911362785, "lost_packets": 174696, "packets": 200251, "lost_percent": 87.23851566284313, "omitted": false, "sender": false}}, {"streams": [{"socket": 217, "start": 3.00173, "end": 4.002071, "seconds": 1.0003410577774048, "bytes": 39059136, "bits_per_second": 312366552.95771265, "jitter_ms": 0.34176128712111425, "lost_packets": 173148, "packets": 201534, "lost_percent": 85.91503170680878, "omitted": false, "sender": false}], "sum": {"start": 3.00173, "end": 4.002071, "seconds": 1.0003410577774048, "bytes": 39059136, "bits_per_second": 312366552.95771265, "jitter_ms": 0.34176128712111425, "lost_packets": 173148, "packets": 201534, "lost_percent": 85.91503170680878, "omitted": false, "sender": false}}, {"streams": [{"socket": 217, "start": 4.002071, "end": 5.002163, "seconds": 1.0000920295715332, "bytes": 44721376, "bits_per_second": 357738085.5172687, "jitter_ms": 0.17577775525737638, "lost_packets": 174476, "packets": 206977, "lost_percent": 84.29728907076631, "omitted": false, "sender": false}], "sum": {"start": 4.002071, "end": 5.002163, "seconds": 1.0000920295715332, "bytes": 44721376, "bits_per_second": 357738085.5172687, "jitter_ms": 0.17577775525737638, "lost_packets": 174476, "packets": 206977, "lost_percent": 84.29728907076631, "omitted": false, "sender": false}}, {"streams": [{"socket": 217, "start": 5.002163, "end": 6.000111, "seconds": 0.9979479908943176, "bytes": 45134176, "bits_per_second": 361815857.43403494, "jitter_ms": 0.07262837765238293, "lost_packets": 167598, "packets": 200399, "lost_percent": 83.63215385306314, "omitted": false, "sender": false}], "sum": {"start": 5.002163, "end": 6.000111, "seconds": 0.9979479908943176, "bytes": 45134176, "bits_per_second": 361815857.43403494, "jitter_ms": 0.07262837765238293, "lost_packets": 167598, "packets": 200399, "lost_percent": 83.63215385306314, "omitted": false, "sender": false}}, {"streams": [{"socket": 217, "start": 6.000111, "end": 7.000035, "seconds": 0.9999240040779114, "bytes": 44319584, "bits_per_second": 354583618.9090765, "jitter_ms": 0.010892843135723468, "lost_packets": 176120, "packets": 208329, "lost_percent": 84.53935841865511, "omitted": false, "sender": false}], "sum": {"start": 6.000111, "end": 7.000035, "seconds": 0.9999240040779114, "bytes": 44319584, "bits_per_second": 354583618.9090765, "jitter_ms": 0.010892843135723468, "lost_packets": 176120, "packets": 208329, "lost_percent": 84.53935841865511, "omitted": false, "sender": false}}, {"streams": [{"socket": 217, "start": 7.000035, "end": 8.000321, "seconds": 1.0002859830856323, "bytes": 57216832, "bits_per_second": 457603789.0564086, "jitter_ms": 0.04573675127050479, "lost_packets": 149279, "packets": 190861, "lost_percent": 78.21346424885125, "omitted": false, "sender": false}], "sum": {"start": 7.000035, "end": 8.000321, "seconds": 1.0002859830856323, "bytes": 57216832, "bits_per_second": 457603789.0564086, "jitter_ms": 0.04573675127050479, "lost_packets": 149279, "packets": 190861, "lost_percent": 78.21346424885125, "omitted": false, "sender": false}}, {"streams": [{"socket": 217, "start": 8.000321, "end": 9.000915, "seconds": 1.0005940198898315, "bytes": 44798432, "bits_per_second": 358174693.1082594, "jitter_ms": 0.05731736415945998, "lost_packets": 174477, "packets": 207034, "lost_percent": 84.27456359824956, "omitted": false, "sender": false}], "sum": {"start": 8.000321, "end": 9.000915, "seconds": 1.0005940198898315, "bytes": 44798432, "bits_per_second": 358174693.1082594, "jitter_ms": 0.05731736415945998, "lost_packets": 174477, "packets": 207034, "lost_percent": 84.27456359824956, "omitted": false, "sender": false}}, {"streams": [{"socket": 217, "start": 9.000915, "end": 10.000035, "seconds": 0.9991199970245361, "bytes": 48905792, "bits_per_second": 391590937.1898918, "jitter_ms": 0.011632515089295846, "lost_packets": 160483, "packets": 196025, "lost_percent": 81.86863920418314, "omitted": false, "sender": false}], "sum": {"start": 9.000915, "end": 10.000035, "seconds": 0.9991199970245361, "bytes": 48905792, "bits_per_second": 391590937.1898918, "jitter_ms": 0.011632515089295846, "lost_packets": 160483, "packets": 196025, "lost_percent": 81.86863920418314, "omitted": false, "sender": false}}, {"streams": [{"socket": 217, "start": 10.000035, "end": 11.000023, "seconds": 0.9999880194664001, "bytes": 43437568, "bits_per_second": 347504707.29182184, "jitter_ms": 0.011515902730078433, "lost_packets": 170812, "packets": 202380, "lost_percent": 84.40162071350925, "omitted": false, "sender": false}], "sum": {"start": 10.000035, "end": 11.000023, "seconds": 0.9999880194664001, "bytes": 43437568, "bits_per_second": 347504707.29182184, "jitter_ms": 0.011515902730078433, "lost_packets": 170812, "packets": 202380, "lost_percent": 84.40162071350925, "omitted": false, "sender": false}}, {"streams": [{"socket": 217, "start": 11.000023, "end": 12.000023, "seconds": 1, "bytes": 47426592, "bits_per_second": 379412736, "jitter_ms": 0.020667193934012604, "lost_packets": 163614, "packets": 198081, "lost_percent": 82.59954261135596, "omitted": false, "sender": false}], "sum": {"start": 11.000023, "end": 12.000023, "seconds": 1, "bytes": 47426592, "bits_per_second": 379412736, "jitter_ms": 0.020667193934012604, "lost_packets": 163614, "packets": 198081, "lost_percent": 82.59954261135596, "omitted": false, "sender": false}}, {"streams": [{"socket": 217, "start": 12.000023, "end": 13.000311, "seconds": 1.0002880096435547, "bytes": 40096640, "bits_per_second": 320680760.84837323, "jitter_ms": 0.2144884295686712, "lost_packets": 167475, "packets": 196615, "lost_percent": 85.17915723622308, "omitted": false, "sender": false}], "sum": {"start": 12.000023,