{
	"start":	{
		"connected":	[{
				"socket":	137,
				"local_host":	"100.124.85.183",
				"local_port":	39258,
				"remote_host":	"20.55.123.19",
				"remote_port":	5201
			}],
		"version":	"iperf 3.7",
		"system_info":	"Linux localhost 4.19.110-g9ceb3bf92e0a-ab6790968 #2 SMP PREEMPT Wed Aug 26 04:14:37 UTC 2020 aarch64",
		"timestamp":	{
			"time":	"Mon, 17 May 2021 22:02:29 GMT",
			"timesecs":	1621288949
		},
		"connecting_to":	{
			"host":	"20.55.123.19",
			"port":	5201
		},
		"cookie":	"qz3xpq4elzp35gdkegigxgjzrirmodnpseqm",
		"tcp_mss_default":	1376,
		"target_bitrate":	30000000,
		"sock_bufsize":	0,
		"sndbuf_actual":	524288,
		"rcvbuf_actual":	1048576,
		"test_start":	{
			"protocol":	"TCP",
			"num_streams":	1,
			"blksize":	131072,
			"omit":	0,
			"duration":	10,
			"bytes":	0,
			"blocks":	0,
			"reverse":	1,
			"tos":	0
		}
	},
	"intervals":	[{
			"streams":	[{
					"socket":	137,
					"start":	0,
					"end":	1.000457,
					"seconds":	1.0004570484161377,
					"bytes":	652224,
					"bits_per_second":	5215408.30589428,
					"omitted":	false,
					"sender":	false
				}],
			"sum":	{
				"start":	0,
				"end":	1.000457,
				"seconds":	1.0004570484161377,
				"bytes":	652224,
				"bits_per_second":	5215408.30589428,
				"omitted":	false,
				"sender":	false
			}
		}, {
			"streams":	[{
					"socket":	137,
					"start":	1.000457,
					"end":	2.000125,
					"seconds":	0.99966800212860107,
					"bytes":	1026496,
					"bits_per_second":	8214695.2613409562,
					"omitted":	false,
					"sender":	false
				}],
			"sum":	{
				"start":	1.000457,
				"end":	2.000125,
				"seconds":	0.99966800212860107,
				"bytes":	1026496,
				"bits_per_second":	8214695.2613409562,
				"omitted":	false,
				"sender":	false
			}
		}, {
			"streams":	[{
					"socket":	137,
					"start":	2.000125,
					"end":	3.000412,
					"seconds":	1.0002870559692383,
					"bytes":	1069152,
					"bits_per_second":	8550761.4528834168,
					"omitted":	false,
					"sender":	false
				}],
			"sum":	{
				"start":	2.000125,
				"end":	3.000412,
				"seconds":	1.0002870559692383,
				"bytes":	1069152,
				"bits_per_second":	8550761.4528834168,
				"omitted":	false,
				"sender":	false
			}
		}, {
			"streams":	[{
					"socket":	137,
					"start":	3.000412,
					"end":	4.000142,
					"seconds":	0.99972999095916748,
					"bytes":	1060896,
					"bits_per_second":	8489460.2310141623,
					"omitted":	false,
					"sender":	false
				}],
			"sum":	{
				"start":	3.000412,
				"end":	4.000142,
				"seconds":	0.99972999095916748,
				"bytes":	1060896,
				"bits_per_second":	8489460.2310141623,
				"omitted":	false,
				"sender":	false
			}
		}, {
			"streams":	[{
					"socket":	137,
					"start":	4.000142,
					"end":	5.000305,
					"seconds":	1.0001629590988159,
					"bytes":	1034752,
					"bits_per_second":	8276667.2417650828,
					"omitted":	false,
					"sender":	false
				}],
			"sum":	{
				"start":	4.000142,
				"end":	5.000305,
				"seconds":	1.0001629590988159,
				"bytes":	1034752,
				"bits_per_second":	8276667.2417650828,
				"omitted":	false,
				"sender":	false
			}
		}, {
			"streams":	[{
					"socket":	137,
					"start":	5.000305,
					"end":	6.000144,
					"seconds":	0.99983900785446167,
					"bytes":	1055392,
					"bits_per_second":	8444495.4974481221,
					"omitted":	false,
					"sender":	false
				}],
			"sum":	{
				"start":	5.000305,
				"end":	6.000144,
				"seconds":	0.99983900785446167,
				"bytes":	1055392,
				"bits_per_second":	8444495.4974481221,
				"omitted":	false,
				"sender":	false
			}
		}, {
			"streams":	[{
					"socket":	137,
					"start":	6.000144,
					"end":	7.000127,
					"seconds":	0.999983012676239,
					"bytes":	1003104,
					"bits_per_second":	8024968.32273507,
					"omitted":	false,
					"sender":	false
				}],
			"sum":	{
				"start":	6.000144,
				"end":	7.000127,
				"seconds":	0.999983012676239,
				"bytes":	1003104,
				"bits_per_second":	8024968.32273507,
				"omitted":	false,
				"sender":	false
			}
		}, {
			"streams":	[{
					"socket":	137,
					"start":	7.000127,
					"end":	8.000147,
					"seconds":	1.0000200271606445,
					"bytes":	1040256,
					"bits_per_second":	8321881.3363456121,
					"omitted":	false,
					"sender":	false
				}],
			"sum":	{
				"start":	7.000127,
				"end":	8.000147,
				"seconds":	1.0000200271606445,
				"bytes":	1040256,
				"bits_per_second":	8321881.3363456121,
				"omitted":	false,
				"sender":	false
			}
		}, {
			"streams":	[{
					"socket":	137,
					"start":	8.000147,
					"end":	9.000147,
					"seconds":	1,
					"bytes":	997600,
					"bits_per_second":	7980800,
					"omitted":	false,
					"sender":	false
				}],
			"sum":	{
				"start":	8.000147,
				"end":	9.000147,
				"seconds":	1,
				"bytes":	997600,
				"bits_per_second":	7980800,
				"omitted":	false,
				"sender":	false
			}
		}, {
			"streams":	[{
					"socket":	137,
					"start":	9.000147,
					"end":	10.000266,
					"seconds":	1.0001189708709717,
					"bytes":	1041632,
					"bits_per_second":	8332064.7270024363,
					"omitted":	false,
					"sender":	false
				}],
			"sum":	{
				"start":	9.000147,
				"end":	10.000266,
				"seconds":	1.0001189708709717,
				"bytes":	1041632,
				"bits_per_second":	8332064.7270024363,
				"omitted":	false,
				"sender":	false
			}
		}],
	"end":	{
		"streams":	[{
				"sender":	{
					"socket":	137,
					"start":	0,
					"end":	10.000266,
					"seconds":	10.000266,
					"bytes":	10940800,
					"bits_per_second":	8752407.1859688535,
					"retransmits":	0,
					"max_snd_cwnd":	0,
					"max_rtt":	0,
					"min_rtt":	0,
					"mean_rtt":	0,
					"sender":	false
				},
				"receiver":	{
					"socket":	137,
					"start":	0,
					"end":	10.000266,
					"seconds":	10.000266,
					"bytes":	9981504,
					"bits_per_second":	7984990.79924474,
					"sender":	false
				}
			}],
		"sum_sent":	{
			"start":	0,
			"end":	10.000266,
			"seconds":	10.000266,
			"bytes":	10940800,
			"bits_per_second":	8752407.1859688535,
			"retransmits":	0,
			"sender":	false
		},
		"sum_received":	{
			"start":	0,
			"end":	10.000266,
			"seconds":	10.000266,
			"bytes":	9981504,
			"bits_per_second":	7984990.79924474,
			"sender":	false
		},
		"cpu_utilization_percent":	{
			"host_total":	14.365569278593318,
			"host_user":	9.3796578265648538,
			"host_system":	4.98626791681114,
			"remote_total":	0.087995,
			"remote_user":	0.017675,
			"remote_system":	0.070319
		}
	},
	"title":	"HUCKLEBERRY_830_cubic_1621288928_64462_10_1"
}
