{
	"start":	{
		"connected":	[{
				"socket":	517,
				"local_host":	"100.124.59.153",
				"local_port":	40532,
				"remote_host":	"40.124.132.228",
				"remote_port":	5201
			}],
		"version":	"iperf 3.7",
		"system_info":	"Linux localhost 4.19.110-g9ceb3bf92e0a-ab6790968 #2 SMP PREEMPT Wed Aug 26 04:14:37 UTC 2020 aarch64",
		"timestamp":	{
			"time":	"Tue, 11 May 2021 18:11:37 GMT",
			"timesecs":	1620756697
		},
		"connecting_to":	{
			"host":	"40.124.132.228",
			"port":	5201
		},
		"cookie":	"dqqyeurgnuuaitzo3dkb7frqzutawwgia6pm",
		"tcp_mss_default":	1376,
		"target_bitrate":	2000000000,
		"sock_bufsize":	0,
		"sndbuf_actual":	2097152,
		"rcvbuf_actual":	6291456,
		"test_start":	{
			"protocol":	"TCP",
			"num_streams":	1,
			"blksize":	131072,
			"omit":	0,
			"duration":	30,
			"bytes":	0,
			"blocks":	0,
			"reverse":	1,
			"tos":	0
		}
	},
	"intervals":	[{
			"streams":	[{
					"socket":	517,
					"start":	0,
					"end":	1.000106,
					"seconds":	1.0001059770584106,
					"bytes":	2035104,
					"bits_per_second":	16279106.788149038,
					"omitted":	false,
					"sender":	false
				}],
			"sum":	{
				"start":	0,
				"end":	1.000106,
				"seconds":	1.0001059770584106,
				"bytes":	2035104,
				"bits_per_second":	16279106.788149038,
				"omitted":	false,
				"sender":	false
			}
		}, {
			"streams":	[{
					"socket":	517,
					"start":	1.000106,
					"end":	2.000105,
					"seconds":	0.99999898672103882,
					"bytes":	7983552,
					"bits_per_second":	63868480.716587789,
					"omitted":	false,
					"sender":	false
				}],
			"sum":	{
				"start":	1.000106,
				"end":	2.000105,
				"seconds":	0.99999898672103882,
				"bytes":	7983552,
				"bits_per_second":	63868480.716587789,
				"omitted":	false,
				"sender":	false
			}
		}, {
			"streams":	[{
					"socket":	517,
					"start":	2.000105,
					"end":	3.000138,
					"seconds":	1.0000330209732056,
					"bytes":	12697728,
					"bits_per_second":	101578469.78007112,
					"omitted":	false,
					"sender":	false
				}],
			"sum":	{
				"start":	2.000105,
				"end":	3.000138,
				"seconds":	1.0000330209732056,
				"bytes":	12697728,
				"bits_per_second":	101578469.78007112,
				"omitted":	false,
				"sender":	false
			}
		}, {
			"streams":	[{
					"socket":	517,
					"start":	3.000138,
					"end":	4.000101,
					"seconds":	0.99996298551559448,
					"bytes":	38071168,
					"bits_per_second":	304580617.89453131,
					"omitted":	false,
					"sender":	false
				}],
			"sum":	{
				"start":	3.000138,
				"end":	4.000101,
				"seconds":	0.99996298551559448,
				"bytes":	38071168,
				"bits_per_second":	304580617.89453131,
				"omitted":	false,
				"sender":	false
			}
		}, {
			"streams":	[{
					"socket":	517,
					"start":	4.000101,
					"end":	5.000104,
					"seconds":	1.0000029802322388,
					"bytes":	61329696,
					"bits_per_second":	490636105.79046,
					"omitted":	false,
					"sender":	false
				}],
			"sum":	{
				"start":	4.000101,
				"end":	5.000104,
				"seconds":	1.0000029802322388,
				"bytes":	61329696,
				"bits_per_second":	490636105.79046,
				"omitted":	false,
				"sender":	false
			}
		}, {
			"streams":	[{
					"socket":	517,
					"start":	5.000104,
					"end":	6.000101,
					"seconds":	0.99999701976776123,
					"bytes":	62397472,
					"bits_per_second":	499181263.676095,
					"omitted":	false,
					"sender":	false
				}],
			"sum":	{
				"start":	5.000104,
				"end":	6.000101,
				"seconds":	0.99999701976776123,
				"bytes":	62397472,
				"bits_per_second":	499181263.676095,
				"omitted":	false,
				"sender":	false
			}
		}, {
			"streams":	[{
					"socket":	517,
					"start":	6.000101,
					"end":	7.000034,
					"seconds":	0.99993300437927246,
					"bytes":	62583232,
					"bits_per_second":	500699400.66714561,
					"omitted":	false,
					"sender":	false
				}],
			"sum":	{
				"start":	6.000101,
				"end":	7.000034,
				"seconds":	0.99993300437927246,
				"bytes":	62583232,
				"bits_per_second":	500699400.66714561,
				"omitted":	false,
				"sender":	false
			}
		}, {
			"streams":	[{
					"socket":	517,
					"start":	7.000034,
					"end":	8.000524,
					"seconds":	1.0004899501800537,
					"bytes":	62397472,
					"bits_per_second":	498935322.548882,
					"omitted":	false,
					"sender":	false
				}],
			"sum":	{
				"start":	7.000034,
				"end":	8.000524,
				"seconds":	1.0004899501800537,
				"bytes":	62397472,
				"bits_per_second":	498935322.548882,
				"omitted":	false,
				"sender":	false
			}
		}, {
			"streams":	[{
					"socket":	517,
					"start":	8.000524,
					"end":	9.000608,
					"seconds":	1.0000840425491333,
					"bytes":	61614528,
					"bits_per_second":	492874801.54527456,
					"omitted":	false,
					"sender":	false
				}],
			"sum":	{
				"start":	8.000524,
				"end":	9.000608,
				"seconds":	1.0000840425491333,
				"bytes":	61614528,
				"bits_per_second":	492874801.54527456,
				"omitted":	false,
				"sender":	false
			}
		}, {
			"streams":	[{
					"socket":	517,
					"start":	9.000608,
					"end":	10.000612,
					"seconds":	1.0000040531158447,
					"bytes":	53259456,
					"bits_per_second":	426073921.07303947,
					"omitted":	false,
					"sender":	false
				}],
			"sum":	{
				"start":	9.000608,
				"end":	10.000612,
				"seconds":	1.0000040531158447,
				"bytes":	53259456,
				"bits_per_second":	426073921.07303947,
				"omitted":	false,
				"sender":	false
			}
		}, {
			"streams":	[{
					"socket":	517,
					"start":	10.000612,
					"end":	11.000098,
					"seconds":	0.99948602914810181,
					"bytes":	62594240,
					"bits_per_second":	501011425.26905626,
					"omitted":	false,
					"sender":	false
				}],
			"sum":	{
				"start":	10.000612,
				"end":	11.000098,
				"seconds":	0.99948602914810181,
				"bytes":	62594240,
				"bits_per_second":	501011425.26905626,
				"omitted":	false,
				"sender":	false
			}
		}, {
			"streams":	[{
					"socket":	517,
					"start":	11.000098,
					"end":	12.00011,
					"seconds":	1.0000120401382446,
					"bytes":	60400896,
					"bits_per_second":	483201350.18894374,
					"omitted":	false,
					"sender":	false
				}],
			"sum":	{
				"start":	11.000098,
				"end":	12.00011,
				"seconds":	1.0000120401382446,
				"bytes":	60400896,
				"bits_per_second":	483201350.18894374,
				"omitted":	false,
				"sender":	false
			}
		}, {
			"streams":	[{
					"socket":	517,
					"start":	12.00011,
					"end":	13.000397,
					"seconds":	1.0002870559692383,
					"bytes":	49081920,
					"bits_per_second":	392542678.28101867,
					"omitted":	false,
					"sender":	false
				}],
			"sum":	{
				"start":	12.00011,
				"end":	13.000397,
				"seconds":	1.0002870559692383,
				"bytes":	49081920,
				"bits_per_second":	392542678.28101867,
				"omitted":	false,
				"sender":	false
			}
		}, {
			"streams":	[{
					"socket":	517,
					"start":	13.000397,
					"end":	14.000309,
					"seconds":	0.99991202354431152,
					"bytes":	62425344,
					"bits_per_second":	499446691.54972786,
					"omitted":	false,
					"sender":	false
				}],
			"sum":	{
				"start":	13.000397,
				"end":	14.000309,
				"seconds":	0.99991202354431152,
				"bytes":	62425344,
				"bits_per_second":	499446691.54972786,
				"omitted":	false,
				"sender":	false
			}
		}, {
			"streams":	[{
					"socket":	517,
					"start":	14.000309,
					"end":	15.000448,
					"seconds":	1.0001389980316162,
					"bytes":	61838464,
					"bits_per_second":	494638958.15845525,
					"omitted":	false,
					"sender":	false
				}],
			"sum":	{
				"start":	14.000309,
				"end":	15.000448,
				"seconds":	1.0001389980316162,
				"bytes":	61838464,
				"bits_per_second":	494638958.15845525,
				"omitted":	false,
				"sender":	false
			}
		}, {
			"streams":	[{
					"socket":	517,
					"start":	15.000448,
					"end":	16.00018,
					"seconds":	0.99973201751708984,
					"bytes":	61434624,
					"bits_per_second":	491608734.5292995,
					"omitted":	false,
					"sender":	false
				}],
			"sum":	{
				"start":	15.000448,
				"end":	16.00018,
				"seconds":	0.99973201751708984,
				"bytes":	61434624,