{
	"start":	{
		"connected":	[{
				"socket":	154,
				"local_host":	"100.124.85.183",
				"local_port":	40220,
				"remote_host":	"104.40.57.56",
				"remote_port":	5201
			}],
		"version":	"iperf 3.7",
		"system_info":	"Linux localhost 4.19.110-g9ceb3bf92e0a-ab6790968 #2 SMP PREEMPT Wed Aug 26 04:14:37 UTC 2020 aarch64",
		"timestamp":	{
			"time":	"Mon, 17 May 2021 23:51:42 GMT",
			"timesecs":	1621295502
		},
		"connecting_to":	{
			"host":	"104.40.57.56",
			"port":	5201
		},
		"cookie":	"xuurx2jk5d77dkc2hxmoy4lsk5mfvftzgkbv",
		"tcp_mss_default":	1376,
		"target_bitrate":	3000000000,
		"sock_bufsize":	0,
		"sndbuf_actual":	2097152,
		"rcvbuf_actual":	6291456,
		"test_start":	{
			"protocol":	"TCP",
			"num_streams":	1,
			"blksize":	131072,
			"omit":	0,
			"duration":	30,
			"bytes":	0,
			"blocks":	0,
			"reverse":	1,
			"tos":	0
		}
	},
	"intervals":	[{
			"streams":	[{
					"socket":	154,
					"start":	0,
					"end":	1.000402,
					"seconds":	1.0004019737243652,
					"bytes":	13537088,
					"bits_per_second":	108253189.06241816,
					"omitted":	false,
					"sender":	false
				}],
			"sum":	{
				"start":	0,
				"end":	1.000402,
				"seconds":	1.0004019737243652,
				"bytes":	13537088,
				"bits_per_second":	108253189.06241816,
				"omitted":	false,
				"sender":	false
			}
		}, {
			"streams":	[{
					"socket":	154,
					"start":	1.000402,
					"end":	2.00207,
					"seconds":	1.0016679763793945,
					"bytes":	37713760,
					"bits_per_second":	301207672.71661627,
					"omitted":	false,
					"sender":	false
				}],
			"sum":	{
				"start":	1.000402,
				"end":	2.00207,
				"seconds":	1.0016679763793945,
				"bytes":	37713760,
				"bits_per_second":	301207672.71661627,
				"omitted":	false,
				"sender":	false
			}
		}, {
			"streams":	[{
					"socket":	154,
					"start":	2.00207,
					"end":	3.000087,
					"seconds":	0.99801701307296753,
					"bytes":	73381728,
					"bits_per_second":	588220257.08000529,
					"omitted":	false,
					"sender":	false
				}],
			"sum":	{
				"start":	2.00207,
				"end":	3.000087,
				"seconds":	0.99801701307296753,
				"bytes":	73381728,
				"bits_per_second":	588220257.08000529,
				"omitted":	false,
				"sender":	false
			}
		}, {
			"streams":	[{
					"socket":	154,
					"start":	3.000087,
					"end":	4.000093,
					"seconds":	1.0000059604644775,
					"bytes":	121132032,
					"bits_per_second":	969050480.009037,
					"omitted":	false,
					"sender":	false
				}],
			"sum":	{
				"start":	3.000087,
				"end":	4.000093,
				"seconds":	1.0000059604644775,
				"bytes":	121132032,
				"bits_per_second":	969050480.009037,
				"omitted":	false,
				"sender":	false
			}
		}, {
			"streams":	[{
					"socket":	154,
					"start":	4.000093,
					"end":	5.000114,
					"seconds":	1.0000209808349609,
					"bytes":	121840672,
					"bits_per_second":	974704925.8768146,
					"omitted":	false,
					"sender":	false
				}],
			"sum":	{
				"start":	4.000093,
				"end":	5.000114,
				"seconds":	1.0000209808349609,
				"bytes":	121840672,
				"bits_per_second":	974704925.8768146,
				"omitted":	false,
				"sender":	false
			}
		}, {
			"streams":	[{
					"socket":	154,
					"start":	5.000114,
					"end":	6.000118,
					"seconds":	1.0000040531158447,
					"bytes":	122095232,
					"bits_per_second":	976757897.08709085,
					"omitted":	false,
					"sender":	false
				}],
			"sum":	{
				"start":	5.000114,
				"end":	6.000118,
				"seconds":	1.0000040531158447,
				"bytes":	122095232,
				"bits_per_second":	976757897.08709085,
				"omitted":	false,
				"sender":	false
			}
		}, {
			"streams":	[{
					"socket":	154,
					"start":	6.000118,
					"end":	7.000321,
					"seconds":	1.000203013420105,
					"bytes":	115418880,
					"bits_per_second":	923163625.395092,
					"omitted":	false,
					"sender":	false
				}],
			"sum":	{
				"start":	6.000118,
				"end":	7.000321,
				"seconds":	1.000203013420105,
				"bytes":	115418880,
				"bits_per_second":	923163625.395092,
				"omitted":	false,
				"sender":	false
			}
		}, {
			"streams":	[{
					"socket":	154,
					"start":	7.000321,
					"end":	8.000119,
					"seconds":	0.9997979998588562,
					"bytes":	120398624,
					"bits_per_second":	963383595.62229133,
					"omitted":	false,
					"sender":	false
				}],
			"sum":	{
				"start":	7.000321,
				"end":	8.000119,
				"seconds":	0.9997979998588562,
				"bytes":	120398624,
				"bits_per_second":	963383595.62229133,
				"omitted":	false,
				"sender":	false
			}
		}, {
			"streams":	[{
					"socket":	154,
					"start":	8.000119,
					"end":	9.000125,
					"seconds":	1.0000059604644775,
					"bytes":	120294048,
					"bits_per_second":	962346647.96698976,
					"omitted":	false,
					"sender":	false
				}],
			"sum":	{
				"start":	8.000119,
				"end":	9.000125,
				"seconds":	1.0000059604644775,
				"bytes":	120294048,
				"bits_per_second":	962346647.96698976,
				"omitted":	false,
				"sender":	false
			}
		}, {
			"streams":	[{
					"socket":	154,
					"start":	9.000125,
					"end":	10.000275,
					"seconds":	1.0001499652862549,
					"bytes":	118440928,
					"bits_per_second":	947385349.08493078,
					"omitted":	false,
					"sender":	false
				}],
			"sum":	{
				"start":	9.000125,
				"end":	10.000275,
				"seconds":	1.0001499652862549,
				"bytes":	118440928,
				"bits_per_second":	947385349.08493078,
				"omitted":	false,
				"sender":	false
			}
		}, {
			"streams":	[{
					"socket":	154,
					"start":	10.000275,
					"end":	11.000096,
					"seconds":	0.9998210072517395,
					"bytes":	123408960,
					"bits_per_second":	987448426.10755444,
					"omitted":	false,
					"sender":	false
				}],
			"sum":	{
				"start":	10.000275,
				"end":	11.000096,
				"seconds":	0.9998210072517395,
				"bytes":	123408960,
				"bits_per_second":	987448426.10755444,
				"omitted":	false,
				"sender":	false
			}
		}, {
			"streams":	[{
					"socket":	154,
					"start":	11.000096,
					"end":	12.000122,
					"seconds":	1.0000259876251221,
					"bytes":	122479136,
					"bits_per_second":	979807625.12674642,
					"omitted":	false,
					"sender":	false
				}],
			"sum":	{
				"start":	11.000096,
				"end":	12.000122,
				"seconds":	1.0000259876251221,
				"bytes":	122479136,
				"bits_per_second":	979807625.12674642,
				"omitted":	false,
				"sender":	false
			}
		}, {
			"streams":	[{
					"socket":	154,
					"start":	12.000122,
					"end":	13.000095,
					"seconds":	0.99997299909591675,
					"bytes":	120800416,
					"bits_per_second":	966429422.46813929,
					"omitted":	false,
					"sender":	false
				}],
			"sum":	{
				"start":	12.000122,
				"end":	13.000095,
				"seconds":	0.99997299909591675,
				"bytes":	120800416,
				"bits_per_second":	966429422.46813929,
				"omitted":	false,
				"sender":	false
			}
		}, {
			"streams":	[{
					"socket":	154,
					"start":	13.000095,
					"end":	14.000118,
					"seconds":	1.0000230073928833,
					"bytes":	117837888,
					"bits_per_second":	942681415.35831308,
					"omitted":	false,
					"sender":	false
				}],
			"sum":	{
				"start":	13.000095,
				"end":	14.000118,
				"seconds":	1.0000230073928833,
				"bytes":	117837888,
				"bits_per_second":	942681415.35831308,
				"omitted":	false,
				"sender":	false
			}
		}, {
			"streams":	[{
					"socket":	154,
					"start":	14.000118,
					"end":	15.000112,
					"seconds":	0.99999397993087769,
					"bytes":	121474656,
					"bits_per_second":	971803098.32182515,
					"omitted":	false,
					"sender":	false
				}],
			"sum":	{
				"start":	14.000118,
				"end":	15.000112,
				"seconds":	0.99999397993087769,
				"bytes":	121474656,
				"bits_per_second":	971803098.32182515,
				"omitted":	false,
				"sender":	false
			}
		}, {
			"streams":	[{
					"socket":	154,
					"start":	15.000112,
					"end":	16.000109,
					"seconds":	0.99999701976776123,
					"bytes":	122552064,
					"bits_per_second":	980419433.87760437,
					"omitted":	false,
					"sender":	false
				}],
			"sum":	{
				"start":	15.000112,
				"end":	16.000109,
				"seconds":	0.99999701976776123,