{
	"start":	{
		"connected":	[{
				"socket":	525,
				"local_host":	"100.124.59.153",
				"local_port":	40568,
				"remote_host":	"40.124.132.228",
				"remote_port":	5201
			}],
		"version":	"iperf 3.7",
		"system_info":	"Linux localhost 4.19.110-g9ceb3bf92e0a-ab6790968 #2 SMP PREEMPT Wed Aug 26 04:14:37 UTC 2020 aarch64",
		"timestamp":	{
			"time":	"Tue, 11 May 2021 18:13:26 GMT",
			"timesecs":	1620756806
		},
		"connecting_to":	{
			"host":	"40.124.132.228",
			"port":	5201
		},
		"cookie":	"k4a5sjrjgtarkmnk5dvhizbii4o2uy77a2za",
		"tcp_mss_default":	1376,
		"target_bitrate":	2000000000,
		"sock_bufsize":	0,
		"sndbuf_actual":	2097152,
		"rcvbuf_actual":	6291456,
		"test_start":	{
			"protocol":	"TCP",
			"num_streams":	1,
			"blksize":	131072,
			"omit":	0,
			"duration":	30,
			"bytes":	0,
			"blocks":	0,
			"reverse":	1,
			"tos":	0
		}
	},
	"intervals":	[{
			"streams":	[{
					"socket":	525,
					"start":	0,
					"end":	1.000407,
					"seconds":	1.0004069805145264,
					"bytes":	17669216,
					"bits_per_second":	141296223.19038534,
					"omitted":	false,
					"sender":	false
				}],
			"sum":	{
				"start":	0,
				"end":	1.000407,
				"seconds":	1.0004069805145264,
				"bytes":	17669216,
				"bits_per_second":	141296223.19038534,
				"omitted":	false,
				"sender":	false
			}
		}, {
			"streams":	[{
					"socket":	525,
					"start":	1.000407,
					"end":	2.00012,
					"seconds":	0.99971300363540649,
					"bytes":	46190944,
					"bits_per_second":	369633635.50962275,
					"omitted":	false,
					"sender":	false
				}],
			"sum":	{
				"start":	1.000407,
				"end":	2.00012,
				"seconds":	0.99971300363540649,
				"bytes":	46190944,
				"bits_per_second":	369633635.50962275,
				"omitted":	false,
				"sender":	false
			}
		}, {
			"streams":	[{
					"socket":	525,
					"start":	2.00012,
					"end":	3.000111,
					"seconds":	0.99999099969863892,
					"bytes":	109243392,
					"bits_per_second":	873955001.85839272,
					"omitted":	false,
					"sender":	false
				}],
			"sum":	{
				"start":	2.00012,
				"end":	3.000111,
				"seconds":	0.99999099969863892,
				"bytes":	109243392,
				"bits_per_second":	873955001.85839272,
				"omitted":	false,
				"sender":	false
			}
		}, {
			"streams":	[{
					"socket":	525,
					"start":	3.000111,
					"end":	4.0001,
					"seconds":	0.99998897314071655,
					"bytes":	155060064,
					"bits_per_second":	1240494190.7548833,
					"omitted":	false,
					"sender":	false
				}],
			"sum":	{
				"start":	3.000111,
				"end":	4.0001,
				"seconds":	0.99998897314071655,
				"bytes":	155060064,
				"bits_per_second":	1240494190.7548833,
				"omitted":	false,
				"sender":	false
			}
		}, {
			"streams":	[{
					"socket":	525,
					"start":	4.0001,
					"end":	5.000093,
					"seconds":	0.99999302625656128,
					"bytes":	153214848,
					"bits_per_second":	1225727331.9079385,
					"omitted":	false,
					"sender":	false
				}],
			"sum":	{
				"start":	4.0001,
				"end":	5.000093,
				"seconds":	0.99999302625656128,
				"bytes":	153214848,
				"bits_per_second":	1225727331.9079385,
				"omitted":	false,
				"sender":	false
			}
		}, {
			"streams":	[{
					"socket":	525,
					"start":	5.000093,
					"end":	6.000097,
					"seconds":	1.0000040531158447,
					"bytes":	156623200,
					"bits_per_second":	1252980521.5247951,
					"omitted":	false,
					"sender":	false
				}],
			"sum":	{
				"start":	5.000093,
				"end":	6.000097,
				"seconds":	1.0000040531158447,
				"bytes":	156623200,
				"bits_per_second":	1252980521.5247951,
				"omitted":	false,
				"sender":	false
			}
		}, {
			"streams":	[{
					"socket":	525,
					"start":	6.000097,
					"end":	7.000093,
					"seconds":	0.9999960064888,
					"bytes":	156148480,
					"bits_per_second":	1249192828.6655521,
					"omitted":	false,
					"sender":	false
				}],
			"sum":	{
				"start":	6.000097,
				"end":	7.000093,
				"seconds":	0.9999960064888,
				"bytes":	156148480,
				"bits_per_second":	1249192828.6655521,
				"omitted":	false,
				"sender":	false
			}
		}, {
			"streams":	[{
					"socket":	525,
					"start":	7.000093,
					"end":	8.001052,
					"seconds":	1.000959038734436,
					"bytes":	157069024,
					"bits_per_second":	1255348264.3892436,
					"omitted":	false,
					"sender":	false
				}],
			"sum":	{
				"start":	7.000093,
				"end":	8.001052,
				"seconds":	1.000959038734436,
				"bytes":	157069024,
				"bits_per_second":	1255348264.3892436,
				"omitted":	false,
				"sender":	false
			}
		}, {
			"streams":	[{
					"socket":	525,
					"start":	8.001052,
					"end":	9.0001,
					"seconds":	0.99904799461364746,
					"bytes":	158142304,
					"bits_per_second":	1266343998.3073637,
					"omitted":	false,
					"sender":	false
				}],
			"sum":	{
				"start":	8.001052,
				"end":	9.0001,
				"seconds":	0.99904799461364746,
				"bytes":	158142304,
				"bits_per_second":	1266343998.3073637,
				"omitted":	false,
				"sender":	false
			}
		}, {
			"streams":	[{
					"socket":	525,
					"start":	9.0001,
					"end":	10.000122,
					"seconds":	1.0000220537185669,
					"bytes":	158329440,
					"bits_per_second":	1266607586.5927505,
					"omitted":	false,
					"sender":	false
				}],
			"sum":	{
				"start":	9.0001,
				"end":	10.000122,
				"seconds":	1.0000220537185669,
				"bytes":	158329440,
				"bits_per_second":	1266607586.5927505,
				"omitted":	false,
				"sender":	false
			}
		}, {
			"streams":	[{
					"socket":	525,
					"start":	10.000122,
					"end":	11.000142,
					"seconds":	1.0000200271606445,
					"bytes":	156471840,
					"bits_per_second":	1251749651.0086524,
					"omitted":	false,
					"sender":	false
				}],
			"sum":	{
				"start":	10.000122,
				"end":	11.000142,
				"seconds":	1.0000200271606445,
				"bytes":	156471840,
				"bits_per_second":	1251749651.0086524,
				"omitted":	false,
				"sender":	false
			}
		}, {
			"streams":	[{
					"socket":	525,
					"start":	11.000142,
					"end":	12.000093,
					"seconds":	0.99995100498199463,
					"bytes":	155295360,
					"bits_per_second":	1242423752.5741277,
					"omitted":	false,
					"sender":	false
				}],
			"sum":	{
				"start":	11.000142,
				"end":	12.000093,
				"seconds":	0.99995100498199463,
				"bytes":	155295360,
				"bits_per_second":	1242423752.5741277,
				"omitted":	false,
				"sender":	false
			}
		}, {
			"streams":	[{
					"socket":	525,
					"start":	12.000093,
					"end":	13.000035,
					"seconds":	0.99994200468063354,
					"bytes":	157121312,
					"bits_per_second":	1257043398.6333613,
					"omitted":	false,
					"sender":	false
				}],
			"sum":	{
				"start":	12.000093,
				"end":	13.000035,
				"seconds":	0.99994200468063354,
				"bytes":	157121312,
				"bits_per_second":	1257043398.6333613,
				"omitted":	false,
				"sender":	false
			}
		}, {
			"streams":	[{
					"socket":	525,
					"start":	13.000035,
					"end":	14.000137,
					"seconds":	1.0001020431518555,
					"bytes":	156689248,
					"bits_per_second":	1253386084.5334425,
					"omitted":	false,
					"sender":	false
				}],
			"sum":	{
				"start":	13.000035,
				"end":	14.000137,
				"seconds":	1.0001020431518555,
				"bytes":	156689248,
				"bits_per_second":	1253386084.5334425,
				"omitted":	false,
				"sender":	false
			}
		}, {
			"streams":	[{
					"socket":	525,
					"start":	14.000137,
					"end":	15.000203,
					"seconds":	1.0000660419464111,
					"bytes":	156533760,
					"bits_per_second":	1252187383.1079481,
					"omitted":	false,
					"sender":	false
				}],
			"sum":	{
				"start":	14.000137,
				"end":	15.000203,
				"seconds":	1.0000660419464111,
				"bytes":	156533760,
				"bits_per_second":	1252187383.1079481,
				"omitted":	false,
				"sender":	false
			}
		}, {
			"streams":	[{
					"socket":	525,
					"start":	15.000203,
					"end":	16.000094,
					"seconds":	0.99989098310470581,
					"bytes":	156041152,
					"bits_per_second":	1248465319.8130486,
					"omitted":	false,
					"sender":	false
				}],
			"sum":	{
				"start":	15.000203,
				"end":	16.000094,
				"seconds":	0.99989098310470581,