{
	"start":	{
		"connected":	[{
				"socket":	167,
				"local_host":	"100.124.85.183",
				"local_port":	39488,
				"remote_host":	"13.78.225.186",
				"remote_port":	5201
			}],
		"version":	"iperf 3.7",
		"system_info":	"Linux localhost 4.19.110-g9ceb3bf92e0a-ab6790968 #2 SMP PREEMPT Wed Aug 26 04:14:37 UTC 2020 aarch64",
		"timestamp":	{
			"time":	"Mon, 17 May 2021 22:10:44 GMT",
			"timesecs":	1621289444
		},
		"connecting_to":	{
			"host":	"13.78.225.186",
			"port":	5201
		},
		"cookie":	"ehod5fiecyeddj2n6ulcbdvpolqenmtlb3h7",
		"tcp_mss_default":	1376,
		"target_bitrate":	3000000000,
		"sock_bufsize":	0,
		"sndbuf_actual":	1048576,
		"rcvbuf_actual":	6291456,
		"test_start":	{
			"protocol":	"TCP",
			"num_streams":	1,
			"blksize":	131072,
			"omit":	0,
			"duration":	10,
			"bytes":	0,
			"blocks":	0,
			"reverse":	1,
			"tos":	0
		}
	},
	"intervals":	[{
			"streams":	[{
					"socket":	167,
					"start":	0,
					"end":	1.000798,
					"seconds":	1.0007979869842529,
					"bytes":	784320,
					"bits_per_second":	6269556.9751368091,
					"omitted":	false,
					"sender":	false
				}],
			"sum":	{
				"start":	0,
				"end":	1.000798,
				"seconds":	1.0007979869842529,
				"bytes":	784320,
				"bits_per_second":	6269556.9751368091,
				"omitted":	false,
				"sender":	false
			}
		}, {
			"streams":	[{
					"socket":	167,
					"start":	1.000798,
					"end":	2.000144,
					"seconds":	0.99934601783752441,
					"bytes":	1063648,
					"bits_per_second":	8514752.4962504432,
					"omitted":	false,
					"sender":	false
				}],
			"sum":	{
				"start":	1.000798,
				"end":	2.000144,
				"seconds":	0.99934601783752441,
				"bytes":	1063648,
				"bits_per_second":	8514752.4962504432,
				"omitted":	false,
				"sender":	false
			}
		}, {
			"streams":	[{
					"socket":	167,
					"start":	2.000144,
					"end":	3.000466,
					"seconds":	1.0003219842910767,
					"bytes":	1497088,
					"bits_per_second":	11972848.930724872,
					"omitted":	false,
					"sender":	false
				}],
			"sum":	{
				"start":	2.000144,
				"end":	3.000466,
				"seconds":	1.0003219842910767,
				"bytes":	1497088,
				"bits_per_second":	11972848.930724872,
				"omitted":	false,
				"sender":	false
			}
		}, {
			"streams":	[{
					"socket":	167,
					"start":	3.000466,
					"end":	4.00016,
					"seconds":	0.99969398975372314,
					"bytes":	1502592,
					"bits_per_second":	12024415.594377371,
					"omitted":	false,
					"sender":	false
				}],
			"sum":	{
				"start":	3.000466,
				"end":	4.00016,
				"seconds":	0.99969398975372314,
				"bytes":	1502592,
				"bits_per_second":	12024415.594377371,
				"omitted":	false,
				"sender":	false
			}
		}, {
			"streams":	[{
					"socket":	167,
					"start":	4.00016,
					"end":	5.000173,
					"seconds":	1.000012993812561,
					"bytes":	1700736,
					"bits_per_second":	13605711.209938778,
					"omitted":	false,
					"sender":	false
				}],
			"sum":	{
				"start":	4.00016,
				"end":	5.000173,
				"seconds":	1.000012993812561,
				"bytes":	1700736,
				"bits_per_second":	13605711.209938778,
				"omitted":	false,
				"sender":	false
			}
		}, {
			"streams":	[{
					"socket":	167,
					"start":	5.000173,
					"end":	6.000162,
					"seconds":	0.99998897314071655,
					"bytes":	1521856,
					"bits_per_second":	12174982.25181607,
					"omitted":	false,
					"sender":	false
				}],
			"sum":	{
				"start":	5.000173,
				"end":	6.000162,
				"seconds":	0.99998897314071655,
				"bytes":	1521856,
				"bits_per_second":	12174982.25181607,
				"omitted":	false,
				"sender":	false
			}
		}, {
			"streams":	[{
					"socket":	167,
					"start":	6.000162,
					"end":	7.000161,
					"seconds":	0.99999898672103882,
					"bytes":	1744768,
					"bits_per_second":	13958158.143507984,
					"omitted":	false,
					"sender":	false
				}],
			"sum":	{
				"start":	6.000162,
				"end":	7.000161,
				"seconds":	0.99999898672103882,
				"bytes":	1744768,
				"bits_per_second":	13958158.143507984,
				"omitted":	false,
				"sender":	false
			}
		}, {
			"streams":	[{
					"socket":	167,
					"start":	7.000161,
					"end":	8.000162,
					"seconds":	1.0000009536743164,
					"bytes":	1897504,
					"bits_per_second":	15180017.523207165,
					"omitted":	false,
					"sender":	false
				}],
			"sum":	{
				"start":	7.000161,
				"end":	8.000162,
				"seconds":	1.0000009536743164,
				"bytes":	1897504,
				"bits_per_second":	15180017.523207165,
				"omitted":	false,
				"sender":	false
			}
		}, {
			"streams":	[{
					"socket":	167,
					"start":	8.000162,
					"end":	9.000165,
					"seconds":	1.0000029802322388,
					"bytes":	1663584,
					"bits_per_second":	13308632.337184856,
					"omitted":	false,
					"sender":	false
				}],
			"sum":	{
				"start":	8.000162,
				"end":	9.000165,
				"seconds":	1.0000029802322388,
				"bytes":	1663584,
				"bits_per_second":	13308632.337184856,
				"omitted":	false,
				"sender":	false
			}
		}, {
			"streams":	[{
					"socket":	167,
					"start":	9.000165,
					"end":	10.00179,
					"seconds":	1.0016249418258667,
					"bytes":	1048512,
					"bits_per_second":	8374487.94426914,
					"omitted":	false,
					"sender":	false
				}],
			"sum":	{
				"start":	9.000165,
				"end":	10.00179,
				"seconds":	1.0016249418258667,
				"bytes":	1048512,
				"bits_per_second":	8374487.94426914,
				"omitted":	false,
				"sender":	false
			}
		}],
	"end":	{
		"streams":	[{
				"sender":	{
					"socket":	167,
					"start":	0,
					"end":	10.00179,
					"seconds":	10.00179,
					"bytes":	16229856,
					"bits_per_second":	12981561.100562999,
					"retransmits":	3,
					"max_snd_cwnd":	0,
					"max_rtt":	0,
					"min_rtt":	0,
					"mean_rtt":	0,
					"sender":	false
				},
				"receiver":	{
					"socket":	167,
					"start":	0,
					"end":	10.00179,
					"seconds":	10.00179,
					"bytes":	14424608,
					"bits_per_second":	11537621.165811321,
					"sender":	false
				}
			}],
		"sum_sent":	{
			"start":	0,
			"end":	10.00179,
			"seconds":	10.00179,
			"bytes":	16229856,
			"bits_per_second":	12981561.100562999,
			"retransmits":	3,
			"sender":	false
		},
		"sum_received":	{
			"start":	0,
			"end":	10.00179,
			"seconds":	10.00179,
			"bytes":	14424608,
			"bits_per_second":	11537621.165811321,
			"sender":	false
		},
		"cpu_utilization_percent":	{
			"host_total":	6.2624039582292639,
			"host_user":	3.4034586931182949,
			"host_system":	2.8593448940269748,
			"remote_total":	0.180567,
			"remote_user":	0.087202,
			"remote_system":	0.093364
		}
	},
	"title":	"HUCKLEBERRY_830_cubic_null_64466_10_1"
}
