{
	"start":	{
		"connected":	[{
				"socket":	426,
				"local_host":	"100.124.59.153",
				"local_port":	39458,
				"remote_host":	"104.210.37.160",
				"remote_port":	5201
			}],
		"version":	"iperf 3.7",
		"system_info":	"Linux localhost 4.19.110-g9ceb3bf92e0a-ab6790968 #2 SMP PREEMPT Wed Aug 26 04:14:37 UTC 2020 aarch64",
		"timestamp":	{
			"time":	"Tue, 11 May 2021 17:50:27 GMT",
			"timesecs":	1620755427
		},
		"connecting_to":	{
			"host":	"104.210.37.160",
			"port":	5201
		},
		"cookie":	"56yjuh5ka5ea4ft6ehtmjrea4vybowqrvwh4",
		"tcp_mss_default":	1376,
		"target_bitrate":	2000000000,
		"sock_bufsize":	0,
		"sndbuf_actual":	2097152,
		"rcvbuf_actual":	6291456,
		"test_start":	{
			"protocol":	"TCP",
			"num_streams":	1,
			"blksize":	131072,
			"omit":	0,
			"duration":	30,
			"bytes":	0,
			"blocks":	0,
			"reverse":	1,
			"tos":	0
		}
	},
	"intervals":	[{
			"streams":	[{
					"socket":	426,
					"start":	0,
					"end":	1.000167,
					"seconds":	1.0001670122146606,
					"bytes":	17070656,
					"bits_per_second":	136542443.74407512,
					"omitted":	false,
					"sender":	false
				}],
			"sum":	{
				"start":	0,
				"end":	1.000167,
				"seconds":	1.0001670122146606,
				"bytes":	17070656,
				"bits_per_second":	136542443.74407512,
				"omitted":	false,
				"sender":	false
			}
		}, {
			"streams":	[{
					"socket":	426,
					"start":	1.000167,
					"end":	2.00016,
					"seconds":	0.99999302625656128,
					"bytes":	44242528,
					"bits_per_second":	353942692.30552816,
					"omitted":	false,
					"sender":	false
				}],
			"sum":	{
				"start":	1.000167,
				"end":	2.00016,
				"seconds":	0.99999302625656128,
				"bytes":	44242528,
				"bits_per_second":	353942692.30552816,
				"omitted":	false,
				"sender":	false
			}
		}, {
			"streams":	[{
					"socket":	426,
					"start":	2.00016,
					"end":	3.000667,
					"seconds":	1.0005069971084595,
					"bytes":	47809472,
					"bits_per_second":	382281960.15158695,
					"omitted":	false,
					"sender":	false
				}],
			"sum":	{
				"start":	2.00016,
				"end":	3.000667,
				"seconds":	1.0005069971084595,
				"bytes":	47809472,
				"bits_per_second":	382281960.15158695,
				"omitted":	false,
				"sender":	false
			}
		}, {
			"streams":	[{
					"socket":	426,
					"start":	3.000667,
					"end":	4.000205,
					"seconds":	0.999538004398346,
					"bytes":	42965248,
					"bits_per_second":	343880855.44270754,
					"omitted":	false,
					"sender":	false
				}],
			"sum":	{
				"start":	3.000667,
				"end":	4.000205,
				"seconds":	0.999538004398346,
				"bytes":	42965248,
				"bits_per_second":	343880855.44270754,
				"omitted":	false,
				"sender":	false
			}
		}, {
			"streams":	[{
					"socket":	426,
					"start":	4.000205,
					"end":	5.000153,
					"seconds":	0.99994802474975586,
					"bytes":	52473760,
					"bits_per_second":	419811899.828549,
					"omitted":	false,
					"sender":	false
				}],
			"sum":	{
				"start":	4.000205,
				"end":	5.000153,
				"seconds":	0.99994802474975586,
				"bytes":	52473760,
				"bits_per_second":	419811899.828549,
				"omitted":	false,
				"sender":	false
			}
		}, {
			"streams":	[{
					"socket":	426,
					"start":	5.000153,
					"end":	6.000993,
					"seconds":	1.0008399486541748,
					"bytes":	57484128,
					"bits_per_second":	459487078.44684786,
					"omitted":	false,
					"sender":	false
				}],
			"sum":	{
				"start":	5.000153,
				"end":	6.000993,
				"seconds":	1.0008399486541748,
				"bytes":	57484128,
				"bits_per_second":	459487078.44684786,
				"omitted":	false,
				"sender":	false
			}
		}, {
			"streams":	[{
					"socket":	426,
					"start":	6.000993,
					"end":	7.000108,
					"seconds":	0.999114990234375,
					"bytes":	63338304,
					"bits_per_second":	507155269.36607718,
					"omitted":	false,
					"sender":	false
				}],
			"sum":	{
				"start":	6.000993,
				"end":	7.000108,
				"seconds":	0.999114990234375,
				"bytes":	63338304,
				"bits_per_second":	507155269.36607718,
				"omitted":	false,
				"sender":	false
			}
		}, {
			"streams":	[{
					"socket":	426,
					"start":	7.000108,
					"end":	8.00015,
					"seconds":	1.0000419616699219,
					"bytes":	31171904,
					"bits_per_second":	249364768.23790506,
					"omitted":	false,
					"sender":	false
				}],
			"sum":	{
				"start":	7.000108,
				"end":	8.00015,
				"seconds":	1.0000419616699219,
				"bytes":	31171904,
				"bits_per_second":	249364768.23790506,
				"omitted":	false,
				"sender":	false
			}
		}, {
			"streams":	[{
					"socket":	426,
					"start":	8.00015,
					"end":	9.000643,
					"seconds":	1.000493049621582,
					"bytes":	13184832,
					"bits_per_second":	105426675.41758071,
					"omitted":	false,
					"sender":	false
				}],
			"sum":	{
				"start":	8.00015,
				"end":	9.000643,
				"seconds":	1.000493049621582,
				"bytes":	13184832,
				"bits_per_second":	105426675.41758071,
				"omitted":	false,
				"sender":	false
			}
		}, {
			"streams":	[{
					"socket":	426,
					"start":	9.000643,
					"end":	10.000534,
					"seconds":	0.99989098310470581,
					"bytes":	13771360,
					"bits_per_second":	110182891.79677822,
					"omitted":	false,
					"sender":	false
				}],
			"sum":	{
				"start":	9.000643,
				"end":	10.000534,
				"seconds":	0.99989098310470581,
				"bytes":	13771360,
				"bits_per_second":	110182891.79677822,
				"omitted":	false,
				"sender":	false
			}
		}, {
			"streams":	[{
					"socket":	426,
					"start":	10.000534,
					"end":	11.000109,
					"seconds":	0.99957501888275146,
					"bytes":	14962272,
					"bits_per_second":	119749067.09232236,
					"omitted":	false,
					"sender":	false
				}],
			"sum":	{
				"start":	10.000534,
				"end":	11.000109,
				"seconds":	0.99957501888275146,
				"bytes":	14962272,
				"bits_per_second":	119749067.09232236,
				"omitted":	false,
				"sender":	false
			}
		}, {
			"streams":	[{
					"socket":	426,
					"start":	11.000109,
					"end":	12.000111,
					"seconds":	1.0000020265579224,
					"bytes":	16677120,
					"bits_per_second":	133416689.62335066,
					"omitted":	false,
					"sender":	false
				}],
			"sum":	{
				"start":	11.000109,
				"end":	12.000111,
				"seconds":	1.0000020265579224,
				"bytes":	16677120,
				"bits_per_second":	133416689.62335066,
				"omitted":	false,
				"sender":	false
			}
		}, {
			"streams":	[{
					"socket":	426,
					"start":	12.000111,
					"end":	13.000861,
					"seconds":	1.000749945640564,
					"bytes":	13447648,
					"bits_per_second":	107500564.42035478,
					"omitted":	false,
					"sender":	false
				}],
			"sum":	{
				"start":	12.000111,
				"end":	13.000861,
				"seconds":	1.000749945640564,
				"bytes":	13447648,
				"bits_per_second":	107500564.42035478,
				"omitted":	false,
				"sender":	false
			}
		}, {
			"streams":	[{
					"socket":	426,
					"start":	13.000861,
					"end":	14.00018,
					"seconds":	0.99931901693344116,
					"bytes":	12151456,
					"bits_per_second":	97277892.5976095,
					"omitted":	false,
					"sender":	false
				}],
			"sum":	{
				"start":	13.000861,
				"end":	14.00018,
				"seconds":	0.99931901693344116,
				"bytes":	12151456,
				"bits_per_second":	97277892.5976095,
				"omitted":	false,
				"sender":	false
			}
		}, {
			"streams":	[{
					"socket":	426,
					"start":	14.00018,
					"end":	15.000318,
					"seconds":	1.0001380443572998,
					"bytes":	12044128,
					"bits_per_second":	96339724.8446014,
					"omitted":	false,
					"sender":	false
				}],
			"sum":	{
				"start":	14.00018,
				"end":	15.000318,
				"seconds":	1.0001380443572998,
				"bytes":	12044128,
				"bits_per_second":	96339724.8446014,
				"omitted":	false,
				"sender":	false
			}
		}, {
			"streams":	[{
					"socket":	426,
					"start":	15.000318,
					"end":	16.000161,
					"seconds":	0.99984300136566162,
					"bytes":	9687040,
					"bits_per_second":	77508488.726879746,
					"omitted":	false,
					"sender":	false
				}],
			"sum":	{
				"start":	15.000318,
				"end":	16.000161,
				"seconds":	0.99984300136566162,
				"bytes":	9687040,