{
	"start":	{
		"connected":	[{
				"socket":	367,
				"local_host":	"100.124.85.183",
				"local_port":	40904,
				"remote_host":	"13.78.225.186",
				"remote_port":	5201
			}],
		"version":	"iperf 3.7",
		"system_info":	"Linux localhost 4.19.110-g9ceb3bf92e0a-ab6790968 #2 SMP PREEMPT Wed Aug 26 04:14:37 UTC 2020 aarch64",
		"timestamp":	{
			"time":	"Mon, 17 May 2021 23:33:45 GMT",
			"timesecs":	1621294425
		},
		"connecting_to":	{
			"host":	"13.78.225.186",
			"port":	5201
		},
		"cookie":	"qhoea2mv7ap4c6pe2nonph6n2q3fqycegbyw",
		"tcp_mss_default":	1376,
		"target_bitrate":	3000000000,
		"sock_bufsize":	0,
		"sndbuf_actual":	2097152,
		"rcvbuf_actual":	6291456,
		"test_start":	{
			"protocol":	"TCP",
			"num_streams":	1,
			"blksize":	131072,
			"omit":	0,
			"duration":	30,
			"bytes":	0,
			"blocks":	0,
			"reverse":	1,
			"tos":	0
		}
	},
	"intervals":	[{
			"streams":	[{
					"socket":	367,
					"start":	0,
					"end":	1.000092,
					"seconds":	1.0000920295715332,
					"bytes":	12791296,
					"bits_per_second":	102320951.44667949,
					"omitted":	false,
					"sender":	false
				}],
			"sum":	{
				"start":	0,
				"end":	1.000092,
				"seconds":	1.0000920295715332,
				"bytes":	12791296,
				"bits_per_second":	102320951.44667949,
				"omitted":	false,
				"sender":	false
			}
		}, {
			"streams":	[{
					"socket":	367,
					"start":	1.000092,
					"end":	2.000103,
					"seconds":	1.0000109672546387,
					"bytes":	21884832,
					"bits_per_second":	175076735.8888562,
					"omitted":	false,
					"sender":	false
				}],
			"sum":	{
				"start":	1.000092,
				"end":	2.000103,
				"seconds":	1.0000109672546387,
				"bytes":	21884832,
				"bits_per_second":	175076735.8888562,
				"omitted":	false,
				"sender":	false
			}
		}, {
			"streams":	[{
					"socket":	367,
					"start":	2.000103,
					"end":	3.000116,
					"seconds":	1.000012993812561,
					"bytes":	16591808,
					"bits_per_second":	132732739.29566488,
					"omitted":	false,
					"sender":	false
				}],
			"sum":	{
				"start":	2.000103,
				"end":	3.000116,
				"seconds":	1.000012993812561,
				"bytes":	16591808,
				"bits_per_second":	132732739.29566488,
				"omitted":	false,
				"sender":	false
			}
		}, {
			"streams":	[{
					"socket":	367,
					"start":	3.000116,
					"end":	4.000125,
					"seconds":	1.0000089406967163,
					"bytes":	9069216,
					"bits_per_second":	72553079.324921921,
					"omitted":	false,
					"sender":	false
				}],
			"sum":	{
				"start":	3.000116,
				"end":	4.000125,
				"seconds":	1.0000089406967163,
				"bytes":	9069216,
				"bits_per_second":	72553079.324921921,
				"omitted":	false,
				"sender":	false
			}
		}, {
			"streams":	[{
					"socket":	367,
					"start":	4.000125,
					"end":	5.000514,
					"seconds":	1.0003889799118042,
					"bytes":	9845280,
					"bits_per_second":	78731614.98334758,
					"omitted":	false,
					"sender":	false
				}],
			"sum":	{
				"start":	4.000125,
				"end":	5.000514,
				"seconds":	1.0003889799118042,
				"bytes":	9845280,
				"bits_per_second":	78731614.98334758,
				"omitted":	false,
				"sender":	false
			}
		}, {
			"streams":	[{
					"socket":	367,
					"start":	5.000514,
					"end":	6.000077,
					"seconds":	0.99956297874450684,
					"bytes":	9476512,
					"bits_per_second":	75845241.982874542,
					"omitted":	false,
					"sender":	false
				}],
			"sum":	{
				"start":	5.000514,
				"end":	6.000077,
				"seconds":	0.99956297874450684,
				"bytes":	9476512,
				"bits_per_second":	75845241.982874542,
				"omitted":	false,
				"sender":	false
			}
		}, {
			"streams":	[{
					"socket":	367,
					"start":	6.000077,
					"end":	7.000126,
					"seconds":	1.0000489950180054,
					"bytes":	12476192,
					"bits_per_second":	99804646.0695688,
					"omitted":	false,
					"sender":	false
				}],
			"sum":	{
				"start":	6.000077,
				"end":	7.000126,
				"seconds":	1.0000489950180054,
				"bytes":	12476192,
				"bits_per_second":	99804646.0695688,
				"omitted":	false,
				"sender":	false
			}
		}, {
			"streams":	[{
					"socket":	367,
					"start":	7.000126,
					"end":	8.000378,
					"seconds":	1.0002520084381104,
					"bytes":	11751040,
					"bits_per_second":	93984635.0789074,
					"omitted":	false,
					"sender":	false
				}],
			"sum":	{
				"start":	7.000126,
				"end":	8.000378,
				"seconds":	1.0002520084381104,
				"bytes":	11751040,
				"bits_per_second":	93984635.0789074,
				"omitted":	false,
				"sender":	false
			}
		}, {
			"streams":	[{
					"socket":	367,
					"start":	8.000378,
					"end":	9.000148,
					"seconds":	0.99976998567581177,
					"bytes":	9088480,
					"bits_per_second":	72724567.692289621,
					"omitted":	false,
					"sender":	false
				}],
			"sum":	{
				"start":	8.000378,
				"end":	9.000148,
				"seconds":	0.99976998567581177,
				"bytes":	9088480,
				"bits_per_second":	72724567.692289621,
				"omitted":	false,
				"sender":	false
			}
		}, {
			"streams":	[{
					"socket":	367,
					"start":	9.000148,
					"end":	10.000171,
					"seconds":	1.0000230073928833,
					"bytes":	8877952,
					"bits_per_second":	71021981.969357476,
					"omitted":	false,
					"sender":	false
				}],
			"sum":	{
				"start":	9.000148,
				"end":	10.000171,
				"seconds":	1.0000230073928833,
				"bytes":	8877952,
				"bits_per_second":	71021981.969357476,
				"omitted":	false,
				"sender":	false
			}
		}, {
			"streams":	[{
					"socket":	367,
					"start":	10.000171,
					"end":	11.000162,
					"seconds":	0.99999099969863892,
					"bytes":	8305536,
					"bits_per_second":	66444886.023998119,
					"omitted":	false,
					"sender":	false
				}],
			"sum":	{
				"start":	10.000171,
				"end":	11.000162,
				"seconds":	0.99999099969863892,
				"bytes":	8305536,
				"bits_per_second":	66444886.023998119,
				"omitted":	false,
				"sender":	false
			}
		}, {
			"streams":	[{
					"socket":	367,
					"start":	11.000162,
					"end":	12.000142,
					"seconds":	0.99997997283935547,
					"bytes":	9758592,
					"bits_per_second":	78070299.52643019,
					"omitted":	false,
					"sender":	false
				}],
			"sum":	{
				"start":	11.000162,
				"end":	12.000142,
				"seconds":	0.99997997283935547,
				"bytes":	9758592,
				"bits_per_second":	78070299.52643019,
				"omitted":	false,
				"sender":	false
			}
		}, {
			"streams":	[{
					"socket":	367,
					"start":	12.000142,
					"end":	13.000162,
					"seconds":	1.0000200271606445,
					"bytes":	9029312,
					"bits_per_second":	72233049.377116278,
					"omitted":	false,
					"sender":	false
				}],
			"sum":	{
				"start":	12.000142,
				"end":	13.000162,
				"seconds":	1.0000200271606445,
				"bytes":	9029312,
				"bits_per_second":	72233049.377116278,
				"omitted":	false,
				"sender":	false
			}
		}, {
			"streams":	[{
					"socket":	367,
					"start":	13.000162,
					"end":	14.000169,
					"seconds":	1.0000070333480835,
					"bytes":	9546688,
					"bits_per_second":	76372966.842340022,
					"omitted":	false,
					"sender":	false
				}],
			"sum":	{
				"start":	13.000162,
				"end":	14.000169,
				"seconds":	1.0000070333480835,
				"bytes":	9546688,
				"bits_per_second":	76372966.842340022,
				"omitted":	false,
				"sender":	false
			}
		}, {
			"streams":	[{
					"socket":	367,
					"start":	14.000169,
					"end":	15.000192,
					"seconds":	1.0000230073928833,
					"bytes":	7446912,
					"bits_per_second":	59573925.359293662,
					"omitted":	false,
					"sender":	false
				}],
			"sum":	{
				"start":	14.000169,
				"end":	15.000192,
				"seconds":	1.0000230073928833,
				"bytes":	7446912,
				"bits_per_second":	59573925.359293662,
				"omitted":	false,
				"sender":	false
			}
		}, {
			"streams":	[{
					"socket":	367,
					"start":	15.000192,
					"end":	16.001493,
					"seconds":	1.0013010501861572,
					"bytes":	8112896,
					"bits_per_second":	64818835.442081586,
					"omitted":	false,
					"sender":	false
				}],
			"sum":	{
				"start":	15.000192,
				"end":	16.001493,
				"seconds":	1.0013010501861572,
				"bytes":	8112896,