{"start": {"connected": [{"socket": 160, "local_host": "100.123.106.128", "local_port": 46661, "remote_host": "52.175.246.98", "remote_port": 5201}], "version": "iperf 3.7", "system_info": "Linux localhost 4.19.110-g9ceb3bf92e0a-ab6790968 #2 SMP PREEMPT Wed Aug 26 04:14:37 UTC 2020 aarch64", "timestamp": {"time": "2021-01-25 06:15:44 ", "timesecs": 1611594944.0}, "connecting_to": {"host": "52.175.246.98", "port": 5201}, "cookie": "iikxto5hx2d2h637yhg2bzjo4extvpeldtga", "sock_bufsize": 0, "sndbuf_actual": 212992, "rcvbuf_actual": 212992, "test_start": {"protocol": "UDP", "num_streams": 1, "blksize": 1376, "omit": 0, "duration": 30, "bytes": 0, "blocks": 0, "reverse": 1, "tos": 0}}, "intervals": [{"streams": [{"socket": 160, "start": 0, "end": 1.000017, "seconds": 1.0000170469284058, "bytes": 192615232, "bits_per_second": 1540895588.4632227, "jitter_ms": 0.00047168817577861535, "lost_packets": 54822, "packets": 194804, "lost_percent": 28.14213260507998, "omitted": false, "sender": false}], "sum": {"start": 0, "end": 1.000017, "seconds": 1.0000170469284058, "bytes": 192615232, "bits_per_second": 1540895588.4632227, "jitter_ms": 0.00047168817577861535, "lost_packets": 54822, "packets": 194804, "lost_percent": 28.14213260507998, "omitted": false, "sender": false}}, {"streams": [{"socket": 160, "start": 1.000017, "end": 2.002483, "seconds": 1.0024659633636475, "bytes": 192406080, "bits_per_second": 1535462246.3542266, "jitter_ms": 0.25890465242221483, "lost_packets": 91465, "packets": 231295, "lost_percent": 39.5447372403208, "omitted": false, "sender": false}], "sum": {"start": 1.000017, "end": 2.002483, "seconds": 1.0024659633636475, "bytes": 192406080, "bits_per_second": 1535462246.3542266, "jitter_ms": 0.25890465242221483, "lost_packets": 91465, "packets": 231295, "lost_percent": 39.5447372403208, "omitted": false, "sender": false}}, {"streams": [{"socket": 160, "start": 2.002483, "end": 3.000016, "seconds": 0.9975330233573914, "bytes": 210823840, "bits_per_second": 1690761789.8437598, "jitter_ms": 0.0015228411225016623, "lost_packets": 76329, "packets": 229544, "lost_percent": 33.25244833234587, "omitted": false, "sender": false}], "sum": {"start": 2.002483, "end": 3.000016, "seconds": 0.9975330233573914, "bytes": 210823840, "bits_per_second": 1690761789.8437598, "jitter_ms": 0.0015228411225016623, "lost_packets": 76329, "packets": 229544, "lost_percent": 33.25244833234587, "omitted": false, "sender": false}}, {"streams": [{"socket": 160, "start": 3.000016, "end": 4.000733, "seconds": 1.000717043876648, "bytes": 209358400, "bits_per_second": 1673667107.2491999, "jitter_ms": 0.07081339790706646, "lost_packets": 76267, "packets": 228417, "lost_percent": 33.389371193912886, "omitted": false, "sender": false}], "sum": {"start": 3.000016, "end": 4.000733, "seconds": 1.000717043876648, "bytes": 209358400, "bits_per_second": 1673667107.2491999, "jitter_ms": 0.07081339790706646, "lost_packets": 76267, "packets": 228417, "lost_percent": 33.389371193912886, "omitted": false, "sender": false}}, {"streams": [{"socket": 160, "start": 4.000733, "end": 5.000018, "seconds": 0.9992849826812744, "bytes": 196363456, "bits_per_second": 1572031677.875266, "jitter_ms": 0.008583408462465079, "lost_packets": 91489, "packets": 234195, "lost_percent": 39.06530882384338, "omitted": false, "sender": false}], "sum": {"start": 4.000733, "end": 5.000018, "seconds": 0.9992849826812744, "bytes": 196363456, "bits_per_second": 1572031677.875266, "jitter_ms": 0.008583408462465079, "lost_packets": 91489, "packets": 234195, "lost_percent": 39.06530882384338, "omitted": false, "sender": false}}, {"streams": [{"socket": 160, "start": 5.000018, "end": 6.00425, "seconds": 1.0042320489883423, "bytes": 59297344, "bits_per_second": 472379618.31419986, "jitter_ms": 0.6326435357756875, "lost_packets": 183833, "packets": 226927, "lost_percent": 81.00975203479533, "omitted": false, "sender": false}], "sum": {"start": 5.000018, "end": 6.00425, "seconds": 1.0042320489883423, "bytes": 59297344, "bits_per_second": 472379618.31419986, "jitter_ms": 0.6326435357756875, "lost_packets": 183833, "packets": 226927, "lost_percent": 81.00975203479533, "omitted": false, "sender": false}}, {"streams": [{"socket": 160, "start": 6.00425, "end": 7.000027, "seconds": 0.9957770109176636, "bytes": 28238272, "bits_per_second": 226864221.1290005, "jitter_ms": 0.01358275827171326, "lost_packets": 208034, "packets": 228556, "lost_percent": 91.02101891877702, "omitted": false, "sender": false}], "sum": {"start": 6.00425, "end": 7.000027, "seconds": 0.9957770109176636, "bytes": 28238272, "bits_per_second": 226864221.1290005, "jitter_ms": 0.01358275827171326, "lost_packets": 208034, "packets": 228556, "lost_percent": 91.02101891877702, "omitted": false, "sender": false}}, {"streams": [{"socket": 160, "start": 7.000027, "end": 8.00522, "seconds": 1.0051929950714111, "bytes": 25439488, "bits_per_second": 202464506.81397933, "jitter_ms": 0.4273410481017212, "lost_packets": 210527, "packets": 229015, "lost_percent": 91.92716634281598, "omitted": false, "sender": false}], "sum": {"start": 7.000027, "end": 8.00522, "seconds": 1.0051929950714111, "bytes": 25439488, "bits_per_second": 202464506.81397933, "jitter_ms": 0.4273410481017212, "lost_packets": 210527, "packets": 229015, "lost_percent": 91.92716634281598, "omitted": false, "sender": false}}, {"streams": [{"socket": 160, "start": 8.00522, "end": 9.000389, "seconds": 0.9951689839363098, "bytes": 27257184, "bits_per_second": 219116025.03676456, "jitter_ms": 0.0668565846780116, "lost_packets": 203716, "packets": 223525, "lost_percent": 91.13790403757969, "omitted": false, "sender": false}], "sum": {"start": 8.00522, "end": 9.000389, "seconds": 0.9951689839363098, "bytes": 27257184, "bits_per_second": 219116025.03676456, "jitter_ms": 0.0668565846780116, "lost_packets": 203716, "packets": 223525, "lost_percent": 91.13790403757969, "omitted": false, "sender": false}}, {"streams": [{"socket": 160, "start": 9.000389, "end": 10.004275, "seconds": 1.0038859844207764, "bytes": 27250304, "bits_per_second": 217158557.22976685, "jitter_ms": 0.8184223634159246, "lost_packets": 208970, "packets": 228774, "lost_percent": 91.3434218923479, "omitted": false, "sender": false}], "sum": {"start": 9.000389, "end": 10.004275, "seconds": 1.0038859844207764, "bytes": 27250304, "bits_per_second": 217158557.22976685, "jitter_ms": 0.8184223634159246, "lost_packets": 208970, "packets": 228774, "lost_percent": 91.3434218923479, "omitted": false, "sender": false}}, {"streams": [{"socket": 160, "start": 10.004275, "end": 11.001005, "seconds": 0.9967300295829773, "bytes": 24920736, "bits_per_second": 200019947.31051984, "jitter_ms": 0.4118163823795415, "lost_packets": 199561, "packets": 217672, "lost_percent": 91.67968319306112, "omitted": false, "sender": false}], "sum": {"start": 10.004275, "end": 11.001005, "seconds": 0.9967300295829773, "bytes": 24920736, "bits_per_second": 200019947.31051984, "jitter_ms": 0.4118163823795415, "lost_packets": 199561, "packets": 217672, "lost_percent": 91.67968319306112, "omitted": false, "sender": false}}, {"streams": [{"socket": 160, "start": 11.001005, "end": 12.00333, "seconds": 1.0023250579833984, "bytes": 28629056, "bits_per_second": 228501169.53156474, "jitter_ms": 0.29080167778528926, "lost_packets": 208748, "packets": 229554, "lost_percent": 90.93633741951784, "omitted": false, "sender": false}], "sum": {"start": 11.001005, "end": 12.00333, "seconds": 1.0023250579833984, "bytes": 28629056, "bits_per_second": 228501169.53156474, "jitter_ms": 0.29080167778528926, "lost_packets": 208748, "packets": 229554, "lost_percent": 90.93633741951784, "omitted": false, "sender": false}}, {"streams": [{"socket": 160, "start": 12.00333, "end": 13.000778, "seconds": 0.9974480271339417, "bytes": 23821312, "bits_per_second": 191058071.0130668, "jitter_ms": 0.10805593266065255, "lost_packets": 215244, "packets": 232556, "lost_percent": 92.55577151309792, "omitted": false,