{"start": {"connected": [{"socket": 612, "local_host": "100.124.85.183", "local_port": 40597, "remote_host": "20.96.192.197", "remote_port": 5201}], "version": "iperf 3.7", "system_info": "Linux localhost 4.19.110-g9ceb3bf92e0a-ab6790968 #2 SMP PREEMPT Wed Aug 26 04:14:37 UTC 2020 aarch64", "timestamp": {"time": "Mon, 18 Jan 2021 21:24:28 ", "timesecs": 1608348268.0}, "connecting_to": {"host": "20.96.192.197", "port": 5201}, "cookie": "xdsdxgqhdmqx2ovnnlafgatnmmw54jsyfeei", "sock_bufsize": 0, "sndbuf_actual": 212992, "rcvbuf_actual": 212992, "test_start": {"protocol": "UDP", "num_streams": 1, "blksize": 1376, "omit": 0, "duration": 30, "bytes": 0, "blocks": 0, "reverse": 1, "tos": 0}}, "intervals": [{"streams": [{"socket": 612, "start": 0, "end": 1.000447, "seconds": 1.0004470348358154, "bytes": 70641088, "bits_per_second": 564876184.6675311, "jitter_ms": 0.0009389283865902119, "lost_packets": 159135, "packets": 210473, "lost_percent": 75.60827279508536, "omitted": false, "sender": false}], "sum": {"start": 0, "end": 1.000447, "seconds": 1.0004470348358154, "bytes": 70641088, "bits_per_second": 564876184.6675311, "jitter_ms": 0.0009389283865902119, "lost_packets": 159135, "packets": 210473, "lost_percent": 75.60827279508536, "omitted": false, "sender": false}}, {"streams": [{"socket": 612, "start": 1.000447, "end": 2.000448, "seconds": 1.0000009536743164, "bytes": 73844416, "bits_per_second": 590754764.6123537, "jitter_ms": 0.0010263126079844028, "lost_packets": 162514, "packets": 216180, "lost_percent": 75.17531686557498, "omitted": false, "sender": false}], "sum": {"start": 1.000447, "end": 2.000448, "seconds": 1.0000009536743164, "bytes": 73844416, "bits_per_second": 590754764.6123537, "jitter_ms": 0.0010263126079844028, "lost_packets": 162514, "packets": 216180, "lost_percent": 75.17531686557498, "omitted": false, "sender": false}}, {"streams": [{"socket": 612, "start": 2.000448, "end": 3.000381, "seconds": 0.9999330043792725, "bytes": 70734656, "bits_per_second": 565915161.8375465, "jitter_ms": 0.012180484451224358, "lost_packets": 166672, "packets": 218078, "lost_percent": 76.4277001806693, "omitted": false, "sender": false}], "sum": {"start": 2.000448, "end": 3.000381, "seconds": 0.9999330043792725, "bytes": 70734656, "bits_per_second": 565915161.8375465, "jitter_ms": 0.012180484451224358, "lost_packets": 166672, "packets": 218078, "lost_percent": 76.4277001806693, "omitted": false, "sender": false}}, {"streams": [{"socket": 612, "start": 3.000381, "end": 4.000018, "seconds": 0.9996370077133179, "bytes": 65432928, "bits_per_second": 523653506.1836387, "jitter_ms": 0.03974392081463618, "lost_packets": 164679, "packets": 212232, "lost_percent": 77.59385954992649, "omitted": false, "sender": false}], "sum": {"start": 3.000381, "end": 4.000018, "seconds": 0.9996370077133179, "bytes": 65432928, "bits_per_second": 523653506.1836387, "jitter_ms": 0.03974392081463618, "lost_packets": 164679, "packets": 212232, "lost_percent": 77.59385954992649, "omitted": false, "sender": false}}, {"streams": [{"socket": 612, "start": 4.000018, "end": 5.000446, "seconds": 1.0004279613494873, "bytes": 67970272, "bits_per_second": 543529566.3532972, "jitter_ms": 0.02059567854131403, "lost_packets": 171765, "packets": 221162, "lost_percent": 77.66478870692072, "omitted": false, "sender": false}], "sum": {"start": 4.000018, "end": 5.000446, "seconds": 1.0004279613494873, "bytes": 67970272, "bits_per_second": 543529566.3532972, "jitter_ms": 0.02059567854131403, "lost_packets": 171765, "packets": 221162, "lost_percent": 77.66478870692072, "omitted": false, "sender": false}}, {"streams": [{"socket": 612, "start": 5.000446, "end": 6.000015, "seconds": 0.9995689988136292, "bytes": 67946880, "bits_per_second": 543809422.5062598, "jitter_ms": 0.0017769939343246256, "lost_packets": 167600, "packets": 216980, "lost_percent": 77.24214213291548, "omitted": false, "sender": false}], "sum": {"start": 5.000446, "end": 6.000015, "seconds": 0.9995689988136292, "bytes": 67946880, "bits_per_second": 543809422.5062598, "jitter_ms": 0.0017769939343246256, "lost_packets": 167600, "packets": 216980, "lost_percent": 77.24214213291548, "omitted": false, "sender": false}}, {"streams": [{"socket": 612, "start": 6.000015, "end": 7.000237, "seconds": 1.0002219676971436, "bytes": 67816160, "bits_per_second": 542408882.749386, "jitter_ms": 0.026418411081875162, "lost_packets": 167890, "packets": 217175, "lost_percent": 77.30631978818924, "omitted": false, "sender": false}], "sum": {"start": 6.000015, "end": 7.000237, "seconds": 1.0002219676971436, "bytes": 67816160, "bits_per_second": 542408882.749386, "jitter_ms": 0.026418411081875162, "lost_packets": 167890, "packets": 217175, "lost_percent": 77.30631978818924, "omitted": false, "sender": false}}, {"streams": [{"socket": 612, "start": 7.000237, "end": 8.00044, "seconds": 1.000203013420105, "bytes": 65565024, "bits_per_second": 524413728.9753307, "jitter_ms": 0.0019094162752400217, "lost_packets": 169732, "packets": 217381, "lost_percent": 78.08042101195596, "omitted": false, "sender": false}], "sum": {"start": 7.000237, "end": 8.00044, "seconds": 1.000203013420105, "bytes": 65565024, "bits_per_second": 524413728.9753307, "jitter_ms": 0.0019094162752400217, "lost_packets": 169732, "packets": 217381, "lost_percent": 78.08042101195596, "omitted": false, "sender": false}}, {"streams": [{"socket": 612, "start": 8.00044, "end": 9.000019, "seconds": 0.9995790123939514, "bytes": 67711584, "bits_per_second": 541920813.9461311, "jitter_ms": 0.00527481950447266, "lost_packets": 169309, "packets": 218518, "lost_percent": 77.4805736827172, "omitted": false, "sender": false}], "sum": {"start": 8.00044, "end": 9.000019, "seconds": 0.9995790123939514, "bytes": 67711584, "bits_per_second": 541920813.9461311, "jitter_ms": 0.00527481950447266, "lost_packets": 169309, "packets": 218518, "lost_percent": 77.4805736827172, "omitted": false, "sender": false}}, {"streams": [{"socket": 612, "start": 9.000019, "end": 10.001093, "seconds": 1.001073956489563, "bytes": 62462144, "bits_per_second": 499161074.72446245, "jitter_ms": 0.013612788408321225, "lost_packets": 168117, "packets": 213511, "lost_percent": 78.73926870278346, "omitted": false, "sender": false}], "sum": {"start": 9.000019, "end": 10.001093, "seconds": 1.001073956489563, "bytes": 62462144, "bits_per_second": 499161074.72446245, "jitter_ms": 0.013612788408321225, "lost_packets": 168117, "packets": 213511, "lost_percent": 78.73926870278346, "omitted": false, "sender": false}}, {"streams": [{"socket": 612, "start": 10.001093, "end": 11.000438, "seconds": 0.9993450045585632, "bytes": 69109600, "bits_per_second": 553239169.133807, "jitter_ms": 0.0007546504751765181, "lost_packets": 169477, "packets": 219702, "lost_percent": 77.13948894411521, "omitted": false, "sender": false}], "sum": {"start": 10.001093, "end": 11.000438, "seconds": 0.9993450045585632, "bytes": 69109600, "bits_per_second": 553239169.133807, "jitter_ms": 0.0007546504751765181, "lost_packets": 169477, "packets": 219702, "lost_percent": 77.13948894411521, "omitted": false, "sender": false}}, {"streams": [{"socket": 612, "start": 11.000438, "end": 12.000017, "seconds": 0.9995790123939514, "bytes": 67302912, "bits_per_second": 538650060.9996781, "jitter_ms": 0.0005084244767119476, "lost_packets": 165118, "packets": 214030, "lost_percent": 77.14712890716255, "omitted": false, "sender": false}], "sum": {"start": 11.000438, "end": 12.000017, "seconds": 0.9995790123939514, "bytes": 67302912, "bits_per_second": 538650060.9996781, "jitter_ms": 0.0005084244767119476, "lost_packets": 165118, "packets": 214030, "lost_percent": 77.14712890716255, "omitted": false, "sender": false}}, {"streams": [{"socket": 612, "start": 12.000017, "end": 13.000444, "seconds": 1.000427007675171, "bytes": 65541632, "bits_per_second": 524109257.3244943, "jitter_ms": 0.02021293907824082, "lost_packets": 172334, "packets": 219966, "lost_percent": 78.34574434230744, "omitted": false,