{"start": {"connected": [{"socket": 209, "local_host": "100.123.106.128", "local_port": 44684, "remote_host": "52.175.246.98", "remote_port": 5201}], "version": "iperf 3.7", "system_info": "Linux localhost 4.19.110-g9ceb3bf92e0a-ab6790968 #2 SMP PREEMPT Wed Aug 26 04:14:37 UTC 2020 aarch64", "timestamp": {"time": "2021-01-25 06:16:23 ", "timesecs": 1611594983.0}, "connecting_to": {"host": "52.175.246.98", "port": 5201}, "cookie": "uzs3gt5wgbehaslrz5rdhljgdz2sdhx2mwg6", "sock_bufsize": 0, "sndbuf_actual": 212992, "rcvbuf_actual": 212992, "test_start": {"protocol": "UDP", "num_streams": 1, "blksize": 1376, "omit": 0, "duration": 30, "bytes": 0, "blocks": 0, "reverse": 1, "tos": 0}}, "intervals": [{"streams": [{"socket": 209, "start": 0, "end": 1.000012, "seconds": 1.0000120401382446, "bytes": 204051168, "bits_per_second": 1632389689.8024657, "jitter_ms": 0.002996719523931815, "lost_packets": 42248, "packets": 190541, "lost_percent": 22.17265575387974, "omitted": false, "sender": false}], "sum": {"start": 0, "end": 1.000012, "seconds": 1.0000120401382446, "bytes": 204051168, "bits_per_second": 1632389689.8024657, "jitter_ms": 0.002996719523931815, "lost_packets": 42248, "packets": 190541, "lost_percent": 22.17265575387974, "omitted": false, "sender": false}}, {"streams": [{"socket": 209, "start": 1.000012, "end": 2.000381, "seconds": 1.0003689527511597, "bytes": 224677408, "bits_per_second": 1796756345.8030524, "jitter_ms": 0.16912778430742062, "lost_packets": 62027, "packets": 225310, "lost_percent": 27.5296258488305, "omitted": false, "sender": false}], "sum": {"start": 1.000012, "end": 2.000381, "seconds": 1.0003689527511597, "bytes": 224677408, "bits_per_second": 1796756345.8030524, "jitter_ms": 0.16912778430742062, "lost_packets": 62027, "packets": 225310, "lost_percent": 27.5296258488305, "omitted": false, "sender": false}}, {"streams": [{"socket": 209, "start": 2.000381, "end": 3.000023, "seconds": 0.999642014503479, "bytes": 226684992, "bits_per_second": 1814129368.0025578, "jitter_ms": 0.030471960890429722, "lost_packets": 66003, "packets": 230745, "lost_percent": 28.604303451862446, "omitted": false, "sender": false}], "sum": {"start": 2.000381, "end": 3.000023, "seconds": 0.999642014503479, "bytes": 226684992, "bits_per_second": 1814129368.0025578, "jitter_ms": 0.030471960890429722, "lost_packets": 66003, "packets": 230745, "lost_percent": 28.604303451862446, "omitted": false, "sender": false}}, {"streams": [{"socket": 209, "start": 3.000023, "end": 4.000016, "seconds": 0.9999930262565613, "bytes": 235327648, "bits_per_second": 1882634313.008688, "jitter_ms": 0.0013330666890010452, "lost_packets": 60822, "packets": 231845, "lost_percent": 26.23390627358796, "omitted": false, "sender": false}], "sum": {"start": 3.000023, "end": 4.000016, "seconds": 0.9999930262565613, "bytes": 235327648, "bits_per_second": 1882634313.008688, "jitter_ms": 0.0013330666890010452, "lost_packets": 60822, "packets": 231845, "lost_percent": 26.23390627358796, "omitted": false, "sender": false}}, {"streams": [{"socket": 209, "start": 4.000016, "end": 5.000014, "seconds": 0.9999979734420776, "bytes": 228084384, "bits_per_second": 1824678769.8172166, "jitter_ms": 0.0014964513057315499, "lost_packets": 65542, "packets": 231301, "lost_percent": 28.336237197418082, "omitted": false, "sender": false}], "sum": {"start": 4.000016, "end": 5.000014, "seconds": 0.9999979734420776, "bytes": 228084384, "bits_per_second": 1824678769.8172166, "jitter_ms": 0.0014964513057315499, "lost_packets": 65542, "packets": 231301, "lost_percent": 28.336237197418082, "omitted": false, "sender": false}}, {"streams": [{"socket": 209, "start": 5.000014, "end": 6.000014, "seconds": 1, "bytes": 249803168, "bits_per_second": 1998425344, "jitter_ms": 0.0020173055422934615, "lost_packets": 45063, "packets": 226606, "lost_percent": 19.88605773898308, "omitted": false, "sender": false}], "sum": {"start": 5.000014, "end": 6.000014, "seconds": 1, "bytes": 249803168, "bits_per_second": 1998425344, "jitter_ms": 0.0020173055422934615, "lost_packets": 45063, "packets": 226606, "lost_percent": 19.88605773898308, "omitted": false, "sender": false}}, {"streams": [{"socket": 209, "start": 6.000014, "end": 7.000546, "seconds": 1.0005320310592651, "bytes": 234184192, "bits_per_second": 1872477319.9080393, "jitter_ms": 0.1576279007423612, "lost_packets": 58640, "packets": 228832, "lost_percent": 25.62578660327227, "omitted": false, "sender": false}], "sum": {"start": 6.000014, "end": 7.000546, "seconds": 1.0005320310592651, "bytes": 234184192, "bits_per_second": 1872477319.9080393, "jitter_ms": 0.1576279007423612, "lost_packets": 58640, "packets": 228832, "lost_percent": 25.62578660327227, "omitted": false, "sender": false}}, {"streams": [{"socket": 209, "start": 7.000546, "end": 8.000447, "seconds": 0.9999009966850281, "bytes": 228929248, "bits_per_second": 1831615319.9884322, "jitter_ms": 0.030226188831649188, "lost_packets": 63107, "packets": 229480, "lost_percent": 27.5, "omitted": false, "sender": false}], "sum": {"start": 7.000546, "end": 8.000447, "seconds": 0.9999009966850281, "bytes": 228929248, "bits_per_second": 1831615319.9884322, "jitter_ms": 0.030226188831649188, "lost_packets": 63107, "packets": 229480, "lost_percent": 27.5, "omitted": false, "sender": false}}, {"streams": [{"socket": 209, "start": 8.000447, "end": 9.000013, "seconds": 0.9995660185813904, "bytes": 236965088, "bits_per_second": 1896543768.7552197, "jitter_ms": 0.0011482250196829546, "lost_packets": 63560, "packets": 235773, "lost_percent": 26.958133458877818, "omitted": false, "sender": false}], "sum": {"start": 8.000447, "end": 9.000013, "seconds": 0.9995660185813904, "bytes": 236965088, "bits_per_second": 1896543768.7552197, "jitter_ms": 0.0011482250196829546, "lost_packets": 63560, "packets": 235773, "lost_percent": 26.958133458877818, "omitted": false, "sender": false}}, {"streams": [{"socket": 209, "start": 9.000013, "end": 10.002205, "seconds": 1.0021920204162598, "bytes": 246687904, "bits_per_second": 1969186734.4746037, "jitter_ms": 0.09550974882284931, "lost_packets": 48456, "packets": 227735, "lost_percent": 21.277361846005224, "omitted": false, "sender": false}], "sum": {"start": 9.000013, "end": 10.002205, "seconds": 1.0021920204162598, "bytes": 246687904, "bits_per_second": 1969186734.4746037, "jitter_ms": 0.09550974882284931, "lost_packets": 48456, "packets": 227735, "lost_percent": 21.277361846005224, "omitted": false, "sender": false}}, {"streams": [{"socket": 209, "start": 10.002205, "end": 11.000178, "seconds": 0.9979730248451233, "bytes": 243973056, "bits_per_second": 1955748702.0281935, "jitter_ms": 0.07879603496153749, "lost_packets": 46073, "packets": 223379, "lost_percent": 20.625484042815128, "omitted": false, "sender": false}], "sum": {"start": 10.002205, "end": 11.000178, "seconds": 0.9979730248451233, "bytes": 243973056, "bits_per_second": 1955748702.0281935, "jitter_ms": 0.07879603496153749, "lost_packets": 46073, "packets": 223379, "lost_percent": 20.625484042815128, "omitted": false, "sender": false}}, {"streams": [{"socket": 209, "start": 11.000178, "end": 12.000015, "seconds": 0.9998369812965393, "bytes": 237369632, "bits_per_second": 1899266671.9903939, "jitter_ms": 0.0015666047970805204, "lost_packets": 58453, "packets": 230960, "lost_percent": 25.30871146518878, "omitted": false, "sender": false}], "sum": {"start": 11.000178, "end": 12.000015, "seconds": 0.9998369812965393, "bytes": 237369632, "bits_per_second": 1899266671.9903939, "jitter_ms": 0.0015666047970805204, "lost_packets": 58453, "packets": 230960, "lost_percent": 25.30871146518878, "omitted": false, "sender": false}}, {"streams": [{"socket": 209, "start": 12.000015, "end": 13.000019, "seconds": 1.0000040531158447, "bytes": 239916608, "bits_per_second": 1919325084.7530878, "jitter_ms": 0.007346302220323912, "lost_packets": 49294, "packets": 223652, "lost_percent": 22.04049147783163, "omitted": false, "sender": false}],