{
	"start":	{
		"connected":	[{
				"socket":	177,
				"local_host":	"100.124.85.183",
				"local_port":	44392,
				"remote_host":	"52.240.159.197",
				"remote_port":	5201
			}],
		"version":	"iperf 3.7",
		"system_info":	"Linux localhost 4.19.110-g9ceb3bf92e0a-ab6790968 #2 SMP PREEMPT Wed Aug 26 04:14:37 UTC 2020 aarch64",
		"timestamp":	{
			"time":	"Mon, 17 May 2021 22:15:11 GMT",
			"timesecs":	1621289711
		},
		"connecting_to":	{
			"host":	"52.240.159.197",
			"port":	5201
		},
		"cookie":	"h54yggkc7nezo7asja2cm6gtcxh7d6tetewn",
		"tcp_mss_default":	1376,
		"target_bitrate":	3000000000,
		"sock_bufsize":	0,
		"sndbuf_actual":	524288,
		"rcvbuf_actual":	1048576,
		"test_start":	{
			"protocol":	"TCP",
			"num_streams":	1,
			"blksize":	131072,
			"omit":	0,
			"duration":	10,
			"bytes":	0,
			"blocks":	0,
			"reverse":	1,
			"tos":	0
		}
	},
	"intervals":	[{
			"streams":	[{
					"socket":	177,
					"start":	0,
					"end":	1.000115,
					"seconds":	1.0001150369644165,
					"bytes":	2519456,
					"bits_per_second":	20153329.622137383,
					"omitted":	false,
					"sender":	false
				}],
			"sum":	{
				"start":	0,
				"end":	1.000115,
				"seconds":	1.0001150369644165,
				"bytes":	2519456,
				"bits_per_second":	20153329.622137383,
				"omitted":	false,
				"sender":	false
			}
		}, {
			"streams":	[{
					"socket":	177,
					"start":	1.000115,
					"end":	2.000345,
					"seconds":	1.0002299547195435,
					"bytes":	5422816,
					"bits_per_second":	43372554.276445478,
					"omitted":	false,
					"sender":	false
				}],
			"sum":	{
				"start":	1.000115,
				"end":	2.000345,
				"seconds":	1.0002299547195435,
				"bytes":	5422816,
				"bits_per_second":	43372554.276445478,
				"omitted":	false,
				"sender":	false
			}
		}, {
			"streams":	[{
					"socket":	177,
					"start":	2.000345,
					"end":	3.000129,
					"seconds":	0.999783992767334,
					"bytes":	6368128,
					"bits_per_second":	50956030.871216133,
					"omitted":	false,
					"sender":	false
				}],
			"sum":	{
				"start":	2.000345,
				"end":	3.000129,
				"seconds":	0.999783992767334,
				"bytes":	6368128,
				"bits_per_second":	50956030.871216133,
				"omitted":	false,
				"sender":	false
			}
		}, {
			"streams":	[{
					"socket":	177,
					"start":	3.000129,
					"end":	4.000366,
					"seconds":	1.000236988067627,
					"bytes":	5093952,
					"bits_per_second":	40741960.641476244,
					"omitted":	false,
					"sender":	false
				}],
			"sum":	{
				"start":	3.000129,
				"end":	4.000366,
				"seconds":	1.000236988067627,
				"bytes":	5093952,
				"bits_per_second":	40741960.641476244,
				"omitted":	false,
				"sender":	false
			}
		}, {
			"streams":	[{
					"socket":	177,
					"start":	4.000366,
					"end":	5.001757,
					"seconds":	1.0013910531997681,
					"bytes":	6277312,
					"bits_per_second":	50148736.439711213,
					"omitted":	false,
					"sender":	false
				}],
			"sum":	{
				"start":	4.000366,
				"end":	5.001757,
				"seconds":	1.0013910531997681,
				"bytes":	6277312,
				"bits_per_second":	50148736.439711213,
				"omitted":	false,
				"sender":	false
			}
		}, {
			"streams":	[{
					"socket":	177,
					"start":	5.001757,
					"end":	6.000117,
					"seconds":	0.99835997819900513,
					"bytes":	5563168,
					"bits_per_second":	44578453.635817379,
					"omitted":	false,
					"sender":	false
				}],
			"sum":	{
				"start":	5.001757,
				"end":	6.000117,
				"seconds":	0.99835997819900513,
				"bytes":	5563168,
				"bits_per_second":	44578453.635817379,
				"omitted":	false,
				"sender":	false
			}
		}, {
			"streams":	[{
					"socket":	177,
					"start":	6.000117,
					"end":	7.000124,
					"seconds":	1.0000070333480835,
					"bytes":	6467200,
					"bits_per_second":	51737236.114009529,
					"omitted":	false,
					"sender":	false
				}],
			"sum":	{
				"start":	6.000117,
				"end":	7.000124,
				"seconds":	1.0000070333480835,
				"bytes":	6467200,
				"bits_per_second":	51737236.114009529,
				"omitted":	false,
				"sender":	false
			}
		}, {
			"streams":	[{
					"socket":	177,
					"start":	7.000124,
					"end":	8.000128,
					"seconds":	1.0000040531158447,
					"bytes":	7365728,
					"bits_per_second":	58925585.1677771,
					"omitted":	false,
					"sender":	false
				}],
			"sum":	{
				"start":	7.000124,
				"end":	8.000128,
				"seconds":	1.0000040531158447,
				"bytes":	7365728,
				"bits_per_second":	58925585.1677771,
				"omitted":	false,
				"sender":	false
			}
		}, {
			"streams":	[{
					"socket":	177,
					"start":	8.000128,
					"end":	9.000124,
					"seconds":	0.9999960064888,
					"bytes":	7641344,
					"bits_per_second":	61130996.1273177,
					"omitted":	false,
					"sender":	false
				}],
			"sum":	{
				"start":	8.000128,
				"end":	9.000124,
				"seconds":	0.9999960064888,
				"bytes":	7641344,
				"bits_per_second":	61130996.1273177,
				"omitted":	false,
				"sender":	false
			}
		}, {
			"streams":	[{
					"socket":	177,
					"start":	9.000124,
					"end":	10.00021,
					"seconds":	1.0000859498977661,
					"bytes":	6213280,
					"bits_per_second":	49701968.120921232,
					"omitted":	false,
					"sender":	false
				}],
			"sum":	{
				"start":	9.000124,
				"end":	10.00021,
				"seconds":	1.0000859498977661,
				"bytes":	6213280,
				"bits_per_second":	49701968.120921232,
				"omitted":	false,
				"sender":	false
			}
		}],
	"end":	{
		"streams":	[{
				"sender":	{
					"socket":	177,
					"start":	0,
					"end":	10.00021,
					"seconds":	10.00021,
					"bytes":	61320352,
					"bits_per_second":	49055251.439719766,
					"retransmits":	0,
					"max_snd_cwnd":	0,
					"max_rtt":	0,
					"min_rtt":	0,
					"mean_rtt":	0,
					"sender":	false
				},
				"receiver":	{
					"socket":	177,
					"start":	0,
					"end":	10.00021,
					"seconds":	10.00021,
					"bytes":	58932384,
					"bits_per_second":	47144917.156739712,
					"sender":	false
				}
			}],
		"sum_sent":	{
			"start":	0,
			"end":	10.00021,
			"seconds":	10.00021,
			"bytes":	61320352,
			"bits_per_second":	49055251.439719766,
			"retransmits":	0,
			"sender":	false
		},
		"sum_received":	{
			"start":	0,
			"end":	10.00021,
			"seconds":	10.00021,
			"bytes":	58932384,
			"bits_per_second":	47144917.156739712,
			"sender":	false
		},
		"cpu_utilization_percent":	{
			"host_total":	82.1464322030197,
			"host_user":	68.714232212262857,
			"host_system":	13.433206381533685,
			"remote_total":	0.468578,
			"remote_user":	0.032586,
			"remote_system":	0.435992
		}
	},
	"title":	"HUCKLEBERRY_830_cubic_1621289674_64468_10_1"
}
