{
	"start":	{
		"connected":	[{
				"socket":	300,
				"local_host":	"100.124.59.153",
				"local_port":	40472,
				"remote_host":	"52.237.164.255",
				"remote_port":	5201
			}],
		"version":	"iperf 3.7",
		"system_info":	"Linux localhost 4.19.110-g9ceb3bf92e0a-ab6790968 #2 SMP PREEMPT Wed Aug 26 04:14:37 UTC 2020 aarch64",
		"timestamp":	{
			"time":	"Tue, 11 May 2021 17:18:09 GMT",
			"timesecs":	1620753489
		},
		"connecting_to":	{
			"host":	"52.237.164.255",
			"port":	5201
		},
		"cookie":	"keucdavy67c4qbsjgngiztmcs2vpe6yzzrae",
		"tcp_mss_default":	1376,
		"target_bitrate":	2000000000,
		"sock_bufsize":	0,
		"sndbuf_actual":	2097152,
		"rcvbuf_actual":	6291456,
		"test_start":	{
			"protocol":	"TCP",
			"num_streams":	1,
			"blksize":	131072,
			"omit":	0,
			"duration":	30,
			"bytes":	0,
			"blocks":	0,
			"reverse":	1,
			"tos":	0
		}
	},
	"intervals":	[{
			"streams":	[{
					"socket":	300,
					"start":	0,
					"end":	1.000099,
					"seconds":	1.0000989437103271,
					"bytes":	6624064,
					"bits_per_second":	52987269.242980994,
					"omitted":	false,
					"sender":	false
				}],
			"sum":	{
				"start":	0,
				"end":	1.000099,
				"seconds":	1.0000989437103271,
				"bytes":	6624064,
				"bits_per_second":	52987269.242980994,
				"omitted":	false,
				"sender":	false
			}
		}, {
			"streams":	[{
					"socket":	300,
					"start":	1.000099,
					"end":	2.000452,
					"seconds":	1.0003529787063599,
					"bytes":	36288224,
					"bits_per_second":	290203356.39467853,
					"omitted":	false,
					"sender":	false
				}],
			"sum":	{
				"start":	1.000099,
				"end":	2.000452,
				"seconds":	1.0003529787063599,
				"bytes":	36288224,
				"bits_per_second":	290203356.39467853,
				"omitted":	false,
				"sender":	false
			}
		}, {
			"streams":	[{
					"socket":	300,
					"start":	2.000452,
					"end":	3.000179,
					"seconds":	0.99972701072692871,
					"bytes":	53303296,
					"bits_per_second":	426542809.61152965,
					"omitted":	false,
					"sender":	false
				}],
			"sum":	{
				"start":	2.000452,
				"end":	3.000179,
				"seconds":	0.99972701072692871,
				"bytes":	53303296,
				"bits_per_second":	426542809.61152965,
				"omitted":	false,
				"sender":	false
			}
		}, {
			"streams":	[{
					"socket":	300,
					"start":	3.000179,
					"end":	4.000187,
					"seconds":	1.0000079870224,
					"bytes":	26141248,
					"bits_per_second":	209128313.68747413,
					"omitted":	false,
					"sender":	false
				}],
			"sum":	{
				"start":	3.000179,
				"end":	4.000187,
				"seconds":	1.0000079870224,
				"bytes":	26141248,
				"bits_per_second":	209128313.68747413,
				"omitted":	false,
				"sender":	false
			}
		}, {
			"streams":	[{
					"socket":	300,
					"start":	4.000187,
					"end":	5.000115,
					"seconds":	0.99992799758911133,
					"bytes":	23584640,
					"bits_per_second":	188690706.18575767,
					"omitted":	false,
					"sender":	false
				}],
			"sum":	{
				"start":	4.000187,
				"end":	5.000115,
				"seconds":	0.99992799758911133,
				"bytes":	23584640,
				"bits_per_second":	188690706.18575767,
				"omitted":	false,
				"sender":	false
			}
		}, {
			"streams":	[{
					"socket":	300,
					"start":	5.000115,
					"end":	6.000194,
					"seconds":	1.0000790357589722,
					"bytes":	17622432,
					"bits_per_second":	140968314.46227545,
					"omitted":	false,
					"sender":	false
				}],
			"sum":	{
				"start":	5.000115,
				"end":	6.000194,
				"seconds":	1.0000790357589722,
				"bytes":	17622432,
				"bits_per_second":	140968314.46227545,
				"omitted":	false,
				"sender":	false
			}
		}, {
			"streams":	[{
					"socket":	300,
					"start":	6.000194,
					"end":	7.000342,
					"seconds":	1.0001480579376221,
					"bytes":	15876288,
					"bits_per_second":	126991501.90013313,
					"omitted":	false,
					"sender":	false
				}],
			"sum":	{
				"start":	6.000194,
				"end":	7.000342,
				"seconds":	1.0001480579376221,
				"bytes":	15876288,
				"bits_per_second":	126991501.90013313,
				"omitted":	false,
				"sender":	false
			}
		}, {
			"streams":	[{
					"socket":	300,
					"start":	7.000342,
					"end":	8.000196,
					"seconds":	0.99985402822494507,
					"bytes":	17566016,
					"bits_per_second":	140548644.13506597,
					"omitted":	false,
					"sender":	false
				}],
			"sum":	{
				"start":	7.000342,
				"end":	8.000196,
				"seconds":	0.99985402822494507,
				"bytes":	17566016,
				"bits_per_second":	140548644.13506597,
				"omitted":	false,
				"sender":	false
			}
		}, {
			"streams":	[{
					"socket":	300,
					"start":	8.000196,
					"end":	9.000191,
					"seconds":	0.99999499320983887,
					"bytes":	18664064,
					"bits_per_second":	149313259.58015898,
					"omitted":	false,
					"sender":	false
				}],
			"sum":	{
				"start":	8.000196,
				"end":	9.000191,
				"seconds":	0.99999499320983887,
				"bytes":	18664064,
				"bits_per_second":	149313259.58015898,
				"omitted":	false,
				"sender":	false
			}
		}, {
			"streams":	[{
					"socket":	300,
					"start":	9.000191,
					"end":	10.000353,
					"seconds":	1.0001620054244995,
					"bytes":	18452160,
					"bits_per_second":	147593369.07358992,
					"omitted":	false,
					"sender":	false
				}],
			"sum":	{
				"start":	9.000191,
				"end":	10.000353,
				"seconds":	1.0001620054244995,
				"bytes":	18452160,
				"bits_per_second":	147593369.07358992,
				"omitted":	false,
				"sender":	false
			}
		}, {
			"streams":	[{
					"socket":	300,
					"start":	10.000353,
					"end":	11.00032,
					"seconds":	0.99996697902679443,
					"bytes":	19380960,
					"bits_per_second":	155052799.99435407,
					"omitted":	false,
					"sender":	false
				}],
			"sum":	{
				"start":	10.000353,
				"end":	11.00032,
				"seconds":	0.99996697902679443,
				"bytes":	19380960,
				"bits_per_second":	155052799.99435407,
				"omitted":	false,
				"sender":	false
			}
		}, {
			"streams":	[{
					"socket":	300,
					"start":	11.00032,
					"end":	12.000337,
					"seconds":	1.0000170469284058,
					"bytes":	20124000,
					"bits_per_second":	160989255.62768522,
					"omitted":	false,
					"sender":	false
				}],
			"sum":	{
				"start":	11.00032,
				"end":	12.000337,
				"seconds":	1.0000170469284058,
				"bytes":	20124000,
				"bits_per_second":	160989255.62768522,
				"omitted":	false,
				"sender":	false
			}
		}, {
			"streams":	[{
					"socket":	300,
					"start":	12.000337,
					"end":	13.000181,
					"seconds":	0.9998440146446228,
					"bytes":	18160448,
					"bits_per_second":	145306249.6469897,
					"omitted":	false,
					"sender":	false
				}],
			"sum":	{
				"start":	12.000337,
				"end":	13.000181,
				"seconds":	0.9998440146446228,
				"bytes":	18160448,
				"bits_per_second":	145306249.6469897,
				"omitted":	false,
				"sender":	false
			}
		}, {
			"streams":	[{
					"socket":	300,
					"start":	13.000181,
					"end":	14.001707,
					"seconds":	1.0015259981155396,
					"bytes":	15298720,
					"bits_per_second":	122203278.02801649,
					"omitted":	false,
					"sender":	false
				}],
			"sum":	{
				"start":	13.000181,
				"end":	14.001707,
				"seconds":	1.0015259981155396,
				"bytes":	15298720,
				"bits_per_second":	122203278.02801649,
				"omitted":	false,
				"sender":	false
			}
		}, {
			"streams":	[{
					"socket":	300,
					"start":	14.001707,
					"end":	15.000212,
					"seconds":	0.99850499629974365,
					"bytes":	13228512,
					"bits_per_second":	105986546.27886429,
					"omitted":	false,
					"sender":	false
				}],
			"sum":	{
				"start":	14.001707,
				"end":	15.000212,
				"seconds":	0.99850499629974365,
				"bytes":	13228512,
				"bits_per_second":	105986546.27886429,
				"omitted":	false,
				"sender":	false
			}
		}, {
			"streams":	[{
					"socket":	300,
					"start":	15.000212,
					"end":	16.000174,
					"seconds":	0.9999619722366333,
					"bytes":	14391584,
					"bits_per_second":	115137050.40450752,
					"omitted":	false,
					"sender":	false
				}],
			"sum":	{
				"start":	15.000212,
				"end":	16.000174,
				"seconds":	0.9999619722366333,
				"bytes":	14391584,