{
	"start":	{
		"connected":	[{
				"socket":	226,
				"local_host":	"100.124.85.183",
				"local_port":	40230,
				"remote_host":	"104.40.57.56",
				"remote_port":	5201
			}],
		"version":	"iperf 3.7",
		"system_info":	"Linux localhost 4.19.110-g9ceb3bf92e0a-ab6790968 #2 SMP PREEMPT Wed Aug 26 04:14:37 UTC 2020 aarch64",
		"timestamp":	{
			"time":	"Mon, 17 May 2021 23:52:28 GMT",
			"timesecs":	1621295548
		},
		"connecting_to":	{
			"host":	"104.40.57.56",
			"port":	5201
		},
		"cookie":	"t54ryuypjhmqt5ahqju5rwwxz5vdxoheehwh",
		"tcp_mss_default":	1376,
		"target_bitrate":	3000000000,
		"sock_bufsize":	0,
		"sndbuf_actual":	2097152,
		"rcvbuf_actual":	6291456,
		"test_start":	{
			"protocol":	"TCP",
			"num_streams":	1,
			"blksize":	131072,
			"omit":	0,
			"duration":	30,
			"bytes":	0,
			"blocks":	0,
			"reverse":	1,
			"tos":	0
		}
	},
	"intervals":	[{
			"streams":	[{
					"socket":	226,
					"start":	0,
					"end":	1.000092,
					"seconds":	1.0000920295715332,
					"bytes":	22991584,
					"bits_per_second":	183915746.31266862,
					"omitted":	false,
					"sender":	false
				}],
			"sum":	{
				"start":	0,
				"end":	1.000092,
				"seconds":	1.0000920295715332,
				"bytes":	22991584,
				"bits_per_second":	183915746.31266862,
				"omitted":	false,
				"sender":	false
			}
		}, {
			"streams":	[{
					"socket":	226,
					"start":	1.000092,
					"end":	2.000109,
					"seconds":	1.0000170469284058,
					"bytes":	78822784,
					"bits_per_second":	630571522.692398,
					"omitted":	false,
					"sender":	false
				}],
			"sum":	{
				"start":	1.000092,
				"end":	2.000109,
				"seconds":	1.0000170469284058,
				"bytes":	78822784,
				"bits_per_second":	630571522.692398,
				"omitted":	false,
				"sender":	false
			}
		}, {
			"streams":	[{
					"socket":	226,
					"start":	2.000109,
					"end":	3.000086,
					"seconds":	0.9999769926071167,
					"bytes":	117500768,
					"bits_per_second":	940027771.5882622,
					"omitted":	false,
					"sender":	false
				}],
			"sum":	{
				"start":	2.000109,
				"end":	3.000086,
				"seconds":	0.9999769926071167,
				"bytes":	117500768,
				"bits_per_second":	940027771.5882622,
				"omitted":	false,
				"sender":	false
			}
		}, {
			"streams":	[{
					"socket":	226,
					"start":	3.000086,
					"end":	4.000086,
					"seconds":	1,
					"bytes":	96308992,
					"bits_per_second":	770471936,
					"omitted":	false,
					"sender":	false
				}],
			"sum":	{
				"start":	3.000086,
				"end":	4.000086,
				"seconds":	1,
				"bytes":	96308992,
				"bits_per_second":	770471936,
				"omitted":	false,
				"sender":	false
			}
		}, {
			"streams":	[{
					"socket":	226,
					"start":	4.000086,
					"end":	5.000279,
					"seconds":	1.0001929998397827,
					"bytes":	117046688,
					"bits_per_second":	936192818.93593967,
					"omitted":	false,
					"sender":	false
				}],
			"sum":	{
				"start":	4.000086,
				"end":	5.000279,
				"seconds":	1.0001929998397827,
				"bytes":	117046688,
				"bits_per_second":	936192818.93593967,
				"omitted":	false,
				"sender":	false
			}
		}, {
			"streams":	[{
					"socket":	226,
					"start":	5.000279,
					"end":	6.000285,
					"seconds":	1.0000059604644775,
					"bytes":	118132704,
					"bits_per_second":	945055999.02728856,
					"omitted":	false,
					"sender":	false
				}],
			"sum":	{
				"start":	5.000279,
				"end":	6.000285,
				"seconds":	1.0000059604644775,
				"bytes":	118132704,
				"bits_per_second":	945055999.02728856,
				"omitted":	false,
				"sender":	false
			}
		}, {
			"streams":	[{
					"socket":	226,
					"start":	6.000285,
					"end":	7.000365,
					"seconds":	1.0000799894332886,
					"bytes":	119064928,
					"bits_per_second":	952443238.60510445,
					"omitted":	false,
					"sender":	false
				}],
			"sum":	{
				"start":	6.000285,
				"end":	7.000365,
				"seconds":	1.0000799894332886,
				"bytes":	119064928,
				"bits_per_second":	952443238.60510445,
				"omitted":	false,
				"sender":	false
			}
		}, {
			"streams":	[{
					"socket":	226,
					"start":	7.000365,
					"end":	8.000973,
					"seconds":	1.000607967376709,
					"bytes":	107369280,
					"bits_per_second":	858432341.141474,
					"omitted":	false,
					"sender":	false
				}],
			"sum":	{
				"start":	7.000365,
				"end":	8.000973,
				"seconds":	1.000607967376709,
				"bytes":	107369280,
				"bits_per_second":	858432341.141474,
				"omitted":	false,
				"sender":	false
			}
		}, {
			"streams":	[{
					"socket":	226,
					"start":	8.000973,
					"end":	9.000124,
					"seconds":	0.99915099143981934,
					"bytes":	97862496,
					"bits_per_second":	783565221.58058178,
					"omitted":	false,
					"sender":	false
				}],
			"sum":	{
				"start":	8.000973,
				"end":	9.000124,
				"seconds":	0.99915099143981934,
				"bytes":	97862496,
				"bits_per_second":	783565221.58058178,
				"omitted":	false,
				"sender":	false
			}
		}, {
			"streams":	[{
					"socket":	226,
					"start":	9.000124,
					"end":	10.000119,
					"seconds":	0.99999499320983887,
					"bytes":	115702336,
					"bits_per_second":	925623322.40174353,
					"omitted":	false,
					"sender":	false
				}],
			"sum":	{
				"start":	9.000124,
				"end":	10.000119,
				"seconds":	0.99999499320983887,
				"bytes":	115702336,
				"bits_per_second":	925623322.40174353,
				"omitted":	false,
				"sender":	false
			}
		}, {
			"streams":	[{
					"socket":	226,
					"start":	10.000119,
					"end":	11.000129,
					"seconds":	1.0000100135803223,
					"bytes":	117459488,
					"bits_per_second":	939666494.57408047,
					"omitted":	false,
					"sender":	false
				}],
			"sum":	{
				"start":	10.000119,
				"end":	11.000129,
				"seconds":	1.0000100135803223,
				"bytes":	117459488,
				"bits_per_second":	939666494.57408047,
				"omitted":	false,
				"sender":	false
			}
		}, {
			"streams":	[{
					"socket":	226,
					"start":	11.000129,
					"end":	12.000166,
					"seconds":	1.0000369548797607,
					"bytes":	118452960,
					"bits_per_second":	947588661.9749341,
					"omitted":	false,
					"sender":	false
				}],
			"sum":	{
				"start":	11.000129,
				"end":	12.000166,
				"seconds":	1.0000369548797607,
				"bytes":	118452960,
				"bits_per_second":	947588661.9749341,
				"omitted":	false,
				"sender":	false
			}
		}, {
			"streams":	[{
					"socket":	226,
					"start":	12.000166,
					"end":	13.000124,
					"seconds":	0.99995797872543335,
					"bytes":	120742624,
					"bits_per_second":	965981583.77735829,
					"omitted":	false,
					"sender":	false
				}],
			"sum":	{
				"start":	12.000166,
				"end":	13.000124,
				"seconds":	0.99995797872543335,
				"bytes":	120742624,
				"bits_per_second":	965981583.77735829,
				"omitted":	false,
				"sender":	false
			}
		}, {
			"streams":	[{
					"socket":	226,
					"start":	13.000124,
					"end":	14.000593,
					"seconds":	1.0004689693450928,
					"bytes":	114023968,
					"bits_per_second":	911764154.56155622,
					"omitted":	false,
					"sender":	false
				}],
			"sum":	{
				"start":	13.000124,
				"end":	14.000593,
				"seconds":	1.0004689693450928,
				"bytes":	114023968,
				"bits_per_second":	911764154.56155622,
				"omitted":	false,
				"sender":	false
			}
		}, {
			"streams":	[{
					"socket":	226,
					"start":	14.000593,
					"end":	15.000172,
					"seconds":	0.99957901239395142,
					"bytes":	120578528,
					"bits_per_second":	965034491.56035626,
					"omitted":	false,
					"sender":	false
				}],
			"sum":	{
				"start":	14.000593,
				"end":	15.000172,
				"seconds":	0.99957901239395142,
				"bytes":	120578528,
				"bits_per_second":	965034491.56035626,
				"omitted":	false,
				"sender":	false
			}
		}, {
			"streams":	[{
					"socket":	226,
					"start":	15.000172,
					"end":	16.000113,
					"seconds":	0.99994099140167236,
					"bytes":	116051840,
					"bits_per_second":	928469507.68423843,
					"omitted":	false,
					"sender":	false
				}],
			"sum":	{
				"start":	15.000172,
				"end":	16.000113,
				"seconds":	0.99994099140167236,
				"bytes":	116051840,
				"bits_per_second":	928469507.68423843,