{
	"start":	{
		"connected":	[{
				"socket":	504,
				"local_host":	"100.124.59.153",
				"local_port":	40516,
				"remote_host":	"40.124.132.228",
				"remote_port":	5201
			}],
		"version":	"iperf 3.7",
		"system_info":	"Linux localhost 4.19.110-g9ceb3bf92e0a-ab6790968 #2 SMP PREEMPT Wed Aug 26 04:14:37 UTC 2020 aarch64",
		"timestamp":	{
			"time":	"Tue, 11 May 2021 18:10:21 GMT",
			"timesecs":	1620756621
		},
		"connecting_to":	{
			"host":	"40.124.132.228",
			"port":	5201
		},
		"cookie":	"ebemsthzqrsn4h3hkhscazgiesps6v2tlmcv",
		"tcp_mss_default":	1376,
		"target_bitrate":	2000000000,
		"sock_bufsize":	0,
		"sndbuf_actual":	2097152,
		"rcvbuf_actual":	6291456,
		"test_start":	{
			"protocol":	"TCP",
			"num_streams":	1,
			"blksize":	131072,
			"omit":	0,
			"duration":	30,
			"bytes":	0,
			"blocks":	0,
			"reverse":	1,
			"tos":	0
		}
	},
	"intervals":	[{
			"streams":	[{
					"socket":	504,
					"start":	0,
					"end":	1.000107,
					"seconds":	1.0001070499420166,
					"bytes":	54316224,
					"bits_per_second":	434483280.59000564,
					"omitted":	false,
					"sender":	false
				}],
			"sum":	{
				"start":	0,
				"end":	1.000107,
				"seconds":	1.0001070499420166,
				"bytes":	54316224,
				"bits_per_second":	434483280.59000564,
				"omitted":	false,
				"sender":	false
			}
		}, {
			"streams":	[{
					"socket":	504,
					"start":	1.000107,
					"end":	2.000107,
					"seconds":	1,
					"bytes":	111105120,
					"bits_per_second":	888840960,
					"omitted":	false,
					"sender":	false
				}],
			"sum":	{
				"start":	1.000107,
				"end":	2.000107,
				"seconds":	1,
				"bytes":	111105120,
				"bits_per_second":	888840960,
				"omitted":	false,
				"sender":	false
			}
		}, {
			"streams":	[{
					"socket":	504,
					"start":	2.000107,
					"end":	3.000413,
					"seconds":	1.0003060102462769,
					"bytes":	109900096,
					"bits_per_second":	878931805.8616277,
					"omitted":	false,
					"sender":	false
				}],
			"sum":	{
				"start":	2.000107,
				"end":	3.000413,
				"seconds":	1.0003060102462769,
				"bytes":	109900096,
				"bits_per_second":	878931805.8616277,
				"omitted":	false,
				"sender":	false
			}
		}, {
			"streams":	[{
					"socket":	504,
					"start":	3.000413,
					"end":	4.000075,
					"seconds":	0.99966198205947876,
					"bytes":	111400608,
					"bits_per_second":	891506209.09275949,
					"omitted":	false,
					"sender":	false
				}],
			"sum":	{
				"start":	3.000413,
				"end":	4.000075,
				"seconds":	0.99966198205947876,
				"bytes":	111400608,
				"bits_per_second":	891506209.09275949,
				"omitted":	false,
				"sender":	false
			}
		}, {
			"streams":	[{
					"socket":	504,
					"start":	4.000075,
					"end":	5.000107,
					"seconds":	1.0000319480895996,
					"bytes":	110536832,
					"bits_per_second":	884266405.3776511,
					"omitted":	false,
					"sender":	false
				}],
			"sum":	{
				"start":	4.000075,
				"end":	5.000107,
				"seconds":	1.0000319480895996,
				"bytes":	110536832,
				"bits_per_second":	884266405.3776511,
				"omitted":	false,
				"sender":	false
			}
		}, {
			"streams":	[{
					"socket":	504,
					"start":	5.000107,
					"end":	6.000141,
					"seconds":	1.000033974647522,
					"bytes":	112046304,
					"bits_per_second":	896339979.165148,
					"omitted":	false,
					"sender":	false
				}],
			"sum":	{
				"start":	5.000107,
				"end":	6.000141,
				"seconds":	1.000033974647522,
				"bytes":	112046304,
				"bits_per_second":	896339979.165148,
				"omitted":	false,
				"sender":	false
			}
		}, {
			"streams":	[{
					"socket":	504,
					"start":	6.000141,
					"end":	7.000123,
					"seconds":	0.99998199939727783,
					"bytes":	112508640,
					"bits_per_second":	900085322.07829881,
					"omitted":	false,
					"sender":	false
				}],
			"sum":	{
				"start":	6.000141,
				"end":	7.000123,
				"seconds":	0.99998199939727783,
				"bytes":	112508640,
				"bits_per_second":	900085322.07829881,
				"omitted":	false,
				"sender":	false
			}
		}, {
			"streams":	[{
					"socket":	504,
					"start":	7.000123,
					"end":	8.000132,
					"seconds":	1.0000089406967163,
					"bytes":	114988192,
					"bits_per_second":	919897311.47712791,
					"omitted":	false,
					"sender":	false
				}],
			"sum":	{
				"start":	7.000123,
				"end":	8.000132,
				"seconds":	1.0000089406967163,
				"bytes":	114988192,
				"bits_per_second":	919897311.47712791,
				"omitted":	false,
				"sender":	false
			}
		}, {
			"streams":	[{
					"socket":	504,
					"start":	8.000132,
					"end":	9.000092,
					"seconds":	0.99996000528335571,
					"bytes":	116482528,
					"bits_per_second":	931897494.97625315,
					"omitted":	false,
					"sender":	false
				}],
			"sum":	{
				"start":	8.000132,
				"end":	9.000092,
				"seconds":	0.99996000528335571,
				"bytes":	116482528,
				"bits_per_second":	931897494.97625315,
				"omitted":	false,
				"sender":	false
			}
		}, {
			"streams":	[{
					"socket":	504,
					"start":	9.000092,
					"end":	10.00013,
					"seconds":	1.0000380277633667,
					"bytes":	117170528,
					"bits_per_second":	937328579.49058235,
					"omitted":	false,
					"sender":	false
				}],
			"sum":	{
				"start":	9.000092,
				"end":	10.00013,
				"seconds":	1.0000380277633667,
				"bytes":	117170528,
				"bits_per_second":	937328579.49058235,
				"omitted":	false,
				"sender":	false
			}
		}, {
			"streams":	[{
					"socket":	504,
					"start":	10.00013,
					"end":	11.000144,
					"seconds":	1.0000139474868774,
					"bytes":	119168480,
					"bits_per_second":	953334543.37896645,
					"omitted":	false,
					"sender":	false
				}],
			"sum":	{
				"start":	10.00013,
				"end":	11.000144,
				"seconds":	1.0000139474868774,
				"bytes":	119168480,
				"bits_per_second":	953334543.37896645,
				"omitted":	false,
				"sender":	false
			}
		}, {
			"streams":	[{
					"socket":	504,
					"start":	11.000144,
					"end":	12.000088,
					"seconds":	0.99994397163391113,
					"bytes":	78935616,
					"bits_per_second":	631520311.05118012,
					"omitted":	false,
					"sender":	false
				}],
			"sum":	{
				"start":	11.000144,
				"end":	12.000088,
				"seconds":	0.99994397163391113,
				"bytes":	78935616,
				"bits_per_second":	631520311.05118012,
				"omitted":	false,
				"sender":	false
			}
		}, {
			"streams":	[{
					"socket":	504,
					"start":	12.000088,
					"end":	13.000092,
					"seconds":	1.0000040531158447,
					"bytes":	62225472,
					"bits_per_second":	497801758.35180569,
					"omitted":	false,
					"sender":	false
				}],
			"sum":	{
				"start":	12.000088,
				"end":	13.000092,
				"seconds":	1.0000040531158447,
				"bytes":	62225472,
				"bits_per_second":	497801758.35180569,
				"omitted":	false,
				"sender":	false
			}
		}, {
			"streams":	[{
					"socket":	504,
					"start":	13.000092,
					"end":	14.000147,
					"seconds":	1.0000549554824829,
					"bytes":	62632768,
					"bits_per_second":	501034609.40129972,
					"omitted":	false,
					"sender":	false
				}],
			"sum":	{
				"start":	13.000092,
				"end":	14.000147,
				"seconds":	1.0000549554824829,
				"bytes":	62632768,
				"bits_per_second":	501034609.40129972,
				"omitted":	false,
				"sender":	false
			}
		}, {
			"streams":	[{
					"socket":	504,
					"start":	14.000147,
					"end":	15.000093,
					"seconds":	0.9999459981918335,
					"bytes":	61995680,
					"bits_per_second":	495992224.47695827,
					"omitted":	false,
					"sender":	false
				}],
			"sum":	{
				"start":	14.000147,
				"end":	15.000093,
				"seconds":	0.9999459981918335,
				"bytes":	61995680,
				"bits_per_second":	495992224.47695827,
				"omitted":	false,
				"sender":	false
			}
		}, {
			"streams":	[{
					"socket":	504,
					"start":	15.000093,
					"end":	16.0001,
					"seconds":	1.0000070333480835,
					"bytes":	62394720,
					"bits_per_second":	499154249.27441752,
					"omitted":	false,
					"sender":	false
				}],
			"sum":	{
				"start":	15.000093,
				"end":	16.0001,
				"seconds":	1.0000070333480835,
				"bytes":	62394720,
				"bits_per_second":	499154249.27441752,