{
	"start":	{
		"connected":	[{
				"socket":	458,
				"local_host":	"100.124.59.153",
				"local_port":	45080,
				"remote_host":	"20.46.245.104",
				"remote_port":	5201
			}],
		"version":	"iperf 3.7",
		"system_info":	"Linux localhost 4.19.110-g9ceb3bf92e0a-ab6790968 #2 SMP PREEMPT Wed Aug 26 04:14:37 UTC 2020 aarch64",
		"timestamp":	{
			"time":	"Tue, 11 May 2021 17:59:39 GMT",
			"timesecs":	1620755979
		},
		"connecting_to":	{
			"host":	"20.46.245.104",
			"port":	5201
		},
		"cookie":	"u3zzoowvs7g4bt7tpnd427nk3izbbhudsw6n",
		"tcp_mss_default":	1376,
		"target_bitrate":	2000000000,
		"sock_bufsize":	0,
		"sndbuf_actual":	2097152,
		"rcvbuf_actual":	6291456,
		"test_start":	{
			"protocol":	"TCP",
			"num_streams":	1,
			"blksize":	131072,
			"omit":	0,
			"duration":	30,
			"bytes":	0,
			"blocks":	0,
			"reverse":	1,
			"tos":	0
		}
	},
	"intervals":	[{
			"streams":	[{
					"socket":	458,
					"start":	0,
					"end":	1.000185,
					"seconds":	1.0001850128173828,
					"bytes":	3138656,
					"bits_per_second":	25104603.326609265,
					"omitted":	false,
					"sender":	false
				}],
			"sum":	{
				"start":	0,
				"end":	1.000185,
				"seconds":	1.0001850128173828,
				"bytes":	3138656,
				"bits_per_second":	25104603.326609265,
				"omitted":	false,
				"sender":	false
			}
		}, {
			"streams":	[{
					"socket":	458,
					"start":	1.000185,
					"end":	2.000536,
					"seconds":	1.0003509521484375,
					"bytes":	3792256,
					"bits_per_second":	30327404.532222882,
					"omitted":	false,
					"sender":	false
				}],
			"sum":	{
				"start":	1.000185,
				"end":	2.000536,
				"seconds":	1.0003509521484375,
				"bytes":	3792256,
				"bits_per_second":	30327404.532222882,
				"omitted":	false,
				"sender":	false
			}
		}, {
			"streams":	[{
					"socket":	458,
					"start":	2.000536,
					"end":	3.000128,
					"seconds":	0.99959200620651245,
					"bytes":	4434848,
					"bits_per_second":	35493265.0318436,
					"omitted":	false,
					"sender":	false
				}],
			"sum":	{
				"start":	2.000536,
				"end":	3.000128,
				"seconds":	0.99959200620651245,
				"bytes":	4434848,
				"bits_per_second":	35493265.0318436,
				"omitted":	false,
				"sender":	false
			}
		}, {
			"streams":	[{
					"socket":	458,
					"start":	3.000128,
					"end":	4.000398,
					"seconds":	1.0002700090408325,
					"bytes":	4800864,
					"bits_per_second":	38396544.5858251,
					"omitted":	false,
					"sender":	false
				}],
			"sum":	{
				"start":	3.000128,
				"end":	4.000398,
				"seconds":	1.0002700090408325,
				"bytes":	4800864,
				"bits_per_second":	38396544.5858251,
				"omitted":	false,
				"sender":	false
			}
		}, {
			"streams":	[{
					"socket":	458,
					"start":	4.000398,
					"end":	5.000234,
					"seconds":	0.9998360276222229,
					"bytes":	5172384,
					"bits_per_second":	41385858.137565166,
					"omitted":	false,
					"sender":	false
				}],
			"sum":	{
				"start":	4.000398,
				"end":	5.000234,
				"seconds":	0.9998360276222229,
				"bytes":	5172384,
				"bits_per_second":	41385858.137565166,
				"omitted":	false,
				"sender":	false
			}
		}, {
			"streams":	[{
					"socket":	458,
					"start":	5.000234,
					"end":	6.00054,
					"seconds":	1.0003060102462769,
					"bytes":	5955328,
					"bits_per_second":	47628049.328895181,
					"omitted":	false,
					"sender":	false
				}],
			"sum":	{
				"start":	5.000234,
				"end":	6.00054,
				"seconds":	1.0003060102462769,
				"bytes":	5955328,
				"bits_per_second":	47628049.328895181,
				"omitted":	false,
				"sender":	false
			}
		}, {
			"streams":	[{
					"socket":	458,
					"start":	6.00054,
					"end":	7.000044,
					"seconds":	0.999504029750824,
					"bytes":	7122176,
					"bits_per_second":	57005681.121870466,
					"omitted":	false,
					"sender":	false
				}],
			"sum":	{
				"start":	6.00054,
				"end":	7.000044,
				"seconds":	0.999504029750824,
				"bytes":	7122176,
				"bits_per_second":	57005681.121870466,
				"omitted":	false,
				"sender":	false
			}
		}, {
			"streams":	[{
					"socket":	458,
					"start":	7.000044,
					"end":	8.000151,
					"seconds":	1.0001070499420166,
					"bytes":	9093984,
					"bits_per_second":	72744084.749945462,
					"omitted":	false,
					"sender":	false
				}],
			"sum":	{
				"start":	7.000044,
				"end":	8.000151,
				"seconds":	1.0001070499420166,
				"bytes":	9093984,
				"bits_per_second":	72744084.749945462,
				"omitted":	false,
				"sender":	false
			}
		}, {
			"streams":	[{
					"socket":	458,
					"start":	8.000151,
					"end":	9.00015,
					"seconds":	0.99999898672103882,
					"bytes":	11336864,
					"bits_per_second":	90695003.899339333,
					"omitted":	false,
					"sender":	false
				}],
			"sum":	{
				"start":	8.000151,
				"end":	9.00015,
				"seconds":	0.99999898672103882,
				"bytes":	11336864,
				"bits_per_second":	90695003.899339333,
				"omitted":	false,
				"sender":	false
			}
		}, {
			"streams":	[{
					"socket":	458,
					"start":	9.00015,
					"end":	10.000155,
					"seconds":	1.0000050067901611,
					"bytes":	14892448,
					"bits_per_second":	119138987.49608959,
					"omitted":	false,
					"sender":	false
				}],
			"sum":	{
				"start":	9.00015,
				"end":	10.000155,
				"seconds":	1.0000050067901611,
				"bytes":	14892448,
				"bits_per_second":	119138987.49608959,
				"omitted":	false,
				"sender":	false
			}
		}, {
			"streams":	[{
					"socket":	458,
					"start":	10.000155,
					"end":	11.000191,
					"seconds":	1.0000360012054443,
					"bytes":	19350688,
					"bits_per_second":	154799931.01588073,
					"omitted":	false,
					"sender":	false
				}],
			"sum":	{
				"start":	10.000155,
				"end":	11.000191,
				"seconds":	1.0000360012054443,
				"bytes":	19350688,
				"bits_per_second":	154799931.01588073,
				"omitted":	false,
				"sender":	false
			}
		}, {
			"streams":	[{
					"socket":	458,
					"start":	11.000191,
					"end":	12.000119,
					"seconds":	0.99992799758911133,
					"bytes":	23814432,
					"bits_per_second":	190529174.55991295,
					"omitted":	false,
					"sender":	false
				}],
			"sum":	{
				"start":	11.000191,
				"end":	12.000119,
				"seconds":	0.99992799758911133,
				"bytes":	23814432,
				"bits_per_second":	190529174.55991295,
				"omitted":	false,
				"sender":	false
			}
		}, {
			"streams":	[{
					"socket":	458,
					"start":	12.000119,
					"end":	13.000162,
					"seconds":	1.0000430345535278,
					"bytes":	29817920,
					"bits_per_second":	238533094.83476219,
					"omitted":	false,
					"sender":	false
				}],
			"sum":	{
				"start":	12.000119,
				"end":	13.000162,
				"seconds":	1.0000430345535278,
				"bytes":	29817920,
				"bits_per_second":	238533094.83476219,
				"omitted":	false,
				"sender":	false
			}
		}, {
			"streams":	[{
					"socket":	458,
					"start":	13.000162,
					"end":	14.000209,
					"seconds":	1.000046968460083,
					"bytes":	36685536,
					"bits_per_second":	293470504.14234066,
					"omitted":	false,
					"sender":	false
				}],
			"sum":	{
				"start":	13.000162,
				"end":	14.000209,
				"seconds":	1.000046968460083,
				"bytes":	36685536,
				"bits_per_second":	293470504.14234066,
				"omitted":	false,
				"sender":	false
			}
		}, {
			"streams":	[{
					"socket":	458,
					"start":	14.000209,
					"end":	15.000591,
					"seconds":	1.0003819465637207,
					"bytes":	46388064,
					"bits_per_second":	370962824.02409589,
					"omitted":	false,
					"sender":	false
				}],
			"sum":	{
				"start":	14.000209,
				"end":	15.000591,
				"seconds":	1.0003819465637207,
				"bytes":	46388064,
				"bits_per_second":	370962824.02409589,
				"omitted":	false,
				"sender":	false
			}
		}, {
			"streams":	[{
					"socket":	458,
					"start":	15.000591,
					"end":	16.000323,
					"seconds":	0.99973201751708984,
					"bytes":	57141152,
					"bits_per_second":	457251751.4596712,
					"omitted":	false,
					"sender":	false
				}],
			"sum":	{
				"start":	15.000591,
				"end":	16.000323,
				"seconds":	0.99973201751708984,
				"bytes":	57141152,