{"start": {"connected": [{"socket": 210, "local_host": "100.123.106.128", "local_port": 48394, "remote_host": "20.80.1.154", "remote_port": 5201}], "version": "iperf 3.7", "system_info": "Linux localhost 4.19.110-g9ceb3bf92e0a-ab6790968 #2 SMP PREEMPT Wed Aug 26 04:14:37 UTC 2020 aarch64", "timestamp": {"time": "2021-01-25 06:09:23 ", "timesecs": 1611594563.0}, "connecting_to": {"host": "20.80.1.154", "port": 5201}, "cookie": "oatitd25s5ttbvc7w2whjd6lrxqy6lhjvlls", "sock_bufsize": 0, "sndbuf_actual": 212992, "rcvbuf_actual": 212992, "test_start": {"protocol": "UDP", "num_streams": 1, "blksize": 1376, "omit": 0, "duration": 30, "bytes": 0, "blocks": 0, "reverse": 1, "tos": 0}}, "intervals": [{"streams": [{"socket": 210, "start": 0, "end": 1.000016, "seconds": 1.0000159740447998, "bytes": 37208416, "bits_per_second": 297662573.1247217, "jitter_ms": 0.12360934666922344, "lost_packets": 151570, "packets": 178611, "lost_percent": 84.86039493648208, "omitted": false, "sender": false}], "sum": {"start": 0, "end": 1.000016, "seconds": 1.0000159740447998, "bytes": 37208416, "bits_per_second": 297662573.1247217, "jitter_ms": 0.12360934666922344, "lost_packets": 151570, "packets": 178611, "lost_percent": 84.86039493648208, "omitted": false, "sender": false}}, {"streams": [{"socket": 210, "start": 1.000016, "end": 2.005641, "seconds": 1.0056250095367432, "bytes": 38457824, "bits_per_second": 305941667.2042888, "jitter_ms": 0.48262076195921694, "lost_packets": 196551, "packets": 224500, "lost_percent": 87.55055679287305, "omitted": false, "sender": false}], "sum": {"start": 1.000016, "end": 2.005641, "seconds": 1.0056250095367432, "bytes": 38457824, "bits_per_second": 305941667.2042888, "jitter_ms": 0.48262076195921694, "lost_packets": 196551, "packets": 224500, "lost_percent": 87.55055679287305, "omitted": false, "sender": false}}, {"streams": [{"socket": 210, "start": 2.005641, "end": 3.00082, "seconds": 0.9951789975166321, "bytes": 39390752, "bits_per_second": 316652598.9659799, "jitter_ms": 0.01800868854097247, "lost_packets": 197407, "packets": 226034, "lost_percent": 87.33509118097277, "omitted": false, "sender": false}], "sum": {"start": 2.005641, "end": 3.00082, "seconds": 0.9951789975166321, "bytes": 39390752, "bits_per_second": 316652598.9659799, "jitter_ms": 0.01800868854097247, "lost_packets": 197407, "packets": 226034, "lost_percent": 87.33509118097277, "omitted": false, "sender": false}}, {"streams": [{"socket": 210, "start": 3.00082, "end": 4.000467, "seconds": 0.9996470212936401, "bytes": 50671200, "bits_per_second": 405512737.36144626, "jitter_ms": 0.03069570628351002, "lost_packets": 187943, "packets": 224768, "lost_percent": 83.61644006264237, "omitted": false, "sender": false}], "sum": {"start": 3.00082, "end": 4.000467, "seconds": 0.9996470212936401, "bytes": 50671200, "bits_per_second": 405512737.36144626, "jitter_ms": 0.03069570628351002, "lost_packets": 187943, "packets": 224768, "lost_percent": 83.61644006264237, "omitted": false, "sender": false}}, {"streams": [{"socket": 210, "start": 4.000467, "end": 5.002225, "seconds": 1.0017579793930054, "bytes": 47666016, "bits_per_second": 380658937.43223083, "jitter_ms": 0.20997321389562196, "lost_packets": 191577, "packets": 226218, "lost_percent": 84.68689494204705, "omitted": false, "sender": false}], "sum": {"start": 4.000467, "end": 5.002225, "seconds": 1.0017579793930054, "bytes": 47666016, "bits_per_second": 380658937.43223083, "jitter_ms": 0.20997321389562196, "lost_packets": 191577, "packets": 226218, "lost_percent": 84.68689494204705, "omitted": false, "sender": false}}, {"streams": [{"socket": 210, "start": 5.002225, "end": 6.001383, "seconds": 0.9991580247879028, "bytes": 51055104, "bits_per_second": 408785018.8529509, "jitter_ms": 0.075547438630115, "lost_packets": 186388, "packets": 223492, "lost_percent": 83.39806346535894, "omitted": false, "sender": false}], "sum": {"start": 5.002225, "end": 6.001383, "seconds": 0.9991580247879028, "bytes": 51055104, "bits_per_second": 408785018.8529509, "jitter_ms": 0.075547438630115, "lost_packets": 186388, "packets": 223492, "lost_percent": 83.39806346535894, "omitted": false, "sender": false}}, {"streams": [{"socket": 210, "start": 6.001383, "end": 7.002485, "seconds": 1.0011019706726074, "bytes": 49326848, "bits_per_second": 394180408.7498413, "jitter_ms": 0.010725354122656731, "lost_packets": 190292, "packets": 226140, "lost_percent": 84.14787299902716, "omitted": false, "sender": false}], "sum": {"start": 6.001383, "end": 7.002485, "seconds": 1.0011019706726074, "bytes": 49326848, "bits_per_second": 394180408.7498413, "jitter_ms": 0.010725354122656731, "lost_packets": 190292, "packets": 226140, "lost_percent": 84.14787299902716, "omitted": false, "sender": false}}, {"streams": [{"socket": 210, "start": 7.002485, "end": 8.001389, "seconds": 0.9989039897918701, "bytes": 45710720, "bits_per_second": 366086995.0836753, "jitter_ms": 0.36980726776722034, "lost_packets": 189425, "packets": 222645, "lost_percent": 85.07938646724607, "omitted": false, "sender": false}], "sum": {"start": 7.002485, "end": 8.001389, "seconds": 0.9989039897918701, "bytes": 45710720, "bits_per_second": 366086995.0836753, "jitter_ms": 0.36980726776722034, "lost_packets": 189425, "packets": 222645, "lost_percent": 85.07938646724607, "omitted": false, "sender": false}}, {"streams": [{"socket": 210, "start": 8.001389, "end": 9.000126, "seconds": 0.9987369775772095, "bytes": 40154432, "bits_per_second": 321641696.6750049, "jitter_ms": 0.02113574103087507, "lost_packets": 197971, "packets": 227153, "lost_percent": 87.15315228062143, "omitted": false, "sender": false}], "sum": {"start": 8.001389, "end": 9.000126, "seconds": 0.9987369775772095, "bytes": 40154432, "bits_per_second": 321641696.6750049, "jitter_ms": 0.02113574103087507, "lost_packets": 197971, "packets": 227153, "lost_percent": 87.15315228062143, "omitted": false, "sender": false}}, {"streams": [{"socket": 210, "start": 9.000126, "end": 10.000578, "seconds": 1.0004520416259766, "bytes": 47588960, "bits_per_second": 380539660.2332396, "jitter_ms": 0.059223388041045606, "lost_packets": 185984, "packets": 220569, "lost_percent": 84.32009937933255, "omitted": false, "sender": false}], "sum": {"start": 9.000126, "end": 10.000578, "seconds": 1.0004520416259766, "bytes": 47588960, "bits_per_second": 380539660.2332396, "jitter_ms": 0.059223388041045606, "lost_packets": 185984, "packets": 220569, "lost_percent": 84.32009937933255, "omitted": false, "sender": false}}, {"streams": [{"socket": 210, "start": 10.000578, "end": 11.001175, "seconds": 1.0005970001220703, "bytes": 69060064, "bits_per_second": 552150877.8585173, "jitter_ms": 0.05006273657780416, "lost_packets": 174528, "packets": 224717, "lost_percent": 77.66568617416573, "omitted": false, "sender": false}], "sum": {"start": 10.000578, "end": 11.001175, "seconds": 1.0005970001220703, "bytes": 69060064, "bits_per_second": 552150877.8585173, "jitter_ms": 0.05006273657780416, "lost_packets": 174528, "packets": 224717, "lost_percent": 77.66568617416573, "omitted": false, "sender": false}}, {"streams": [{"socket": 210, "start": 11.001175, "end": 12.000178, "seconds": 0.999002993106842, "bytes": 63777600, "bits_per_second": 510730001.33187044, "jitter_ms": 0.09102845925497324, "lost_packets": 180447, "packets": 226797, "lost_percent": 79.56322173573724, "omitted": false, "sender": false}], "sum": {"start": 11.001175, "end": 12.000178, "seconds": 0.999002993106842, "bytes": 63777600, "bits_per_second": 510730001.33187044, "jitter_ms": 0.09102845925497324, "lost_packets": 180447, "packets": 226797, "lost_percent": 79.56322173573724, "omitted": false, "sender": false}}, {"streams": [{"socket": 210, "start": 12.000178, "end": 13.00291, "seconds": 1.0027320384979248, "bytes": 45190592, "bits_per_second": 360539727.5842086, "jitter_ms": 0.30204740335260494, "lost_packets": 190392, "packets": 223234, "lost_percent": 85.28808335647796, "omitted": false, "sender": false}],