{
	"start":	{
		"connected":	[{
				"socket":	369,
				"local_host":	"100.124.59.153",
				"local_port":	49922,
				"remote_host":	"20.51.229.186",
				"remote_port":	5201
			}],
		"version":	"iperf 3.7",
		"system_info":	"Linux localhost 4.19.110-g9ceb3bf92e0a-ab6790968 #2 SMP PREEMPT Wed Aug 26 04:14:37 UTC 2020 aarch64",
		"timestamp":	{
			"time":	"Tue, 11 May 2021 17:38:23 GMT",
			"timesecs":	1620754703
		},
		"connecting_to":	{
			"host":	"20.51.229.186",
			"port":	5201
		},
		"cookie":	"t6ir37mwie2ldo5nz7rdd6lq5ob6suvclsad",
		"tcp_mss_default":	1376,
		"target_bitrate":	2000000000,
		"sock_bufsize":	0,
		"sndbuf_actual":	2097152,
		"rcvbuf_actual":	6291456,
		"test_start":	{
			"protocol":	"TCP",
			"num_streams":	1,
			"blksize":	131072,
			"omit":	0,
			"duration":	30,
			"bytes":	0,
			"blocks":	0,
			"reverse":	1,
			"tos":	0
		}
	},
	"intervals":	[{
			"streams":	[{
					"socket":	369,
					"start":	0,
					"end":	1.000127,
					"seconds":	1.0001269578933716,
					"bytes":	2163072,
					"bits_per_second":	17302379.326370407,
					"omitted":	false,
					"sender":	false
				}],
			"sum":	{
				"start":	0,
				"end":	1.000127,
				"seconds":	1.0001269578933716,
				"bytes":	2163072,
				"bits_per_second":	17302379.326370407,
				"omitted":	false,
				"sender":	false
			}
		}, {
			"streams":	[{
					"socket":	369,
					"start":	1.000127,
					"end":	2.000231,
					"seconds":	1.0001039505004883,
					"bytes":	6522240,
					"bits_per_second":	52172496.642862253,
					"omitted":	false,
					"sender":	false
				}],
			"sum":	{
				"start":	1.000127,
				"end":	2.000231,
				"seconds":	1.0001039505004883,
				"bytes":	6522240,
				"bits_per_second":	52172496.642862253,
				"omitted":	false,
				"sender":	false
			}
		}, {
			"streams":	[{
					"socket":	369,
					"start":	2.000231,
					"end":	3.000147,
					"seconds":	0.99991601705551147,
					"bytes":	21746304,
					"bits_per_second":	173985043.77627331,
					"omitted":	false,
					"sender":	false
				}],
			"sum":	{
				"start":	2.000231,
				"end":	3.000147,
				"seconds":	0.99991601705551147,
				"bytes":	21746304,
				"bits_per_second":	173985043.77627331,
				"omitted":	false,
				"sender":	false
			}
		}, {
			"streams":	[{
					"socket":	369,
					"start":	3.000147,
					"end":	4.000146,
					"seconds":	0.99999898672103882,
					"bytes":	37286848,
					"bits_per_second":	298295086.25613511,
					"omitted":	false,
					"sender":	false
				}],
			"sum":	{
				"start":	3.000147,
				"end":	4.000146,
				"seconds":	0.99999898672103882,
				"bytes":	37286848,
				"bits_per_second":	298295086.25613511,
				"omitted":	false,
				"sender":	false
			}
		}, {
			"streams":	[{
					"socket":	369,
					"start":	4.000146,
					"end":	5.000171,
					"seconds":	1.0000250339508057,
					"bytes":	58627232,
					"bits_per_second":	469006114.92399144,
					"omitted":	false,
					"sender":	false
				}],
			"sum":	{
				"start":	4.000146,
				"end":	5.000171,
				"seconds":	1.0000250339508057,
				"bytes":	58627232,
				"bits_per_second":	469006114.92399144,
				"omitted":	false,
				"sender":	false
			}
		}, {
			"streams":	[{
					"socket":	369,
					"start":	5.000171,
					"end":	6.00016,
					"seconds":	0.99998897314071655,
					"bytes":	66147072,
					"bits_per_second":	529182411.21998382,
					"omitted":	false,
					"sender":	false
				}],
			"sum":	{
				"start":	5.000171,
				"end":	6.00016,
				"seconds":	0.99998897314071655,
				"bytes":	66147072,
				"bits_per_second":	529182411.21998382,
				"omitted":	false,
				"sender":	false
			}
		}, {
			"streams":	[{
					"socket":	369,
					"start":	6.00016,
					"end":	7.000093,
					"seconds":	0.99993300437927246,
					"bytes":	69801728,
					"bits_per_second":	558451237.78732157,
					"omitted":	false,
					"sender":	false
				}],
			"sum":	{
				"start":	6.00016,
				"end":	7.000093,
				"seconds":	0.99993300437927246,
				"bytes":	69801728,
				"bits_per_second":	558451237.78732157,
				"omitted":	false,
				"sender":	false
			}
		}, {
			"streams":	[{
					"socket":	369,
					"start":	7.000093,
					"end":	8.000463,
					"seconds":	1.0003700256347656,
					"bytes":	72168448,
					"bits_per_second":	577134029.6143471,
					"omitted":	false,
					"sender":	false
				}],
			"sum":	{
				"start":	7.000093,
				"end":	8.000463,
				"seconds":	1.0003700256347656,
				"bytes":	72168448,
				"bits_per_second":	577134029.6143471,
				"omitted":	false,
				"sender":	false
			}
		}, {
			"streams":	[{
					"socket":	369,
					"start":	8.000463,
					"end":	9.000311,
					"seconds":	0.99984800815582275,
					"bytes":	78386592,
					"bits_per_second":	627188063.47041285,
					"omitted":	false,
					"sender":	false
				}],
			"sum":	{
				"start":	8.000463,
				"end":	9.000311,
				"seconds":	0.99984800815582275,
				"bytes":	78386592,
				"bits_per_second":	627188063.47041285,
				"omitted":	false,
				"sender":	false
			}
		}, {
			"streams":	[{
					"socket":	369,
					"start":	9.000311,
					"end":	10.000134,
					"seconds":	0.99982297420501709,
					"bytes":	76855104,
					"bits_per_second":	614949693.95844746,
					"omitted":	false,
					"sender":	false
				}],
			"sum":	{
				"start":	9.000311,
				"end":	10.000134,
				"seconds":	0.99982297420501709,
				"bytes":	76855104,
				"bits_per_second":	614949693.95844746,
				"omitted":	false,
				"sender":	false
			}
		}, {
			"streams":	[{
					"socket":	369,
					"start":	10.000134,
					"end":	11.00015,
					"seconds":	1.0000159740447998,
					"bytes":	79580960,
					"bits_per_second":	636637510.3238889,
					"omitted":	false,
					"sender":	false
				}],
			"sum":	{
				"start":	10.000134,
				"end":	11.00015,
				"seconds":	1.0000159740447998,
				"bytes":	79580960,
				"bits_per_second":	636637510.3238889,
				"omitted":	false,
				"sender":	false
			}
		}, {
			"streams":	[{
					"socket":	369,
					"start":	11.00015,
					"end":	12.000423,
					"seconds":	1.0002729892730713,
					"bytes":	82996544,
					"bits_per_second":	663791144.13809061,
					"omitted":	false,
					"sender":	false
				}],
			"sum":	{
				"start":	11.00015,
				"end":	12.000423,
				"seconds":	1.0002729892730713,
				"bytes":	82996544,
				"bits_per_second":	663791144.13809061,
				"omitted":	false,
				"sender":	false
			}
		}, {
			"streams":	[{
					"socket":	369,
					"start":	12.000423,
					"end":	13.000116,
					"seconds":	0.999692976474762,
					"bytes":	84135168,
					"bits_per_second":	673288059.27345884,
					"omitted":	false,
					"sender":	false
				}],
			"sum":	{
				"start":	12.000423,
				"end":	13.000116,
				"seconds":	0.999692976474762,
				"bytes":	84135168,
				"bits_per_second":	673288059.27345884,
				"omitted":	false,
				"sender":	false
			}
		}, {
			"streams":	[{
					"socket":	369,
					"start":	13.000116,
					"end":	14.000101,
					"seconds":	0.9999849796295166,
					"bytes":	85299616,
					"bits_per_second":	682407178.00863421,
					"omitted":	false,
					"sender":	false
				}],
			"sum":	{
				"start":	13.000116,
				"end":	14.000101,
				"seconds":	0.9999849796295166,
				"bytes":	85299616,
				"bits_per_second":	682407178.00863421,
				"omitted":	false,
				"sender":	false
			}
		}, {
			"streams":	[{
					"socket":	369,
					"start":	14.000101,
					"end":	15.000146,
					"seconds":	1.0000449419021606,
					"bytes":	81800448,
					"bits_per_second":	654374175.17984259,
					"omitted":	false,
					"sender":	false
				}],
			"sum":	{
				"start":	14.000101,
				"end":	15.000146,
				"seconds":	1.0000449419021606,
				"bytes":	81800448,
				"bits_per_second":	654374175.17984259,
				"omitted":	false,
				"sender":	false
			}
		}, {
			"streams":	[{
					"socket":	369,
					"start":	15.000146,
					"end":	16.000108,
					"seconds":	0.9999619722366333,
					"bytes":	82759520,
					"bits_per_second":	662101338.23301506,
					"omitted":	false,
					"sender":	false
				}],
			"sum":	{
				"start":	15.000146,
				"end":	16.000108,
				"seconds":	0.9999619722366333,
				"bytes":	82759520,