{
	"start":	{
		"connected":	[{
				"socket":	72,
				"local_host":	"100.124.85.183",
				"local_port":	37970,
				"remote_host":	"20.75.78.124",
				"remote_port":	5201
			}],
		"version":	"iperf 3.7",
		"system_info":	"Linux localhost 4.19.110-g9ceb3bf92e0a-ab6790968 #2 SMP PREEMPT Wed Aug 26 04:14:37 UTC 2020 aarch64",
		"timestamp":	{
			"time":	"Mon, 17 May 2021 23:08:33 GMT",
			"timesecs":	1621292913
		},
		"connecting_to":	{
			"host":	"20.75.78.124",
			"port":	5201
		},
		"cookie":	"jeo64aa6oexf6sj5mhspfmwbkdjwg5rrbriu",
		"tcp_mss_default":	1376,
		"target_bitrate":	3000000000,
		"sock_bufsize":	0,
		"sndbuf_actual":	2097152,
		"rcvbuf_actual":	6291456,
		"test_start":	{
			"protocol":	"TCP",
			"num_streams":	1,
			"blksize":	131072,
			"omit":	0,
			"duration":	30,
			"bytes":	0,
			"blocks":	0,
			"reverse":	1,
			"tos":	0
		}
	},
	"intervals":	[{
			"streams":	[{
					"socket":	72,
					"start":	0,
					"end":	1.000104,
					"seconds":	1.0001039505004883,
					"bytes":	30318848,
					"bits_per_second":	242525573.34526956,
					"omitted":	false,
					"sender":	false
				}],
			"sum":	{
				"start":	0,
				"end":	1.000104,
				"seconds":	1.0001039505004883,
				"bytes":	30318848,
				"bits_per_second":	242525573.34526956,
				"omitted":	false,
				"sender":	false
			}
		}, {
			"streams":	[{
					"socket":	72,
					"start":	1.000104,
					"end":	2.000435,
					"seconds":	1.0003310441970825,
					"bytes":	61219168,
					"bits_per_second":	489591267.65190154,
					"omitted":	false,
					"sender":	false
				}],
			"sum":	{
				"start":	1.000104,
				"end":	2.000435,
				"seconds":	1.0003310441970825,
				"bytes":	61219168,
				"bits_per_second":	489591267.65190154,
				"omitted":	false,
				"sender":	false
			}
		}, {
			"streams":	[{
					"socket":	72,
					"start":	2.000435,
					"end":	3.000107,
					"seconds":	0.999671995639801,
					"bytes":	54605824,
					"bits_per_second":	436989926.60128826,
					"omitted":	false,
					"sender":	false
				}],
			"sum":	{
				"start":	2.000435,
				"end":	3.000107,
				"seconds":	0.999671995639801,
				"bytes":	54605824,
				"bits_per_second":	436989926.60128826,
				"omitted":	false,
				"sender":	false
			}
		}, {
			"streams":	[{
					"socket":	72,
					"start":	3.000107,
					"end":	4.000497,
					"seconds":	1.0003900527954102,
					"bytes":	59873760,
					"bits_per_second":	478803321.42602611,
					"omitted":	false,
					"sender":	false
				}],
			"sum":	{
				"start":	3.000107,
				"end":	4.000497,
				"seconds":	1.0003900527954102,
				"bytes":	59873760,
				"bits_per_second":	478803321.42602611,
				"omitted":	false,
				"sender":	false
			}
		}, {
			"streams":	[{
					"socket":	72,
					"start":	4.000497,
					"end":	5.000119,
					"seconds":	0.99962198734283447,
					"bytes":	60231904,
					"bits_per_second":	482037448.25666881,
					"omitted":	false,
					"sender":	false
				}],
			"sum":	{
				"start":	4.000497,
				"end":	5.000119,
				"seconds":	0.99962198734283447,
				"bytes":	60231904,
				"bits_per_second":	482037448.25666881,
				"omitted":	false,
				"sender":	false
			}
		}, {
			"streams":	[{
					"socket":	72,
					"start":	5.000119,
					"end":	6.000122,
					"seconds":	1.0000029802322388,
					"bytes":	62174176,
					"bits_per_second":	497391925.65654784,
					"omitted":	false,
					"sender":	false
				}],
			"sum":	{
				"start":	5.000119,
				"end":	6.000122,
				"seconds":	1.0000029802322388,
				"bytes":	62174176,
				"bits_per_second":	497391925.65654784,
				"omitted":	false,
				"sender":	false
			}
		}, {
			"streams":	[{
					"socket":	72,
					"start":	6.000122,
					"end":	7.000125,
					"seconds":	1.0000029802322388,
					"bytes":	58018144,
					"bits_per_second":	464143768.743777,
					"omitted":	false,
					"sender":	false
				}],
			"sum":	{
				"start":	6.000122,
				"end":	7.000125,
				"seconds":	1.0000029802322388,
				"bytes":	58018144,
				"bits_per_second":	464143768.743777,
				"omitted":	false,
				"sender":	false
			}
		}, {
			"streams":	[{
					"socket":	72,
					"start":	7.000125,
					"end":	8.000125,
					"seconds":	1,
					"bytes":	62128416,
					"bits_per_second":	497027328,
					"omitted":	false,
					"sender":	false
				}],
			"sum":	{
				"start":	7.000125,
				"end":	8.000125,
				"seconds":	1,
				"bytes":	62128416,
				"bits_per_second":	497027328,
				"omitted":	false,
				"sender":	false
			}
		}, {
			"streams":	[{
					"socket":	72,
					"start":	8.000125,
					"end":	9.000132,
					"seconds":	1.0000070333480835,
					"bytes":	61996320,
					"bits_per_second":	495967071.69094682,
					"omitted":	false,
					"sender":	false
				}],
			"sum":	{
				"start":	8.000125,
				"end":	9.000132,
				"seconds":	1.0000070333480835,
				"bytes":	61996320,
				"bits_per_second":	495967071.69094682,
				"omitted":	false,
				"sender":	false
			}
		}, {
			"streams":	[{
					"socket":	72,
					"start":	9.000132,
					"end":	10.000141,
					"seconds":	1.0000089406967163,
					"bytes":	58028832,
					"bits_per_second":	464226505.49160671,
					"omitted":	false,
					"sender":	false
				}],
			"sum":	{
				"start":	9.000132,
				"end":	10.000141,
				"seconds":	1.0000089406967163,
				"bytes":	58028832,
				"bits_per_second":	464226505.49160671,
				"omitted":	false,
				"sender":	false
			}
		}, {
			"streams":	[{
					"socket":	72,
					"start":	10.000141,
					"end":	11.000146,
					"seconds":	1.0000050067901611,
					"bytes":	59413888,
					"bits_per_second":	475308724.22895604,
					"omitted":	false,
					"sender":	false
				}],
			"sum":	{
				"start":	10.000141,
				"end":	11.000146,
				"seconds":	1.0000050067901611,
				"bytes":	59413888,
				"bits_per_second":	475308724.22895604,
				"omitted":	false,
				"sender":	false
			}
		}, {
			"streams":	[{
					"socket":	72,
					"start":	11.000146,
					"end":	12.000141,
					"seconds":	0.99999499320983887,
					"bytes":	61351872,
					"bits_per_second":	490817433.41989654,
					"omitted":	false,
					"sender":	false
				}],
			"sum":	{
				"start":	11.000146,
				"end":	12.000141,
				"seconds":	0.99999499320983887,
				"bytes":	61351872,
				"bits_per_second":	490817433.41989654,
				"omitted":	false,
				"sender":	false
			}
		}, {
			"streams":	[{
					"socket":	72,
					"start":	12.000141,
					"end":	13.00012,
					"seconds":	0.99997901916503906,
					"bytes":	60543264,
					"bits_per_second":	484356274.19905126,
					"omitted":	false,
					"sender":	false
				}],
			"sum":	{
				"start":	12.000141,
				"end":	13.00012,
				"seconds":	0.99997901916503906,
				"bytes":	60543264,
				"bits_per_second":	484356274.19905126,
				"omitted":	false,
				"sender":	false
			}
		}, {
			"streams":	[{
					"socket":	72,
					"start":	13.00012,
					"end":	14.000117,
					"seconds":	0.99999701976776123,
					"bytes":	60526656,
					"bits_per_second":	484214691.07223284,
					"omitted":	false,
					"sender":	false
				}],
			"sum":	{
				"start":	13.00012,
				"end":	14.000117,
				"seconds":	0.99999701976776123,
				"bytes":	60526656,
				"bits_per_second":	484214691.07223284,
				"omitted":	false,
				"sender":	false
			}
		}, {
			"streams":	[{
					"socket":	72,
					"start":	14.000117,
					"end":	15.000395,
					"seconds":	1.0002779960632324,
					"bytes":	61633088,
					"bits_per_second":	492927672.04771239,
					"omitted":	false,
					"sender":	false
				}],
			"sum":	{
				"start":	14.000117,
				"end":	15.000395,
				"seconds":	1.0002779960632324,
				"bytes":	61633088,
				"bits_per_second":	492927672.04771239,
				"omitted":	false,
				"sender":	false
			}
		}, {
			"streams":	[{
					"socket":	72,
					"start":	15.000395,
					"end":	16.000109,
					"seconds":	0.99971401691436768,
					"bytes":	61209984,
					"bits_per_second":	489819952.22134054,
					"omitted":	false,
					"sender":	false
				}],
			"sum":	{
				"start":	15.000395,
				"end":	16.000109,
				"seconds":	0.99971401691436768,
				"bytes":	61209984,
				"bits_per_second":	489819952.22134054,
				"omitted":	false,