{"start": {"connected": [{"socket": 645, "local_host": "100.124.85.183", "local_port": 38728, "remote_host": "20.83.58.111", "remote_port": 5201}], "version": "iperf 3.7", "system_info": "Linux localhost 4.19.110-g9ceb3bf92e0a-ab6790968 #2 SMP PREEMPT Wed Aug 26 04:14:37 UTC 2020 aarch64", "timestamp": {"time": "Mon, 18 Jan 2021 21:33:57 ", "timesecs": 1608348837.0}, "connecting_to": {"host": "20.83.58.111", "port": 5201}, "cookie": "dem2toes6rz7wwxpapkzpki3pqjofdfjdxtv", "sock_bufsize": 0, "sndbuf_actual": 212992, "rcvbuf_actual": 212992, "test_start": {"protocol": "UDP", "num_streams": 1, "blksize": 1376, "omit": 0, "duration": 30, "bytes": 0, "blocks": 0, "reverse": 1, "tos": 0}}, "intervals": [{"streams": [{"socket": 645, "start": 0, "end": 1.000019, "seconds": 1.0000189542770386, "bytes": 73560960, "bits_per_second": 588476525.8528982, "jitter_ms": 0.0021311218360178783, "lost_packets": 393730, "packets": 447190, "lost_percent": 88.04534985129364, "omitted": false, "sender": false}], "sum": {"start": 0, "end": 1.000019, "seconds": 1.0000189542770386, "bytes": 73560960, "bits_per_second": 588476525.8528982, "jitter_ms": 0.0021311218360178783, "lost_packets": 393730, "packets": 447190, "lost_percent": 88.04534985129364, "omitted": false, "sender": false}}, {"streams": [{"socket": 645, "start": 1.000019, "end": 2.00002, "seconds": 1.0000009536743164, "bytes": 74910816, "bits_per_second": 599285956.4763751, "jitter_ms": 0.001276831783110891, "lost_packets": -54441, "packets": 0, "lost_percent": 0, "omitted": false, "sender": false}], "sum": {"start": 1.000019, "end": 2.00002, "seconds": 1.0000009536743164, "bytes": 74910816, "bits_per_second": 599285956.4763751, "jitter_ms": 0.001276831783110891, "lost_packets": -54441, "packets": 0, "lost_percent": 0, "omitted": false, "sender": false}}, {"streams": [{"socket": 645, "start": 2.00002, "end": 3.000235, "seconds": 1.0002150535583496, "bytes": 71839584, "bits_per_second": 574593103.7084444, "jitter_ms": 0.008357155437177492, "lost_packets": 58366, "packets": 110575, "lost_percent": 52.78408320144698, "omitted": false, "sender": false}], "sum": {"start": 2.00002, "end": 3.000235, "seconds": 1.0002150535583496, "bytes": 71839584, "bits_per_second": 574593103.7084444, "jitter_ms": 0.008357155437177492, "lost_packets": 58366, "packets": 110575, "lost_percent": 52.78408320144698, "omitted": false, "sender": false}}, {"streams": [{"socket": 645, "start": 3.000235, "end": 4.0019, "seconds": 1.0016649961471558, "bytes": 73990272, "bits_per_second": 590938266.0637969, "jitter_ms": 0.33489495392999913, "lost_packets": 131423, "packets": 185195, "lost_percent": 70.96465887307973, "omitted": false, "sender": false}], "sum": {"start": 3.000235, "end": 4.0019, "seconds": 1.0016649961471558, "bytes": 73990272, "bits_per_second": 590938266.0637969, "jitter_ms": 0.33489495392999913, "lost_packets": 131423, "packets": 185195, "lost_percent": 70.96465887307973, "omitted": false, "sender": false}}, {"streams": [{"socket": 645, "start": 4.0019, "end": 5.000146, "seconds": 0.9982460141181946, "bytes": 71944160, "bits_per_second": 576564566.1089042, "jitter_ms": 0.0021589687344900697, "lost_packets": 134540, "packets": 186825, "lost_percent": 72.01391676702796, "omitted": false, "sender": false}], "sum": {"start": 4.0019, "end": 5.000146, "seconds": 0.9982460141181946, "bytes": 71944160, "bits_per_second": 576564566.1089042, "jitter_ms": 0.0021589687344900697, "lost_packets": 134540, "packets": 186825, "lost_percent": 72.01391676702796, "omitted": false, "sender": false}}, {"streams": [{"socket": 645, "start": 5.000146, "end": 6.000021, "seconds": 0.999875009059906, "bytes": 72169824, "bits_per_second": 577430765.6142334, "jitter_ms": 0.003582183127181337, "lost_packets": 128727, "packets": 181176, "lost_percent": 71.05080143065307, "omitted": false, "sender": false}], "sum": {"start": 5.000146, "end": 6.000021, "seconds": 0.999875009059906, "bytes": 72169824, "bits_per_second": 577430765.6142334, "jitter_ms": 0.003582183127181337, "lost_packets": 128727, "packets": 181176, "lost_percent": 71.05080143065307, "omitted": false, "sender": false}}, {"streams": [{"socket": 645, "start": 6.000021, "end": 7.000324, "seconds": 1.000303030014038, "bytes": 71612544, "bits_per_second": 572726798.5901833, "jitter_ms": 0.014327764797481856, "lost_packets": 134434, "packets": 186478, "lost_percent": 72.09107776788683, "omitted": false, "sender": false}], "sum": {"start": 6.000021, "end": 7.000324, "seconds": 1.000303030014038, "bytes": 71612544, "bits_per_second": 572726798.5901833, "jitter_ms": 0.014327764797481856, "lost_packets": 134434, "packets": 186478, "lost_percent": 72.09107776788683, "omitted": false, "sender": false}}, {"streams": [{"socket": 645, "start": 7.000324, "end": 8.000224, "seconds": 0.9998999834060669, "bytes": 69704032, "bits_per_second": 557688034.0576437, "jitter_ms": 0.021906929231248453, "lost_packets": 127088, "packets": 177745, "lost_percent": 71.50018284621227, "omitted": false, "sender": false}], "sum": {"start": 7.000324, "end": 8.000224, "seconds": 0.9998999834060669, "bytes": 69704032, "bits_per_second": 557688034.0576437, "jitter_ms": 0.021906929231248453, "lost_packets": 127088, "packets": 177745, "lost_percent": 71.50018284621227, "omitted": false, "sender": false}}, {"streams": [{"socket": 645, "start": 8.000224, "end": 9.000498, "seconds": 1.0002739429473877, "bytes": 65565024, "bits_per_second": 524376542.74433964, "jitter_ms": 0.0006066901580939034, "lost_packets": 125053, "packets": 172702, "lost_percent": 72.40969994557098, "omitted": false, "sender": false}], "sum": {"start": 8.000224, "end": 9.000498, "seconds": 1.0002739429473877, "bytes": 65565024, "bits_per_second": 524376542.74433964, "jitter_ms": 0.0006066901580939034, "lost_packets": 125053, "packets": 172702, "lost_percent": 72.40969994557098, "omitted": false, "sender": false}}, {"streams": [{"socket": 645, "start": 9.000498, "end": 10.000519, "seconds": 1.000020980834961, "bytes": 73031200, "bits_per_second": 584237342.2127451, "jitter_ms": 0.0006790917017520621, "lost_packets": 131577, "packets": 184652, "lost_percent": 71.2567424127548, "omitted": false, "sender": false}], "sum": {"start": 9.000498, "end": 10.000519, "seconds": 1.000020980834961, "bytes": 73031200, "bits_per_second": 584237342.2127451, "jitter_ms": 0.0006790917017520621, "lost_packets": 131577, "packets": 184652, "lost_percent": 71.2567424127548, "omitted": false, "sender": false}}, {"streams": [{"socket": 645, "start": 10.000519, "end": 11.00002, "seconds": 0.9995009899139404, "bytes": 68699552, "bits_per_second": 549870807.078762, "jitter_ms": 0.019774329365094448, "lost_packets": 134109, "packets": 184036, "lost_percent": 72.87106870394923, "omitted": false, "sender": false}], "sum": {"start": 10.000519, "end": 11.00002, "seconds": 0.9995009899139404, "bytes": 68699552, "bits_per_second": 549870807.078762, "jitter_ms": 0.019774329365094448, "lost_packets": 134109, "packets": 184036, "lost_percent": 72.87106870394923, "omitted": false, "sender": false}}, {"streams": [{"socket": 645, "start": 11.00002, "end": 12.000019, "seconds": 0.9999989867210388, "bytes": 67872576, "bits_per_second": 542981158.191384, "jitter_ms": 0.0014826674438829532, "lost_packets": 136080, "packets": 185406, "lost_percent": 73.39568298760558, "omitted": false, "sender": false}], "sum": {"start": 11.00002, "end": 12.000019, "seconds": 0.9999989867210388, "bytes": 67872576, "bits_per_second": 542981158.191384, "jitter_ms": 0.0014826674438829532, "lost_packets": 136080, "packets": 185406, "lost_percent": 73.39568298760558, "omitted": false, "sender": false}}, {"streams": [{"socket": 645, "start": 12.000019, "end": 13.000429, "seconds": 1.0004099607467651, "bytes": 69478368, "bits_per_second": 555599170.1493036, "jitter_ms": 0.03817623786470058, "lost_packets": 132283, "packets": 182776, "lost_percent": 72.37438175690463, "omitted": false, "sender": false}], "sum": {"start": 12.000019,