{
	"start":	{
		"connected":	[{
				"socket":	271,
				"local_host":	"100.124.85.183",
				"local_port":	45234,
				"remote_host":	"52.240.159.197",
				"remote_port":	5201
			}],
		"version":	"iperf 3.7",
		"system_info":	"Linux localhost 4.19.110-g9ceb3bf92e0a-ab6790968 #2 SMP PREEMPT Wed Aug 26 04:14:37 UTC 2020 aarch64",
		"timestamp":	{
			"time":	"Mon, 17 May 2021 23:20:37 GMT",
			"timesecs":	1621293637
		},
		"connecting_to":	{
			"host":	"52.240.159.197",
			"port":	5201
		},
		"cookie":	"a5pmomq6t7b4bibpzmya6sbjjvsnwzvxz5in",
		"tcp_mss_default":	1376,
		"target_bitrate":	3000000000,
		"sock_bufsize":	0,
		"sndbuf_actual":	2097152,
		"rcvbuf_actual":	6291456,
		"test_start":	{
			"protocol":	"TCP",
			"num_streams":	1,
			"blksize":	131072,
			"omit":	0,
			"duration":	30,
			"bytes":	0,
			"blocks":	0,
			"reverse":	1,
			"tos":	0
		}
	},
	"intervals":	[{
			"streams":	[{
					"socket":	271,
					"start":	0,
					"end":	1.000099,
					"seconds":	1.0000989437103271,
					"bytes":	3922976,
					"bits_per_second":	31380703.076804906,
					"omitted":	false,
					"sender":	false
				}],
			"sum":	{
				"start":	0,
				"end":	1.000099,
				"seconds":	1.0000989437103271,
				"bytes":	3922976,
				"bits_per_second":	31380703.076804906,
				"omitted":	false,
				"sender":	false
			}
		}, {
			"streams":	[{
					"socket":	271,
					"start":	1.000099,
					"end":	2.000109,
					"seconds":	1.0000100135803223,
					"bytes":	20847776,
					"bits_per_second":	166780537.92968726,
					"omitted":	false,
					"sender":	false
				}],
			"sum":	{
				"start":	1.000099,
				"end":	2.000109,
				"seconds":	1.0000100135803223,
				"bytes":	20847776,
				"bits_per_second":	166780537.92968726,
				"omitted":	false,
				"sender":	false
			}
		}, {
			"streams":	[{
					"socket":	271,
					"start":	2.000109,
					"end":	3.00035,
					"seconds":	1.0002410411834717,
					"bytes":	82206240,
					"bits_per_second":	657491437.485786,
					"omitted":	false,
					"sender":	false
				}],
			"sum":	{
				"start":	2.000109,
				"end":	3.00035,
				"seconds":	1.0002410411834717,
				"bytes":	82206240,
				"bits_per_second":	657491437.485786,
				"omitted":	false,
				"sender":	false
			}
		}, {
			"streams":	[{
					"socket":	271,
					"start":	3.00035,
					"end":	4.00036,
					"seconds":	1.0000100135803223,
					"bytes":	100836928,
					"bits_per_second":	806687346.1714642,
					"omitted":	false,
					"sender":	false
				}],
			"sum":	{
				"start":	3.00035,
				"end":	4.00036,
				"seconds":	1.0000100135803223,
				"bytes":	100836928,
				"bits_per_second":	806687346.1714642,
				"omitted":	false,
				"sender":	false
			}
		}, {
			"streams":	[{
					"socket":	271,
					"start":	4.00036,
					"end":	5.000362,
					"seconds":	1.0000020265579224,
					"bytes":	99446208,
					"bits_per_second":	795568051.735262,
					"omitted":	false,
					"sender":	false
				}],
			"sum":	{
				"start":	4.00036,
				"end":	5.000362,
				"seconds":	1.0000020265579224,
				"bytes":	99446208,
				"bits_per_second":	795568051.735262,
				"omitted":	false,
				"sender":	false
			}
		}, {
			"streams":	[{
					"socket":	271,
					"start":	5.000362,
					"end":	6.00014,
					"seconds":	0.99977797269821167,
					"bytes":	97553344,
					"bits_per_second":	780600066.52654672,
					"omitted":	false,
					"sender":	false
				}],
			"sum":	{
				"start":	5.000362,
				"end":	6.00014,
				"seconds":	0.99977797269821167,
				"bytes":	97553344,
				"bits_per_second":	780600066.52654672,
				"omitted":	false,
				"sender":	false
			}
		}, {
			"streams":	[{
					"socket":	271,
					"start":	6.00014,
					"end":	7.00013,
					"seconds":	0.99998998641967773,
					"bytes":	100027616,
					"bits_per_second":	800228941.15677845,
					"omitted":	false,
					"sender":	false
				}],
			"sum":	{
				"start":	6.00014,
				"end":	7.00013,
				"seconds":	0.99998998641967773,
				"bytes":	100027616,
				"bits_per_second":	800228941.15677845,
				"omitted":	false,
				"sender":	false
			}
		}, {
			"streams":	[{
					"socket":	271,
					"start":	7.00013,
					"end":	8.00012,
					"seconds":	0.99998998641967773,
					"bytes":	95073920,
					"bits_per_second":	760598976.31894243,
					"omitted":	false,
					"sender":	false
				}],
			"sum":	{
				"start":	7.00013,
				"end":	8.00012,
				"seconds":	0.99998998641967773,
				"bytes":	95073920,
				"bits_per_second":	760598976.31894243,
				"omitted":	false,
				"sender":	false
			}
		}, {
			"streams":	[{
					"socket":	271,
					"start":	8.00012,
					"end":	9.000147,
					"seconds":	1.0000269412994385,
					"bytes":	98567104,
					"bits_per_second":	788515588.36542189,
					"omitted":	false,
					"sender":	false
				}],
			"sum":	{
				"start":	8.00012,
				"end":	9.000147,
				"seconds":	1.0000269412994385,
				"bytes":	98567104,
				"bits_per_second":	788515588.36542189,
				"omitted":	false,
				"sender":	false
			}
		}, {
			"streams":	[{
					"socket":	271,
					"start":	9.000147,
					"end":	10.000153,
					"seconds":	1.0000059604644775,
					"bytes":	101187232,
					"bits_per_second":	809493031.04554367,
					"omitted":	false,
					"sender":	false
				}],
			"sum":	{
				"start":	9.000147,
				"end":	10.000153,
				"seconds":	1.0000059604644775,
				"bytes":	101187232,
				"bits_per_second":	809493031.04554367,
				"omitted":	false,
				"sender":	false
			}
		}, {
			"streams":	[{
					"socket":	271,
					"start":	10.000153,
					"end":	11.000169,
					"seconds":	1.0000159740447998,
					"bytes":	91403680,
					"bits_per_second":	731217759.49475145,
					"omitted":	false,
					"sender":	false
				}],
			"sum":	{
				"start":	10.000153,
				"end":	11.000169,
				"seconds":	1.0000159740447998,
				"bytes":	91403680,
				"bits_per_second":	731217759.49475145,
				"omitted":	false,
				"sender":	false
			}
		}, {
			"streams":	[{
					"socket":	271,
					"start":	11.000169,
					"end":	12.000722,
					"seconds":	1.0005530118942261,
					"bytes":	96814112,
					"bits_per_second":	774084817.88856781,
					"omitted":	false,
					"sender":	false
				}],
			"sum":	{
				"start":	11.000169,
				"end":	12.000722,
				"seconds":	1.0005530118942261,
				"bytes":	96814112,
				"bits_per_second":	774084817.88856781,
				"omitted":	false,
				"sender":	false
			}
		}, {
			"streams":	[{
					"socket":	271,
					"start":	12.000722,
					"end":	13.000128,
					"seconds":	0.99940598011016846,
					"bytes":	93246528,
					"bits_per_second":	746415609.71825337,
					"omitted":	false,
					"sender":	false
				}],
			"sum":	{
				"start":	12.000722,
				"end":	13.000128,
				"seconds":	0.99940598011016846,
				"bytes":	93246528,
				"bits_per_second":	746415609.71825337,
				"omitted":	false,
				"sender":	false
			}
		}, {
			"streams":	[{
					"socket":	271,
					"start":	13.000128,
					"end":	14.000312,
					"seconds":	1.0001840591430664,
					"bytes":	88085824,
					"bits_per_second":	704556911.85856175,
					"omitted":	false,
					"sender":	false
				}],
			"sum":	{
				"start":	13.000128,
				"end":	14.000312,
				"seconds":	1.0001840591430664,
				"bytes":	88085824,
				"bits_per_second":	704556911.85856175,
				"omitted":	false,
				"sender":	false
			}
		}, {
			"streams":	[{
					"socket":	271,
					"start":	14.000312,
					"end":	15.000126,
					"seconds":	0.999813973903656,
					"bytes":	94079872,
					"bits_per_second":	752779012.54111266,
					"omitted":	false,
					"sender":	false
				}],
			"sum":	{
				"start":	14.000312,
				"end":	15.000126,
				"seconds":	0.999813973903656,
				"bytes":	94079872,
				"bits_per_second":	752779012.54111266,
				"omitted":	false,
				"sender":	false
			}
		}, {
			"streams":	[{
					"socket":	271,
					"start":	15.000126,
					"end":	16.000116,
					"seconds":	0.99998998641967773,
					"bytes":	95260736,
					"bits_per_second":	762093519.28466845,
					"omitted":	false,
					"sender":	false
				}],
			"sum":	{
				"start":	15.000126,
				"end":	16.000116,
				"seconds":	0.99998998641967773,
				"bytes":	95260736,