{"start": {"connected": [{"socket": 634, "local_host": "100.124.85.183", "local_port": 42743, "remote_host": "20.83.58.111", "remote_port": 5201}], "version": "iperf 3.7", "system_info": "Linux localhost 4.19.110-g9ceb3bf92e0a-ab6790968 #2 SMP PREEMPT Wed Aug 26 04:14:37 UTC 2020 aarch64", "timestamp": {"time": "Mon, 18 Jan 2021 21:32:42 ", "timesecs": 1608348762.0}, "connecting_to": {"host": "20.83.58.111", "port": 5201}, "cookie": "j7sngels5pmjqaiu7dgsohohrhqhuthkf7lp", "sock_bufsize": 0, "sndbuf_actual": 212992, "rcvbuf_actual": 212992, "test_start": {"protocol": "UDP", "num_streams": 1, "blksize": 1376, "omit": 0, "duration": 30, "bytes": 0, "blocks": 0, "reverse": 1, "tos": 0}}, "intervals": [{"streams": [{"socket": 634, "start": 0, "end": 1.00008, "seconds": 1.0000799894332886, "bytes": 227784416, "bits_per_second": 1822129576.8877664, "jitter_ms": 0.001381634653606882, "lost_packets": 30693, "packets": 196234, "lost_percent": 15.641020414403213, "omitted": false, "sender": false}], "sum": {"start": 0, "end": 1.00008, "seconds": 1.0000799894332886, "bytes": 227784416, "bits_per_second": 1822129576.8877664, "jitter_ms": 0.001381634653606882, "lost_packets": 30693, "packets": 196234, "lost_percent": 15.641020414403213, "omitted": false, "sender": false}}, {"streams": [{"socket": 634, "start": 1.00008, "end": 2.000079, "seconds": 0.9999989867210388, "bytes": 249003712, "bits_per_second": 1992031714.4838264, "jitter_ms": 0.0012355191863387717, "lost_packets": 6118, "packets": 187080, "lost_percent": 3.2702587128501177, "omitted": false, "sender": false}], "sum": {"start": 1.00008, "end": 2.000079, "seconds": 0.9999989867210388, "bytes": 249003712, "bits_per_second": 1992031714.4838264, "jitter_ms": 0.0012355191863387717, "lost_packets": 6118, "packets": 187080, "lost_percent": 3.2702587128501177, "omitted": false, "sender": false}}, {"streams": [{"socket": 634, "start": 2.000079, "end": 3.000021, "seconds": 0.9999420046806335, "bytes": 238839200, "bits_per_second": 1910824418.8724258, "jitter_ms": 0.036491246912480554, "lost_packets": 12885, "packets": 186460, "lost_percent": 6.910329293145983, "omitted": false, "sender": false}], "sum": {"start": 2.000079, "end": 3.000021, "seconds": 0.9999420046806335, "bytes": 238839200, "bits_per_second": 1910824418.8724258, "jitter_ms": 0.036491246912480554, "lost_packets": 12885, "packets": 186460, "lost_percent": 6.910329293145983, "omitted": false, "sender": false}}, {"streams": [{"socket": 634, "start": 3.000021, "end": 4.000017, "seconds": 0.9999960064888, "bytes": 230511648, "bits_per_second": 1844100548.436194, "jitter_ms": 0.0018434713376138565, "lost_packets": 18753, "packets": 186276, "lost_percent": 10.067319461444308, "omitted": false, "sender": false}], "sum": {"start": 3.000021, "end": 4.000017, "seconds": 0.9999960064888, "bytes": 230511648, "bits_per_second": 1844100548.436194, "jitter_ms": 0.0018434713376138565, "lost_packets": 18753, "packets": 186276, "lost_percent": 10.067319461444308, "omitted": false, "sender": false}}, {"streams": [{"socket": 634, "start": 4.000017, "end": 5.000018, "seconds": 1.0000009536743164, "bytes": 216908512, "bits_per_second": 1735266441.120963, "jitter_ms": 0.006450985904174599, "lost_packets": 14451, "packets": 172088, "lost_percent": 8.39744781739575, "omitted": false, "sender": false}], "sum": {"start": 4.000017, "end": 5.000018, "seconds": 1.0000009536743164, "bytes": 216908512, "bits_per_second": 1735266441.120963, "jitter_ms": 0.006450985904174599, "lost_packets": 14451, "packets": 172088, "lost_percent": 8.39744781739575, "omitted": false, "sender": false}}, {"streams": [{"socket": 634, "start": 5.000018, "end": 6.000019, "seconds": 1.0000009536743164, "bytes": 207414112, "bits_per_second": 1659311313.5574174, "jitter_ms": 0.004921737060621019, "lost_packets": 37842, "packets": 188579, "lost_percent": 20.066921555422397, "omitted": false, "sender": false}], "sum": {"start": 5.000018, "end": 6.000019, "seconds": 1.0000009536743164, "bytes": 207414112, "bits_per_second": 1659311313.5574174, "jitter_ms": 0.004921737060621019, "lost_packets": 37842, "packets": 188579, "lost_percent": 20.066921555422397, "omitted": false, "sender": false}}, {"streams": [{"socket": 634, "start": 6.000019, "end": 7.000018, "seconds": 0.9999989867210388, "bytes": 210668352, "bits_per_second": 1685348523.7282014, "jitter_ms": 0.0019775509459739275, "lost_packets": 30166, "packets": 183268, "lost_percent": 16.460047580592356, "omitted": false, "sender": false}], "sum": {"start": 6.000019, "end": 7.000018, "seconds": 0.9999989867210388, "bytes": 210668352, "bits_per_second": 1685348523.7282014, "jitter_ms": 0.0019775509459739275, "lost_packets": 30166, "packets": 183268, "lost_percent": 16.460047580592356, "omitted": false, "sender": false}}, {"streams": [{"socket": 634, "start": 7.000018, "end": 8.000019, "seconds": 1.0000009536743164, "bytes": 226441440, "bits_per_second": 1811529792.3905635, "jitter_ms": 0.002011241321673162, "lost_packets": 29178, "packets": 193743, "lost_percent": 15.060157012124309, "omitted": false, "sender": false}], "sum": {"start": 7.000018, "end": 8.000019, "seconds": 1.0000009536743164, "bytes": 226441440, "bits_per_second": 1811529792.3905635, "jitter_ms": 0.002011241321673162, "lost_packets": 29178, "packets": 193743, "lost_percent": 15.060157012124309, "omitted": false, "sender": false}}, {"streams": [{"socket": 634, "start": 8.000019, "end": 9.000081, "seconds": 1.0000619888305664, "bytes": 223265632, "bits_per_second": 1786014343.059499, "jitter_ms": 0.0012677623541958276, "lost_packets": 26846, "packets": 189103, "lost_percent": 14.196496089432744, "omitted": false, "sender": false}], "sum": {"start": 8.000019, "end": 9.000081, "seconds": 1.0000619888305664, "bytes": 223265632, "bits_per_second": 1786014343.059499, "jitter_ms": 0.0012677623541958276, "lost_packets": 26846, "packets": 189103, "lost_percent": 14.196496089432744, "omitted": false, "sender": false}}, {"streams": [{"socket": 634, "start": 9.000081, "end": 10.000018, "seconds": 0.9999369978904724, "bytes": 230638240, "bits_per_second": 1845222172.889439, "jitter_ms": 0.0017442783175446194, "lost_packets": 21927, "packets": 189542, "lost_percent": 11.568412278017536, "omitted": false, "sender": false}], "sum": {"start": 9.000081, "end": 10.000018, "seconds": 0.9999369978904724, "bytes": 230638240, "bits_per_second": 1845222172.889439, "jitter_ms": 0.0017442783175446194, "lost_packets": 21927, "packets": 189542, "lost_percent": 11.568412278017536, "omitted": false, "sender": false}}, {"streams": [{"socket": 634, "start": 10.000018, "end": 11.000093, "seconds": 1.0000749826431274, "bytes": 223130784, "bits_per_second": 1784912434.5479066, "jitter_ms": 0.0023444983199142834, "lost_packets": 24569, "packets": 186728, "lost_percent": 13.15764106079431, "omitted": false, "sender": false}], "sum": {"start": 10.000018, "end": 11.000093, "seconds": 1.0000749826431274, "bytes": 223130784, "bits_per_second": 1784912434.5479066, "jitter_ms": 0.0023444983199142834, "lost_packets": 24569, "packets": 186728, "lost_percent": 13.15764106079431, "omitted": false, "sender": false}}, {"streams": [{"socket": 634, "start": 11.000093, "end": 12.000018, "seconds": 0.9999250173568726, "bytes": 200843712, "bits_per_second": 1606870183.373512, "jitter_ms": 0.004728269897819538, "lost_packets": 25957, "packets": 171919, "lost_percent": 15.098389357778954, "omitted": false, "sender": false}], "sum": {"start": 11.000093, "end": 12.000018, "seconds": 0.9999250173568726, "bytes": 200843712, "bits_per_second": 1606870183.373512, "jitter_ms": 0.004728269897819538, "lost_packets": 25957, "packets": 171919, "lost_percent": 15.098389357778954, "omitted": false, "sender": false}}, {"streams": [{"socket": 634, "start": 12.000018, "end": 13.000097, "seconds": 1.0000790357589722, "bytes": 204967584, "bits_per_second": 1639611084.0935495, "jitter_ms": 0.0014708401487221602, "lost_packets": 53555, "packets": 202514,