{
	"start":	{
		"connected":	[{
				"socket":	239,
				"local_host":	"100.124.85.183",
				"local_port":	45800,
				"remote_host":	"20.46.241.99",
				"remote_port":	5201
			}],
		"version":	"iperf 3.7",
		"system_info":	"Linux localhost 4.19.110-g9ceb3bf92e0a-ab6790968 #2 SMP PREEMPT Wed Aug 26 04:14:37 UTC 2020 aarch64",
		"timestamp":	{
			"time":	"Mon, 17 May 2021 23:17:31 GMT",
			"timesecs":	1621293451
		},
		"connecting_to":	{
			"host":	"20.46.241.99",
			"port":	5201
		},
		"cookie":	"6drcz2kq2qxgou6yjt32htak7rxc5hy3voeg",
		"tcp_mss_default":	1376,
		"target_bitrate":	3000000000,
		"sock_bufsize":	0,
		"sndbuf_actual":	2097152,
		"rcvbuf_actual":	6291456,
		"test_start":	{
			"protocol":	"TCP",
			"num_streams":	1,
			"blksize":	131072,
			"omit":	0,
			"duration":	30,
			"bytes":	0,
			"blocks":	0,
			"reverse":	1,
			"tos":	0
		}
	},
	"intervals":	[{
			"streams":	[{
					"socket":	239,
					"start":	0,
					"end":	1.00015,
					"seconds":	1.0001499652862549,
					"bytes":	681120,
					"bits_per_second":	5448142.9676802941,
					"omitted":	false,
					"sender":	false
				}],
			"sum":	{
				"start":	0,
				"end":	1.00015,
				"seconds":	1.0001499652862549,
				"bytes":	681120,
				"bits_per_second":	5448142.9676802941,
				"omitted":	false,
				"sender":	false
			}
		}, {
			"streams":	[{
					"socket":	239,
					"start":	1.00015,
					"end":	2.000112,
					"seconds":	0.9999619722366333,
					"bytes":	1228768,
					"bits_per_second":	9830517.83260591,
					"omitted":	false,
					"sender":	false
				}],
			"sum":	{
				"start":	1.00015,
				"end":	2.000112,
				"seconds":	0.9999619722366333,
				"bytes":	1228768,
				"bits_per_second":	9830517.83260591,
				"omitted":	false,
				"sender":	false
			}
		}, {
			"streams":	[{
					"socket":	239,
					"start":	2.000112,
					"end":	3.00011,
					"seconds":	0.99999797344207764,
					"bytes":	2716224,
					"bits_per_second":	21729836.036771372,
					"omitted":	false,
					"sender":	false
				}],
			"sum":	{
				"start":	2.000112,
				"end":	3.00011,
				"seconds":	0.99999797344207764,
				"bytes":	2716224,
				"bits_per_second":	21729836.036771372,
				"omitted":	false,
				"sender":	false
			}
		}, {
			"streams":	[{
					"socket":	239,
					"start":	3.00011,
					"end":	4.000117,
					"seconds":	1.0000070333480835,
					"bytes":	4366048,
					"bits_per_second":	34928138.338245161,
					"omitted":	false,
					"sender":	false
				}],
			"sum":	{
				"start":	3.00011,
				"end":	4.000117,
				"seconds":	1.0000070333480835,
				"bytes":	4366048,
				"bits_per_second":	34928138.338245161,
				"omitted":	false,
				"sender":	false
			}
		}, {
			"streams":	[{
					"socket":	239,
					"start":	4.000117,
					"end":	5.000148,
					"seconds":	1.0000309944152832,
					"bytes":	7867968,
					"bits_per_second":	62941793.155924253,
					"omitted":	false,
					"sender":	false
				}],
			"sum":	{
				"start":	4.000117,
				"end":	5.000148,
				"seconds":	1.0000309944152832,
				"bytes":	7867968,
				"bits_per_second":	62941793.155924253,
				"omitted":	false,
				"sender":	false
			}
		}, {
			"streams":	[{
					"socket":	239,
					"start":	5.000148,
					"end":	6.000118,
					"seconds":	0.999970018863678,
					"bytes":	17502720,
					"bits_per_second":	140025958.13733953,
					"omitted":	false,
					"sender":	false
				}],
			"sum":	{
				"start":	5.000148,
				"end":	6.000118,
				"seconds":	0.999970018863678,
				"bytes":	17502720,
				"bits_per_second":	140025958.13733953,
				"omitted":	false,
				"sender":	false
			}
		}, {
			"streams":	[{
					"socket":	239,
					"start":	6.000118,
					"end":	7.000112,
					"seconds":	0.99999397993087769,
					"bytes":	19375456,
					"bits_per_second":	155004581.13829273,
					"omitted":	false,
					"sender":	false
				}],
			"sum":	{
				"start":	6.000118,
				"end":	7.000112,
				"seconds":	0.99999397993087769,
				"bytes":	19375456,
				"bits_per_second":	155004581.13829273,
				"omitted":	false,
				"sender":	false
			}
		}, {
			"streams":	[{
					"socket":	239,
					"start":	7.000112,
					"end":	8.000117,
					"seconds":	1.0000050067901611,
					"bytes":	20495520,
					"bits_per_second":	163963339.06996715,
					"omitted":	false,
					"sender":	false
				}],
			"sum":	{
				"start":	7.000112,
				"end":	8.000117,
				"seconds":	1.0000050067901611,
				"bytes":	20495520,
				"bits_per_second":	163963339.06996715,
				"omitted":	false,
				"sender":	false
			}
		}, {
			"streams":	[{
					"socket":	239,
					"start":	8.000117,
					"end":	9.00111,
					"seconds":	1.000993013381958,
					"bytes":	22546112,
					"bits_per_second":	180189964.95350662,
					"omitted":	false,
					"sender":	false
				}],
			"sum":	{
				"start":	8.000117,
				"end":	9.00111,
				"seconds":	1.000993013381958,
				"bytes":	22546112,
				"bits_per_second":	180189964.95350662,
				"omitted":	false,
				"sender":	false
			}
		}, {
			"streams":	[{
					"socket":	239,
					"start":	9.00111,
					"end":	10.000132,
					"seconds":	0.99902200698852539,
					"bytes":	23386144,
					"bits_per_second":	187272303.00358024,
					"omitted":	false,
					"sender":	false
				}],
			"sum":	{
				"start":	9.00111,
				"end":	10.000132,
				"seconds":	0.99902200698852539,
				"bytes":	23386144,
				"bits_per_second":	187272303.00358024,
				"omitted":	false,
				"sender":	false
			}
		}, {
			"streams":	[{
					"socket":	239,
					"start":	10.000132,
					"end":	11.000156,
					"seconds":	1.0000239610671997,
					"bytes":	23550240,
					"bits_per_second":	188397405.79709944,
					"omitted":	false,
					"sender":	false
				}],
			"sum":	{
				"start":	10.000132,
				"end":	11.000156,
				"seconds":	1.0000239610671997,
				"bytes":	23550240,
				"bits_per_second":	188397405.79709944,
				"omitted":	false,
				"sender":	false
			}
		}, {
			"streams":	[{
					"socket":	239,
					"start":	11.000156,
					"end":	12.000127,
					"seconds":	0.99997097253799438,
					"bytes":	20886304,
					"bits_per_second":	167095282.35195979,
					"omitted":	false,
					"sender":	false
				}],
			"sum":	{
				"start":	11.000156,
				"end":	12.000127,
				"seconds":	0.99997097253799438,
				"bytes":	20886304,
				"bits_per_second":	167095282.35195979,
				"omitted":	false,
				"sender":	false
			}
		}, {
			"streams":	[{
					"socket":	239,
					"start":	12.000127,
					"end":	13.000382,
					"seconds":	1.0002549886703491,
					"bytes":	17626560,
					"bits_per_second":	140976532.58140662,
					"omitted":	false,
					"sender":	false
				}],
			"sum":	{
				"start":	12.000127,
				"end":	13.000382,
				"seconds":	1.0002549886703491,
				"bytes":	17626560,
				"bits_per_second":	140976532.58140662,
				"omitted":	false,
				"sender":	false
			}
		}, {
			"streams":	[{
					"socket":	239,
					"start":	13.000382,
					"end":	14.000119,
					"seconds":	0.999737024307251,
					"bytes":	20640000,
					"bits_per_second":	165163433.96846467,
					"omitted":	false,
					"sender":	false
				}],
			"sum":	{
				"start":	13.000382,
				"end":	14.000119,
				"seconds":	0.999737024307251,
				"bytes":	20640000,
				"bits_per_second":	165163433.96846467,
				"omitted":	false,
				"sender":	false
			}
		}, {
			"streams":	[{
					"socket":	239,
					"start":	14.000119,
					"end":	15.000355,
					"seconds":	1.0002360343933105,
					"bytes":	21826112,
					"bits_per_second":	174567692.02072227,
					"omitted":	false,
					"sender":	false
				}],
			"sum":	{
				"start":	14.000119,
				"end":	15.000355,
				"seconds":	1.0002360343933105,
				"bytes":	21826112,
				"bits_per_second":	174567692.02072227,
				"omitted":	false,
				"sender":	false
			}
		}, {
			"streams":	[{
					"socket":	239,
					"start":	15.000355,
					"end":	16.000301,
					"seconds":	0.9999459981918335,
					"bytes":	22756288,
					"bits_per_second":	182060135.57651618,
					"omitted":	false,
					"sender":	false
				}],
			"sum":	{
				"start":	15.000355,
				"end":	16.000301,
				"seconds":	0.9999459981918335,
				"bytes":	22756288,