{
	"start":	{
		"connected":	[{
				"socket":	208,
				"local_host":	"100.124.59.153",
				"local_port":	45322,
				"remote_host":	"13.78.215.115",
				"remote_port":	5201
			}],
		"version":	"iperf 3.7",
		"system_info":	"Linux localhost 4.19.110-g9ceb3bf92e0a-ab6790968 #2 SMP PREEMPT Wed Aug 26 04:14:37 UTC 2020 aarch64",
		"timestamp":	{
			"time":	"Tue, 11 May 2021 18:14:51 GMT",
			"timesecs":	1620756891
		},
		"connecting_to":	{
			"host":	"13.78.215.115",
			"port":	5201
		},
		"cookie":	"e23ciytkjhlagki5sxvkgy5wikdffaifyel6",
		"tcp_mss_default":	1376,
		"target_bitrate":	2000000000,
		"sock_bufsize":	0,
		"sndbuf_actual":	2097152,
		"rcvbuf_actual":	6291456,
		"test_start":	{
			"protocol":	"TCP",
			"num_streams":	1,
			"blksize":	131072,
			"omit":	0,
			"duration":	30,
			"bytes":	0,
			"blocks":	0,
			"reverse":	1,
			"tos":	0
		}
	},
	"intervals":	[{
			"streams":	[{
					"socket":	208,
					"start":	0,
					"end":	1.001152,
					"seconds":	1.0011520385742188,
					"bytes":	736160,
					"bits_per_second":	5882503.1294818744,
					"omitted":	false,
					"sender":	false
				}],
			"sum":	{
				"start":	0,
				"end":	1.001152,
				"seconds":	1.0011520385742188,
				"bytes":	736160,
				"bits_per_second":	5882503.1294818744,
				"omitted":	false,
				"sender":	false
			}
		}, {
			"streams":	[{
					"socket":	208,
					"start":	1.001152,
					"end":	2.000543,
					"seconds":	0.99939101934432983,
					"bytes":	1996576,
					"bits_per_second":	15982340.936462631,
					"omitted":	false,
					"sender":	false
				}],
			"sum":	{
				"start":	1.001152,
				"end":	2.000543,
				"seconds":	0.99939101934432983,
				"bytes":	1996576,
				"bits_per_second":	15982340.936462631,
				"omitted":	false,
				"sender":	false
			}
		}, {
			"streams":	[{
					"socket":	208,
					"start":	2.000543,
					"end":	3.000094,
					"seconds":	0.999550998210907,
					"bytes":	5205408,
					"bits_per_second":	41661970.299201481,
					"omitted":	false,
					"sender":	false
				}],
			"sum":	{
				"start":	2.000543,
				"end":	3.000094,
				"seconds":	0.999550998210907,
				"bytes":	5205408,
				"bits_per_second":	41661970.299201481,
				"omitted":	false,
				"sender":	false
			}
		}, {
			"streams":	[{
					"socket":	208,
					"start":	3.000094,
					"end":	4.000124,
					"seconds":	1.0000300407409668,
					"bytes":	12214752,
					"bits_per_second":	97715080.566576153,
					"omitted":	false,
					"sender":	false
				}],
			"sum":	{
				"start":	3.000094,
				"end":	4.000124,
				"seconds":	1.0000300407409668,
				"bytes":	12214752,
				"bits_per_second":	97715080.566576153,
				"omitted":	false,
				"sender":	false
			}
		}, {
			"streams":	[{
					"socket":	208,
					"start":	4.000124,
					"end":	5.000124,
					"seconds":	1,
					"bytes":	27120960,
					"bits_per_second":	216967680,
					"omitted":	false,
					"sender":	false
				}],
			"sum":	{
				"start":	4.000124,
				"end":	5.000124,
				"seconds":	1,
				"bytes":	27120960,
				"bits_per_second":	216967680,
				"omitted":	false,
				"sender":	false
			}
		}, {
			"streams":	[{
					"socket":	208,
					"start":	5.000124,
					"end":	6.000114,
					"seconds":	0.99998998641967773,
					"bytes":	53965344,
					"bits_per_second":	431727075.13374412,
					"omitted":	false,
					"sender":	false
				}],
			"sum":	{
				"start":	5.000124,
				"end":	6.000114,
				"seconds":	0.99998998641967773,
				"bytes":	53965344,
				"bits_per_second":	431727075.13374412,
				"omitted":	false,
				"sender":	false
			}
		}, {
			"streams":	[{
					"socket":	208,
					"start":	6.000114,
					"end":	7.00087,
					"seconds":	1.0007560253143311,
					"bytes":	61764864,
					"bits_per_second":	493745627.806538,
					"omitted":	false,
					"sender":	false
				}],
			"sum":	{
				"start":	6.000114,
				"end":	7.00087,
				"seconds":	1.0007560253143311,
				"bytes":	61764864,
				"bits_per_second":	493745627.806538,
				"omitted":	false,
				"sender":	false
			}
		}, {
			"streams":	[{
					"socket":	208,
					"start":	7.00087,
					"end":	8.000121,
					"seconds":	0.99925100803375244,
					"bytes":	62058624,
					"bits_per_second":	496841122.0088861,
					"omitted":	false,
					"sender":	false
				}],
			"sum":	{
				"start":	7.00087,
				"end":	8.000121,
				"seconds":	0.99925100803375244,
				"bytes":	62058624,
				"bits_per_second":	496841122.0088861,
				"omitted":	false,
				"sender":	false
			}
		}, {
			"streams":	[{
					"socket":	208,
					"start":	8.000121,
					"end":	9.000099,
					"seconds":	0.99997800588607788,
					"bytes":	62423616,
					"bits_per_second":	499399911.85855412,
					"omitted":	false,
					"sender":	false
				}],
			"sum":	{
				"start":	8.000121,
				"end":	9.000099,
				"seconds":	0.99997800588607788,
				"bytes":	62423616,
				"bits_per_second":	499399911.85855412,
				"omitted":	false,
				"sender":	false
			}
		}, {
			"streams":	[{
					"socket":	208,
					"start":	9.000099,
					"end":	10.000092,
					"seconds":	0.99999302625656128,
					"bytes":	62496544,
					"bits_per_second":	499975838.70322466,
					"omitted":	false,
					"sender":	false
				}],
			"sum":	{
				"start":	9.000099,
				"end":	10.000092,
				"seconds":	0.99999302625656128,
				"bytes":	62496544,
				"bits_per_second":	499975838.70322466,
				"omitted":	false,
				"sender":	false
			}
		}, {
			"streams":	[{
					"socket":	208,
					"start":	10.000092,
					"end":	11.000121,
					"seconds":	1.0000289678573608,
					"bytes":	62471776,
					"bits_per_second":	499759731.03139681,
					"omitted":	false,
					"sender":	false
				}],
			"sum":	{
				"start":	10.000092,
				"end":	11.000121,
				"seconds":	1.0000289678573608,
				"bytes":	62471776,
				"bits_per_second":	499759731.03139681,
				"omitted":	false,
				"sender":	false
			}
		}, {
			"streams":	[{
					"socket":	208,
					"start":	11.000121,
					"end":	12.000093,
					"seconds":	0.99997198581695557,
					"bytes":	62521312,
					"bits_per_second":	500184508.26037037,
					"omitted":	false,
					"sender":	false
				}],
			"sum":	{
				"start":	11.000121,
				"end":	12.000093,
				"seconds":	0.99997198581695557,
				"bytes":	62521312,
				"bits_per_second":	500184508.26037037,
				"omitted":	false,
				"sender":	false
			}
		}, {
			"streams":	[{
					"socket":	208,
					"start":	12.000093,
					"end":	13.000123,
					"seconds":	1.0000300407409668,
					"bytes":	59331744,
					"bits_per_second":	474639693.47191584,
					"omitted":	false,
					"sender":	false
				}],
			"sum":	{
				"start":	12.000093,
				"end":	13.000123,
				"seconds":	1.0000300407409668,
				"bytes":	59331744,
				"bits_per_second":	474639693.47191584,
				"omitted":	false,
				"sender":	false
			}
		}, {
			"streams":	[{
					"socket":	208,
					"start":	13.000123,
					"end":	14.000167,
					"seconds":	1.0000439882278442,
					"bytes":	47758208,
					"bits_per_second":	382048858.34777135,
					"omitted":	false,
					"sender":	false
				}],
			"sum":	{
				"start":	13.000123,
				"end":	14.000167,
				"seconds":	1.0000439882278442,
				"bytes":	47758208,
				"bits_per_second":	382048858.34777135,
				"omitted":	false,
				"sender":	false
			}
		}, {
			"streams":	[{
					"socket":	208,
					"start":	14.000167,
					"end":	15.000094,
					"seconds":	0.99992698431015015,
					"bytes":	53508512,
					"bits_per_second":	428099353.96965438,
					"omitted":	false,
					"sender":	false
				}],
			"sum":	{
				"start":	14.000167,
				"end":	15.000094,
				"seconds":	0.99992698431015015,
				"bytes":	53508512,
				"bits_per_second":	428099353.96965438,
				"omitted":	false,
				"sender":	false
			}
		}, {
			"streams":	[{
					"socket":	208,
					"start":	15.000094,
					"end":	16.000123,
					"seconds":	1.0000289678573608,
					"bytes":	62546080,
					"bits_per_second":	500354145.81247419,
					"omitted":	false,
					"sender":	false
				}],
			"sum":	{
				"start":	15.000094,
				"end":	16.000123,
				"seconds":	1.0000289678573608,
				"bytes":	62546080,
				"bits_per_second":	500354145.81247419,
				"omitted":	false,