{
	"start":	{
		"connected":	[{
				"socket":	187,
				"local_host":	"100.124.85.183",
				"local_port":	48828,
				"remote_host":	"20.83.58.111",
				"remote_port":	5201
			}],
		"version":	"iperf 3.7",
		"system_info":	"Linux localhost 4.19.110-g9ceb3bf92e0a-ab6790968 #2 SMP PREEMPT Wed Aug 26 04:14:37 UTC 2020 aarch64",
		"timestamp":	{
			"time":	"Tue, 18 May 2021 21:57:53 GMT",
			"timesecs":	1621375073
		},
		"connecting_to":	{
			"host":	"20.83.58.111",
			"port":	5201
		},
		"cookie":	"i7on2zom2c4v7uouqbdt62ff2qk4a2bnfvgd",
		"sock_bufsize":	0,
		"sndbuf_actual":	212992,
		"rcvbuf_actual":	212992,
		"test_start":	{
			"protocol":	"UDP",
			"num_streams":	1,
			"blksize":	1376,
			"omit":	0,
			"duration":	10,
			"bytes":	0,
			"blocks":	0,
			"reverse":	1,
			"tos":	0
		}
	},
	"intervals":	[{
			"streams":	[{
					"socket":	187,
					"start":	0,
					"end":	1.000015,
					"seconds":	1.0000150203704834,
					"bytes":	187101600,
					"bits_per_second":	1496790317.6548929,
					"jitter_ms":	0.0015018156547621897,
					"lost_packets":	33331,
					"packets":	169306,
					"lost_percent":	19.686839214203868,
					"omitted":	false,
					"sender":	false
				}],
			"sum":	{
				"start":	0,
				"end":	1.000015,
				"seconds":	1.0000150203704834,
				"bytes":	187101600,
				"bits_per_second":	1496790317.6548929,
				"jitter_ms":	0.0015018156547621897,
				"lost_packets":	33331,
				"packets":	169306,
				"lost_percent":	19.686839214203868,
				"omitted":	false,
				"sender":	false
			}
		}, {
			"streams":	[{
					"socket":	187,
					"start":	1.000015,
					"end":	2.000017,
					"seconds":	1.0000020265579224,
					"bytes":	213549696,
					"bits_per_second":	1708394105.8403902,
					"jitter_ms":	0.0015156111776729133,
					"lost_packets":	32828,
					"packets":	188024,
					"lost_percent":	17.459473258732928,
					"omitted":	false,
					"sender":	false
				}],
			"sum":	{
				"start":	1.000015,
				"end":	2.000017,
				"seconds":	1.0000020265579224,
				"bytes":	213549696,
				"bits_per_second":	1708394105.8403902,
				"jitter_ms":	0.0015156111776729133,
				"lost_packets":	32828,
				"packets":	188024,
				"lost_percent":	17.459473258732928,
				"omitted":	false,
				"sender":	false
			}
		}, {
			"streams":	[{
					"socket":	187,
					"start":	2.000017,
					"end":	3.000018,
					"seconds":	1.0000009536743164,
					"bytes":	214624352,
					"bits_per_second":	1716993178.5477042,
					"jitter_ms":	0.0014253849850694542,
					"lost_packets":	32086,
					"packets":	188063,
					"lost_percent":	17.061303924748621,
					"omitted":	false,
					"sender":	false
				}],
			"sum":	{
				"start":	2.000017,
				"end":	3.000018,
				"seconds":	1.0000009536743164,
				"bytes":	214624352,
				"bits_per_second":	1716993178.5477042,
				"jitter_ms":	0.0014253849850694542,
				"lost_packets":	32086,
				"packets":	188063,
				"lost_percent":	17.061303924748621,
				"omitted":	false,
				"sender":	false
			}
		}, {
			"streams":	[{
					"socket":	187,
					"start":	3.000018,
					"end":	4.000017,
					"seconds":	0.99999898672103882,
					"bytes":	216535616,
					"bits_per_second":	1732286683.2896509,
					"jitter_ms":	0.0018797868621345105,
					"lost_packets":	30663,
					"packets":	188029,
					"lost_percent":	16.307590850347552,
					"omitted":	false,
					"sender":	false
				}],
			"sum":	{
				"start":	3.000018,
				"end":	4.000017,
				"seconds":	0.99999898672103882,
				"bytes":	216535616,
				"bits_per_second":	1732286683.2896509,
				"jitter_ms":	0.0018797868621345105,
				"lost_packets":	30663,
				"packets":	188029,
				"lost_percent":	16.307590850347552,
				"omitted":	false,
				"sender":	false
			}
		}, {
			"streams":	[{
					"socket":	187,
					"start":	4.000017,
					"end":	5.000076,
					"seconds":	1.0000590085983276,
					"bytes":	182116352,
					"bits_per_second":	1456844849.6274426,
					"jitter_ms":	0.126761567275959,
					"lost_packets":	55620,
					"packets":	187972,
					"lost_percent":	29.589513331772817,
					"omitted":	false,
					"sender":	false
				}],
			"sum":	{
				"start":	4.000017,
				"end":	5.000076,
				"seconds":	1.0000590085983276,
				"bytes":	182116352,
				"bits_per_second":	1456844849.6274426,
				"jitter_ms":	0.126761567275959,
				"lost_packets":	55620,
				"packets":	187972,
				"lost_percent":	29.589513331772817,
				"omitted":	false,
				"sender":	false
			}
		}, {
			"streams":	[{
					"socket":	187,
					"start":	5.000076,
					"end":	6.000022,
					"seconds":	0.9999459981918335,
					"bytes":	165728192,
					"bits_per_second":	1325897136.8428323,
					"jitter_ms":	0.0632133980642777,
					"lost_packets":	67610,
					"packets":	188052,
					"lost_percent":	35.952821559994042,
					"omitted":	false,
					"sender":	false
				}],
			"sum":	{
				"start":	5.000076,
				"end":	6.000022,
				"seconds":	0.9999459981918335,
				"bytes":	165728192,
				"bits_per_second":	1325897136.8428323,
				"jitter_ms":	0.0632133980642777,
				"lost_packets":	67610,
				"packets":	188052,
				"lost_percent":	35.952821559994042,
				"omitted":	false,
				"sender":	false
			}
		}, {
			"streams":	[{
					"socket":	187,
					"start":	6.000022,
					"end":	7.000016,
					"seconds":	0.99999397993087769,
					"bytes":	203886048,
					"bits_per_second":	1631098203.3239293,
					"jitter_ms":	0.0023305202978479819,
					"lost_packets":	39950,
					"packets":	188123,
					"lost_percent":	21.236106164583809,
					"omitted":	false,
					"sender":	false
				}],
			"sum":	{
				"start":	6.000022,
				"end":	7.000016,
				"seconds":	0.99999397993087769,
				"bytes":	203886048,
				"bits_per_second":	1631098203.3239293,
				"jitter_ms":	0.0023305202978479819,
				"lost_packets":	39950,
				"packets":	188123,
				"lost_percent":	21.236106164583809,
				"omitted":	false,
				"sender":	false
			}
		}, {
			"streams":	[{
					"socket":	187,
					"start":	7.000016,
					"end":	8.000014,
					"seconds":	0.99999797344207764,
					"bytes":	226773056,
					"bits_per_second":	1814188124.5573165,
					"jitter_ms":	0.0020325976642979865,
					"lost_packets":	23240,
					"packets":	188046,
					"lost_percent":	12.358678195760612,
					"omitted":	false,
					"sender":	false
				}],
			"sum":	{
				"start":	7.000016,
				"end":	8.000014,
				"seconds":	0.99999797344207764,
				"bytes":	226773056,
				"bits_per_second":	1814188124.5573165,
				"jitter_ms":	0.0020325976642979865,
				"lost_packets":	23240,
				"packets":	188046,
				"lost_percent":	12.358678195760612,
				"omitted":	false,
				"sender":	false
			}
		}, {
			"streams":	[{
					"socket":	187,
					"start":	8.000014,
					"end":	9.000017,
					"seconds":	1.0000029802322388,
					"bytes":	225465856,
					"bits_per_second":	1803721472.491118,
					"jitter_ms":	0.043822552449620314,
					"lost_packets":	24095,
					"packets":	187951,
					"lost_percent":	12.819830700554931,
					"omitted":	false,
					"sender":	false
				}],
			"sum":	{
				"start":	8.000014,
				"end":	9.000017,
				"seconds":	1.0000029802322388,
				"bytes":	225465856,
				"bits_per_second":	1803721472.491118,
				"jitter_ms":	0.043822552449620314,
				"lost_packets":	24095,
				"packets":	187951,
				"lost_percent":	12.819830700554931,
				"omitted":	false,
				"sender":	false
			}
		}, {
			"streams":	[{
					"socket":	187,
					"start":	9.000017,
					"end":	10.000042,
					"seconds":	1.0000250339508057,
					"bytes":	224279744,
					"bits_per_second":	1794193036.2597945,
					"jitter_ms":	0.0019840033356550275,
					"lost_packets":	24872,
					"packets":	187866,
					"lost_percent":	13.239223702000363,
					"omitted":	false,
					"sender":	false
				}],
			"sum":	{
				"start":	9.000017,
				"end":	10.000042,
				"seconds":	1.0000250339508057,
				"bytes":	224279744,
				"bits_per_second":	1794193036.2597945,
				"jitter_ms":	0.0019840033356550275,
				"lost_packets":	24872,
				"packets":	187866,
				"lost_percent":	13.239223702000363,
				"omitted":	false,
				"sender":	false
			}
		}],