{"start": {"connected": [{"socket": 83, "local_host": "100.120.164.6", "local_port": 39377, "remote_host": "20.83.58.111", "remote_port": 5201}], "version": "iperf 3.7", "system_info": "Linux localhost 4.19.110-g9ceb3bf92e0a-ab6790968 #2 SMP PREEMPT Wed Aug 26 04:14:37 UTC 2020 aarch64", "timestamp": {"time": "2021-01-25 04:25:12 ", "timesecs": 1611588312.0}, "connecting_to": {"host": "20.83.58.111", "port": 5201}, "cookie": "tx3jx2tq4czhaj3agucwbbdcbmyumsgot66j", "sock_bufsize": 0, "sndbuf_actual": 212992, "rcvbuf_actual": 212992, "test_start": {"protocol": "UDP", "num_streams": 1, "blksize": 1376, "omit": 0, "duration": 30, "bytes": 0, "blocks": 0, "reverse": 1, "tos": 0}}, "intervals": [{"streams": [{"socket": 83, "start": 0, "end": 1.003118, "seconds": 1.0031180381774902, "bytes": 6864864, "bits_per_second": 54748205.00664023, "jitter_ms": 0.5027367726208046, "lost_packets": 41553, "packets": 46542, "lost_percent": 89.28064973572258, "omitted": false, "sender": false}], "sum": {"start": 0, "end": 1.003118, "seconds": 1.0031180381774902, "bytes": 6864864, "bits_per_second": 54748205.00664023, "jitter_ms": 0.5027367726208046, "lost_packets": 41553, "packets": 46542, "lost_percent": 89.28064973572258, "omitted": false, "sender": false}}, {"streams": [{"socket": 83, "start": 1.003118, "end": 2.00099, "seconds": 0.997871994972229, "bytes": 27690624, "bits_per_second": 221997403.59099373, "jitter_ms": 0.09333392495053024, "lost_packets": 340889, "packets": 361013, "lost_percent": 94.42568550163014, "omitted": false, "sender": false}], "sum": {"start": 1.003118, "end": 2.00099, "seconds": 0.997871994972229, "bytes": 27690624, "bits_per_second": 221997403.59099373, "jitter_ms": 0.09333392495053024, "lost_packets": 340889, "packets": 361013, "lost_percent": 94.42568550163014, "omitted": false, "sender": false}}, {"streams": [{"socket": 83, "start": 2.00099, "end": 3.001338, "seconds": 1.0003479719161987, "bytes": 65670976, "bits_per_second": 525185058.3488874, "jitter_ms": 0.05815872704520595, "lost_packets": 178790, "packets": 226516, "lost_percent": 78.93040668208869, "omitted": false, "sender": false}], "sum": {"start": 2.00099, "end": 3.001338, "seconds": 1.0003479719161987, "bytes": 65670976, "bits_per_second": 525185058.3488874, "jitter_ms": 0.05815872704520595, "lost_packets": 178790, "packets": 226516, "lost_percent": 78.93040668208869, "omitted": false, "sender": false}}, {"streams": [{"socket": 83, "start": 3.001338, "end": 4.002377, "seconds": 1.0010390281677246, "bytes": 60080288, "bits_per_second": 480143421.46055484, "jitter_ms": 0.13641726339781526, "lost_packets": 177605, "packets": 221268, "lost_percent": 80.26691613789613, "omitted": false, "sender": false}], "sum": {"start": 3.001338, "end": 4.002377, "seconds": 1.0010390281677246, "bytes": 60080288, "bits_per_second": 480143421.46055484, "jitter_ms": 0.13641726339781526, "lost_packets": 177605, "packets": 221268, "lost_percent": 80.26691613789613, "omitted": false, "sender": false}}, {"streams": [{"socket": 83, "start": 4.002377, "end": 5.001066, "seconds": 0.9986889958381653, "bytes": 59634464, "bits_per_second": 477701981.28558207, "jitter_ms": 0.14486131797284352, "lost_packets": 180414, "packets": 223753, "lost_percent": 80.63087422291545, "omitted": false, "sender": false}], "sum": {"start": 4.002377, "end": 5.001066, "seconds": 0.9986889958381653, "bytes": 59634464, "bits_per_second": 477701981.28558207, "jitter_ms": 0.14486131797284352, "lost_packets": 180414, "packets": 223753, "lost_percent": 80.63087422291545, "omitted": false, "sender": false}}, {"streams": [{"socket": 83, "start": 5.001066, "end": 6.001374, "seconds": 1.0003080368041992, "bytes": 61187968, "bits_per_second": 489353005.26413316, "jitter_ms": 0.24538343518696545, "lost_packets": 179005, "packets": 223473, "lost_percent": 80.10139927418525, "omitted": false, "sender": false}], "sum": {"start": 5.001066, "end": 6.001374, "seconds": 1.0003080368041992, "bytes": 61187968, "bits_per_second": 489353005.26413316, "jitter_ms": 0.24538343518696545, "lost_packets": 179005, "packets": 223473, "lost_percent": 80.10139927418525, "omitted": false, "sender": false}}, {"streams": [{"socket": 83, "start": 6.001374, "end": 7.000819, "seconds": 0.9994450211524963, "bytes": 62244736, "bits_per_second": 498234397.55173993, "jitter_ms": 0.09346565965768519, "lost_packets": 181002, "packets": 226238, "lost_percent": 80.00512734377072, "omitted": false, "sender": false}], "sum": {"start": 6.001374, "end": 7.000819, "seconds": 0.9994450211524963, "bytes": 62244736, "bits_per_second": 498234397.55173993, "jitter_ms": 0.09346565965768519, "lost_packets": 181002, "packets": 226238, "lost_percent": 80.00512734377072, "omitted": false, "sender": false}}, {"streams": [{"socket": 83, "start": 7.000819, "end": 8.001127, "seconds": 1.0003080368041992, "bytes": 61445280, "bits_per_second": 491410867.36686754, "jitter_ms": 0.1497825483742798, "lost_packets": 174195, "packets": 218850, "lost_percent": 79.5956134338588, "omitted": false, "sender": false}], "sum": {"start": 7.000819, "end": 8.001127, "seconds": 1.0003080368041992, "bytes": 61445280, "bits_per_second": 491410867.36686754, "jitter_ms": 0.1497825483742798, "lost_packets": 174195, "packets": 218850, "lost_percent": 79.5956134338588, "omitted": false, "sender": false}}, {"streams": [{"socket": 83, "start": 8.001127, "end": 9.001503, "seconds": 1.0003759860992432, "bytes": 61459040, "bits_per_second": 491487527.52170044, "jitter_ms": 0.05025763618866117, "lost_packets": 174335, "packets": 219000, "lost_percent": 79.60502283105023, "omitted": false, "sender": false}], "sum": {"start": 8.001127, "end": 9.001503, "seconds": 1.0003759860992432, "bytes": 61459040, "bits_per_second": 491487527.52170044, "jitter_ms": 0.05025763618866117, "lost_packets": 174335, "packets": 219000, "lost_percent": 79.60502283105023, "omitted": false, "sender": false}}, {"streams": [{"socket": 83, "start": 9.001503, "end": 10.003132, "seconds": 1.0016289949417114, "bytes": 63044192, "bits_per_second": 503533282.82928777, "jitter_ms": 0.2989189951836349, "lost_packets": 176799, "packets": 222616, "lost_percent": 79.41881985122363, "omitted": false, "sender": false}], "sum": {"start": 9.001503, "end": 10.003132, "seconds": 1.0016289949417114, "bytes": 63044192, "bits_per_second": 503533282.82928777, "jitter_ms": 0.2989189951836349, "lost_packets": 176799, "packets": 222616, "lost_percent": 79.41881985122363, "omitted": false, "sender": false}}, {"streams": [{"socket": 83, "start": 10.003132, "end": 11.000347, "seconds": 0.9972149729728699, "bytes": 58532288, "bits_per_second": 469566058.1630069, "jitter_ms": 0.11058607728160505, "lost_packets": 179335, "packets": 221873, "lost_percent": 80.827770841878, "omitted": false, "sender": false}], "sum": {"start": 10.003132, "end": 11.000347, "seconds": 0.9972149729728699, "bytes": 58532288, "bits_per_second": 469566058.1630069, "jitter_ms": 0.11058607728160505, "lost_packets": 179335, "packets": 221873, "lost_percent": 80.827770841878, "omitted": false, "sender": false}}, {"streams": [{"socket": 83, "start": 11.000347, "end": 12.00062, "seconds": 1.0002729892730713, "bytes": 61786528, "bits_per_second": 494157324.3512425, "jitter_ms": 0.1537897650432244, "lost_packets": 178624, "packets": 223527, "lost_percent": 79.91159904620024, "omitted": false, "sender": false}], "sum": {"start": 11.000347, "end": 12.00062, "seconds": 1.0002729892730713, "bytes": 61786528, "bits_per_second": 494157324.3512425, "jitter_ms": 0.1537897650432244, "lost_packets": 178624, "packets": 223527, "lost_percent": 79.91159904620024, "omitted": false, "sender": false}}, {"streams": [{"socket": 83, "start": 12.00062, "end": 13.00181, "seconds": 1.001189947128296, "bytes": 55732128, "bits_per_second": 445327108.2863423, "jitter_ms": 0.04345770778027374, "lost_packets": 182465, "packets": 222968, "lost_percent": 81.83461303864232, "omitted": false, "sender": false}], "sum": {"start": 12.00062,