{
	"start":	{
		"connected":	[{
				"socket":	148,
				"local_host":	"100.124.85.183",
				"local_port":	47666,
				"remote_host":	"104.214.106.253",
				"remote_port":	5201
			}],
		"version":	"iperf 3.7",
		"system_info":	"Linux localhost 4.19.110-g9ceb3bf92e0a-ab6790968 #2 SMP PREEMPT Wed Aug 26 04:14:37 UTC 2020 aarch64",
		"timestamp":	{
			"time":	"Mon, 17 May 2021 23:25:09 GMT",
			"timesecs":	1621293909
		},
		"connecting_to":	{
			"host":	"104.214.106.253",
			"port":	5201
		},
		"cookie":	"uv5y2mqeaabszyeqfvrjcxeux6d4hy57b7yg",
		"tcp_mss_default":	1376,
		"target_bitrate":	3000000000,
		"sock_bufsize":	0,
		"sndbuf_actual":	2097152,
		"rcvbuf_actual":	6291456,
		"test_start":	{
			"protocol":	"TCP",
			"num_streams":	1,
			"blksize":	131072,
			"omit":	0,
			"duration":	30,
			"bytes":	0,
			"blocks":	0,
			"reverse":	1,
			"tos":	0
		}
	},
	"intervals":	[{
			"streams":	[{
					"socket":	148,
					"start":	0,
					"end":	1.000132,
					"seconds":	1.0001319646835327,
					"bytes":	781568,
					"bits_per_second":	6251718.993881437,
					"omitted":	false,
					"sender":	false
				}],
			"sum":	{
				"start":	0,
				"end":	1.000132,
				"seconds":	1.0001319646835327,
				"bytes":	781568,
				"bits_per_second":	6251718.993881437,
				"omitted":	false,
				"sender":	false
			}
		}, {
			"streams":	[{
					"socket":	148,
					"start":	1.000132,
					"end":	2.00026,
					"seconds":	1.0001280307769775,
					"bytes":	1539744,
					"bits_per_second":	12316375.124923209,
					"omitted":	false,
					"sender":	false
				}],
			"sum":	{
				"start":	1.000132,
				"end":	2.00026,
				"seconds":	1.0001280307769775,
				"bytes":	1539744,
				"bits_per_second":	12316375.124923209,
				"omitted":	false,
				"sender":	false
			}
		}, {
			"streams":	[{
					"socket":	148,
					"start":	2.00026,
					"end":	3.000176,
					"seconds":	0.99991601705551147,
					"bytes":	2696960,
					"bits_per_second":	21577492.141324706,
					"omitted":	false,
					"sender":	false
				}],
			"sum":	{
				"start":	2.00026,
				"end":	3.000176,
				"seconds":	0.99991601705551147,
				"bytes":	2696960,
				"bits_per_second":	21577492.141324706,
				"omitted":	false,
				"sender":	false
			}
		}, {
			"streams":	[{
					"socket":	148,
					"start":	3.000176,
					"end":	4.000435,
					"seconds":	1.0002590417861938,
					"bytes":	5267328,
					"bits_per_second":	42127711.162452221,
					"omitted":	false,
					"sender":	false
				}],
			"sum":	{
				"start":	3.000176,
				"end":	4.000435,
				"seconds":	1.0002590417861938,
				"bytes":	5267328,
				"bits_per_second":	42127711.162452221,
				"omitted":	false,
				"sender":	false
			}
		}, {
			"streams":	[{
					"socket":	148,
					"start":	4.000435,
					"end":	5.00011,
					"seconds":	0.99967497587203979,
					"bytes":	15480000,
					"bits_per_second":	123880264.0748024,
					"omitted":	false,
					"sender":	false
				}],
			"sum":	{
				"start":	4.000435,
				"end":	5.00011,
				"seconds":	0.99967497587203979,
				"bytes":	15480000,
				"bits_per_second":	123880264.0748024,
				"omitted":	false,
				"sender":	false
			}
		}, {
			"streams":	[{
					"socket":	148,
					"start":	5.00011,
					"end":	6.000118,
					"seconds":	1.0000079870224,
					"bytes":	11865248,
					"bits_per_second":	94921225.862042814,
					"omitted":	false,
					"sender":	false
				}],
			"sum":	{
				"start":	5.00011,
				"end":	6.000118,
				"seconds":	1.0000079870224,
				"bytes":	11865248,
				"bits_per_second":	94921225.862042814,
				"omitted":	false,
				"sender":	false
			}
		}, {
			"streams":	[{
					"socket":	148,
					"start":	6.000118,
					"end":	7.000132,
					"seconds":	1.0000139474868774,
					"bytes":	11844608,
					"bits_per_second":	94755542.398315832,
					"omitted":	false,
					"sender":	false
				}],
			"sum":	{
				"start":	6.000118,
				"end":	7.000132,
				"seconds":	1.0000139474868774,
				"bytes":	11844608,
				"bits_per_second":	94755542.398315832,
				"omitted":	false,
				"sender":	false
			}
		}, {
			"streams":	[{
					"socket":	148,
					"start":	7.000132,
					"end":	8.000025,
					"seconds":	0.99989300966262817,
					"bytes":	13038656,
					"bits_per_second":	104320409.27578318,
					"omitted":	false,
					"sender":	false
				}],
			"sum":	{
				"start":	7.000132,
				"end":	8.000025,
				"seconds":	0.99989300966262817,
				"bytes":	13038656,
				"bits_per_second":	104320409.27578318,
				"omitted":	false,
				"sender":	false
			}
		}, {
			"streams":	[{
					"socket":	148,
					"start":	8.000025,
					"end":	9.000157,
					"seconds":	1.0001319646835327,
					"bytes":	12506784,
					"bits_per_second":	100041070.11184242,
					"omitted":	false,
					"sender":	false
				}],
			"sum":	{
				"start":	8.000025,
				"end":	9.000157,
				"seconds":	1.0001319646835327,
				"bytes":	12506784,
				"bits_per_second":	100041070.11184242,
				"omitted":	false,
				"sender":	false
			}
		}, {
			"streams":	[{
					"socket":	148,
					"start":	9.000157,
					"end":	10.000167,
					"seconds":	1.0000100135803223,
					"bytes":	10775456,
					"bits_per_second":	86202784.801490381,
					"omitted":	false,
					"sender":	false
				}],
			"sum":	{
				"start":	9.000157,
				"end":	10.000167,
				"seconds":	1.0000100135803223,
				"bytes":	10775456,
				"bits_per_second":	86202784.801490381,
				"omitted":	false,
				"sender":	false
			}
		}, {
			"streams":	[{
					"socket":	148,
					"start":	10.000167,
					"end":	11.000143,
					"seconds":	0.99997597932815552,
					"bytes":	10507136,
					"bits_per_second":	84059107.156228542,
					"omitted":	false,
					"sender":	false
				}],
			"sum":	{
				"start":	10.000167,
				"end":	11.000143,
				"seconds":	0.99997597932815552,
				"bytes":	10507136,
				"bits_per_second":	84059107.156228542,
				"omitted":	false,
				"sender":	false
			}
		}, {
			"streams":	[{
					"socket":	148,
					"start":	11.000143,
					"end":	12.000142,
					"seconds":	0.99999898672103882,
					"bytes":	11778560,
					"bits_per_second":	94228575.479833081,
					"omitted":	false,
					"sender":	false
				}],
			"sum":	{
				"start":	11.000143,
				"end":	12.000142,
				"seconds":	0.99999898672103882,
				"bytes":	11778560,
				"bits_per_second":	94228575.479833081,
				"omitted":	false,
				"sender":	false
			}
		}, {
			"streams":	[{
					"socket":	148,
					"start":	12.000142,
					"end":	13.000156,
					"seconds":	1.0000139474868774,
					"bytes":	11180000,
					"bits_per_second":	89438752.554172412,
					"omitted":	false,
					"sender":	false
				}],
			"sum":	{
				"start":	12.000142,
				"end":	13.000156,
				"seconds":	1.0000139474868774,
				"bytes":	11180000,
				"bits_per_second":	89438752.554172412,
				"omitted":	false,
				"sender":	false
			}
		}, {
			"streams":	[{
					"socket":	148,
					"start":	13.000156,
					"end":	14.000151,
					"seconds":	0.99999499320983887,
					"bytes":	12180352,
					"bits_per_second":	97443303.878175125,
					"omitted":	false,
					"sender":	false
				}],
			"sum":	{
				"start":	13.000156,
				"end":	14.000151,
				"seconds":	0.99999499320983887,
				"bytes":	12180352,
				"bits_per_second":	97443303.878175125,
				"omitted":	false,
				"sender":	false
			}
		}, {
			"streams":	[{
					"socket":	148,
					"start":	14.000151,
					"end":	15.000182,
					"seconds":	1.0000309944152832,
					"bytes":	11367136,
					"bits_per_second":	90934269.545486227,
					"omitted":	false,
					"sender":	false
				}],
			"sum":	{
				"start":	14.000151,
				"end":	15.000182,
				"seconds":	1.0000309944152832,
				"bytes":	11367136,
				"bits_per_second":	90934269.545486227,
				"omitted":	false,
				"sender":	false
			}
		}, {
			"streams":	[{
					"socket":	148,
					"start":	15.000182,
					"end":	16.000167,
					"seconds":	0.9999849796295166,
					"bytes":	12228512,
					"bits_per_second":	97829565.436317086,
					"omitted":	false,
					"sender":	false
				}],
			"sum":	{
				"start":	15.000182,
				"end":	16.000167,
				"seconds":	0.9999849796295166,
				"bytes":	12228512,