{
	"start":	{
		"connected":	[{
				"socket":	411,
				"local_host":	"100.124.59.153",
				"local_port":	39426,
				"remote_host":	"104.210.37.160",
				"remote_port":	5201
			}],
		"version":	"iperf 3.7",
		"system_info":	"Linux localhost 4.19.110-g9ceb3bf92e0a-ab6790968 #2 SMP PREEMPT Wed Aug 26 04:14:37 UTC 2020 aarch64",
		"timestamp":	{
			"time":	"Tue, 11 May 2021 17:48:00 GMT",
			"timesecs":	1620755280
		},
		"connecting_to":	{
			"host":	"104.210.37.160",
			"port":	5201
		},
		"cookie":	"p54t4p5alzefl4aiwgrywsbrw2csqgznzwna",
		"tcp_mss_default":	1376,
		"target_bitrate":	2000000000,
		"sock_bufsize":	0,
		"sndbuf_actual":	2097152,
		"rcvbuf_actual":	6291456,
		"test_start":	{
			"protocol":	"TCP",
			"num_streams":	1,
			"blksize":	131072,
			"omit":	0,
			"duration":	30,
			"bytes":	0,
			"blocks":	0,
			"reverse":	1,
			"tos":	0
		}
	},
	"intervals":	[{
			"streams":	[{
					"socket":	411,
					"start":	0,
					"end":	1.000144,
					"seconds":	1.0001440048217773,
					"bytes":	1685600,
					"bits_per_second":	13482858.403378572,
					"omitted":	false,
					"sender":	false
				}],
			"sum":	{
				"start":	0,
				"end":	1.000144,
				"seconds":	1.0001440048217773,
				"bytes":	1685600,
				"bits_per_second":	13482858.403378572,
				"omitted":	false,
				"sender":	false
			}
		}, {
			"streams":	[{
					"socket":	411,
					"start":	1.000144,
					"end":	2.000929,
					"seconds":	1.0007849931716919,
					"bytes":	3351936,
					"bits_per_second":	26794454.536149912,
					"omitted":	false,
					"sender":	false
				}],
			"sum":	{
				"start":	1.000144,
				"end":	2.000929,
				"seconds":	1.0007849931716919,
				"bytes":	3351936,
				"bits_per_second":	26794454.536149912,
				"omitted":	false,
				"sender":	false
			}
		}, {
			"streams":	[{
					"socket":	411,
					"start":	2.000929,
					"end":	3.000969,
					"seconds":	1.0000400543212891,
					"bytes":	7499200,
					"bits_per_second":	59991197.093317106,
					"omitted":	false,
					"sender":	false
				}],
			"sum":	{
				"start":	2.000929,
				"end":	3.000969,
				"seconds":	1.0000400543212891,
				"bytes":	7499200,
				"bits_per_second":	59991197.093317106,
				"omitted":	false,
				"sender":	false
			}
		}, {
			"streams":	[{
					"socket":	411,
					"start":	3.000969,
					"end":	4.000778,
					"seconds":	0.99980902671813965,
					"bytes":	12070624,
					"bits_per_second":	96583436.85590972,
					"omitted":	false,
					"sender":	false
				}],
			"sum":	{
				"start":	3.000969,
				"end":	4.000778,
				"seconds":	0.99980902671813965,
				"bytes":	12070624,
				"bits_per_second":	96583436.85590972,
				"omitted":	false,
				"sender":	false
			}
		}, {
			"streams":	[{
					"socket":	411,
					"start":	4.000778,
					"end":	5.000436,
					"seconds":	0.99965798854827881,
					"bytes":	20980896,
					"bits_per_second":	167904593.29370305,
					"omitted":	false,
					"sender":	false
				}],
			"sum":	{
				"start":	4.000778,
				"end":	5.000436,
				"seconds":	0.99965798854827881,
				"bytes":	20980896,
				"bits_per_second":	167904593.29370305,
				"omitted":	false,
				"sender":	false
			}
		}, {
			"streams":	[{
					"socket":	411,
					"start":	5.000436,
					"end":	6.000178,
					"seconds":	0.99974197149276733,
					"bytes":	39315072,
					"bits_per_second":	314601752.22049826,
					"omitted":	false,
					"sender":	false
				}],
			"sum":	{
				"start":	5.000436,
				"end":	6.000178,
				"seconds":	0.99974197149276733,
				"bytes":	39315072,
				"bits_per_second":	314601752.22049826,
				"omitted":	false,
				"sender":	false
			}
		}, {
			"streams":	[{
					"socket":	411,
					"start":	6.000178,
					"end":	7.000108,
					"seconds":	0.99993002414703369,
					"bytes":	41263840,
					"bits_per_second":	330133821.39574522,
					"omitted":	false,
					"sender":	false
				}],
			"sum":	{
				"start":	6.000178,
				"end":	7.000108,
				"seconds":	0.99993002414703369,
				"bytes":	41263840,
				"bits_per_second":	330133821.39574522,
				"omitted":	false,
				"sender":	false
			}
		}, {
			"streams":	[{
					"socket":	411,
					"start":	7.000108,
					"end":	8.000169,
					"seconds":	1.00006103515625,
					"bytes":	44626080,
					"bits_per_second":	356986851.25175464,
					"omitted":	false,
					"sender":	false
				}],
			"sum":	{
				"start":	7.000108,
				"end":	8.000169,
				"seconds":	1.00006103515625,
				"bytes":	44626080,
				"bits_per_second":	356986851.25175464,
				"omitted":	false,
				"sender":	false
			}
		}, {
			"streams":	[{
					"socket":	411,
					"start":	8.000169,
					"end":	9.000167,
					"seconds":	0.99999797344207764,
					"bytes":	46327168,
					"bits_per_second":	370618095.07903677,
					"omitted":	false,
					"sender":	false
				}],
			"sum":	{
				"start":	8.000169,
				"end":	9.000167,
				"seconds":	0.99999797344207764,
				"bytes":	46327168,
				"bits_per_second":	370618095.07903677,
				"omitted":	false,
				"sender":	false
			}
		}, {
			"streams":	[{
					"socket":	411,
					"start":	9.000167,
					"end":	10.000417,
					"seconds":	1.000249981880188,
					"bytes":	43220160,
					"bits_per_second":	345674867.54667693,
					"omitted":	false,
					"sender":	false
				}],
			"sum":	{
				"start":	9.000167,
				"end":	10.000417,
				"seconds":	1.000249981880188,
				"bytes":	43220160,
				"bits_per_second":	345674867.54667693,
				"omitted":	false,
				"sender":	false
			}
		}, {
			"streams":	[{
					"socket":	411,
					"start":	10.000417,
					"end":	11.000229,
					"seconds":	0.99981200695037842,
					"bytes":	34984800,
					"bits_per_second":	279931025.08708984,
					"omitted":	false,
					"sender":	false
				}],
			"sum":	{
				"start":	10.000417,
				"end":	11.000229,
				"seconds":	0.99981200695037842,
				"bytes":	34984800,
				"bits_per_second":	279931025.08708984,
				"omitted":	false,
				"sender":	false
			}
		}, {
			"streams":	[{
					"socket":	411,
					"start":	11.000229,
					"end":	12.000158,
					"seconds":	0.99992901086807251,
					"bytes":	37399680,
					"bits_per_second":	299218681.27444017,
					"omitted":	false,
					"sender":	false
				}],
			"sum":	{
				"start":	11.000229,
				"end":	12.000158,
				"seconds":	0.99992901086807251,
				"bytes":	37399680,
				"bits_per_second":	299218681.27444017,
				"omitted":	false,
				"sender":	false
			}
		}, {
			"streams":	[{
					"socket":	411,
					"start":	12.000158,
					"end":	13.000352,
					"seconds":	1.0001939535140991,
					"bytes":	38568256,
					"bits_per_second":	308486216.01435286,
					"omitted":	false,
					"sender":	false
				}],
			"sum":	{
				"start":	12.000158,
				"end":	13.000352,
				"seconds":	1.0001939535140991,
				"bytes":	38568256,
				"bits_per_second":	308486216.01435286,
				"omitted":	false,
				"sender":	false
			}
		}, {
			"streams":	[{
					"socket":	411,
					"start":	13.000352,
					"end":	14.001347,
					"seconds":	1.0009950399398804,
					"bytes":	40627424,
					"bits_per_second":	324696306.20699239,
					"omitted":	false,
					"sender":	false
				}],
			"sum":	{
				"start":	13.000352,
				"end":	14.001347,
				"seconds":	1.0009950399398804,
				"bytes":	40627424,
				"bits_per_second":	324696306.20699239,
				"omitted":	false,
				"sender":	false
			}
		}, {
			"streams":	[{
					"socket":	411,
					"start":	14.001347,
					"end":	15.000962,
					"seconds":	0.99961501359939575,
					"bytes":	40232864,
					"bits_per_second":	321986872.56711143,
					"omitted":	false,
					"sender":	false
				}],
			"sum":	{
				"start":	14.001347,
				"end":	15.000962,
				"seconds":	0.99961501359939575,
				"bytes":	40232864,
				"bits_per_second":	321986872.56711143,
				"omitted":	false,
				"sender":	false
			}
		}, {
			"streams":	[{
					"socket":	411,
					"start":	15.000962,
					"end":	16.001057,
					"seconds":	1.000095009803772,
					"bytes":	41439616,
					"bits_per_second":	331485433.63399714,
					"omitted":	false,
					"sender":	false
				}],
			"sum":	{
				"start":	15.000962,
				"end":	16.001057,
				"seconds":	1.000095009803772,
				"bytes":	41439616,