{"start": {"connected": [{"socket": 66, "local_host": "100.123.106.128", "local_port": 40049, "remote_host": "20.51.202.193", "remote_port": 5201}], "version": "iperf 3.7", "system_info": "Linux localhost 4.19.110-g9ceb3bf92e0a-ab6790968 #2 SMP PREEMPT Wed Aug 26 04:14:37 UTC 2020 aarch64", "timestamp": {"time": "2021-01-25 04:47:59 ", "timesecs": 1611589679.0}, "connecting_to": {"host": "20.51.202.193", "port": 5201}, "cookie": "ctku4gy46f6jzcndqugnk6xor7r4jmhkhb4w", "sock_bufsize": 0, "sndbuf_actual": 212992, "rcvbuf_actual": 212992, "test_start": {"protocol": "UDP", "num_streams": 1, "blksize": 1376, "omit": 0, "duration": 30, "bytes": 0, "blocks": 0, "reverse": 1, "tos": 0}}, "intervals": [{"streams": [{"socket": 66, "start": 0, "end": 1.000017, "seconds": 1.0000170469284058, "bytes": 49657088, "bits_per_second": 397249932.10884815, "jitter_ms": 0.08409160708848228, "lost_packets": 126293, "packets": 162381, "lost_percent": 77.77572499245602, "omitted": false, "sender": false}], "sum": {"start": 0, "end": 1.000017, "seconds": 1.0000170469284058, "bytes": 49657088, "bits_per_second": 397249932.10884815, "jitter_ms": 0.08409160708848228, "lost_packets": 126293, "packets": 162381, "lost_percent": 77.77572499245602, "omitted": false, "sender": false}}, {"streams": [{"socket": 66, "start": 1.000017, "end": 2.000016, "seconds": 0.9999989867210388, "bytes": 59184512, "bits_per_second": 473476575.76385283, "jitter_ms": 0.043367329318280474, "lost_packets": 161605, "packets": 204617, "lost_percent": 78.97926369754224, "omitted": false, "sender": false}], "sum": {"start": 1.000017, "end": 2.000016, "seconds": 0.9999989867210388, "bytes": 59184512, "bits_per_second": 473476575.76385283, "jitter_ms": 0.043367329318280474, "lost_packets": 161605, "packets": 204617, "lost_percent": 78.97926369754224, "omitted": false, "sender": false}}, {"streams": [{"socket": 66, "start": 2.000016, "end": 3.00049, "seconds": 1.000473976135254, "bytes": 60289440, "bits_per_second": 482087022.2563349, "jitter_ms": 0.02168918843181233, "lost_packets": 167126, "packets": 210941, "lost_percent": 79.22878909268468, "omitted": false, "sender": false}], "sum": {"start": 2.000016, "end": 3.00049, "seconds": 1.000473976135254, "bytes": 60289440, "bits_per_second": 482087022.2563349, "jitter_ms": 0.02168918843181233, "lost_packets": 167126, "packets": 210941, "lost_percent": 79.22878909268468, "omitted": false, "sender": false}}, {"streams": [{"socket": 66, "start": 3.00049, "end": 4.000069, "seconds": 0.9995790123939514, "bytes": 58734560, "bits_per_second": 470074375.48600066, "jitter_ms": 0.0567809496324985, "lost_packets": 160192, "packets": 202877, "lost_percent": 78.9601581253666, "omitted": false, "sender": false}], "sum": {"start": 3.00049, "end": 4.000069, "seconds": 0.9995790123939514, "bytes": 58734560, "bits_per_second": 470074375.48600066, "jitter_ms": 0.0567809496324985, "lost_packets": 160192, "packets": 202877, "lost_percent": 78.9601581253666, "omitted": false, "sender": false}}, {"streams": [{"socket": 66, "start": 4.000069, "end": 5.000695, "seconds": 1.0006259679794312, "bytes": 62079616, "bits_per_second": 496326243.6641149, "jitter_ms": 0.15414517740136366, "lost_packets": 157512, "packets": 202628, "lost_percent": 77.73456777937896, "omitted": false, "sender": false}], "sum": {"start": 4.000069, "end": 5.000695, "seconds": 1.0006259679794312, "bytes": 62079616, "bits_per_second": 496326243.6641149, "jitter_ms": 0.15414517740136366, "lost_packets": 157512, "packets": 202628, "lost_percent": 77.73456777937896, "omitted": false, "sender": false}}, {"streams": [{"socket": 66, "start": 5.000695, "end": 6.001602, "seconds": 1.0009069442749023, "bytes": 58951968, "bits_per_second": 471188402.37606466, "jitter_ms": 0.051528735666615345, "lost_packets": 166414, "packets": 209257, "lost_percent": 79.52613293701047, "omitted": false, "sender": false}], "sum": {"start": 5.000695, "end": 6.001602, "seconds": 1.0009069442749023, "bytes": 58951968, "bits_per_second": 471188402.37606466, "jitter_ms": 0.051528735666615345, "lost_packets": 166414, "packets": 209257, "lost_percent": 79.52613293701047, "omitted": false, "sender": false}}, {"streams": [{"socket": 66, "start": 6.001602, "end": 7.00098, "seconds": 0.9993780255317688, "bytes": 60059648, "bits_per_second": 480776214.5303707, "jitter_ms": 0.13497650813060316, "lost_packets": 158099, "packets": 201747, "lost_percent": 78.36498188324981, "omitted": false, "sender": false}], "sum": {"start": 6.001602, "end": 7.00098, "seconds": 0.9993780255317688, "bytes": 60059648, "bits_per_second": 480776214.5303707, "jitter_ms": 0.13497650813060316, "lost_packets": 158099, "packets": 201747, "lost_percent": 78.36498188324981, "omitted": false, "sender": false}}, {"streams": [{"socket": 66, "start": 7.00098, "end": 8.000016, "seconds": 0.9990360140800476, "bytes": 59733536, "bits_per_second": 478329390.7978285, "jitter_ms": 0.01329154581730899, "lost_packets": 161895, "packets": 205306, "lost_percent": 78.85546452612198, "omitted": false, "sender": false}], "sum": {"start": 7.00098, "end": 8.000016, "seconds": 0.9990360140800476, "bytes": 59733536, "bits_per_second": 478329390.7978285, "jitter_ms": 0.01329154581730899, "lost_packets": 161895, "packets": 205306, "lost_percent": 78.85546452612198, "omitted": false, "sender": false}}, {"streams": [{"socket": 66, "start": 8.000016, "end": 9.002082, "seconds": 1.0020660161972046, "bytes": 59187264, "bits_per_second": 472521874.1544634, "jitter_ms": 0.13026640992042615, "lost_packets": 165817, "packets": 208831, "lost_percent": 79.40248334777883, "omitted": false, "sender": false}], "sum": {"start": 8.000016, "end": 9.002082, "seconds": 1.0020660161972046, "bytes": 59187264, "bits_per_second": 472521874.1544634, "jitter_ms": 0.13026640992042615, "lost_packets": 165817, "packets": 208831, "lost_percent": 79.40248334777883, "omitted": false, "sender": false}}, {"streams": [{"socket": 66, "start": 9.002082, "end": 10.000807, "seconds": 0.9987249970436096, "bytes": 59890400, "bits_per_second": 479734863.3690791, "jitter_ms": 0.05988630787004237, "lost_packets": 161250, "packets": 204775, "lost_percent": 78.74496398486143, "omitted": false, "sender": false}], "sum": {"start": 9.002082, "end": 10.000807, "seconds": 0.9987249970436096, "bytes": 59890400, "bits_per_second": 479734863.3690791, "jitter_ms": 0.05988630787004237, "lost_packets": 161250, "packets": 204775, "lost_percent": 78.74496398486143, "omitted": false, "sender": false}}, {"streams": [{"socket": 66, "start": 10.000807, "end": 11.000482, "seconds": 0.9996749758720398, "bytes": 59580800, "bits_per_second": 476801371.9501283, "jitter_ms": 0.1538506440937623, "lost_packets": 162992, "packets": 206292, "lost_percent": 79.01033486514261, "omitted": false, "sender": false}], "sum": {"start": 10.000807, "end": 11.000482, "seconds": 0.9996749758720398, "bytes": 59580800, "bits_per_second": 476801371.9501283, "jitter_ms": 0.1538506440937623, "lost_packets": 162992, "packets": 206292, "lost_percent": 79.01033486514261, "omitted": false, "sender": false}}, {"streams": [{"socket": 66, "start": 11.000482, "end": 12.002826, "seconds": 1.002344012260437, "bytes": 57413600, "bits_per_second": 458234692.2631775, "jitter_ms": 0.17456909454733632, "lost_packets": 168104, "packets": 209829, "lost_percent": 80.11476011418821, "omitted": false, "sender": false}], "sum": {"start": 11.000482, "end": 12.002826, "seconds": 1.002344012260437, "bytes": 57413600, "bits_per_second": 458234692.2631775, "jitter_ms": 0.17456909454733632, "lost_packets": 168104, "packets": 209829, "lost_percent": 80.11476011418821, "omitted": false, "sender": false}}, {"streams": [{"socket": 66, "start": 12.002826, "end": 13.000551, "seconds": 0.9977250099182129, "bytes": 58824000, "bits_per_second": 471665033.272621, "jitter_ms": 0.08758738153666844, "lost_packets": 159388, "packets": 202138, "lost_percent": 78.85108193412421, "omitted": false, "sender": false}],