{
	"start":	{
		"connected":	[{
				"socket":	296,
				"local_host":	"100.124.59.153",
				"local_port":	40464,
				"remote_host":	"52.237.164.255",
				"remote_port":	5201
			}],
		"version":	"iperf 3.7",
		"system_info":	"Linux localhost 4.19.110-g9ceb3bf92e0a-ab6790968 #2 SMP PREEMPT Wed Aug 26 04:14:37 UTC 2020 aarch64",
		"timestamp":	{
			"time":	"Tue, 11 May 2021 17:17:33 GMT",
			"timesecs":	1620753453
		},
		"connecting_to":	{
			"host":	"52.237.164.255",
			"port":	5201
		},
		"cookie":	"acbytsj5c6s6iya47qtzuwgletbowdrnjhk3",
		"tcp_mss_default":	1376,
		"target_bitrate":	2000000000,
		"sock_bufsize":	0,
		"sndbuf_actual":	2097152,
		"rcvbuf_actual":	6291456,
		"test_start":	{
			"protocol":	"TCP",
			"num_streams":	1,
			"blksize":	131072,
			"omit":	0,
			"duration":	30,
			"bytes":	0,
			"blocks":	0,
			"reverse":	1,
			"tos":	0
		}
	},
	"intervals":	[{
			"streams":	[{
					"socket":	296,
					"start":	0,
					"end":	1.000116,
					"seconds":	1.0001159906387329,
					"bytes":	4298624,
					"bits_per_second":	34385003.661462471,
					"omitted":	false,
					"sender":	false
				}],
			"sum":	{
				"start":	0,
				"end":	1.000116,
				"seconds":	1.0001159906387329,
				"bytes":	4298624,
				"bits_per_second":	34385003.661462471,
				"omitted":	false,
				"sender":	false
			}
		}, {
			"streams":	[{
					"socket":	296,
					"start":	1.000116,
					"end":	2.000128,
					"seconds":	1.0000120401382446,
					"bytes":	19734592,
					"bits_per_second":	157874835.16515926,
					"omitted":	false,
					"sender":	false
				}],
			"sum":	{
				"start":	1.000116,
				"end":	2.000128,
				"seconds":	1.0000120401382446,
				"bytes":	19734592,
				"bits_per_second":	157874835.16515926,
				"omitted":	false,
				"sender":	false
			}
		}, {
			"streams":	[{
					"socket":	296,
					"start":	2.000128,
					"end":	3.000152,
					"seconds":	1.0000239610671997,
					"bytes":	54757472,
					"bits_per_second":	438049279.87176824,
					"omitted":	false,
					"sender":	false
				}],
			"sum":	{
				"start":	2.000128,
				"end":	3.000152,
				"seconds":	1.0000239610671997,
				"bytes":	54757472,
				"bits_per_second":	438049279.87176824,
				"omitted":	false,
				"sender":	false
			}
		}, {
			"streams":	[{
					"socket":	296,
					"start":	3.000152,
					"end":	4.000123,
					"seconds":	0.99997097253799438,
					"bytes":	54862496,
					"bits_per_second":	438912708.52197039,
					"omitted":	false,
					"sender":	false
				}],
			"sum":	{
				"start":	3.000152,
				"end":	4.000123,
				"seconds":	0.99997097253799438,
				"bytes":	54862496,
				"bits_per_second":	438912708.52197039,
				"omitted":	false,
				"sender":	false
			}
		}, {
			"streams":	[{
					"socket":	296,
					"start":	4.000123,
					"end":	5.000131,
					"seconds":	1.0000079870224,
					"bytes":	36842400,
					"bits_per_second":	294736845.93020946,
					"omitted":	false,
					"sender":	false
				}],
			"sum":	{
				"start":	4.000123,
				"end":	5.000131,
				"seconds":	1.0000079870224,
				"bytes":	36842400,
				"bits_per_second":	294736845.93020946,
				"omitted":	false,
				"sender":	false
			}
		}, {
			"streams":	[{
					"socket":	296,
					"start":	5.000131,
					"end":	6.000347,
					"seconds":	1.000216007232666,
					"bytes":	30162272,
					"bits_per_second":	241246065.10508507,
					"omitted":	false,
					"sender":	false
				}],
			"sum":	{
				"start":	5.000131,
				"end":	6.000347,
				"seconds":	1.000216007232666,
				"bytes":	30162272,
				"bits_per_second":	241246065.10508507,
				"omitted":	false,
				"sender":	false
			}
		}, {
			"streams":	[{
					"socket":	296,
					"start":	6.000347,
					"end":	7.000191,
					"seconds":	0.9998440146446228,
					"bytes":	30797280,
					"bits_per_second":	246416677.39299402,
					"omitted":	false,
					"sender":	false
				}],
			"sum":	{
				"start":	6.000347,
				"end":	7.000191,
				"seconds":	0.9998440146446228,
				"bytes":	30797280,
				"bits_per_second":	246416677.39299402,
				"omitted":	false,
				"sender":	false
			}
		}, {
			"streams":	[{
					"socket":	296,
					"start":	7.000191,
					"end":	8.000401,
					"seconds":	1.0002100467681885,
					"bytes":	26409568,
					"bits_per_second":	211232175.36422732,
					"omitted":	false,
					"sender":	false
				}],
			"sum":	{
				"start":	7.000191,
				"end":	8.000401,
				"seconds":	1.0002100467681885,
				"bytes":	26409568,
				"bits_per_second":	211232175.36422732,
				"omitted":	false,
				"sender":	false
			}
		}, {
			"streams":	[{
					"socket":	296,
					"start":	8.000401,
					"end":	9.000153,
					"seconds":	0.9997519850730896,
					"bytes":	20206560,
					"bits_per_second":	161692582.17394984,
					"omitted":	false,
					"sender":	false
				}],
			"sum":	{
				"start":	8.000401,
				"end":	9.000153,
				"seconds":	0.9997519850730896,
				"bytes":	20206560,
				"bits_per_second":	161692582.17394984,
				"omitted":	false,
				"sender":	false
			}
		}, {
			"streams":	[{
					"socket":	296,
					"start":	9.000153,
					"end":	10.001093,
					"seconds":	1.0009399652481079,
					"bytes":	20590816,
					"bits_per_second":	164571836.19316113,
					"omitted":	false,
					"sender":	false
				}],
			"sum":	{
				"start":	9.000153,
				"end":	10.001093,
				"seconds":	1.0009399652481079,
				"bytes":	20590816,
				"bits_per_second":	164571836.19316113,
				"omitted":	false,
				"sender":	false
			}
		}, {
			"streams":	[{
					"socket":	296,
					"start":	10.001093,
					"end":	11.000123,
					"seconds":	0.99902999401092529,
					"bytes":	21865664,
					"bits_per_second":	175095155.34934685,
					"omitted":	false,
					"sender":	false
				}],
			"sum":	{
				"start":	10.001093,
				"end":	11.000123,
				"seconds":	0.99902999401092529,
				"bytes":	21865664,
				"bits_per_second":	175095155.34934685,
				"omitted":	false,
				"sender":	false
			}
		}, {
			"streams":	[{
					"socket":	296,
					"start":	11.000123,
					"end":	12.000194,
					"seconds":	1.0000710487365723,
					"bytes":	21537152,
					"bits_per_second":	172284975.37016958,
					"omitted":	false,
					"sender":	false
				}],
			"sum":	{
				"start":	11.000123,
				"end":	12.000194,
				"seconds":	1.0000710487365723,
				"bytes":	21537152,
				"bits_per_second":	172284975.37016958,
				"omitted":	false,
				"sender":	false
			}
		}, {
			"streams":	[{
					"socket":	296,
					"start":	12.000194,
					"end":	13.000157,
					"seconds":	0.99996298551559448,
					"bytes":	22859488,
					"bits_per_second":	182882673.30785918,
					"omitted":	false,
					"sender":	false
				}],
			"sum":	{
				"start":	12.000194,
				"end":	13.000157,
				"seconds":	0.99996298551559448,
				"bytes":	22859488,
				"bits_per_second":	182882673.30785918,
				"omitted":	false,
				"sender":	false
			}
		}, {
			"streams":	[{
					"socket":	296,
					"start":	13.000157,
					"end":	14.00015,
					"seconds":	0.99999302625656128,
					"bytes":	23803424,
					"bits_per_second":	190428720.00103664,
					"omitted":	false,
					"sender":	false
				}],
			"sum":	{
				"start":	13.000157,
				"end":	14.00015,
				"seconds":	0.99999302625656128,
				"bytes":	23803424,
				"bits_per_second":	190428720.00103664,
				"omitted":	false,
				"sender":	false
			}
		}, {
			"streams":	[{
					"socket":	296,
					"start":	14.00015,
					"end":	15.000155,
					"seconds":	1.0000050067901611,
					"bytes":	24985408,
					"bits_per_second":	199882263.23145106,
					"omitted":	false,
					"sender":	false
				}],
			"sum":	{
				"start":	14.00015,
				"end":	15.000155,
				"seconds":	1.0000050067901611,
				"bytes":	24985408,
				"bits_per_second":	199882263.23145106,
				"omitted":	false,
				"sender":	false
			}
		}, {
			"streams":	[{
					"socket":	296,
					"start":	15.000155,
					"end":	16.000655,
					"seconds":	1.000499963760376,
					"bytes":	22393376,
					"bits_per_second":	179057485.7461029,
					"omitted":	false,
					"sender":	false
				}],
			"sum":	{
				"start":	15.000155,
				"end":	16.000655,
				"seconds":	1.000499963760376,
				"bytes":	22393376,