{
	"start":	{
		"connected":	[{
				"socket":	506,
				"local_host":	"100.124.59.153",
				"local_port":	40500,
				"remote_host":	"40.124.132.228",
				"remote_port":	5201
			}],
		"version":	"iperf 3.7",
		"system_info":	"Linux localhost 4.19.110-g9ceb3bf92e0a-ab6790968 #2 SMP PREEMPT Wed Aug 26 04:14:37 UTC 2020 aarch64",
		"timestamp":	{
			"time":	"Tue, 11 May 2021 18:09:09 GMT",
			"timesecs":	1620756549
		},
		"connecting_to":	{
			"host":	"40.124.132.228",
			"port":	5201
		},
		"cookie":	"rms5agt4ufafzghkb2nitpmyvahqtppfv2hz",
		"tcp_mss_default":	1376,
		"target_bitrate":	2000000000,
		"sock_bufsize":	0,
		"sndbuf_actual":	2097152,
		"rcvbuf_actual":	6291456,
		"test_start":	{
			"protocol":	"TCP",
			"num_streams":	1,
			"blksize":	131072,
			"omit":	0,
			"duration":	30,
			"bytes":	0,
			"blocks":	0,
			"reverse":	1,
			"tos":	0
		}
	},
	"intervals":	[{
			"streams":	[{
					"socket":	506,
					"start":	0,
					"end":	1.00009,
					"seconds":	1.0000900030136108,
					"bytes":	2526336,
					"bits_per_second":	20208869.140875652,
					"omitted":	false,
					"sender":	false
				}],
			"sum":	{
				"start":	0,
				"end":	1.00009,
				"seconds":	1.0000900030136108,
				"bytes":	2526336,
				"bits_per_second":	20208869.140875652,
				"omitted":	false,
				"sender":	false
			}
		}, {
			"streams":	[{
					"socket":	506,
					"start":	1.00009,
					"end":	2.000089,
					"seconds":	0.99999898672103882,
					"bytes":	4421088,
					"bits_per_second":	35368739.838399962,
					"omitted":	false,
					"sender":	false
				}],
			"sum":	{
				"start":	1.00009,
				"end":	2.000089,
				"seconds":	0.99999898672103882,
				"bytes":	4421088,
				"bits_per_second":	35368739.838399962,
				"omitted":	false,
				"sender":	false
			}
		}, {
			"streams":	[{
					"socket":	506,
					"start":	2.000089,
					"end":	3.000097,
					"seconds":	1.0000079870224,
					"bytes":	13076128,
					"bits_per_second":	104608188.4920553,
					"omitted":	false,
					"sender":	false
				}],
			"sum":	{
				"start":	2.000089,
				"end":	3.000097,
				"seconds":	1.0000079870224,
				"bytes":	13076128,
				"bits_per_second":	104608188.4920553,
				"omitted":	false,
				"sender":	false
			}
		}, {
			"streams":	[{
					"socket":	506,
					"start":	3.000097,
					"end":	4.000092,
					"seconds":	0.99999499320983887,
					"bytes":	33412032,
					"bits_per_second":	267297594.30296525,
					"omitted":	false,
					"sender":	false
				}],
			"sum":	{
				"start":	3.000097,
				"end":	4.000092,
				"seconds":	0.99999499320983887,
				"bytes":	33412032,
				"bits_per_second":	267297594.30296525,
				"omitted":	false,
				"sender":	false
			}
		}, {
			"streams":	[{
					"socket":	506,
					"start":	4.000092,
					"end":	5.000087,
					"seconds":	0.99999499320983887,
					"bytes":	87369120,
					"bits_per_second":	698956459.5283246,
					"omitted":	false,
					"sender":	false
				}],
			"sum":	{
				"start":	4.000092,
				"end":	5.000087,
				"seconds":	0.99999499320983887,
				"bytes":	87369120,
				"bits_per_second":	698956459.5283246,
				"omitted":	false,
				"sender":	false
			}
		}, {
			"streams":	[{
					"socket":	506,
					"start":	5.000087,
					"end":	6.000122,
					"seconds":	1.0000350475311279,
					"bytes":	97647840,
					"bits_per_second":	781155342.43382025,
					"omitted":	false,
					"sender":	false
				}],
			"sum":	{
				"start":	5.000087,
				"end":	6.000122,
				"seconds":	1.0000350475311279,
				"bytes":	97647840,
				"bits_per_second":	781155342.43382025,
				"omitted":	false,
				"sender":	false
			}
		}, {
			"streams":	[{
					"socket":	506,
					"start":	6.000122,
					"end":	7.000129,
					"seconds":	1.0000070333480835,
					"bytes":	155171520,
					"bits_per_second":	1241363429.0589054,
					"omitted":	false,
					"sender":	false
				}],
			"sum":	{
				"start":	6.000122,
				"end":	7.000129,
				"seconds":	1.0000070333480835,
				"bytes":	155171520,
				"bits_per_second":	1241363429.0589054,
				"omitted":	false,
				"sender":	false
			}
		}, {
			"streams":	[{
					"socket":	506,
					"start":	7.000129,
					"end":	8.000085,
					"seconds":	0.99995601177215576,
					"bytes":	151610432,
					"bits_per_second":	1212936810.9408004,
					"omitted":	false,
					"sender":	false
				}],
			"sum":	{
				"start":	7.000129,
				"end":	8.000085,
				"seconds":	0.99995601177215576,
				"bytes":	151610432,
				"bits_per_second":	1212936810.9408004,
				"omitted":	false,
				"sender":	false
			}
		}, {
			"streams":	[{
					"socket":	506,
					"start":	8.000085,
					"end":	9.000052,
					"seconds":	0.99996697902679443,
					"bytes":	141704608,
					"bits_per_second":	1133674299.028652,
					"omitted":	false,
					"sender":	false
				}],
			"sum":	{
				"start":	8.000085,
				"end":	9.000052,
				"seconds":	0.99996697902679443,
				"bytes":	141704608,
				"bits_per_second":	1133674299.028652,
				"omitted":	false,
				"sender":	false
			}
		}, {
			"streams":	[{
					"socket":	506,
					"start":	9.000052,
					"end":	10.006361,
					"seconds":	1.0063090324401855,
					"bytes":	152454272,
					"bits_per_second":	1211987706.2441993,
					"omitted":	false,
					"sender":	false
				}],
			"sum":	{
				"start":	9.000052,
				"end":	10.006361,
				"seconds":	1.0063090324401855,
				"bytes":	152454272,
				"bits_per_second":	1211987706.2441993,
				"omitted":	false,
				"sender":	false
			}
		}, {
			"streams":	[{
					"socket":	506,
					"start":	10.006361,
					"end":	11.007896,
					"seconds":	1.0015350580215454,
					"bytes":	154180800,
					"bits_per_second":	1231555890.2516878,
					"omitted":	false,
					"sender":	false
				}],
			"sum":	{
				"start":	10.006361,
				"end":	11.007896,
				"seconds":	1.0015350580215454,
				"bytes":	154180800,
				"bits_per_second":	1231555890.2516878,
				"omitted":	false,
				"sender":	false
			}
		}, {
			"streams":	[{
					"socket":	506,
					"start":	11.007896,
					"end":	12.004329,
					"seconds":	0.99643301963806152,
					"bytes":	101727328,
					"bits_per_second":	816731890.61479187,
					"omitted":	false,
					"sender":	false
				}],
			"sum":	{
				"start":	11.007896,
				"end":	12.004329,
				"seconds":	0.99643301963806152,
				"bytes":	101727328,
				"bits_per_second":	816731890.61479187,
				"omitted":	false,
				"sender":	false
			}
		}, {
			"streams":	[{
					"socket":	506,
					"start":	12.004329,
					"end":	13.000094,
					"seconds":	0.995764970779419,
					"bytes":	119531744,
					"bits_per_second":	960320939.23881221,
					"omitted":	false,
					"sender":	false
				}],
			"sum":	{
				"start":	12.004329,
				"end":	13.000094,
				"seconds":	0.995764970779419,
				"bytes":	119531744,
				"bits_per_second":	960320939.23881221,
				"omitted":	false,
				"sender":	false
			}
		}, {
			"streams":	[{
					"socket":	506,
					"start":	13.000094,
					"end":	14.000094,
					"seconds":	1,
					"bytes":	125430656,
					"bits_per_second":	1003445248,
					"omitted":	false,
					"sender":	false
				}],
			"sum":	{
				"start":	13.000094,
				"end":	14.000094,
				"seconds":	1,
				"bytes":	125430656,
				"bits_per_second":	1003445248,
				"omitted":	false,
				"sender":	false
			}
		}, {
			"streams":	[{
					"socket":	506,
					"start":	14.000094,
					"end":	15.000095,
					"seconds":	1.0000009536743164,
					"bytes":	129621952,
					"bits_per_second":	1036974627.0639313,
					"omitted":	false,
					"sender":	false
				}],
			"sum":	{
				"start":	14.000094,
				"end":	15.000095,
				"seconds":	1.0000009536743164,
				"bytes":	129621952,
				"bits_per_second":	1036974627.0639313,
				"omitted":	false,
				"sender":	false
			}
		}, {
			"streams":	[{
					"socket":	506,
					"start":	15.000095,
					"end":	16.000091,
					"seconds":	0.9999960064888,
					"bytes":	136430400,
					"bits_per_second":	1091447558.7080498,
					"omitted":	false,
					"sender":	false
				}],
			"sum":	{
				"start":	15.000095,
				"end":	16.000091,
				"seconds":	0.9999960064888,
				"bytes":	136430400,
				"bits_per_second":	1091447558.7080498,