{
	"start":	{
		"connected":	[{
				"socket":	447,
				"local_host":	"100.124.59.153",
				"local_port":	45448,
				"remote_host":	"20.51.124.54",
				"remote_port":	5201
			}],
		"version":	"iperf 3.7",
		"system_info":	"Linux localhost 4.19.110-g9ceb3bf92e0a-ab6790968 #2 SMP PREEMPT Wed Aug 26 04:14:37 UTC 2020 aarch64",
		"timestamp":	{
			"time":	"Tue, 11 May 2021 17:57:03 GMT",
			"timesecs":	1620755823
		},
		"connecting_to":	{
			"host":	"20.51.124.54",
			"port":	5201
		},
		"cookie":	"jqqxiot5p2mafoay6msqfjli7c4drk4svwem",
		"tcp_mss_default":	1376,
		"target_bitrate":	2000000000,
		"sock_bufsize":	0,
		"sndbuf_actual":	1048576,
		"rcvbuf_actual":	6291456,
		"test_start":	{
			"protocol":	"TCP",
			"num_streams":	1,
			"blksize":	131072,
			"omit":	0,
			"duration":	30,
			"bytes":	0,
			"blocks":	0,
			"reverse":	1,
			"tos":	0
		}
	},
	"intervals":	[{
			"streams":	[{
					"socket":	447,
					"start":	0,
					"end":	1.001368,
					"seconds":	1.0013680458068848,
					"bytes":	26554048,
					"bits_per_second":	212142163.80234674,
					"omitted":	false,
					"sender":	false
				}],
			"sum":	{
				"start":	0,
				"end":	1.001368,
				"seconds":	1.0013680458068848,
				"bytes":	26554048,
				"bits_per_second":	212142163.80234674,
				"omitted":	false,
				"sender":	false
			}
		}, {
			"streams":	[{
					"socket":	447,
					"start":	1.001368,
					"end":	2.000137,
					"seconds":	0.99876898527145386,
					"bytes":	85075328,
					"bits_per_second":	681441488.508997,
					"omitted":	false,
					"sender":	false
				}],
			"sum":	{
				"start":	1.001368,
				"end":	2.000137,
				"seconds":	0.99876898527145386,
				"bytes":	85075328,
				"bits_per_second":	681441488.508997,
				"omitted":	false,
				"sender":	false
			}
		}, {
			"streams":	[{
					"socket":	447,
					"start":	2.000137,
					"end":	3.000545,
					"seconds":	1.0004080533981323,
					"bytes":	110428128,
					"bits_per_second":	883064686.45392179,
					"omitted":	false,
					"sender":	false
				}],
			"sum":	{
				"start":	2.000137,
				"end":	3.000545,
				"seconds":	1.0004080533981323,
				"bytes":	110428128,
				"bits_per_second":	883064686.45392179,
				"omitted":	false,
				"sender":	false
			}
		}, {
			"streams":	[{
					"socket":	447,
					"start":	3.000545,
					"end":	4.000156,
					"seconds":	0.9996110200881958,
					"bytes":	111765600,
					"bits_per_second":	894472731.92437518,
					"omitted":	false,
					"sender":	false
				}],
			"sum":	{
				"start":	3.000545,
				"end":	4.000156,
				"seconds":	0.9996110200881958,
				"bytes":	111765600,
				"bits_per_second":	894472731.92437518,
				"omitted":	false,
				"sender":	false
			}
		}, {
			"streams":	[{
					"socket":	447,
					"start":	4.000156,
					"end":	5.001054,
					"seconds":	1.000898003578186,
					"bytes":	111777984,
					"bits_per_second":	893421576.227719,
					"omitted":	false,
					"sender":	false
				}],
			"sum":	{
				"start":	4.000156,
				"end":	5.001054,
				"seconds":	1.000898003578186,
				"bytes":	111777984,
				"bits_per_second":	893421576.227719,
				"omitted":	false,
				"sender":	false
			}
		}, {
			"streams":	[{
					"socket":	447,
					"start":	5.001054,
					"end":	6.000116,
					"seconds":	0.99906200170516968,
					"bytes":	113115456,
					"bits_per_second":	905773261.7750479,
					"omitted":	false,
					"sender":	false
				}],
			"sum":	{
				"start":	5.001054,
				"end":	6.000116,
				"seconds":	0.99906200170516968,
				"bytes":	113115456,
				"bits_per_second":	905773261.7750479,
				"omitted":	false,
				"sender":	false
			}
		}, {
			"streams":	[{
					"socket":	447,
					"start":	6.000116,
					"end":	7.000156,
					"seconds":	1.0000400543212891,
					"bytes":	113224160,
					"bits_per_second":	905757000.51809144,
					"omitted":	false,
					"sender":	false
				}],
			"sum":	{
				"start":	6.000116,
				"end":	7.000156,
				"seconds":	1.0000400543212891,
				"bytes":	113224160,
				"bits_per_second":	905757000.51809144,
				"omitted":	false,
				"sender":	false
			}
		}, {
			"streams":	[{
					"socket":	447,
					"start":	7.000156,
					"end":	8.000158,
					"seconds":	1.0000020265579224,
					"bytes":	112325632,
					"bits_per_second":	898603234.92849517,
					"omitted":	false,
					"sender":	false
				}],
			"sum":	{
				"start":	7.000156,
				"end":	8.000158,
				"seconds":	1.0000020265579224,
				"bytes":	112325632,
				"bits_per_second":	898603234.92849517,
				"omitted":	false,
				"sender":	false
			}
		}, {
			"streams":	[{
					"socket":	447,
					"start":	8.000158,
					"end":	9.000165,
					"seconds":	1.0000070333480835,
					"bytes":	106836768,
					"bits_per_second":	854688132.68086,
					"omitted":	false,
					"sender":	false
				}],
			"sum":	{
				"start":	8.000158,
				"end":	9.000165,
				"seconds":	1.0000070333480835,
				"bytes":	106836768,
				"bits_per_second":	854688132.68086,
				"omitted":	false,
				"sender":	false
			}
		}, {
			"streams":	[{
					"socket":	447,
					"start":	9.000165,
					"end":	10.000086,
					"seconds":	0.99992102384567261,
					"bytes":	113239648,
					"bits_per_second":	905988735.50619423,
					"omitted":	false,
					"sender":	false
				}],
			"sum":	{
				"start":	9.000165,
				"end":	10.000086,
				"seconds":	0.99992102384567261,
				"bytes":	113239648,
				"bits_per_second":	905988735.50619423,
				"omitted":	false,
				"sender":	false
			}
		}, {
			"streams":	[{
					"socket":	447,
					"start":	10.000086,
					"end":	11.000369,
					"seconds":	1.0002830028533936,
					"bytes":	115999200,
					"bits_per_second":	927731049.46581936,
					"omitted":	false,
					"sender":	false
				}],
			"sum":	{
				"start":	10.000086,
				"end":	11.000369,
				"seconds":	1.0002830028533936,
				"bytes":	115999200,
				"bits_per_second":	927731049.46581936,
				"omitted":	false,
				"sender":	false
			}
		}, {
			"streams":	[{
					"socket":	447,
					"start":	11.000369,
					"end":	12.000159,
					"seconds":	0.9997900128364563,
					"bytes":	113558528,
					"bits_per_second":	908659030.73249185,
					"omitted":	false,
					"sender":	false
				}],
			"sum":	{
				"start":	11.000369,
				"end":	12.000159,
				"seconds":	0.9997900128364563,
				"bytes":	113558528,
				"bits_per_second":	908659030.73249185,
				"omitted":	false,
				"sender":	false
			}
		}, {
			"streams":	[{
					"socket":	447,
					"start":	12.000159,
					"end":	13.000721,
					"seconds":	1.0005619525909424,
					"bytes":	119559616,
					"bits_per_second":	955939735.18902576,
					"omitted":	false,
					"sender":	false
				}],
			"sum":	{
				"start":	12.000159,
				"end":	13.000721,
				"seconds":	1.0005619525909424,
				"bytes":	119559616,
				"bits_per_second":	955939735.18902576,
				"omitted":	false,
				"sender":	false
			}
		}, {
			"streams":	[{
					"socket":	447,
					"start":	13.000721,
					"end":	14.000638,
					"seconds":	0.99991697072982788,
					"bytes":	111889088,
					"bits_per_second":	895187030.72582877,
					"omitted":	false,
					"sender":	false
				}],
			"sum":	{
				"start":	13.000721,
				"end":	14.000638,
				"seconds":	0.99991697072982788,
				"bytes":	111889088,
				"bits_per_second":	895187030.72582877,
				"omitted":	false,
				"sender":	false
			}
		}, {
			"streams":	[{
					"socket":	447,
					"start":	14.000638,
					"end":	15.000577,
					"seconds":	0.99993902444839478,
					"bytes":	124644960,
					"bits_per_second":	997220486.06921,
					"omitted":	false,
					"sender":	false
				}],
			"sum":	{
				"start":	14.000638,
				"end":	15.000577,
				"seconds":	0.99993902444839478,
				"bytes":	124644960,
				"bits_per_second":	997220486.06921,
				"omitted":	false,
				"sender":	false
			}
		}, {
			"streams":	[{
					"socket":	447,
					"start":	15.000577,
					"end":	16.000157,
					"seconds":	0.9995800256729126,
					"bytes":	116657280,
					"bits_per_second":	933650349.17713058,
					"omitted":	false,
					"sender":	false
				}],
			"sum":	{
				"start":	15.000577,
				"end":	16.000157,
				"seconds":	0.9995800256729126,