{
	"start":	{
		"connected":	[{
				"socket":	447,
				"local_host":	"100.124.59.153",
				"local_port":	45456,
				"remote_host":	"20.51.124.54",
				"remote_port":	5201
			}],
		"version":	"iperf 3.7",
		"system_info":	"Linux localhost 4.19.110-g9ceb3bf92e0a-ab6790968 #2 SMP PREEMPT Wed Aug 26 04:14:37 UTC 2020 aarch64",
		"timestamp":	{
			"time":	"Tue, 11 May 2021 17:57:43 GMT",
			"timesecs":	1620755863
		},
		"connecting_to":	{
			"host":	"20.51.124.54",
			"port":	5201
		},
		"cookie":	"cjbiknefswkub4bjnydg4htilwhrlyqoenzj",
		"tcp_mss_default":	1376,
		"target_bitrate":	2000000000,
		"sock_bufsize":	0,
		"sndbuf_actual":	2097152,
		"rcvbuf_actual":	6291456,
		"test_start":	{
			"protocol":	"TCP",
			"num_streams":	1,
			"blksize":	131072,
			"omit":	0,
			"duration":	30,
			"bytes":	0,
			"blocks":	0,
			"reverse":	1,
			"tos":	0
		}
	},
	"intervals":	[{
			"streams":	[{
					"socket":	447,
					"start":	0,
					"end":	1.000149,
					"seconds":	1.0001490116119385,
					"bytes":	8218848,
					"bits_per_second":	65740987.829433106,
					"omitted":	false,
					"sender":	false
				}],
			"sum":	{
				"start":	0,
				"end":	1.000149,
				"seconds":	1.0001490116119385,
				"bytes":	8218848,
				"bits_per_second":	65740987.829433106,
				"omitted":	false,
				"sender":	false
			}
		}, {
			"streams":	[{
					"socket":	447,
					"start":	1.000149,
					"end":	2.000125,
					"seconds":	0.99997597932815552,
					"bytes":	22505856,
					"bits_per_second":	180051172.95014066,
					"omitted":	false,
					"sender":	false
				}],
			"sum":	{
				"start":	1.000149,
				"end":	2.000125,
				"seconds":	0.99997597932815552,
				"bytes":	22505856,
				"bits_per_second":	180051172.95014066,
				"omitted":	false,
				"sender":	false
			}
		}, {
			"streams":	[{
					"socket":	447,
					"start":	2.000125,
					"end":	3.000159,
					"seconds":	1.000033974647522,
					"bytes":	37461600,
					"bits_per_second":	299682618.38867176,
					"omitted":	false,
					"sender":	false
				}],
			"sum":	{
				"start":	2.000125,
				"end":	3.000159,
				"seconds":	1.000033974647522,
				"bytes":	37461600,
				"bits_per_second":	299682618.38867176,
				"omitted":	false,
				"sender":	false
			}
		}, {
			"streams":	[{
					"socket":	447,
					"start":	3.000159,
					"end":	4.000422,
					"seconds":	1.000262975692749,
					"bytes":	68676512,
					"bits_per_second":	549267651.95872152,
					"omitted":	false,
					"sender":	false
				}],
			"sum":	{
				"start":	3.000159,
				"end":	4.000422,
				"seconds":	1.000262975692749,
				"bytes":	68676512,
				"bits_per_second":	549267651.95872152,
				"omitted":	false,
				"sender":	false
			}
		}, {
			"streams":	[{
					"socket":	447,
					"start":	4.000422,
					"end":	5.00015,
					"seconds":	0.99972802400588989,
					"bytes":	89341952,
					"bits_per_second":	714930059.813737,
					"omitted":	false,
					"sender":	false
				}],
			"sum":	{
				"start":	4.000422,
				"end":	5.00015,
				"seconds":	0.99972802400588989,
				"bytes":	89341952,
				"bits_per_second":	714930059.813737,
				"omitted":	false,
				"sender":	false
			}
		}, {
			"streams":	[{
					"socket":	447,
					"start":	5.00015,
					"end":	6.0001,
					"seconds":	0.99994999170303345,
					"bytes":	101302496,
					"bits_per_second":	810460497.74925113,
					"omitted":	false,
					"sender":	false
				}],
			"sum":	{
				"start":	5.00015,
				"end":	6.0001,
				"seconds":	0.99994999170303345,
				"bytes":	101302496,
				"bits_per_second":	810460497.74925113,
				"omitted":	false,
				"sender":	false
			}
		}, {
			"streams":	[{
					"socket":	447,
					"start":	6.0001,
					"end":	7.000125,
					"seconds":	1.0000250339508057,
					"bytes":	103936160,
					"bits_per_second":	831468465.0593493,
					"omitted":	false,
					"sender":	false
				}],
			"sum":	{
				"start":	6.0001,
				"end":	7.000125,
				"seconds":	1.0000250339508057,
				"bytes":	103936160,
				"bits_per_second":	831468465.0593493,
				"omitted":	false,
				"sender":	false
			}
		}, {
			"streams":	[{
					"socket":	447,
					"start":	7.000125,
					"end":	8.000135,
					"seconds":	1.0000100135803223,
					"bytes":	116683424,
					"bits_per_second":	933458044.74289155,
					"omitted":	false,
					"sender":	false
				}],
			"sum":	{
				"start":	7.000125,
				"end":	8.000135,
				"seconds":	1.0000100135803223,
				"bytes":	116683424,
				"bits_per_second":	933458044.74289155,
				"omitted":	false,
				"sender":	false
			}
		}, {
			"streams":	[{
					"socket":	447,
					"start":	8.000135,
					"end":	9.000149,
					"seconds":	1.0000139474868774,
					"bytes":	130874112,
					"bits_per_second":	1046978293.2839935,
					"omitted":	false,
					"sender":	false
				}],
			"sum":	{
				"start":	8.000135,
				"end":	9.000149,
				"seconds":	1.0000139474868774,
				"bytes":	130874112,
				"bits_per_second":	1046978293.2839935,
				"omitted":	false,
				"sender":	false
			}
		}, {
			"streams":	[{
					"socket":	447,
					"start":	9.000149,
					"end":	10.000133,
					"seconds":	0.9999840259552002,
					"bytes":	120684832,
					"bits_per_second":	965494078.84566939,
					"omitted":	false,
					"sender":	false
				}],
			"sum":	{
				"start":	9.000149,
				"end":	10.000133,
				"seconds":	0.9999840259552002,
				"bytes":	120684832,
				"bits_per_second":	965494078.84566939,
				"omitted":	false,
				"sender":	false
			}
		}, {
			"streams":	[{
					"socket":	447,
					"start":	10.000133,
					"end":	11.00015,
					"seconds":	1.0000170469284058,
					"bytes":	128012032,
					"bits_per_second":	1024078798.6020384,
					"omitted":	false,
					"sender":	false
				}],
			"sum":	{
				"start":	10.000133,
				"end":	11.00015,
				"seconds":	1.0000170469284058,
				"bytes":	128012032,
				"bits_per_second":	1024078798.6020384,
				"omitted":	false,
				"sender":	false
			}
		}, {
			"streams":	[{
					"socket":	447,
					"start":	11.00015,
					"end":	12.000151,
					"seconds":	1.0000009536743164,
					"bytes":	130403520,
					"bits_per_second":	1043227165.1010464,
					"omitted":	false,
					"sender":	false
				}],
			"sum":	{
				"start":	11.00015,
				"end":	12.000151,
				"seconds":	1.0000009536743164,
				"bytes":	130403520,
				"bits_per_second":	1043227165.1010464,
				"omitted":	false,
				"sender":	false
			}
		}, {
			"streams":	[{
					"socket":	447,
					"start":	12.000151,
					"end":	13.000128,
					"seconds":	0.9999769926071167,
					"bytes":	130622304,
					"bits_per_second":	1045002474.7825013,
					"omitted":	false,
					"sender":	false
				}],
			"sum":	{
				"start":	12.000151,
				"end":	13.000128,
				"seconds":	0.9999769926071167,
				"bytes":	130622304,
				"bits_per_second":	1045002474.7825013,
				"omitted":	false,
				"sender":	false
			}
		}, {
			"streams":	[{
					"socket":	447,
					"start":	13.000128,
					"end":	14.000042,
					"seconds":	0.99991399049758911,
					"bytes":	130189568,
					"bits_per_second":	1041606132.0251236,
					"omitted":	false,
					"sender":	false
				}],
			"sum":	{
				"start":	13.000128,
				"end":	14.000042,
				"seconds":	0.99991399049758911,
				"bytes":	130189568,
				"bits_per_second":	1041606132.0251236,
				"omitted":	false,
				"sender":	false
			}
		}, {
			"streams":	[{
					"socket":	447,
					"start":	14.000042,
					"end":	15.000137,
					"seconds":	1.000095009803772,
					"bytes":	131370144,
					"bits_per_second":	1050861309.8731574,
					"omitted":	false,
					"sender":	false
				}],
			"sum":	{
				"start":	14.000042,
				"end":	15.000137,
				"seconds":	1.000095009803772,
				"bytes":	131370144,
				"bits_per_second":	1050861309.8731574,
				"omitted":	false,
				"sender":	false
			}
		}, {
			"streams":	[{
					"socket":	447,
					"start":	15.000137,
					"end":	16.000174,
					"seconds":	1.0000369548797607,
					"bytes":	124105920,
					"bits_per_second":	992810670.8010354,
					"omitted":	false,
					"sender":	false
				}],
			"sum":	{
				"start":	15.000137,
				"end":	16.000174,
				"seconds":	1.0000369548797607,
				"bytes":	124105920,