{
	"start":	{
		"connected":	[{
				"socket":	235,
				"local_host":	"100.124.85.183",
				"local_port":	46054,
				"remote_host":	"52.240.159.197",
				"remote_port":	5201
			}],
		"version":	"iperf 3.7",
		"system_info":	"Linux localhost 4.19.110-g9ceb3bf92e0a-ab6790968 #2 SMP PREEMPT Wed Aug 26 04:14:37 UTC 2020 aarch64",
		"timestamp":	{
			"time":	"Mon, 17 May 2021 23:59:54 GMT",
			"timesecs":	1621295994
		},
		"connecting_to":	{
			"host":	"52.240.159.197",
			"port":	5201
		},
		"cookie":	"fshqdtkaz7odoomnzokunln7i42g2ylimi3r",
		"tcp_mss_default":	1376,
		"target_bitrate":	3000000000,
		"sock_bufsize":	0,
		"sndbuf_actual":	2097152,
		"rcvbuf_actual":	6291456,
		"test_start":	{
			"protocol":	"TCP",
			"num_streams":	1,
			"blksize":	131072,
			"omit":	0,
			"duration":	30,
			"bytes":	0,
			"blocks":	0,
			"reverse":	1,
			"tos":	0
		}
	},
	"intervals":	[{
			"streams":	[{
					"socket":	235,
					"start":	0,
					"end":	1.000448,
					"seconds":	1.0004479885101318,
					"bytes":	4610976,
					"bits_per_second":	36871290.085687876,
					"omitted":	false,
					"sender":	false
				}],
			"sum":	{
				"start":	0,
				"end":	1.000448,
				"seconds":	1.0004479885101318,
				"bytes":	4610976,
				"bits_per_second":	36871290.085687876,
				"omitted":	false,
				"sender":	false
			}
		}, {
			"streams":	[{
					"socket":	235,
					"start":	1.000448,
					"end":	2.000096,
					"seconds":	0.99964797496795654,
					"bytes":	24655168,
					"bits_per_second":	197310802.34151679,
					"omitted":	false,
					"sender":	false
				}],
			"sum":	{
				"start":	1.000448,
				"end":	2.000096,
				"seconds":	0.99964797496795654,
				"bytes":	24655168,
				"bits_per_second":	197310802.34151679,
				"omitted":	false,
				"sender":	false
			}
		}, {
			"streams":	[{
					"socket":	235,
					"start":	2.000096,
					"end":	3.000098,
					"seconds":	1.0000020265579224,
					"bytes":	143256736,
					"bits_per_second":	1146051565.4601207,
					"omitted":	false,
					"sender":	false
				}],
			"sum":	{
				"start":	2.000096,
				"end":	3.000098,
				"seconds":	1.0000020265579224,
				"bytes":	143256736,
				"bits_per_second":	1146051565.4601207,
				"omitted":	false,
				"sender":	false
			}
		}, {
			"streams":	[{
					"socket":	235,
					"start":	3.000098,
					"end":	4.00008,
					"seconds":	0.99998199939727783,
					"bytes":	247735040,
					"bits_per_second":	1981915995.682467,
					"omitted":	false,
					"sender":	false
				}],
			"sum":	{
				"start":	3.000098,
				"end":	4.00008,
				"seconds":	0.99998199939727783,
				"bytes":	247735040,
				"bits_per_second":	1981915995.682467,
				"omitted":	false,
				"sender":	false
			}
		}, {
			"streams":	[{
					"socket":	235,
					"start":	4.00008,
					"end":	5.000089,
					"seconds":	1.0000089406967163,
					"bytes":	209011648,
					"bits_per_second":	1672078234.4556198,
					"omitted":	false,
					"sender":	false
				}],
			"sum":	{
				"start":	4.00008,
				"end":	5.000089,
				"seconds":	1.0000089406967163,
				"bytes":	209011648,
				"bits_per_second":	1672078234.4556198,
				"omitted":	false,
				"sender":	false
			}
		}, {
			"streams":	[{
					"socket":	235,
					"start":	5.000089,
					"end":	6.000031,
					"seconds":	0.99994200468063354,
					"bytes":	247678304,
					"bits_per_second":	1981541352.1235542,
					"omitted":	false,
					"sender":	false
				}],
			"sum":	{
				"start":	5.000089,
				"end":	6.000031,
				"seconds":	0.99994200468063354,
				"bytes":	247678304,
				"bits_per_second":	1981541352.1235542,
				"omitted":	false,
				"sender":	false
			}
		}, {
			"streams":	[{
					"socket":	235,
					"start":	6.000031,
					"end":	7.00013,
					"seconds":	1.0000989437103271,
					"bytes":	245857120,
					"bits_per_second":	1966662371.1280398,
					"omitted":	false,
					"sender":	false
				}],
			"sum":	{
				"start":	6.000031,
				"end":	7.00013,
				"seconds":	1.0000989437103271,
				"bytes":	245857120,
				"bits_per_second":	1966662371.1280398,
				"omitted":	false,
				"sender":	false
			}
		}, {
			"streams":	[{
					"socket":	235,
					"start":	7.00013,
					"end":	8.000363,
					"seconds":	1.0002330541610718,
					"bytes":	232936160,
					"bits_per_second":	1863055087.2596083,
					"omitted":	false,
					"sender":	false
				}],
			"sum":	{
				"start":	7.00013,
				"end":	8.000363,
				"seconds":	1.0002330541610718,
				"bytes":	232936160,
				"bits_per_second":	1863055087.2596083,
				"omitted":	false,
				"sender":	false
			}
		}, {
			"streams":	[{
					"socket":	235,
					"start":	8.000363,
					"end":	9.000413,
					"seconds":	1.0000499486923218,
					"bytes":	220449312,
					"bits_per_second":	1763506411.1608615,
					"omitted":	false,
					"sender":	false
				}],
			"sum":	{
				"start":	8.000363,
				"end":	9.000413,
				"seconds":	1.0000499486923218,
				"bytes":	220449312,
				"bits_per_second":	1763506411.1608615,
				"omitted":	false,
				"sender":	false
			}
		}, {
			"streams":	[{
					"socket":	235,
					"start":	9.000413,
					"end":	10.000144,
					"seconds":	0.99973100423812866,
					"bytes":	244399264,
					"bits_per_second":	1955720192.4431734,
					"omitted":	false,
					"sender":	false
				}],
			"sum":	{
				"start":	9.000413,
				"end":	10.000144,
				"seconds":	0.99973100423812866,
				"bytes":	244399264,
				"bits_per_second":	1955720192.4431734,
				"omitted":	false,
				"sender":	false
			}
		}, {
			"streams":	[{
					"socket":	235,
					"start":	10.000144,
					"end":	11.000114,
					"seconds":	0.999970018863678,
					"bytes":	245512800,
					"bits_per_second":	1964161287.7873275,
					"omitted":	false,
					"sender":	false
				}],
			"sum":	{
				"start":	10.000144,
				"end":	11.000114,
				"seconds":	0.999970018863678,
				"bytes":	245512800,
				"bits_per_second":	1964161287.7873275,
				"omitted":	false,
				"sender":	false
			}
		}, {
			"streams":	[{
					"socket":	235,
					"start":	11.000114,
					"end":	12.000026,
					"seconds":	0.99991202354431152,
					"bytes":	244421312,
					"bits_per_second":	1955542537.7014151,
					"omitted":	false,
					"sender":	false
				}],
			"sum":	{
				"start":	11.000114,
				"end":	12.000026,
				"seconds":	0.99991202354431152,
				"bytes":	244421312,
				"bits_per_second":	1955542537.7014151,
				"omitted":	false,
				"sender":	false
			}
		}, {
			"streams":	[{
					"socket":	235,
					"start":	12.000026,
					"end":	13.000123,
					"seconds":	1.0000970363616943,
					"bytes":	245433312,
					"bits_per_second":	1963275986.8412352,
					"omitted":	false,
					"sender":	false
				}],
			"sum":	{
				"start":	12.000026,
				"end":	13.000123,
				"seconds":	1.0000970363616943,
				"bytes":	245433312,
				"bits_per_second":	1963275986.8412352,
				"omitted":	false,
				"sender":	false
			}
		}, {
			"streams":	[{
					"socket":	235,
					"start":	13.000123,
					"end":	14.000121,
					"seconds":	0.99999797344207764,
					"bytes":	242528256,
					"bits_per_second":	1940229979.9884372,
					"omitted":	false,
					"sender":	false
				}],
			"sum":	{
				"start":	13.000123,
				"end":	14.000121,
				"seconds":	0.99999797344207764,
				"bytes":	242528256,
				"bits_per_second":	1940229979.9884372,
				"omitted":	false,
				"sender":	false
			}
		}, {
			"streams":	[{
					"socket":	235,
					"start":	14.000121,
					"end":	15.000132,
					"seconds":	1.0000109672546387,
					"bytes":	245584352,
					"bits_per_second":	1964653269.1473205,
					"omitted":	false,
					"sender":	false
				}],
			"sum":	{
				"start":	14.000121,
				"end":	15.000132,
				"seconds":	1.0000109672546387,
				"bytes":	245584352,
				"bits_per_second":	1964653269.1473205,
				"omitted":	false,
				"sender":	false
			}
		}, {
			"streams":	[{
					"socket":	235,
					"start":	15.000132,
					"end":	16.000048,
					"seconds":	0.99991601705551147,
					"bytes":	245754304,
					"bits_per_second":	1966199559.228436,
					"omitted":	false,
					"sender":	false
				}],
			"sum":	{
				"start":	15.000132,
				"end":	16.000048,
				"seconds":	0.99991601705551147,