{
	"start":	{
		"connected":	[{
				"socket":	524,
				"local_host":	"100.124.59.153",
				"local_port":	41020,
				"remote_host":	"52.237.164.255",
				"remote_port":	5201
			}],
		"version":	"iperf 3.7",
		"system_info":	"Linux localhost 4.19.110-g9ceb3bf92e0a-ab6790968 #2 SMP PREEMPT Wed Aug 26 04:14:37 UTC 2020 aarch64",
		"timestamp":	{
			"time":	"Tue, 11 May 2021 18:07:11 GMT",
			"timesecs":	1620756431
		},
		"connecting_to":	{
			"host":	"52.237.164.255",
			"port":	5201
		},
		"cookie":	"i4ge56dxxln3j2wcn4agow2jbirmyj3km4ei",
		"tcp_mss_default":	1376,
		"target_bitrate":	2000000000,
		"sock_bufsize":	0,
		"sndbuf_actual":	2097152,
		"rcvbuf_actual":	6291456,
		"test_start":	{
			"protocol":	"TCP",
			"num_streams":	1,
			"blksize":	131072,
			"omit":	0,
			"duration":	30,
			"bytes":	0,
			"blocks":	0,
			"reverse":	1,
			"tos":	0
		}
	},
	"intervals":	[{
			"streams":	[{
					"socket":	524,
					"start":	0,
					"end":	1.000109,
					"seconds":	1.0001089572906494,
					"bytes":	20493120,
					"bits_per_second":	163927098.94743466,
					"omitted":	false,
					"sender":	false
				}],
			"sum":	{
				"start":	0,
				"end":	1.000109,
				"seconds":	1.0001089572906494,
				"bytes":	20493120,
				"bits_per_second":	163927098.94743466,
				"omitted":	false,
				"sender":	false
			}
		}, {
			"streams":	[{
					"socket":	524,
					"start":	1.000109,
					"end":	2.000128,
					"seconds":	1.0000189542770386,
					"bytes":	22677856,
					"bits_per_second":	181419409.32625547,
					"omitted":	false,
					"sender":	false
				}],
			"sum":	{
				"start":	1.000109,
				"end":	2.000128,
				"seconds":	1.0000189542770386,
				"bytes":	22677856,
				"bits_per_second":	181419409.32625547,
				"omitted":	false,
				"sender":	false
			}
		}, {
			"streams":	[{
					"socket":	524,
					"start":	2.000128,
					"end":	3.000095,
					"seconds":	0.99996697902679443,
					"bytes":	23884608,
					"bits_per_second":	191083173.75236052,
					"omitted":	false,
					"sender":	false
				}],
			"sum":	{
				"start":	2.000128,
				"end":	3.000095,
				"seconds":	0.99996697902679443,
				"bytes":	23884608,
				"bits_per_second":	191083173.75236052,
				"omitted":	false,
				"sender":	false
			}
		}, {
			"streams":	[{
					"socket":	524,
					"start":	3.000095,
					"end":	4.000127,
					"seconds":	1.0000319480895996,
					"bytes":	22120576,
					"bits_per_second":	176958954.49946621,
					"omitted":	false,
					"sender":	false
				}],
			"sum":	{
				"start":	3.000095,
				"end":	4.000127,
				"seconds":	1.0000319480895996,
				"bytes":	22120576,
				"bits_per_second":	176958954.49946621,
				"omitted":	false,
				"sender":	false
			}
		}, {
			"streams":	[{
					"socket":	524,
					"start":	4.000127,
					"end":	5.000115,
					"seconds":	0.99998801946640015,
					"bytes":	18112288,
					"bits_per_second":	144900039.9797976,
					"omitted":	false,
					"sender":	false
				}],
			"sum":	{
				"start":	4.000127,
				"end":	5.000115,
				"seconds":	0.99998801946640015,
				"bytes":	18112288,
				"bits_per_second":	144900039.9797976,
				"omitted":	false,
				"sender":	false
			}
		}, {
			"streams":	[{
					"socket":	524,
					"start":	5.000115,
					"end":	6.000199,
					"seconds":	1.0000840425491333,
					"bytes":	21103712,
					"bits_per_second":	168815508.31434804,
					"omitted":	false,
					"sender":	false
				}],
			"sum":	{
				"start":	5.000115,
				"end":	6.000199,
				"seconds":	1.0000840425491333,
				"bytes":	21103712,
				"bits_per_second":	168815508.31434804,
				"omitted":	false,
				"sender":	false
			}
		}, {
			"streams":	[{
					"socket":	524,
					"start":	6.000199,
					"end":	7.00011,
					"seconds":	0.99991101026535034,
					"bytes":	22490720,
					"bits_per_second":	179941772.97062904,
					"omitted":	false,
					"sender":	false
				}],
			"sum":	{
				"start":	6.000199,
				"end":	7.00011,
				"seconds":	0.99991101026535034,
				"bytes":	22490720,
				"bits_per_second":	179941772.97062904,
				"omitted":	false,
				"sender":	false
			}
		}, {
			"streams":	[{
					"socket":	524,
					"start":	7.00011,
					"end":	8.00096,
					"seconds":	1.0008499622344971,
					"bytes":	23506208,
					"bits_per_second":	187889964.62582704,
					"omitted":	false,
					"sender":	false
				}],
			"sum":	{
				"start":	7.00011,
				"end":	8.00096,
				"seconds":	1.0008499622344971,
				"bytes":	23506208,
				"bits_per_second":	187889964.62582704,
				"omitted":	false,
				"sender":	false
			}
		}, {
			"streams":	[{
					"socket":	524,
					"start":	8.00096,
					"end":	9.000515,
					"seconds":	0.99955499172210693,
					"bytes":	23775904,
					"bits_per_second":	190291913.47671324,
					"omitted":	false,
					"sender":	false
				}],
			"sum":	{
				"start":	8.00096,
				"end":	9.000515,
				"seconds":	0.99955499172210693,
				"bytes":	23775904,
				"bits_per_second":	190291913.47671324,
				"omitted":	false,
				"sender":	false
			}
		}, {
			"streams":	[{
					"socket":	524,
					"start":	9.000515,
					"end":	10.000116,
					"seconds":	0.99960100650787354,
					"bytes":	24862944,
					"bits_per_second":	198982944.90005928,
					"omitted":	false,
					"sender":	false
				}],
			"sum":	{
				"start":	9.000515,
				"end":	10.000116,
				"seconds":	0.99960100650787354,
				"bytes":	24862944,
				"bits_per_second":	198982944.90005928,
				"omitted":	false,
				"sender":	false
			}
		}, {
			"streams":	[{
					"socket":	524,
					"start":	10.000116,
					"end":	11.000136,
					"seconds":	1.0000200271606445,
					"bytes":	19250240,
					"bits_per_second":	153998835.84057555,
					"omitted":	false,
					"sender":	false
				}],
			"sum":	{
				"start":	10.000116,
				"end":	11.000136,
				"seconds":	1.0000200271606445,
				"bytes":	19250240,
				"bits_per_second":	153998835.84057555,
				"omitted":	false,
				"sender":	false
			}
		}, {
			"streams":	[{
					"socket":	524,
					"start":	11.000136,
					"end":	12.000143,
					"seconds":	1.0000070333480835,
					"bytes":	20441856,
					"bits_per_second":	163533697.81057993,
					"omitted":	false,
					"sender":	false
				}],
			"sum":	{
				"start":	11.000136,
				"end":	12.000143,
				"seconds":	1.0000070333480835,
				"bytes":	20441856,
				"bits_per_second":	163533697.81057993,
				"omitted":	false,
				"sender":	false
			}
		}, {
			"streams":	[{
					"socket":	524,
					"start":	12.000143,
					"end":	13.000101,
					"seconds":	0.99995797872543335,
					"bytes":	18986048,
					"bits_per_second":	151894766.81170142,
					"omitted":	false,
					"sender":	false
				}],
			"sum":	{
				"start":	12.000143,
				"end":	13.000101,
				"seconds":	0.99995797872543335,
				"bytes":	18986048,
				"bits_per_second":	151894766.81170142,
				"omitted":	false,
				"sender":	false
			}
		}, {
			"streams":	[{
					"socket":	524,
					"start":	13.000101,
					"end":	14.000514,
					"seconds":	1.0004129409790039,
					"bytes":	15541920,
					"bits_per_second":	124284038.02766229,
					"omitted":	false,
					"sender":	false
				}],
			"sum":	{
				"start":	13.000101,
				"end":	14.000514,
				"seconds":	1.0004129409790039,
				"bytes":	15541920,
				"bits_per_second":	124284038.02766229,
				"omitted":	false,
				"sender":	false
			}
		}, {
			"streams":	[{
					"socket":	524,
					"start":	14.000514,
					"end":	15.000137,
					"seconds":	0.99962300062179565,
					"bytes":	13114656,
					"bits_per_second":	104956816.6546171,
					"omitted":	false,
					"sender":	false
				}],
			"sum":	{
				"start":	14.000514,
				"end":	15.000137,
				"seconds":	0.99962300062179565,
				"bytes":	13114656,
				"bits_per_second":	104956816.6546171,
				"omitted":	false,
				"sender":	false
			}
		}, {
			"streams":	[{
					"socket":	524,
					"start":	15.000137,
					"end":	16.000103,
					"seconds":	0.999966025352478,
					"bytes":	14475520,
					"bits_per_second":	115808094.53919216,
					"omitted":	false,
					"sender":	false
				}],
			"sum":	{
				"start":	15.000137,
				"end":	16.000103,
				"seconds":	0.999966025352478,
				"bytes":	14475520,