{
	"start":	{
		"connected":	[{
				"socket":	337,
				"local_host":	"100.124.59.153",
				"local_port":	44768,
				"remote_host":	"13.78.215.115",
				"remote_port":	5201
			}],
		"version":	"iperf 3.7",
		"system_info":	"Linux localhost 4.19.110-g9ceb3bf92e0a-ab6790968 #2 SMP PREEMPT Wed Aug 26 04:14:37 UTC 2020 aarch64",
		"timestamp":	{
			"time":	"Tue, 11 May 2021 17:27:15 GMT",
			"timesecs":	1620754035
		},
		"connecting_to":	{
			"host":	"13.78.215.115",
			"port":	5201
		},
		"cookie":	"kyaz43uxw6dllfxxh4nq5z5vb7jrc6laxw7t",
		"tcp_mss_default":	1376,
		"target_bitrate":	2000000000,
		"sock_bufsize":	0,
		"sndbuf_actual":	2097152,
		"rcvbuf_actual":	6291456,
		"test_start":	{
			"protocol":	"TCP",
			"num_streams":	1,
			"blksize":	131072,
			"omit":	0,
			"duration":	30,
			"bytes":	0,
			"blocks":	0,
			"reverse":	1,
			"tos":	0
		}
	},
	"intervals":	[{
			"streams":	[{
					"socket":	337,
					"start":	0,
					"end":	1.000155,
					"seconds":	1.000154972076416,
					"bytes":	616448,
					"bits_per_second":	4930819.8606077684,
					"omitted":	false,
					"sender":	false
				}],
			"sum":	{
				"start":	0,
				"end":	1.000155,
				"seconds":	1.000154972076416,
				"bytes":	616448,
				"bits_per_second":	4930819.8606077684,
				"omitted":	false,
				"sender":	false
			}
		}, {
			"streams":	[{
					"socket":	337,
					"start":	1.000155,
					"end":	2.000226,
					"seconds":	1.0000710487365723,
					"bytes":	721024,
					"bits_per_second":	5767782.2063614139,
					"omitted":	false,
					"sender":	false
				}],
			"sum":	{
				"start":	1.000155,
				"end":	2.000226,
				"seconds":	1.0000710487365723,
				"bytes":	721024,
				"bits_per_second":	5767782.2063614139,
				"omitted":	false,
				"sender":	false
			}
		}, {
			"streams":	[{
					"socket":	337,
					"start":	2.000226,
					"end":	3.000153,
					"seconds":	0.99992698431015015,
					"bytes":	901280,
					"bits_per_second":	7210766.4990902776,
					"omitted":	false,
					"sender":	false
				}],
			"sum":	{
				"start":	2.000226,
				"end":	3.000153,
				"seconds":	0.99992698431015015,
				"bytes":	901280,
				"bits_per_second":	7210766.4990902776,
				"omitted":	false,
				"sender":	false
			}
		}, {
			"streams":	[{
					"socket":	337,
					"start":	3.000153,
					"end":	4.000151,
					"seconds":	0.99999797344207764,
					"bytes":	941184,
					"bits_per_second":	7529487.2589420555,
					"omitted":	false,
					"sender":	false
				}],
			"sum":	{
				"start":	3.000153,
				"end":	4.000151,
				"seconds":	0.99999797344207764,
				"bytes":	941184,
				"bits_per_second":	7529487.2589420555,
				"omitted":	false,
				"sender":	false
			}
		}, {
			"streams":	[{
					"socket":	337,
					"start":	4.000151,
					"end":	5.000173,
					"seconds":	1.0000220537185669,
					"bytes":	1239776,
					"bits_per_second":	9917989.2714558579,
					"omitted":	false,
					"sender":	false
				}],
			"sum":	{
				"start":	4.000151,
				"end":	5.000173,
				"seconds":	1.0000220537185669,
				"bytes":	1239776,
				"bits_per_second":	9917989.2714558579,
				"omitted":	false,
				"sender":	false
			}
		}, {
			"streams":	[{
					"socket":	337,
					"start":	5.000173,
					"end":	6.00043,
					"seconds":	1.0002570152282715,
					"bytes":	1612672,
					"bits_per_second":	12898061.001907336,
					"omitted":	false,
					"sender":	false
				}],
			"sum":	{
				"start":	5.000173,
				"end":	6.00043,
				"seconds":	1.0002570152282715,
				"bytes":	1612672,
				"bits_per_second":	12898061.001907336,
				"omitted":	false,
				"sender":	false
			}
		}, {
			"streams":	[{
					"socket":	337,
					"start":	6.00043,
					"end":	7.000192,
					"seconds":	0.99976199865341187,
					"bytes":	2482304,
					"bits_per_second":	19863159.458698664,
					"omitted":	false,
					"sender":	false
				}],
			"sum":	{
				"start":	6.00043,
				"end":	7.000192,
				"seconds":	0.99976199865341187,
				"bytes":	2482304,
				"bits_per_second":	19863159.458698664,
				"omitted":	false,
				"sender":	false
			}
		}, {
			"streams":	[{
					"socket":	337,
					"start":	7.000192,
					"end":	8.000087,
					"seconds":	0.99989497661590576,
					"bytes":	5003136,
					"bits_per_second":	40029292.011709966,
					"omitted":	false,
					"sender":	false
				}],
			"sum":	{
				"start":	7.000192,
				"end":	8.000087,
				"seconds":	0.99989497661590576,
				"bytes":	5003136,
				"bits_per_second":	40029292.011709966,
				"omitted":	false,
				"sender":	false
			}
		}, {
			"streams":	[{
					"socket":	337,
					"start":	8.000087,
					"end":	9.000163,
					"seconds":	1.0000760555267334,
					"bytes":	5198528,
					"bits_per_second":	41585061.226264194,
					"omitted":	false,
					"sender":	false
				}],
			"sum":	{
				"start":	8.000087,
				"end":	9.000163,
				"seconds":	1.0000760555267334,
				"bytes":	5198528,
				"bits_per_second":	41585061.226264194,
				"omitted":	false,
				"sender":	false
			}
		}, {
			"streams":	[{
					"socket":	337,
					"start":	9.000163,
					"end":	10.000155,
					"seconds":	0.9999920129776001,
					"bytes":	5960832,
					"bits_per_second":	47687036.877431728,
					"omitted":	false,
					"sender":	false
				}],
			"sum":	{
				"start":	9.000163,
				"end":	10.000155,
				"seconds":	0.9999920129776001,
				"bytes":	5960832,
				"bits_per_second":	47687036.877431728,
				"omitted":	false,
				"sender":	false
			}
		}, {
			"streams":	[{
					"socket":	337,
					"start":	10.000155,
					"end":	11.000162,
					"seconds":	1.0000070333480835,
					"bytes":	8542208,
					"bits_per_second":	68337183.360802382,
					"omitted":	false,
					"sender":	false
				}],
			"sum":	{
				"start":	10.000155,
				"end":	11.000162,
				"seconds":	1.0000070333480835,
				"bytes":	8542208,
				"bits_per_second":	68337183.360802382,
				"omitted":	false,
				"sender":	false
			}
		}, {
			"streams":	[{
					"socket":	337,
					"start":	11.000162,
					"end":	12.000211,
					"seconds":	1.0000489950180054,
					"bytes":	13032096,
					"bits_per_second":	104251660.188032,
					"omitted":	false,
					"sender":	false
				}],
			"sum":	{
				"start":	11.000162,
				"end":	12.000211,
				"seconds":	1.0000489950180054,
				"bytes":	13032096,
				"bits_per_second":	104251660.188032,
				"omitted":	false,
				"sender":	false
			}
		}, {
			"streams":	[{
					"socket":	337,
					"start":	12.000211,
					"end":	13.000137,
					"seconds":	0.999925971031189,
					"bytes":	21047296,
					"bits_per_second":	168390833.79978344,
					"omitted":	false,
					"sender":	false
				}],
			"sum":	{
				"start":	12.000211,
				"end":	13.000137,
				"seconds":	0.999925971031189,
				"bytes":	21047296,
				"bits_per_second":	168390833.79978344,
				"omitted":	false,
				"sender":	false
			}
		}, {
			"streams":	[{
					"socket":	337,
					"start":	13.000137,
					"end":	14.000135,
					"seconds":	0.99999797344207764,
					"bytes":	27306720,
					"bits_per_second":	218454202.71009517,
					"omitted":	false,
					"sender":	false
				}],
			"sum":	{
				"start":	13.000137,
				"end":	14.000135,
				"seconds":	0.99999797344207764,
				"bytes":	27306720,
				"bits_per_second":	218454202.71009517,
				"omitted":	false,
				"sender":	false
			}
		}, {
			"streams":	[{
					"socket":	337,
					"start":	14.000135,
					"end":	15.000167,
					"seconds":	1.0000319480895996,
					"bytes":	33727136,
					"bits_per_second":	269808468.13488531,
					"omitted":	false,
					"sender":	false
				}],
			"sum":	{
				"start":	14.000135,
				"end":	15.000167,
				"seconds":	1.0000319480895996,
				"bytes":	33727136,
				"bits_per_second":	269808468.13488531,
				"omitted":	false,
				"sender":	false
			}
		}, {
			"streams":	[{
					"socket":	337,
					"start":	15.000167,
					"end":	16.000131,
					"seconds":	0.99996399879455566,
					"bytes":	31226944,
					"bits_per_second":	249824545.98480505,
					"omitted":	false,
					"sender":	false
				}],
			"sum":	{
				"start":	15.000167,
				"end":	16.000131,
				"seconds":	0.99996399879455566,
				"bytes":	31226944,