{"start": {"connected": [{"socket": 156, "local_host": "100.123.106.128", "local_port": 41097, "remote_host": "20.51.202.193", "remote_port": 5201}], "version": "iperf 3.7", "system_info": "Linux localhost 4.19.110-g9ceb3bf92e0a-ab6790968 #2 SMP PREEMPT Wed Aug 26 04:14:37 UTC 2020 aarch64", "timestamp": {"time": "2021-01-25 04:49:43 ", "timesecs": 1611589783.0}, "connecting_to": {"host": "20.51.202.193", "port": 5201}, "cookie": "pe3iw7zxkdxaargkujkdipy5wldrtvozjtxp", "sock_bufsize": 0, "sndbuf_actual": 212992, "rcvbuf_actual": 212992, "test_start": {"protocol": "UDP", "num_streams": 1, "blksize": 1376, "omit": 0, "duration": 30, "bytes": 0, "blocks": 0, "reverse": 1, "tos": 0}}, "intervals": [{"streams": [{"socket": 156, "start": 0, "end": 1.000076, "seconds": 1.0000760555267334, "bytes": 52781984, "bits_per_second": 422223759.5495681, "jitter_ms": 0.3396191863890958, "lost_packets": 125159, "packets": 163518, "lost_percent": 76.54142051639575, "omitted": false, "sender": false}], "sum": {"start": 0, "end": 1.000076, "seconds": 1.0000760555267334, "bytes": 52781984, "bits_per_second": 422223759.5495681, "jitter_ms": 0.3396191863890958, "lost_packets": 125159, "packets": 163518, "lost_percent": 76.54142051639575, "omitted": false, "sender": false}}, {"streams": [{"socket": 156, "start": 1.000076, "end": 2.000633, "seconds": 1.0005569458007812, "bytes": 58171776, "bits_per_second": 465115164.0624957, "jitter_ms": 0.1369007721927953, "lost_packets": 167292, "packets": 209568, "lost_percent": 79.82707283554741, "omitted": false, "sender": false}], "sum": {"start": 1.000076, "end": 2.000633, "seconds": 1.0005569458007812, "bytes": 58171776, "bits_per_second": 465115164.0624957, "jitter_ms": 0.1369007721927953, "lost_packets": 167292, "packets": 209568, "lost_percent": 79.82707283554741, "omitted": false, "sender": false}}, {"streams": [{"socket": 156, "start": 2.000633, "end": 3.004122, "seconds": 1.0034890174865723, "bytes": 63205184, "bits_per_second": 503883413.9575085, "jitter_ms": 0.324551974034603, "lost_packets": 157609, "packets": 203543, "lost_percent": 77.43277833185125, "omitted": false, "sender": false}], "sum": {"start": 2.000633, "end": 3.004122, "seconds": 1.0034890174865723, "bytes": 63205184, "bits_per_second": 503883413.9575085, "jitter_ms": 0.324551974034603, "lost_packets": 157609, "packets": 203543, "lost_percent": 77.43277833185125, "omitted": false, "sender": false}}, {"streams": [{"socket": 156, "start": 3.004122, "end": 4.001414, "seconds": 0.9972919821739197, "bytes": 60914144, "bits_per_second": 488636388.049309, "jitter_ms": 0.03276041667820261, "lost_packets": 170094, "packets": 214363, "lost_percent": 79.34858161156542, "omitted": false, "sender": false}], "sum": {"start": 3.004122, "end": 4.001414, "seconds": 0.9972919821739197, "bytes": 60914144, "bits_per_second": 488636388.049309, "jitter_ms": 0.03276041667820261, "lost_packets": 170094, "packets": 214363, "lost_percent": 79.34858161156542, "omitted": false, "sender": false}}, {"streams": [{"socket": 156, "start": 4.001414, "end": 5.000035, "seconds": 0.9986209869384766, "bytes": 63700544, "bits_per_second": 510308073.49875563, "jitter_ms": 0.002387347841377128, "lost_packets": 163879, "packets": 210173, "lost_percent": 77.97338383141508, "omitted": false, "sender": false}], "sum": {"start": 4.001414, "end": 5.000035, "seconds": 0.9986209869384766, "bytes": 63700544, "bits_per_second": 510308073.49875563, "jitter_ms": 0.002387347841377128, "lost_packets": 163879, "packets": 210173, "lost_percent": 77.97338383141508, "omitted": false, "sender": false}}, {"streams": [{"socket": 156, "start": 5.000035, "end": 6.000043, "seconds": 1.0000079870224, "bytes": 58303872, "bits_per_second": 466427250.63510126, "jitter_ms": 0.013457334861850223, "lost_packets": 167801, "packets": 210173, "lost_percent": 79.83946558311486, "omitted": false, "sender": false}], "sum": {"start": 5.000035, "end": 6.000043, "seconds": 1.0000079870224, "bytes": 58303872, "bits_per_second": 466427250.63510126, "jitter_ms": 0.013457334861850223, "lost_packets": 167801, "packets": 210173, "lost_percent": 79.83946558311486, "omitted": false, "sender": false}}, {"streams": [{"socket": 156, "start": 6.000043, "end": 7.00437, "seconds": 1.0043270587921143, "bytes": 62237856, "bits_per_second": 495757675.3919372, "jitter_ms": 0.33516687192631917, "lost_packets": 157492, "packets": 202723, "lost_percent": 77.68827414748203, "omitted": false, "sender": false}], "sum": {"start": 6.000043, "end": 7.00437, "seconds": 1.0043270587921143, "bytes": 62237856, "bits_per_second": 495757675.3919372, "jitter_ms": 0.33516687192631917, "lost_packets": 157492, "packets": 202723, "lost_percent": 77.68827414748203, "omitted": false, "sender": false}}, {"streams": [{"socket": 156, "start": 7.00437, "end": 8.00192, "seconds": 0.9975500106811523, "bytes": 52925088, "bits_per_second": 424440578.88475317, "jitter_ms": 0.028220628671005395, "lost_packets": 169148, "packets": 207611, "lost_percent": 81.47352500590046, "omitted": false, "sender": false}], "sum": {"start": 7.00437, "end": 8.00192, "seconds": 0.9975500106811523, "bytes": 52925088, "bits_per_second": 424440578.88475317, "jitter_ms": 0.028220628671005395, "lost_packets": 169148, "packets": 207611, "lost_percent": 81.47352500590046, "omitted": false, "sender": false}}, {"streams": [{"socket": 156, "start": 8.00192, "end": 9.000033, "seconds": 0.9981129765510559, "bytes": 55360608, "bits_per_second": 443722178.154995, "jitter_ms": 0.07193120124162788, "lost_packets": 157714, "packets": 197947, "lost_percent": 79.6748624631846, "omitted": false, "sender": false}], "sum": {"start": 8.00192, "end": 9.000033, "seconds": 0.9981129765510559, "bytes": 55360608, "bits_per_second": 443722178.154995, "jitter_ms": 0.07193120124162788, "lost_packets": 157714, "packets": 197947, "lost_percent": 79.6748624631846, "omitted": false, "sender": false}}, {"streams": [{"socket": 156, "start": 9.000033, "end": 10.000036, "seconds": 1.0000029802322388, "bytes": 54134592, "bits_per_second": 433075445.334596, "jitter_ms": 0.001518761537931281, "lost_packets": 163504, "packets": 202846, "lost_percent": 80.60499097837769, "omitted": false, "sender": false}], "sum": {"start": 9.000033, "end": 10.000036, "seconds": 1.0000029802322388, "bytes": 54134592, "bits_per_second": 433075445.334596, "jitter_ms": 0.001518761537931281, "lost_packets": 163504, "packets": 202846, "lost_percent": 80.60499097837769, "omitted": false, "sender": false}}, {"streams": [{"socket": 156, "start": 10.000036, "end": 11.000756, "seconds": 1.0007200241088867, "bytes": 55898624, "bits_per_second": 446867236.81602085, "jitter_ms": 0.045793372538988485, "lost_packets": 160480, "packets": 201104, "lost_percent": 79.79950672288965, "omitted": false, "sender": false}], "sum": {"start": 10.000036, "end": 11.000756, "seconds": 1.0007200241088867, "bytes": 55898624, "bits_per_second": 446867236.81602085, "jitter_ms": 0.045793372538988485, "lost_packets": 160480, "packets": 201104, "lost_percent": 79.79950672288965, "omitted": false, "sender": false}}, {"streams": [{"socket": 156, "start": 11.000756, "end": 12.000353, "seconds": 0.9995970129966736, "bytes": 54457952, "bits_per_second": 435839253.554722, "jitter_ms": 0.3471788683679661, "lost_packets": 164081, "packets": 203658, "lost_percent": 80.56693083502735, "omitted": false, "sender": false}], "sum": {"start": 11.000756, "end": 12.000353, "seconds": 0.9995970129966736, "bytes": 54457952, "bits_per_second": 435839253.554722, "jitter_ms": 0.3471788683679661, "lost_packets": 164081, "packets": 203658, "lost_percent": 80.56693083502735, "omitted": false, "sender": false}}, {"streams": [{"socket": 156, "start": 12.000353, "end": 13.000037, "seconds": 0.9996839761734009, "bytes": 50749632, "bits_per_second": 406125401.303399, "jitter_ms": 0.06769560247265081, "lost_packets": 167781, "packets": 204663, "lost_percent": 81.97915597836443, "omitted": false, "sender": false}],