{
	"start":	{
		"connected":	[{
				"socket":	154,
				"local_host":	"100.124.85.183",
				"local_port":	41006,
				"remote_host":	"20.55.123.19",
				"remote_port":	5201
			}],
		"version":	"iperf 3.7",
		"system_info":	"Linux localhost 4.19.110-g9ceb3bf92e0a-ab6790968 #2 SMP PREEMPT Wed Aug 26 04:14:37 UTC 2020 aarch64",
		"timestamp":	{
			"time":	"Mon, 17 May 2021 23:48:55 GMT",
			"timesecs":	1621295335
		},
		"connecting_to":	{
			"host":	"20.55.123.19",
			"port":	5201
		},
		"cookie":	"op2tdarm5xvz7peu4urrdjjynn2aruka2alf",
		"tcp_mss_default":	1376,
		"target_bitrate":	3000000000,
		"sock_bufsize":	0,
		"sndbuf_actual":	2097152,
		"rcvbuf_actual":	6291456,
		"test_start":	{
			"protocol":	"TCP",
			"num_streams":	1,
			"blksize":	131072,
			"omit":	0,
			"duration":	30,
			"bytes":	0,
			"blocks":	0,
			"reverse":	1,
			"tos":	0
		}
	},
	"intervals":	[{
			"streams":	[{
					"socket":	154,
					"start":	0,
					"end":	1.00013,
					"seconds":	1.0001300573349,
					"bytes":	72004704,
					"bits_per_second":	575962723.82313788,
					"omitted":	false,
					"sender":	false
				}],
			"sum":	{
				"start":	0,
				"end":	1.00013,
				"seconds":	1.0001300573349,
				"bytes":	72004704,
				"bits_per_second":	575962723.82313788,
				"omitted":	false,
				"sender":	false
			}
		}, {
			"streams":	[{
					"socket":	154,
					"start":	1.00013,
					"end":	2.000082,
					"seconds":	0.99995201826095581,
					"bytes":	191199328,
					"bits_per_second":	1529668020.1317663,
					"omitted":	false,
					"sender":	false
				}],
			"sum":	{
				"start":	1.00013,
				"end":	2.000082,
				"seconds":	0.99995201826095581,
				"bytes":	191199328,
				"bits_per_second":	1529668020.1317663,
				"omitted":	false,
				"sender":	false
			}
		}, {
			"streams":	[{
					"socket":	154,
					"start":	2.000082,
					"end":	3.000099,
					"seconds":	1.0000170469284058,
					"bytes":	196806528,
					"bits_per_second":	1574425384.8831837,
					"omitted":	false,
					"sender":	false
				}],
			"sum":	{
				"start":	2.000082,
				"end":	3.000099,
				"seconds":	1.0000170469284058,
				"bytes":	196806528,
				"bits_per_second":	1574425384.8831837,
				"omitted":	false,
				"sender":	false
			}
		}, {
			"streams":	[{
					"socket":	154,
					"start":	3.000099,
					"end":	4.000695,
					"seconds":	1.0005960464477539,
					"bytes":	200118912,
					"bits_per_second":	1599997623.1003363,
					"omitted":	false,
					"sender":	false
				}],
			"sum":	{
				"start":	3.000099,
				"end":	4.000695,
				"seconds":	1.0005960464477539,
				"bytes":	200118912,
				"bits_per_second":	1599997623.1003363,
				"omitted":	false,
				"sender":	false
			}
		}, {
			"streams":	[{
					"socket":	154,
					"start":	4.000695,
					"end":	5.00009,
					"seconds":	0.99939501285552979,
					"bytes":	196700224,
					"bits_per_second":	1574554377.1564488,
					"omitted":	false,
					"sender":	false
				}],
			"sum":	{
				"start":	4.000695,
				"end":	5.00009,
				"seconds":	0.99939501285552979,
				"bytes":	196700224,
				"bits_per_second":	1574554377.1564488,
				"omitted":	false,
				"sender":	false
			}
		}, {
			"streams":	[{
					"socket":	154,
					"start":	5.00009,
					"end":	6.000131,
					"seconds":	1.0000410079956055,
					"bytes":	198838880,
					"bits_per_second":	1590645810.8035808,
					"omitted":	false,
					"sender":	false
				}],
			"sum":	{
				"start":	5.00009,
				"end":	6.000131,
				"seconds":	1.0000410079956055,
				"bytes":	198838880,
				"bits_per_second":	1590645810.8035808,
				"omitted":	false,
				"sender":	false
			}
		}, {
			"streams":	[{
					"socket":	154,
					"start":	6.000131,
					"end":	7.000117,
					"seconds":	0.99998599290847778,
					"bytes":	194995712,
					"bits_per_second":	1559987546.8883429,
					"omitted":	false,
					"sender":	false
				}],
			"sum":	{
				"start":	6.000131,
				"end":	7.000117,
				"seconds":	0.99998599290847778,
				"bytes":	194995712,
				"bits_per_second":	1559987546.8883429,
				"omitted":	false,
				"sender":	false
			}
		}, {
			"streams":	[{
					"socket":	154,
					"start":	7.000117,
					"end":	8.000104,
					"seconds":	0.999987006187439,
					"bytes":	195942400,
					"bits_per_second":	1567559568.5752122,
					"omitted":	false,
					"sender":	false
				}],
			"sum":	{
				"start":	7.000117,
				"end":	8.000104,
				"seconds":	0.999987006187439,
				"bytes":	195942400,
				"bits_per_second":	1567559568.5752122,
				"omitted":	false,
				"sender":	false
			}
		}, {
			"streams":	[{
					"socket":	154,
					"start":	8.000104,
					"end":	9.001069,
					"seconds":	1.0009649991989136,
					"bytes":	194279168,
					"bits_per_second":	1552734956.0113239,
					"omitted":	false,
					"sender":	false
				}],
			"sum":	{
				"start":	8.000104,
				"end":	9.001069,
				"seconds":	1.0009649991989136,
				"bytes":	194279168,
				"bits_per_second":	1552734956.0113239,
				"omitted":	false,
				"sender":	false
			}
		}, {
			"streams":	[{
					"socket":	154,
					"start":	9.001069,
					"end":	10.00007,
					"seconds":	0.99900102615356445,
					"bytes":	198401312,
					"bits_per_second":	1588797663.3129275,
					"omitted":	false,
					"sender":	false
				}],
			"sum":	{
				"start":	9.001069,
				"end":	10.00007,
				"seconds":	0.99900102615356445,
				"bytes":	198401312,
				"bits_per_second":	1588797663.3129275,
				"omitted":	false,
				"sender":	false
			}
		}, {
			"streams":	[{
					"socket":	154,
					"start":	10.00007,
					"end":	11.000109,
					"seconds":	1.0000389814376831,
					"bytes":	177849024,
					"bits_per_second":	1422736731.6767547,
					"omitted":	false,
					"sender":	false
				}],
			"sum":	{
				"start":	10.00007,
				"end":	11.000109,
				"seconds":	1.0000389814376831,
				"bytes":	177849024,
				"bits_per_second":	1422736731.6767547,
				"omitted":	false,
				"sender":	false
			}
		}, {
			"streams":	[{
					"socket":	154,
					"start":	11.000109,
					"end":	12.000108,
					"seconds":	0.99999898672103882,
					"bytes":	199061792,
					"bits_per_second":	1592495949.6426415,
					"omitted":	false,
					"sender":	false
				}],
			"sum":	{
				"start":	11.000109,
				"end":	12.000108,
				"seconds":	0.99999898672103882,
				"bytes":	199061792,
				"bits_per_second":	1592495949.6426415,
				"omitted":	false,
				"sender":	false
			}
		}, {
			"streams":	[{
					"socket":	154,
					"start":	12.000108,
					"end":	13.000126,
					"seconds":	1.0000180006027222,
					"bytes":	179993536,
					"bits_per_second":	1439922368.5294933,
					"omitted":	false,
					"sender":	false
				}],
			"sum":	{
				"start":	12.000108,
				"end":	13.000126,
				"seconds":	1.0000180006027222,
				"bytes":	179993536,
				"bits_per_second":	1439922368.5294933,
				"omitted":	false,
				"sender":	false
			}
		}, {
			"streams":	[{
					"socket":	154,
					"start":	13.000126,
					"end":	14.000096,
					"seconds":	0.999970018863678,
					"bytes":	185178976,
					"bits_per_second":	1481476224.3406398,
					"omitted":	false,
					"sender":	false
				}],
			"sum":	{
				"start":	13.000126,
				"end":	14.000096,
				"seconds":	0.999970018863678,
				"bytes":	185178976,
				"bits_per_second":	1481476224.3406398,
				"omitted":	false,
				"sender":	false
			}
		}, {
			"streams":	[{
					"socket":	154,
					"start":	14.000096,
					"end":	15.000097,
					"seconds":	1.0000009536743164,
					"bytes":	181727296,
					"bits_per_second":	1453816981.532084,
					"omitted":	false,
					"sender":	false
				}],
			"sum":	{
				"start":	14.000096,
				"end":	15.000097,
				"seconds":	1.0000009536743164,
				"bytes":	181727296,
				"bits_per_second":	1453816981.532084,
				"omitted":	false,
				"sender":	false
			}
		}, {
			"streams":	[{
					"socket":	154,
					"start":	15.000097,
					"end":	16.000098,
					"seconds":	1.0000009536743164,
					"bytes":	197224480,
					"bits_per_second":	1577794335.2980659,
					"omitted":	false,
					"sender":	false
				}],
			"sum":	{
				"start":	15.000097,
				"end":	16.000098,
				"seconds":	1.0000009536743164,