{"start": {"connected": [{"socket": 556, "local_host": "100.124.85.183", "local_port": 45285, "remote_host": "20.51.202.193", "remote_port": 5201}], "version": "iperf 3.7", "system_info": "Linux localhost 4.19.110-g9ceb3bf92e0a-ab6790968 #2 SMP PREEMPT Wed Aug 26 04:14:37 UTC 2020 aarch64", "timestamp": {"time": "Mon, 18 Jan 2021 21:20:25 ", "timesecs": 1608348025.0}, "connecting_to": {"host": "20.51.202.193", "port": 5201}, "cookie": "jzt5p4tzys77iw4bjvzjkryjyfg5smzoy32e", "sock_bufsize": 0, "sndbuf_actual": 212992, "rcvbuf_actual": 212992, "test_start": {"protocol": "UDP", "num_streams": 1, "blksize": 1376, "omit": 0, "duration": 30, "bytes": 0, "blocks": 0, "reverse": 1, "tos": 0}}, "intervals": [{"streams": [{"socket": 556, "start": 0, "end": 1.000022, "seconds": 1.000022053718567, "bytes": 194453568, "bits_per_second": 1555594237.362485, "jitter_ms": 0.030436174278566486, "lost_packets": 16440, "packets": 157758, "lost_percent": 10.42102460730993, "omitted": false, "sender": false}], "sum": {"start": 0, "end": 1.000022, "seconds": 1.000022053718567, "bytes": 194453568, "bits_per_second": 1555594237.362485, "jitter_ms": 0.030436174278566486, "lost_packets": 16440, "packets": 157758, "lost_percent": 10.42102460730993, "omitted": false, "sender": false}}, {"streams": [{"socket": 556, "start": 1.000022, "end": 2.000101, "seconds": 1.0000790357589722, "bytes": 203024672, "bits_per_second": 1624069016.4726598, "jitter_ms": 0.0027796452938967766, "lost_packets": 15603, "packets": 163150, "lost_percent": 9.563591786699357, "omitted": false, "sender": false}], "sum": {"start": 1.000022, "end": 2.000101, "seconds": 1.0000790357589722, "bytes": 203024672, "bits_per_second": 1624069016.4726598, "jitter_ms": 0.0027796452938967766, "lost_packets": 15603, "packets": 163150, "lost_percent": 9.563591786699357, "omitted": false, "sender": false}}, {"streams": [{"socket": 556, "start": 2.000101, "end": 3.000021, "seconds": 0.9999200105667114, "bytes": 199210400, "bits_per_second": 1593810688.0137036, "jitter_ms": 0.0020116218687806484, "lost_packets": 18963, "packets": 163738, "lost_percent": 11.581306721713958, "omitted": false, "sender": false}], "sum": {"start": 2.000101, "end": 3.000021, "seconds": 0.9999200105667114, "bytes": 199210400, "bits_per_second": 1593810688.0137036, "jitter_ms": 0.0020116218687806484, "lost_packets": 18963, "packets": 163738, "lost_percent": 11.581306721713958, "omitted": false, "sender": false}}, {"streams": [{"socket": 556, "start": 3.000021, "end": 4.000021, "seconds": 1, "bytes": 200139200, "bits_per_second": 1601113600, "jitter_ms": 0.004049616841011203, "lost_packets": 20569, "packets": 166019, "lost_percent": 12.389545774881189, "omitted": false, "sender": false}], "sum": {"start": 3.000021, "end": 4.000021, "seconds": 1, "bytes": 200139200, "bits_per_second": 1601113600, "jitter_ms": 0.004049616841011203, "lost_packets": 20569, "packets": 166019, "lost_percent": 12.389545774881189, "omitted": false, "sender": false}}, {"streams": [{"socket": 556, "start": 4.000021, "end": 5.000023, "seconds": 1.0000020265579224, "bytes": 195964416, "bits_per_second": 1567712150.9405205, "jitter_ms": 0.0025920552468302127, "lost_packets": 17547, "packets": 159963, "lost_percent": 10.969411676450179, "omitted": false, "sender": false}], "sum": {"start": 4.000021, "end": 5.000023, "seconds": 1.0000020265579224, "bytes": 195964416, "bits_per_second": 1567712150.9405205, "jitter_ms": 0.0025920552468302127, "lost_packets": 17547, "packets": 159963, "lost_percent": 10.969411676450179, "omitted": false, "sender": false}}, {"streams": [{"socket": 556, "start": 5.000023, "end": 6.000035, "seconds": 1.0000120401382446, "bytes": 188487232, "bits_per_second": 1507879700.9199448, "jitter_ms": 0.005236351614547825, "lost_packets": 23862, "packets": 160844, "lost_percent": 14.835492775608664, "omitted": false, "sender": false}], "sum": {"start": 5.000023, "end": 6.000035, "seconds": 1.0000120401382446, "bytes": 188487232, "bits_per_second": 1507879700.9199448, "jitter_ms": 0.005236351614547825, "lost_packets": 23862, "packets": 160844, "lost_percent": 14.835492775608664, "omitted": false, "sender": false}}, {"streams": [{"socket": 556, "start": 6.000035, "end": 7.00009, "seconds": 1.000054955482483, "bytes": 186845664, "bits_per_second": 1494683170.9651806, "jitter_ms": 0.0026511469246532386, "lost_packets": 13401, "packets": 149190, "lost_percent": 8.982505529861252, "omitted": false, "sender": false}], "sum": {"start": 6.000035, "end": 7.00009, "seconds": 1.000054955482483, "bytes": 186845664, "bits_per_second": 1494683170.9651806, "jitter_ms": 0.0026511469246532386, "lost_packets": 13401, "packets": 149190, "lost_percent": 8.982505529861252, "omitted": false, "sender": false}}, {"streams": [{"socket": 556, "start": 7.00009, "end": 8.000021, "seconds": 0.9999309778213501, "bytes": 214676640, "bits_per_second": 1717531667.7776103, "jitter_ms": 0.0024908695021141035, "lost_packets": 20298, "packets": 176313, "lost_percent": 11.512480645216177, "omitted": false, "sender": false}], "sum": {"start": 7.00009, "end": 8.000021, "seconds": 0.9999309778213501, "bytes": 214676640, "bits_per_second": 1717531667.7776103, "jitter_ms": 0.0024908695021141035, "lost_packets": 20298, "packets": 176313, "lost_percent": 11.512480645216177, "omitted": false, "sender": false}}, {"streams": [{"socket": 556, "start": 8.000021, "end": 9.000022, "seconds": 1.0000009536743164, "bytes": 190962656, "bits_per_second": 1527699791.0719461, "jitter_ms": 0.009660623969567649, "lost_packets": 26115, "packets": 164896, "lost_percent": 15.837254997089074, "omitted": false, "sender": false}], "sum": {"start": 8.000021, "end": 9.000022, "seconds": 1.0000009536743164, "bytes": 190962656, "bits_per_second": 1527699791.0719461, "jitter_ms": 0.009660623969567649, "lost_packets": 26115, "packets": 164896, "lost_percent": 15.837254997089074, "omitted": false, "sender": false}}, {"streams": [{"socket": 556, "start": 9.000022, "end": 10.000104, "seconds": 1.000082015991211, "bytes": 196590496, "bits_per_second": 1572594990.0631166, "jitter_ms": 0.00513911132485721, "lost_packets": 19582, "packets": 162453, "lost_percent": 12.05394791108813, "omitted": false, "sender": false}], "sum": {"start": 9.000022, "end": 10.000104, "seconds": 1.000082015991211, "bytes": 196590496, "bits_per_second": 1572594990.0631166, "jitter_ms": 0.00513911132485721, "lost_packets": 19582, "packets": 162453, "lost_percent": 12.05394791108813, "omitted": false, "sender": false}}, {"streams": [{"socket": 556, "start": 10.000104, "end": 11.000087, "seconds": 0.999983012676239, "bytes": 205738144, "bits_per_second": 1645933111.9986625, "jitter_ms": 0.002561300465681944, "lost_packets": 17373, "packets": 166892, "lost_percent": 10.409726050379886, "omitted": false, "sender": false}], "sum": {"start": 10.000104, "end": 11.000087, "seconds": 0.999983012676239, "bytes": 205738144, "bits_per_second": 1645933111.9986625, "jitter_ms": 0.002561300465681944, "lost_packets": 17373, "packets": 166892, "lost_percent": 10.409726050379886, "omitted": false, "sender": false}}, {"streams": [{"socket": 556, "start": 11.000087, "end": 12.000021, "seconds": 0.9999340176582336, "bytes": 201570240, "bits_per_second": 1612668327.6327496, "jitter_ms": 0.0023948127474176075, "lost_packets": 16388, "packets": 162878, "lost_percent": 10.06151843711244, "omitted": false, "sender": false}], "sum": {"start": 11.000087, "end": 12.000021, "seconds": 0.9999340176582336, "bytes": 201570240, "bits_per_second": 1612668327.6327496, "jitter_ms": 0.0023948127474176075, "lost_packets": 16388, "packets": 162878, "lost_percent": 10.06151843711244, "omitted": false, "sender": false}}, {"streams": [{"socket": 556, "start": 12.000021, "end": 13.000021, "seconds": 1, "bytes": 185490304, "bits_per_second": 1483922432, "jitter_ms": 0.00268771653879429, "lost_packets": 22864, "packets": 157668, "lost_percent": 14.501357282390847, "omitted": false, "sender": false}],