{
	"start":	{
		"connected":	[{
				"socket":	313,
				"local_host":	"100.124.59.153",
				"local_port":	40496,
				"remote_host":	"52.237.164.255",
				"remote_port":	5201
			}],
		"version":	"iperf 3.7",
		"system_info":	"Linux localhost 4.19.110-g9ceb3bf92e0a-ab6790968 #2 SMP PREEMPT Wed Aug 26 04:14:37 UTC 2020 aarch64",
		"timestamp":	{
			"time":	"Tue, 11 May 2021 17:20:01 GMT",
			"timesecs":	1620753601
		},
		"connecting_to":	{
			"host":	"52.237.164.255",
			"port":	5201
		},
		"cookie":	"ol7ai7e5weukufwprpinwye4ujf5bo3wwy7a",
		"tcp_mss_default":	1376,
		"target_bitrate":	2000000000,
		"sock_bufsize":	0,
		"sndbuf_actual":	2097152,
		"rcvbuf_actual":	6291456,
		"test_start":	{
			"protocol":	"TCP",
			"num_streams":	1,
			"blksize":	131072,
			"omit":	0,
			"duration":	30,
			"bytes":	0,
			"blocks":	0,
			"reverse":	1,
			"tos":	0
		}
	},
	"intervals":	[{
			"streams":	[{
					"socket":	313,
					"start":	0,
					"end":	1.000424,
					"seconds":	1.0004240274429321,
					"bytes":	7035488,
					"bits_per_second":	56260048.195624374,
					"omitted":	false,
					"sender":	false
				}],
			"sum":	{
				"start":	0,
				"end":	1.000424,
				"seconds":	1.0004240274429321,
				"bytes":	7035488,
				"bits_per_second":	56260048.195624374,
				"omitted":	false,
				"sender":	false
			}
		}, {
			"streams":	[{
					"socket":	313,
					"start":	1.000424,
					"end":	2.000513,
					"seconds":	1.0000890493392944,
					"bytes":	12860096,
					"bits_per_second":	102871607.3513332,
					"omitted":	false,
					"sender":	false
				}],
			"sum":	{
				"start":	1.000424,
				"end":	2.000513,
				"seconds":	1.0000890493392944,
				"bytes":	12860096,
				"bits_per_second":	102871607.3513332,
				"omitted":	false,
				"sender":	false
			}
		}, {
			"streams":	[{
					"socket":	313,
					"start":	2.000513,
					"end":	3.000155,
					"seconds":	0.999642014503479,
					"bytes":	14571840,
					"bits_per_second":	116616467.00384289,
					"omitted":	false,
					"sender":	false
				}],
			"sum":	{
				"start":	2.000513,
				"end":	3.000155,
				"seconds":	0.999642014503479,
				"bytes":	14571840,
				"bits_per_second":	116616467.00384289,
				"omitted":	false,
				"sender":	false
			}
		}, {
			"streams":	[{
					"socket":	313,
					"start":	3.000155,
					"end":	4.000035,
					"seconds":	0.99988001585006714,
					"bytes":	15639616,
					"bits_per_second":	125131941.84967229,
					"omitted":	false,
					"sender":	false
				}],
			"sum":	{
				"start":	3.000155,
				"end":	4.000035,
				"seconds":	0.99988001585006714,
				"bytes":	15639616,
				"bits_per_second":	125131941.84967229,
				"omitted":	false,
				"sender":	false
			}
		}, {
			"streams":	[{
					"socket":	313,
					"start":	4.000035,
					"end":	5.00016,
					"seconds":	1.0001250505447388,
					"bytes":	16540896,
					"bits_per_second":	132310622.48458357,
					"omitted":	false,
					"sender":	false
				}],
			"sum":	{
				"start":	4.000035,
				"end":	5.00016,
				"seconds":	1.0001250505447388,
				"bytes":	16540896,
				"bits_per_second":	132310622.48458357,
				"omitted":	false,
				"sender":	false
			}
		}, {
			"streams":	[{
					"socket":	313,
					"start":	5.00016,
					"end":	6.000152,
					"seconds":	0.9999920129776001,
					"bytes":	16832608,
					"bits_per_second":	134661939.54792759,
					"omitted":	false,
					"sender":	false
				}],
			"sum":	{
				"start":	5.00016,
				"end":	6.000152,
				"seconds":	0.9999920129776001,
				"bytes":	16832608,
				"bits_per_second":	134661939.54792759,
				"omitted":	false,
				"sender":	false
			}
		}, {
			"streams":	[{
					"socket":	313,
					"start":	6.000152,
					"end":	7.000134,
					"seconds":	0.99998199939727783,
					"bytes":	10591072,
					"bits_per_second":	84730101.192890182,
					"omitted":	false,
					"sender":	false
				}],
			"sum":	{
				"start":	6.000152,
				"end":	7.000134,
				"seconds":	0.99998199939727783,
				"bytes":	10591072,
				"bits_per_second":	84730101.192890182,
				"omitted":	false,
				"sender":	false
			}
		}, {
			"streams":	[{
					"socket":	313,
					"start":	7.000134,
					"end":	8.000441,
					"seconds":	1.0003069639205933,
					"bytes":	9834272,
					"bits_per_second":	78650033.27743037,
					"omitted":	false,
					"sender":	false
				}],
			"sum":	{
				"start":	7.000134,
				"end":	8.000441,
				"seconds":	1.0003069639205933,
				"bytes":	9834272,
				"bits_per_second":	78650033.27743037,
				"omitted":	false,
				"sender":	false
			}
		}, {
			"streams":	[{
					"socket":	313,
					"start":	8.000441,
					"end":	9.000409,
					"seconds":	0.99996799230575562,
					"bytes":	11041024,
					"bits_per_second":	88331019.272257164,
					"omitted":	false,
					"sender":	false
				}],
			"sum":	{
				"start":	8.000441,
				"end":	9.000409,
				"seconds":	0.99996799230575562,
				"bytes":	11041024,
				"bits_per_second":	88331019.272257164,
				"omitted":	false,
				"sender":	false
			}
		}, {
			"streams":	[{
					"socket":	313,
					"start":	9.000409,
					"end":	10.000152,
					"seconds":	0.99974298477172852,
					"bytes":	10130112,
					"bits_per_second":	81061730.0990655,
					"omitted":	false,
					"sender":	false
				}],
			"sum":	{
				"start":	9.000409,
				"end":	10.000152,
				"seconds":	0.99974298477172852,
				"bytes":	10130112,
				"bits_per_second":	81061730.0990655,
				"omitted":	false,
				"sender":	false
			}
		}, {
			"streams":	[{
					"socket":	313,
					"start":	10.000152,
					"end":	11.000171,
					"seconds":	1.0000189542770386,
					"bytes":	9574208,
					"bits_per_second":	76592212.249990016,
					"omitted":	false,
					"sender":	false
				}],
			"sum":	{
				"start":	10.000152,
				"end":	11.000171,
				"seconds":	1.0000189542770386,
				"bytes":	9574208,
				"bits_per_second":	76592212.249990016,
				"omitted":	false,
				"sender":	false
			}
		}, {
			"streams":	[{
					"socket":	313,
					"start":	11.000171,
					"end":	12.00014,
					"seconds":	0.9999690055847168,
					"bytes":	8006944,
					"bits_per_second":	64057537.425917,
					"omitted":	false,
					"sender":	false
				}],
			"sum":	{
				"start":	11.000171,
				"end":	12.00014,
				"seconds":	0.9999690055847168,
				"bytes":	8006944,
				"bits_per_second":	64057537.425917,
				"omitted":	false,
				"sender":	false
			}
		}, {
			"streams":	[{
					"socket":	313,
					"start":	12.00014,
					"end":	13.000323,
					"seconds":	1.0001829862594604,
					"bytes":	8148672,
					"bits_per_second":	65177449.422329038,
					"omitted":	false,
					"sender":	false
				}],
			"sum":	{
				"start":	12.00014,
				"end":	13.000323,
				"seconds":	1.0001829862594604,
				"bytes":	8148672,
				"bits_per_second":	65177449.422329038,
				"omitted":	false,
				"sender":	false
			}
		}, {
			"streams":	[{
					"socket":	313,
					"start":	13.000323,
					"end":	14.000549,
					"seconds":	1.0002260208129883,
					"bytes":	9497152,
					"bits_per_second":	75960047.4483211,
					"omitted":	false,
					"sender":	false
				}],
			"sum":	{
				"start":	13.000323,
				"end":	14.000549,
				"seconds":	1.0002260208129883,
				"bytes":	9497152,
				"bits_per_second":	75960047.4483211,
				"omitted":	false,
				"sender":	false
			}
		}, {
			"streams":	[{
					"socket":	313,
					"start":	14.000549,
					"end":	15.000279,
					"seconds":	0.99972999095916748,
					"bytes":	11013504,
					"bits_per_second":	88131828.390450522,
					"omitted":	false,
					"sender":	false
				}],
			"sum":	{
				"start":	14.000549,
				"end":	15.000279,
				"seconds":	0.99972999095916748,
				"bytes":	11013504,
				"bits_per_second":	88131828.390450522,
				"omitted":	false,
				"sender":	false
			}
		}, {
			"streams":	[{
					"socket":	313,
					"start":	15.000279,
					"end":	16.000215,
					"seconds":	0.99993598461151123,
					"bytes":	11790944,
					"bits_per_second":	94333590.8014627,
					"omitted":	false,
					"sender":	false
				}],
			"sum":	{
				"start":	15.000279,
				"end":	16.000215,
				"seconds":	0.99993598461151123,
				"bytes":	11790944,