{
	"start":	{
		"connected":	[{
				"socket":	293,
				"local_host":	"100.124.59.153",
				"local_port":	40446,
				"remote_host":	"52.237.164.255",
				"remote_port":	5201
			}],
		"version":	"iperf 3.7",
		"system_info":	"Linux localhost 4.19.110-g9ceb3bf92e0a-ab6790968 #2 SMP PREEMPT Wed Aug 26 04:14:37 UTC 2020 aarch64",
		"timestamp":	{
			"time":	"Tue, 11 May 2021 17:16:16 GMT",
			"timesecs":	1620753376
		},
		"connecting_to":	{
			"host":	"52.237.164.255",
			"port":	5201
		},
		"cookie":	"yraqv5h3ojjcv5xbcygtk44r4valft5tjrzo",
		"tcp_mss_default":	1376,
		"target_bitrate":	2000000000,
		"sock_bufsize":	0,
		"sndbuf_actual":	2097152,
		"rcvbuf_actual":	6291456,
		"test_start":	{
			"protocol":	"TCP",
			"num_streams":	1,
			"blksize":	131072,
			"omit":	0,
			"duration":	30,
			"bytes":	0,
			"blocks":	0,
			"reverse":	1,
			"tos":	0
		}
	},
	"intervals":	[{
			"streams":	[{
					"socket":	293,
					"start":	0,
					"end":	1.000267,
					"seconds":	1.0002670288085938,
					"bytes":	3489536,
					"bits_per_second":	27908835.536897343,
					"omitted":	false,
					"sender":	false
				}],
			"sum":	{
				"start":	0,
				"end":	1.000267,
				"seconds":	1.0002670288085938,
				"bytes":	3489536,
				"bits_per_second":	27908835.536897343,
				"omitted":	false,
				"sender":	false
			}
		}, {
			"streams":	[{
					"socket":	293,
					"start":	1.000267,
					"end":	2.000208,
					"seconds":	0.99994099140167236,
					"bytes":	21761440,
					"bits_per_second":	174101793.50280094,
					"omitted":	false,
					"sender":	false
				}],
			"sum":	{
				"start":	1.000267,
				"end":	2.000208,
				"seconds":	0.99994099140167236,
				"bytes":	21761440,
				"bits_per_second":	174101793.50280094,
				"omitted":	false,
				"sender":	false
			}
		}, {
			"streams":	[{
					"socket":	293,
					"start":	2.000208,
					"end":	3.000146,
					"seconds":	0.99993801116943359,
					"bytes":	31641120,
					"bits_per_second":	253144652.14095035,
					"omitted":	false,
					"sender":	false
				}],
			"sum":	{
				"start":	2.000208,
				"end":	3.000146,
				"seconds":	0.99993801116943359,
				"bytes":	31641120,
				"bits_per_second":	253144652.14095035,
				"omitted":	false,
				"sender":	false
			}
		}, {
			"streams":	[{
					"socket":	293,
					"start":	3.000146,
					"end":	4.000145,
					"seconds":	0.99999898672103882,
					"bytes":	29999552,
					"bits_per_second":	239996659.1835655,
					"omitted":	false,
					"sender":	false
				}],
			"sum":	{
				"start":	3.000146,
				"end":	4.000145,
				"seconds":	0.99999898672103882,
				"bytes":	29999552,
				"bits_per_second":	239996659.1835655,
				"omitted":	false,
				"sender":	false
			}
		}, {
			"streams":	[{
					"socket":	293,
					"start":	4.000145,
					"end":	5.000263,
					"seconds":	1.0001180171966553,
					"bytes":	26150880,
					"bits_per_second":	209182352.88512275,
					"omitted":	false,
					"sender":	false
				}],
			"sum":	{
				"start":	4.000145,
				"end":	5.000263,
				"seconds":	1.0001180171966553,
				"bytes":	26150880,
				"bits_per_second":	209182352.88512275,
				"omitted":	false,
				"sender":	false
			}
		}, {
			"streams":	[{
					"socket":	293,
					"start":	5.000263,
					"end":	6.000887,
					"seconds":	1.0006239414215088,
					"bytes":	21597696,
					"bits_per_second":	172673829.64527377,
					"omitted":	false,
					"sender":	false
				}],
			"sum":	{
				"start":	5.000263,
				"end":	6.000887,
				"seconds":	1.0006239414215088,
				"bytes":	21597696,
				"bits_per_second":	172673829.64527377,
				"omitted":	false,
				"sender":	false
			}
		}, {
			"streams":	[{
					"socket":	293,
					"start":	6.000887,
					"end":	7.000147,
					"seconds":	0.99926000833511353,
					"bytes":	21782080,
					"bits_per_second":	174385683.95260045,
					"omitted":	false,
					"sender":	false
				}],
			"sum":	{
				"start":	6.000887,
				"end":	7.000147,
				"seconds":	0.99926000833511353,
				"bytes":	21782080,
				"bits_per_second":	174385683.95260045,
				"omitted":	false,
				"sender":	false
			}
		}, {
			"streams":	[{
					"socket":	293,
					"start":	7.000147,
					"end":	8.000148,
					"seconds":	1.0000009536743164,
					"bytes":	22946176,
					"bits_per_second":	183569232.93473727,
					"omitted":	false,
					"sender":	false
				}],
			"sum":	{
				"start":	7.000147,
				"end":	8.000148,
				"seconds":	1.0000009536743164,
				"bytes":	22946176,
				"bits_per_second":	183569232.93473727,
				"omitted":	false,
				"sender":	false
			}
		}, {
			"streams":	[{
					"socket":	293,
					"start":	8.000148,
					"end":	9.000262,
					"seconds":	1.0001139640808105,
					"bytes":	22427424,
					"bits_per_second":	179398946.96391088,
					"omitted":	false,
					"sender":	false
				}],
			"sum":	{
				"start":	8.000148,
				"end":	9.000262,
				"seconds":	1.0001139640808105,
				"bytes":	22427424,
				"bits_per_second":	179398946.96391088,
				"omitted":	false,
				"sender":	false
			}
		}, {
			"streams":	[{
					"socket":	293,
					"start":	9.000262,
					"end":	10.000144,
					"seconds":	0.99988198280334473,
					"bytes":	16315232,
					"bits_per_second":	130537261.641678,
					"omitted":	false,
					"sender":	false
				}],
			"sum":	{
				"start":	9.000262,
				"end":	10.000144,
				"seconds":	0.99988198280334473,
				"bytes":	16315232,
				"bits_per_second":	130537261.641678,
				"omitted":	false,
				"sender":	false
			}
		}, {
			"streams":	[{
					"socket":	293,
					"start":	10.000144,
					"end":	11.000143,
					"seconds":	0.99999898672103882,
					"bytes":	18555360,
					"bits_per_second":	148443030.41419965,
					"omitted":	false,
					"sender":	false
				}],
			"sum":	{
				"start":	10.000144,
				"end":	11.000143,
				"seconds":	0.99999898672103882,
				"bytes":	18555360,
				"bits_per_second":	148443030.41419965,
				"omitted":	false,
				"sender":	false
			}
		}, {
			"streams":	[{
					"socket":	293,
					"start":	11.000143,
					"end":	12.000147,
					"seconds":	1.0000040531158447,
					"bytes":	18537472,
					"bits_per_second":	148299174.92626435,
					"omitted":	false,
					"sender":	false
				}],
			"sum":	{
				"start":	11.000143,
				"end":	12.000147,
				"seconds":	1.0000040531158447,
				"bytes":	18537472,
				"bits_per_second":	148299174.92626435,
				"omitted":	false,
				"sender":	false
			}
		}, {
			"streams":	[{
					"socket":	293,
					"start":	12.000147,
					"end":	13.000274,
					"seconds":	1.0001269578933716,
					"bytes":	17479328,
					"bits_per_second":	139816873.14432779,
					"omitted":	false,
					"sender":	false
				}],
			"sum":	{
				"start":	12.000147,
				"end":	13.000274,
				"seconds":	1.0001269578933716,
				"bytes":	17479328,
				"bits_per_second":	139816873.14432779,
				"omitted":	false,
				"sender":	false
			}
		}, {
			"streams":	[{
					"socket":	293,
					"start":	13.000274,
					"end":	14.000388,
					"seconds":	1.0001139640808105,
					"bytes":	14907584,
					"bits_per_second":	119247082.11589733,
					"omitted":	false,
					"sender":	false
				}],
			"sum":	{
				"start":	13.000274,
				"end":	14.000388,
				"seconds":	1.0001139640808105,
				"bytes":	14907584,
				"bits_per_second":	119247082.11589733,
				"omitted":	false,
				"sender":	false
			}
		}, {
			"streams":	[{
					"socket":	293,
					"start":	14.000388,
					"end":	15.000495,
					"seconds":	1.0001070499420166,
					"bytes":	16169376,
					"bits_per_second":	129341162.03610368,
					"omitted":	false,
					"sender":	false
				}],
			"sum":	{
				"start":	14.000388,
				"end":	15.000495,
				"seconds":	1.0001070499420166,
				"bytes":	16169376,
				"bits_per_second":	129341162.03610368,
				"omitted":	false,
				"sender":	false
			}
		}, {
			"streams":	[{
					"socket":	293,
					"start":	15.000495,
					"end":	16.000148,
					"seconds":	0.99965298175811768,
					"bytes":	17034880,
					"bits_per_second":	136326347.72951132,
					"omitted":	false,
					"sender":	false
				}],
			"sum":	{
				"start":	15.000495,
				"end":	16.000148,
				"seconds":	0.99965298175811768,
				"bytes":	17034880,