{
	"start":	{
		"connected":	[{
				"socket":	273,
				"local_host":	"100.124.59.153",
				"local_port":	44550,
				"remote_host":	"20.46.245.104",
				"remote_port":	5201
			}],
		"version":	"iperf 3.7",
		"system_info":	"Linux localhost 4.19.110-g9ceb3bf92e0a-ab6790968 #2 SMP PREEMPT Wed Aug 26 04:14:37 UTC 2020 aarch64",
		"timestamp":	{
			"time":	"Tue, 11 May 2021 17:11:33 GMT",
			"timesecs":	1620753093
		},
		"connecting_to":	{
			"host":	"20.46.245.104",
			"port":	5201
		},
		"cookie":	"kr7dfirqm3ecvirrekemqclnr2mkx54ssqwf",
		"tcp_mss_default":	1376,
		"target_bitrate":	2000000000,
		"sock_bufsize":	0,
		"sndbuf_actual":	2097152,
		"rcvbuf_actual":	6291456,
		"test_start":	{
			"protocol":	"TCP",
			"num_streams":	1,
			"blksize":	131072,
			"omit":	0,
			"duration":	30,
			"bytes":	0,
			"blocks":	0,
			"reverse":	1,
			"tos":	0
		}
	},
	"intervals":	[{
			"streams":	[{
					"socket":	273,
					"start":	0,
					"end":	1.000186,
					"seconds":	1.0001859664916992,
					"bytes":	30596736,
					"bits_per_second":	244728376.72236168,
					"omitted":	false,
					"sender":	false
				}],
			"sum":	{
				"start":	0,
				"end":	1.000186,
				"seconds":	1.0001859664916992,
				"bytes":	30596736,
				"bits_per_second":	244728376.72236168,
				"omitted":	false,
				"sender":	false
			}
		}, {
			"streams":	[{
					"socket":	273,
					"start":	1.000186,
					"end":	2.000134,
					"seconds":	0.99994802474975586,
					"bytes":	69447968,
					"bits_per_second":	555612622.10507274,
					"omitted":	false,
					"sender":	false
				}],
			"sum":	{
				"start":	1.000186,
				"end":	2.000134,
				"seconds":	0.99994802474975586,
				"bytes":	69447968,
				"bits_per_second":	555612622.10507274,
				"omitted":	false,
				"sender":	false
			}
		}, {
			"streams":	[{
					"socket":	273,
					"start":	2.000134,
					"end":	3.000329,
					"seconds":	1.0001950263977051,
					"bytes":	64693120,
					"bits_per_second":	517444044.7519381,
					"omitted":	false,
					"sender":	false
				}],
			"sum":	{
				"start":	2.000134,
				"end":	3.000329,
				"seconds":	1.0001950263977051,
				"bytes":	64693120,
				"bits_per_second":	517444044.7519381,
				"omitted":	false,
				"sender":	false
			}
		}, {
			"streams":	[{
					"socket":	273,
					"start":	3.000329,
					"end":	4.000126,
					"seconds":	0.999796986579895,
					"bytes":	67696064,
					"bits_per_second":	541678480.00082219,
					"omitted":	false,
					"sender":	false
				}],
			"sum":	{
				"start":	3.000329,
				"end":	4.000126,
				"seconds":	0.999796986579895,
				"bytes":	67696064,
				"bits_per_second":	541678480.00082219,
				"omitted":	false,
				"sender":	false
			}
		}, {
			"streams":	[{
					"socket":	273,
					"start":	4.000126,
					"end":	5.00013,
					"seconds":	1.0000040531158447,
					"bytes":	66847840,
					"bits_per_second":	534780552.47246933,
					"omitted":	false,
					"sender":	false
				}],
			"sum":	{
				"start":	4.000126,
				"end":	5.00013,
				"seconds":	1.0000040531158447,
				"bytes":	66847840,
				"bits_per_second":	534780552.47246933,
				"omitted":	false,
				"sender":	false
			}
		}, {
			"streams":	[{
					"socket":	273,
					"start":	5.00013,
					"end":	6.000123,
					"seconds":	0.99999302625656128,
					"bytes":	70654528,
					"bits_per_second":	565240165.83989787,
					"omitted":	false,
					"sender":	false
				}],
			"sum":	{
				"start":	5.00013,
				"end":	6.000123,
				"seconds":	0.99999302625656128,
				"bytes":	70654528,
				"bits_per_second":	565240165.83989787,
				"omitted":	false,
				"sender":	false
			}
		}, {
			"streams":	[{
					"socket":	273,
					"start":	6.000123,
					"end":	7.000355,
					"seconds":	1.0002319812774658,
					"bytes":	65536512,
					"bits_per_second":	524170498.25820416,
					"omitted":	false,
					"sender":	false
				}],
			"sum":	{
				"start":	6.000123,
				"end":	7.000355,
				"seconds":	1.0002319812774658,
				"bytes":	65536512,
				"bits_per_second":	524170498.25820416,
				"omitted":	false,
				"sender":	false
			}
		}, {
			"streams":	[{
					"socket":	273,
					"start":	7.000355,
					"end":	8.000132,
					"seconds":	0.99977701902389526,
					"bytes":	70515936,
					"bits_per_second":	564253305.75288713,
					"omitted":	false,
					"sender":	false
				}],
			"sum":	{
				"start":	7.000355,
				"end":	8.000132,
				"seconds":	0.99977701902389526,
				"bytes":	70515936,
				"bits_per_second":	564253305.75288713,
				"omitted":	false,
				"sender":	false
			}
		}, {
			"streams":	[{
					"socket":	273,
					"start":	8.000132,
					"end":	9.000152,
					"seconds":	1.0000200271606445,
					"bytes":	70042976,
					"bits_per_second":	560332586.12928319,
					"omitted":	false,
					"sender":	false
				}],
			"sum":	{
				"start":	8.000132,
				"end":	9.000152,
				"seconds":	1.0000200271606445,
				"bytes":	70042976,
				"bits_per_second":	560332586.12928319,
				"omitted":	false,
				"sender":	false
			}
		}, {
			"streams":	[{
					"socket":	273,
					"start":	9.000152,
					"end":	10.000119,
					"seconds":	0.99996697902679443,
					"bytes":	68761568,
					"bits_per_second":	550110709.1909883,
					"omitted":	false,
					"sender":	false
				}],
			"sum":	{
				"start":	9.000152,
				"end":	10.000119,
				"seconds":	0.99996697902679443,
				"bytes":	68761568,
				"bits_per_second":	550110709.1909883,
				"omitted":	false,
				"sender":	false
			}
		}, {
			"streams":	[{
					"socket":	273,
					"start":	10.000119,
					"end":	11.000134,
					"seconds":	1.0000150203704834,
					"bytes":	70254912,
					"bits_per_second":	562030854.08834851,
					"omitted":	false,
					"sender":	false
				}],
			"sum":	{
				"start":	10.000119,
				"end":	11.000134,
				"seconds":	1.0000150203704834,
				"bytes":	70254912,
				"bits_per_second":	562030854.08834851,
				"omitted":	false,
				"sender":	false
			}
		}, {
			"streams":	[{
					"socket":	273,
					"start":	11.000134,
					"end":	12.000131,
					"seconds":	0.99999701976776123,
					"bytes":	66975456,
					"bits_per_second":	535805244.82406431,
					"omitted":	false,
					"sender":	false
				}],
			"sum":	{
				"start":	11.000134,
				"end":	12.000131,
				"seconds":	0.99999701976776123,
				"bytes":	66975456,
				"bits_per_second":	535805244.82406431,
				"omitted":	false,
				"sender":	false
			}
		}, {
			"streams":	[{
					"socket":	273,
					"start":	12.000131,
					"end":	13.000035,
					"seconds":	0.99990397691726685,
					"bytes":	60820928,
					"bits_per_second":	486614150.19080287,
					"omitted":	false,
					"sender":	false
				}],
			"sum":	{
				"start":	12.000131,
				"end":	13.000035,
				"seconds":	0.99990397691726685,
				"bytes":	60820928,
				"bits_per_second":	486614150.19080287,
				"omitted":	false,
				"sender":	false
			}
		}, {
			"streams":	[{
					"socket":	273,
					"start":	13.000035,
					"end":	14.000276,
					"seconds":	1.0002410411834717,
					"bytes":	69074432,
					"bits_per_second":	552462289.8358345,
					"omitted":	false,
					"sender":	false
				}],
			"sum":	{
				"start":	13.000035,
				"end":	14.000276,
				"seconds":	1.0002410411834717,
				"bytes":	69074432,
				"bits_per_second":	552462289.8358345,
				"omitted":	false,
				"sender":	false
			}
		}, {
			"streams":	[{
					"socket":	273,
					"start":	14.000276,
					"end":	15.000131,
					"seconds":	0.99985498189926147,
					"bytes":	70123520,
					"bits_per_second":	561069525.23693216,
					"omitted":	false,
					"sender":	false
				}],
			"sum":	{
				"start":	14.000276,
				"end":	15.000131,
				"seconds":	0.99985498189926147,
				"bytes":	70123520,
				"bits_per_second":	561069525.23693216,
				"omitted":	false,
				"sender":	false
			}
		}, {
			"streams":	[{
					"socket":	273,
					"start":	15.000131,
					"end":	16.000326,
					"seconds":	1.0001950263977051,
					"bytes":	70909952,
					"bits_per_second":	567169003.07244074,
					"omitted":	false,
					"sender":	false
				}],
			"sum":	{
				"start":	15.000131,
				"end":	16.000326,
				"seconds":	1.0001950263977051,
				"bytes":	70909952,