{"start": {"connected": [{"socket": 251, "local_host": "100.123.106.128", "local_port": 42508, "remote_host": "20.80.1.154", "remote_port": 5201}], "version": "iperf 3.7", "system_info": "Linux localhost 4.19.110-g9ceb3bf92e0a-ab6790968 #2 SMP PREEMPT Wed Aug 26 04:14:37 UTC 2020 aarch64", "timestamp": {"time": "2021-01-25 06:07:23 ", "timesecs": 1611594443.0}, "connecting_to": {"host": "20.80.1.154", "port": 5201}, "cookie": "il6zg3q53luex6eef7ehr7shicaze6u2xuix", "sock_bufsize": 0, "sndbuf_actual": 212992, "rcvbuf_actual": 212992, "test_start": {"protocol": "UDP", "num_streams": 1, "blksize": 1376, "omit": 0, "duration": 30, "bytes": 0, "blocks": 0, "reverse": 1, "tos": 0}}, "intervals": [{"streams": [{"socket": 251, "start": 0, "end": 1.001388, "seconds": 1.0013879537582397, "bytes": 167745408, "bits_per_second": 1340103262.6401892, "jitter_ms": 0.16214366131382021, "lost_packets": 57315, "packets": 179223, "lost_percent": 31.979712425302555, "omitted": false, "sender": false}], "sum": {"start": 0, "end": 1.001388, "seconds": 1.0013879537582397, "bytes": 167745408, "bits_per_second": 1340103262.6401892, "jitter_ms": 0.16214366131382021, "lost_packets": 57315, "packets": 179223, "lost_percent": 31.979712425302555, "omitted": false, "sender": false}}, {"streams": [{"socket": 251, "start": 1.001388, "end": 2.000023, "seconds": 0.9986349940299988, "bytes": 208014048, "bits_per_second": 1666387012.220013, "jitter_ms": 0.004252065179777361, "lost_packets": 69554, "packets": 220727, "lost_percent": 31.511323943151496, "omitted": false, "sender": false}], "sum": {"start": 1.001388, "end": 2.000023, "seconds": 0.9986349940299988, "bytes": 208014048, "bits_per_second": 1666387012.220013, "jitter_ms": 0.004252065179777361, "lost_packets": 69554, "packets": 220727, "lost_percent": 31.511323943151496, "omitted": false, "sender": false}}, {"streams": [{"socket": 251, "start": 2.000023, "end": 3.000433, "seconds": 1.0004099607467651, "bytes": 187346528, "bits_per_second": 1498158038.0119643, "jitter_ms": 0.011048142578263365, "lost_packets": 88192, "packets": 224345, "lost_percent": 39.3108827921282, "omitted": false, "sender": false}], "sum": {"start": 2.000023, "end": 3.000433, "seconds": 1.0004099607467651, "bytes": 187346528, "bits_per_second": 1498158038.0119643, "jitter_ms": 0.011048142578263365, "lost_packets": 88192, "packets": 224345, "lost_percent": 39.3108827921282, "omitted": false, "sender": false}}, {"streams": [{"socket": 251, "start": 3.000433, "end": 4.002507, "seconds": 1.0020740032196045, "bytes": 31927328, "bits_per_second": 254889981.35801855, "jitter_ms": 0.21191784567030386, "lost_packets": 199712, "packets": 222915, "lost_percent": 89.59109974654017, "omitted": false, "sender": false}], "sum": {"start": 3.000433, "end": 4.002507, "seconds": 1.0020740032196045, "bytes": 31927328, "bits_per_second": 254889981.35801855, "jitter_ms": 0.21191784567030386, "lost_packets": 199712, "packets": 222915, "lost_percent": 89.59109974654017, "omitted": false, "sender": false}}, {"streams": [{"socket": 251, "start": 4.002507, "end": 5.000014, "seconds": 0.9975069761276245, "bytes": 202983392, "bits_per_second": 1627925593.3667142, "jitter_ms": 0.001520313183828441, "lost_packets": 80731, "packets": 228248, "lost_percent": 35.36986085310715, "omitted": false, "sender": false}], "sum": {"start": 4.002507, "end": 5.000014, "seconds": 0.9975069761276245, "bytes": 202983392, "bits_per_second": 1627925593.3667142, "jitter_ms": 0.001520313183828441, "lost_packets": 80731, "packets": 228248, "lost_percent": 35.36986085310715, "omitted": false, "sender": false}}, {"streams": [{"socket": 251, "start": 5.000014, "end": 6.000015, "seconds": 1.0000009536743164, "bytes": 222788160, "bits_per_second": 1782303580.2628515, "jitter_ms": 0.0019193766864843064, "lost_packets": 62197, "packets": 224107, "lost_percent": 27.75326071921002, "omitted": false, "sender": false}], "sum": {"start": 5.000014, "end": 6.000015, "seconds": 1.0000009536743164, "bytes": 222788160, "bits_per_second": 1782303580.2628515, "jitter_ms": 0.0019193766864843064, "lost_packets": 62197, "packets": 224107, "lost_percent": 27.75326071921002, "omitted": false, "sender": false}}, {"streams": [{"socket": 251, "start": 6.000015, "end": 7.000013, "seconds": 0.9999979734420776, "bytes": 212587872, "bits_per_second": 1700706422.5800743, "jitter_ms": 0.00242185551056149, "lost_packets": 70231, "packets": 224728, "lost_percent": 31.25155743832544, "omitted": false, "sender": false}], "sum": {"start": 6.000015, "end": 7.000013, "seconds": 0.9999979734420776, "bytes": 212587872, "bits_per_second": 1700706422.5800743, "jitter_ms": 0.00242185551056149, "lost_packets": 70231, "packets": 224728, "lost_percent": 31.25155743832544, "omitted": false, "sender": false}}, {"streams": [{"socket": 251, "start": 7.000013, "end": 8.000012, "seconds": 0.9999989867210388, "bytes": 208064960, "bits_per_second": 1664521366.6244812, "jitter_ms": 0.0021040948405945743, "lost_packets": 72382, "packets": 223592, "lost_percent": 32.37235679272961, "omitted": false, "sender": false}], "sum": {"start": 7.000013, "end": 8.000012, "seconds": 0.9999989867210388, "bytes": 208064960, "bits_per_second": 1664521366.6244812, "jitter_ms": 0.0021040948405945743, "lost_packets": 72382, "packets": 223592, "lost_percent": 32.37235679272961, "omitted": false, "sender": false}}, {"streams": [{"socket": 251, "start": 8.000012, "end": 9.00067, "seconds": 1.0006580352783203, "bytes": 211251776, "bits_per_second": 1688902850.3428187, "jitter_ms": 0.268183745129336, "lost_packets": 67361, "packets": 220887, "lost_percent": 30.495683313187286, "omitted": false, "sender": false}], "sum": {"start": 8.000012, "end": 9.00067, "seconds": 1.0006580352783203, "bytes": 211251776, "bits_per_second": 1688902850.3428187, "jitter_ms": 0.268183745129336, "lost_packets": 67361, "packets": 220887, "lost_percent": 30.495683313187286, "omitted": false, "sender": false}}, {"streams": [{"socket": 251, "start": 9.00067, "end": 10.000012, "seconds": 0.9993420243263245, "bytes": 240771104, "bits_per_second": 1927437038.6839952, "jitter_ms": 0.0015776902588676516, "lost_packets": 49272, "packets": 224251, "lost_percent": 21.971808375436453, "omitted": false, "sender": false}], "sum": {"start": 9.00067, "end": 10.000012, "seconds": 0.9993420243263245, "bytes": 240771104, "bits_per_second": 1927437038.6839952, "jitter_ms": 0.0015776902588676516, "lost_packets": 49272, "packets": 224251, "lost_percent": 21.971808375436453, "omitted": false, "sender": false}}, {"streams": [{"socket": 251, "start": 10.000012, "end": 11.00038, "seconds": 1.0003679990768433, "bytes": 65214144, "bits_per_second": 521521232.6678241, "jitter_ms": 0.010262397020461833, "lost_packets": 176333, "packets": 223727, "lost_percent": 78.81614646421755, "omitted": false, "sender": false}], "sum": {"start": 10.000012, "end": 11.00038, "seconds": 1.0003679990768433, "bytes": 65214144, "bits_per_second": 521521232.6678241, "jitter_ms": 0.010262397020461833, "lost_packets": 176333, "packets": 223727, "lost_percent": 78.81614646421755, "omitted": false, "sender": false}}, {"streams": [{"socket": 251, "start": 11.00038, "end": 12.000019, "seconds": 0.9996389746665955, "bytes": 32499744, "bits_per_second": 260091851.74749294, "jitter_ms": 0.011865684463802149, "lost_packets": 201109, "packets": 224728, "lost_percent": 89.48996119753657, "omitted": false, "sender": false}], "sum": {"start": 11.00038, "end": 12.000019, "seconds": 0.9996389746665955, "bytes": 32499744, "bits_per_second": 260091851.74749294, "jitter_ms": 0.011865684463802149, "lost_packets": 201109, "packets": 224728, "lost_percent": 89.48996119753657, "omitted": false, "sender": false}}, {"streams": [{"socket": 251, "start": 12.000019, "end": 13.001448, "seconds": 1.0014289617538452, "bytes": 25817888, "bits_per_second": 206248382.9489735, "jitter_ms": 2.86807585285712, "lost_packets": 204794, "packets": 223557, "lost_percent": 91.60706218100977,