{
	"start":	{
		"connected":	[{
				"socket":	342,
				"local_host":	"100.124.59.153",
				"local_port":	44784,
				"remote_host":	"13.78.215.115",
				"remote_port":	5201
			}],
		"version":	"iperf 3.7",
		"system_info":	"Linux localhost 4.19.110-g9ceb3bf92e0a-ab6790968 #2 SMP PREEMPT Wed Aug 26 04:14:37 UTC 2020 aarch64",
		"timestamp":	{
			"time":	"Tue, 11 May 2021 17:28:34 GMT",
			"timesecs":	1620754114
		},
		"connecting_to":	{
			"host":	"13.78.215.115",
			"port":	5201
		},
		"cookie":	"g5ayjptat6jasulejwry4nkypixhayfg4cbc",
		"tcp_mss_default":	1376,
		"target_bitrate":	2000000000,
		"sock_bufsize":	0,
		"sndbuf_actual":	2097152,
		"rcvbuf_actual":	6291456,
		"test_start":	{
			"protocol":	"TCP",
			"num_streams":	1,
			"blksize":	131072,
			"omit":	0,
			"duration":	30,
			"bytes":	0,
			"blocks":	0,
			"reverse":	1,
			"tos":	0
		}
	},
	"intervals":	[{
			"streams":	[{
					"socket":	342,
					"start":	0,
					"end":	1.000155,
					"seconds":	1.000154972076416,
					"bytes":	11958816,
					"bits_per_second":	95655704.036924362,
					"omitted":	false,
					"sender":	false
				}],
			"sum":	{
				"start":	0,
				"end":	1.000155,
				"seconds":	1.000154972076416,
				"bytes":	11958816,
				"bits_per_second":	95655704.036924362,
				"omitted":	false,
				"sender":	false
			}
		}, {
			"streams":	[{
					"socket":	342,
					"start":	1.000155,
					"end":	2.000163,
					"seconds":	1.0000079870224,
					"bytes":	40910208,
					"bits_per_second":	327279050.01489651,
					"omitted":	false,
					"sender":	false
				}],
			"sum":	{
				"start":	1.000155,
				"end":	2.000163,
				"seconds":	1.0000079870224,
				"bytes":	40910208,
				"bits_per_second":	327279050.01489651,
				"omitted":	false,
				"sender":	false
			}
		}, {
			"streams":	[{
					"socket":	342,
					"start":	2.000163,
					"end":	3.000153,
					"seconds":	0.99998998641967773,
					"bytes":	51016640,
					"bits_per_second":	408137206.91470397,
					"omitted":	false,
					"sender":	false
				}],
			"sum":	{
				"start":	2.000163,
				"end":	3.000153,
				"seconds":	0.99998998641967773,
				"bytes":	51016640,
				"bits_per_second":	408137206.91470397,
				"omitted":	false,
				"sender":	false
			}
		}, {
			"streams":	[{
					"socket":	342,
					"start":	3.000153,
					"end":	4.000099,
					"seconds":	0.9999459981918335,
					"bytes":	52530528,
					"bits_per_second":	420266919.17354792,
					"omitted":	false,
					"sender":	false
				}],
			"sum":	{
				"start":	3.000153,
				"end":	4.000099,
				"seconds":	0.9999459981918335,
				"bytes":	52530528,
				"bits_per_second":	420266919.17354792,
				"omitted":	false,
				"sender":	false
			}
		}, {
			"streams":	[{
					"socket":	342,
					"start":	4.000099,
					"end":	5.000333,
					"seconds":	1.0002340078353882,
					"bytes":	51249600,
					"bits_per_second":	409900879.9823516,
					"omitted":	false,
					"sender":	false
				}],
			"sum":	{
				"start":	4.000099,
				"end":	5.000333,
				"seconds":	1.0002340078353882,
				"bytes":	51249600,
				"bits_per_second":	409900879.9823516,
				"omitted":	false,
				"sender":	false
			}
		}, {
			"streams":	[{
					"socket":	342,
					"start":	5.000333,
					"end":	6.000564,
					"seconds":	1.0002310276031494,
					"bytes":	49513600,
					"bits_per_second":	396017309.07027984,
					"omitted":	false,
					"sender":	false
				}],
			"sum":	{
				"start":	5.000333,
				"end":	6.000564,
				"seconds":	1.0002310276031494,
				"bytes":	49513600,
				"bits_per_second":	396017309.07027984,
				"omitted":	false,
				"sender":	false
			}
		}, {
			"streams":	[{
					"socket":	342,
					"start":	6.000564,
					"end":	7.000154,
					"seconds":	0.99958997964859009,
					"bytes":	47086528,
					"bits_per_second":	376846738.83228368,
					"omitted":	false,
					"sender":	false
				}],
			"sum":	{
				"start":	6.000564,
				"end":	7.000154,
				"seconds":	0.99958997964859009,
				"bytes":	47086528,
				"bits_per_second":	376846738.83228368,
				"omitted":	false,
				"sender":	false
			}
		}, {
			"streams":	[{
					"socket":	342,
					"start":	7.000154,
					"end":	8.000078,
					"seconds":	0.99992400407791138,
					"bytes":	49730528,
					"bits_per_second":	397874460.83652681,
					"omitted":	false,
					"sender":	false
				}],
			"sum":	{
				"start":	7.000154,
				"end":	8.000078,
				"seconds":	0.99992400407791138,
				"bytes":	49730528,
				"bits_per_second":	397874460.83652681,
				"omitted":	false,
				"sender":	false
			}
		}, {
			"streams":	[{
					"socket":	342,
					"start":	8.000078,
					"end":	9.000132,
					"seconds":	1.0000540018081665,
					"bytes":	53357024,
					"bits_per_second":	426833142.23853374,
					"omitted":	false,
					"sender":	false
				}],
			"sum":	{
				"start":	8.000078,
				"end":	9.000132,
				"seconds":	1.0000540018081665,
				"bytes":	53357024,
				"bits_per_second":	426833142.23853374,
				"omitted":	false,
				"sender":	false
			}
		}, {
			"streams":	[{
					"socket":	342,
					"start":	9.000132,
					"end":	10.000205,
					"seconds":	1.0000729560852051,
					"bytes":	44369056,
					"bits_per_second":	354926553.94808865,
					"omitted":	false,
					"sender":	false
				}],
			"sum":	{
				"start":	9.000132,
				"end":	10.000205,
				"seconds":	1.0000729560852051,
				"bytes":	44369056,
				"bits_per_second":	354926553.94808865,
				"omitted":	false,
				"sender":	false
			}
		}, {
			"streams":	[{
					"socket":	342,
					"start":	10.000205,
					"end":	11.000253,
					"seconds":	1.000048041343689,
					"bytes":	49387264,
					"bits_per_second":	395079131.86764163,
					"omitted":	false,
					"sender":	false
				}],
			"sum":	{
				"start":	10.000205,
				"end":	11.000253,
				"seconds":	1.000048041343689,
				"bytes":	49387264,
				"bits_per_second":	395079131.86764163,
				"omitted":	false,
				"sender":	false
			}
		}, {
			"streams":	[{
					"socket":	342,
					"start":	11.000253,
					"end":	12.000132,
					"seconds":	0.999879002571106,
					"bytes":	48159904,
					"bits_per_second":	385325855.43779439,
					"omitted":	false,
					"sender":	false
				}],
			"sum":	{
				"start":	11.000253,
				"end":	12.000132,
				"seconds":	0.999879002571106,
				"bytes":	48159904,
				"bits_per_second":	385325855.43779439,
				"omitted":	false,
				"sender":	false
			}
		}, {
			"streams":	[{
					"socket":	342,
					"start":	12.000132,
					"end":	13.000111,
					"seconds":	0.99997901916503906,
					"bytes":	51107072,
					"bits_per_second":	408865154.33232433,
					"omitted":	false,
					"sender":	false
				}],
			"sum":	{
				"start":	12.000132,
				"end":	13.000111,
				"seconds":	0.99997901916503906,
				"bytes":	51107072,
				"bits_per_second":	408865154.33232433,
				"omitted":	false,
				"sender":	false
			}
		}, {
			"streams":	[{
					"socket":	342,
					"start":	13.000111,
					"end":	14.000103,
					"seconds":	0.9999920129776001,
					"bytes":	53603296,
					"bits_per_second":	428829793.07316303,
					"omitted":	false,
					"sender":	false
				}],
			"sum":	{
				"start":	13.000111,
				"end":	14.000103,
				"seconds":	0.9999920129776001,
				"bytes":	53603296,
				"bits_per_second":	428829793.07316303,
				"omitted":	false,
				"sender":	false
			}
		}, {
			"streams":	[{
					"socket":	342,
					"start":	14.000103,
					"end":	15.008325,
					"seconds":	1.0082219839096069,
					"bytes":	52544640,
					"bits_per_second":	416929135.35764313,
					"omitted":	false,
					"sender":	false
				}],
			"sum":	{
				"start":	14.000103,
				"end":	15.008325,
				"seconds":	1.0082219839096069,
				"bytes":	52544640,
				"bits_per_second":	416929135.35764313,
				"omitted":	false,
				"sender":	false
			}
		}, {
			"streams":	[{
					"socket":	342,
					"start":	15.008325,
					"end":	16.000128,
					"seconds":	0.991802990436554,
					"bytes":	53608448,
					"bits_per_second":	432412069.87209105,
					"omitted":	false,
					"sender":	false
				}],
			"sum":	{
				"start":	15.008325,
				"end":	16.000128,
				"seconds":	0.991802990436554,
				"bytes":	53608448,