{
	"start":	{
		"connected":	[{
				"socket":	408,
				"local_host":	"100.124.59.153",
				"local_port":	39484,
				"remote_host":	"104.210.37.160",
				"remote_port":	5201
			}],
		"version":	"iperf 3.7",
		"system_info":	"Linux localhost 4.19.110-g9ceb3bf92e0a-ab6790968 #2 SMP PREEMPT Wed Aug 26 04:14:37 UTC 2020 aarch64",
		"timestamp":	{
			"time":	"Tue, 11 May 2021 17:52:16 GMT",
			"timesecs":	1620755536
		},
		"connecting_to":	{
			"host":	"104.210.37.160",
			"port":	5201
		},
		"cookie":	"rvi6obpm4qoc66taeedmba46v3dctrvtbryn",
		"tcp_mss_default":	1376,
		"target_bitrate":	2000000000,
		"sock_bufsize":	0,
		"sndbuf_actual":	2097152,
		"rcvbuf_actual":	6291456,
		"test_start":	{
			"protocol":	"TCP",
			"num_streams":	1,
			"blksize":	131072,
			"omit":	0,
			"duration":	30,
			"bytes":	0,
			"blocks":	0,
			"reverse":	1,
			"tos":	0
		}
	},
	"intervals":	[{
			"streams":	[{
					"socket":	408,
					"start":	0,
					"end":	1.000099,
					"seconds":	1.0000989437103271,
					"bytes":	11722144,
					"bits_per_second":	93767874.258611366,
					"omitted":	false,
					"sender":	false
				}],
			"sum":	{
				"start":	0,
				"end":	1.000099,
				"seconds":	1.0000989437103271,
				"bytes":	11722144,
				"bits_per_second":	93767874.258611366,
				"omitted":	false,
				"sender":	false
			}
		}, {
			"streams":	[{
					"socket":	408,
					"start":	1.000099,
					"end":	2.000091,
					"seconds":	0.9999920129776001,
					"bytes":	23466304,
					"bits_per_second":	187731931.41914141,
					"omitted":	false,
					"sender":	false
				}],
			"sum":	{
				"start":	1.000099,
				"end":	2.000091,
				"seconds":	0.9999920129776001,
				"bytes":	23466304,
				"bits_per_second":	187731931.41914141,
				"omitted":	false,
				"sender":	false
			}
		}, {
			"streams":	[{
					"socket":	408,
					"start":	2.000091,
					"end":	3.000091,
					"seconds":	1,
					"bytes":	24007072,
					"bits_per_second":	192056576,
					"omitted":	false,
					"sender":	false
				}],
			"sum":	{
				"start":	2.000091,
				"end":	3.000091,
				"seconds":	1,
				"bytes":	24007072,
				"bits_per_second":	192056576,
				"omitted":	false,
				"sender":	false
			}
		}, {
			"streams":	[{
					"socket":	408,
					"start":	3.000091,
					"end":	4.000091,
					"seconds":	1,
					"bytes":	23059008,
					"bits_per_second":	184472064,
					"omitted":	false,
					"sender":	false
				}],
			"sum":	{
				"start":	3.000091,
				"end":	4.000091,
				"seconds":	1,
				"bytes":	23059008,
				"bits_per_second":	184472064,
				"omitted":	false,
				"sender":	false
			}
		}, {
			"streams":	[{
					"socket":	408,
					"start":	4.000091,
					"end":	5.000089,
					"seconds":	0.99999797344207764,
					"bytes":	19907968,
					"bits_per_second":	159264066.75785625,
					"omitted":	false,
					"sender":	false
				}],
			"sum":	{
				"start":	4.000091,
				"end":	5.000089,
				"seconds":	0.99999797344207764,
				"bytes":	19907968,
				"bits_per_second":	159264066.75785625,
				"omitted":	false,
				"sender":	false
			}
		}, {
			"streams":	[{
					"socket":	408,
					"start":	5.000089,
					"end":	6.000123,
					"seconds":	1.000033974647522,
					"bytes":	19698816,
					"bits_per_second":	157585174.09925529,
					"omitted":	false,
					"sender":	false
				}],
			"sum":	{
				"start":	5.000089,
				"end":	6.000123,
				"seconds":	1.000033974647522,
				"bytes":	19698816,
				"bits_per_second":	157585174.09925529,
				"omitted":	false,
				"sender":	false
			}
		}, {
			"streams":	[{
					"socket":	408,
					"start":	6.000123,
					"end":	7.000089,
					"seconds":	0.999966025352478,
					"bytes":	18900736,
					"bits_per_second":	151211025.3412874,
					"omitted":	false,
					"sender":	false
				}],
			"sum":	{
				"start":	6.000123,
				"end":	7.000089,
				"seconds":	0.999966025352478,
				"bytes":	18900736,
				"bits_per_second":	151211025.3412874,
				"omitted":	false,
				"sender":	false
			}
		}, {
			"streams":	[{
					"socket":	408,
					"start":	7.000089,
					"end":	8.000345,
					"seconds":	1.0002559423446655,
					"bytes":	18994304,
					"bits_per_second":	151915550.37784514,
					"omitted":	false,
					"sender":	false
				}],
			"sum":	{
				"start":	7.000089,
				"end":	8.000345,
				"seconds":	1.0002559423446655,
				"bytes":	18994304,
				"bits_per_second":	151915550.37784514,
				"omitted":	false,
				"sender":	false
			}
		}, {
			"streams":	[{
					"socket":	408,
					"start":	8.000345,
					"end":	9.000089,
					"seconds":	0.9997439980506897,
					"bytes":	21234432,
					"bits_per_second":	169918955.58385423,
					"omitted":	false,
					"sender":	false
				}],
			"sum":	{
				"start":	8.000345,
				"end":	9.000089,
				"seconds":	0.9997439980506897,
				"bytes":	21234432,
				"bits_per_second":	169918955.58385423,
				"omitted":	false,
				"sender":	false
			}
		}, {
			"streams":	[{
					"socket":	408,
					"start":	9.000089,
					"end":	10.000105,
					"seconds":	1.0000159740447998,
					"bytes":	20150144,
					"bits_per_second":	161198577.00670922,
					"omitted":	false,
					"sender":	false
				}],
			"sum":	{
				"start":	9.000089,
				"end":	10.000105,
				"seconds":	1.0000159740447998,
				"bytes":	20150144,
				"bits_per_second":	161198577.00670922,
				"omitted":	false,
				"sender":	false
			}
		}, {
			"streams":	[{
					"socket":	408,
					"start":	10.000105,
					"end":	11.000145,
					"seconds":	1.0000400543212891,
					"bytes":	22086176,
					"bits_per_second":	176682331.10914364,
					"omitted":	false,
					"sender":	false
				}],
			"sum":	{
				"start":	10.000105,
				"end":	11.000145,
				"seconds":	1.0000400543212891,
				"bytes":	22086176,
				"bits_per_second":	176682331.10914364,
				"omitted":	false,
				"sender":	false
			}
		}, {
			"streams":	[{
					"socket":	408,
					"start":	11.000145,
					"end":	12.000078,
					"seconds":	0.99993300437927246,
					"bytes":	20653760,
					"bits_per_second":	165241150.433443,
					"omitted":	false,
					"sender":	false
				}],
			"sum":	{
				"start":	11.000145,
				"end":	12.000078,
				"seconds":	0.99993300437927246,
				"bytes":	20653760,
				"bits_per_second":	165241150.433443,
				"omitted":	false,
				"sender":	false
			}
		}, {
			"streams":	[{
					"socket":	408,
					"start":	12.000078,
					"end":	13.000135,
					"seconds":	1.0000569820404053,
					"bytes":	16201024,
					"bits_per_second":	129600807.08157432,
					"omitted":	false,
					"sender":	false
				}],
			"sum":	{
				"start":	12.000078,
				"end":	13.000135,
				"seconds":	1.0000569820404053,
				"bytes":	16201024,
				"bits_per_second":	129600807.08157432,
				"omitted":	false,
				"sender":	false
			}
		}, {
			"streams":	[{
					"socket":	408,
					"start":	13.000135,
					"end":	14.000087,
					"seconds":	0.99995201826095581,
					"bytes":	18124672,
					"bits_per_second":	145004333.56009316,
					"omitted":	false,
					"sender":	false
				}],
			"sum":	{
				"start":	13.000135,
				"end":	14.000087,
				"seconds":	0.99995201826095581,
				"bytes":	18124672,
				"bits_per_second":	145004333.56009316,
				"omitted":	false,
				"sender":	false
			}
		}, {
			"streams":	[{
					"socket":	408,
					"start":	14.000087,
					"end":	15.000093,
					"seconds":	1.0000059604644775,
					"bytes":	15312128,
					"bits_per_second":	122496293.86519179,
					"omitted":	false,
					"sender":	false
				}],
			"sum":	{
				"start":	14.000087,
				"end":	15.000093,
				"seconds":	1.0000059604644775,
				"bytes":	15312128,
				"bits_per_second":	122496293.86519179,
				"omitted":	false,
				"sender":	false
			}
		}, {
			"streams":	[{
					"socket":	408,
					"start":	15.000093,
					"end":	16.00009,
					"seconds":	0.99999701976776123,
					"bytes":	14668160,
					"bits_per_second":	117345629.71722876,
					"omitted":	false,
					"sender":	false
				}],
			"sum":	{
				"start":	15.000093,
				"end":	16.00009,
				"seconds":	0.99999701976776123,
				"bytes":	14668160,
				"bits_per_second":	117345629.71722876,
				"omitted":	false,