{
	"start":	{
		"connected":	[{
				"socket":	252,
				"local_host":	"100.124.85.183",
				"local_port":	45244,
				"remote_host":	"52.240.159.197",
				"remote_port":	5201
			}],
		"version":	"iperf 3.7",
		"system_info":	"Linux localhost 4.19.110-g9ceb3bf92e0a-ab6790968 #2 SMP PREEMPT Wed Aug 26 04:14:37 UTC 2020 aarch64",
		"timestamp":	{
			"time":	"Mon, 17 May 2021 23:21:21 GMT",
			"timesecs":	1621293681
		},
		"connecting_to":	{
			"host":	"52.240.159.197",
			"port":	5201
		},
		"cookie":	"rtlqlmpquytm75y2ns4yumf6fty7vwizkfa7",
		"tcp_mss_default":	1376,
		"target_bitrate":	3000000000,
		"sock_bufsize":	0,
		"sndbuf_actual":	2097152,
		"rcvbuf_actual":	6291456,
		"test_start":	{
			"protocol":	"TCP",
			"num_streams":	1,
			"blksize":	131072,
			"omit":	0,
			"duration":	30,
			"bytes":	0,
			"blocks":	0,
			"reverse":	1,
			"tos":	0
		}
	},
	"intervals":	[{
			"streams":	[{
					"socket":	252,
					"start":	0,
					"end":	1.000423,
					"seconds":	1.0004229545593262,
					"bytes":	5065056,
					"bits_per_second":	40503316.937433481,
					"omitted":	false,
					"sender":	false
				}],
			"sum":	{
				"start":	0,
				"end":	1.000423,
				"seconds":	1.0004229545593262,
				"bytes":	5065056,
				"bits_per_second":	40503316.937433481,
				"omitted":	false,
				"sender":	false
			}
		}, {
			"streams":	[{
					"socket":	252,
					"start":	1.000423,
					"end":	2.000103,
					"seconds":	0.99967998266220093,
					"bytes":	16392288,
					"bits_per_second":	131180283.96524629,
					"omitted":	false,
					"sender":	false
				}],
			"sum":	{
				"start":	1.000423,
				"end":	2.000103,
				"seconds":	0.99967998266220093,
				"bytes":	16392288,
				"bits_per_second":	131180283.96524629,
				"omitted":	false,
				"sender":	false
			}
		}, {
			"streams":	[{
					"socket":	252,
					"start":	2.000103,
					"end":	3.000092,
					"seconds":	0.99998897314071655,
					"bytes":	14043456,
					"bits_per_second":	112348886.855366,
					"omitted":	false,
					"sender":	false
				}],
			"sum":	{
				"start":	2.000103,
				"end":	3.000092,
				"seconds":	0.99998897314071655,
				"bytes":	14043456,
				"bits_per_second":	112348886.855366,
				"omitted":	false,
				"sender":	false
			}
		}, {
			"streams":	[{
					"socket":	252,
					"start":	3.000092,
					"end":	4.000114,
					"seconds":	1.0000220537185669,
					"bytes":	14585600,
					"bits_per_second":	116682226.72301009,
					"omitted":	false,
					"sender":	false
				}],
			"sum":	{
				"start":	3.000092,
				"end":	4.000114,
				"seconds":	1.0000220537185669,
				"bytes":	14585600,
				"bits_per_second":	116682226.72301009,
				"omitted":	false,
				"sender":	false
			}
		}, {
			"streams":	[{
					"socket":	252,
					"start":	4.000114,
					"end":	5.00027,
					"seconds":	1.000156044960022,
					"bytes":	6201632,
					"bits_per_second":	49605315.34055081,
					"omitted":	false,
					"sender":	false
				}],
			"sum":	{
				"start":	4.000114,
				"end":	5.00027,
				"seconds":	1.000156044960022,
				"bytes":	6201632,
				"bits_per_second":	49605315.34055081,
				"omitted":	false,
				"sender":	false
			}
		}, {
			"streams":	[{
					"socket":	252,
					"start":	5.00027,
					"end":	6.000155,
					"seconds":	0.99988502264022827,
					"bytes":	5636096,
					"bits_per_second":	45093952.783632733,
					"omitted":	false,
					"sender":	false
				}],
			"sum":	{
				"start":	5.00027,
				"end":	6.000155,
				"seconds":	0.99988502264022827,
				"bytes":	5636096,
				"bits_per_second":	45093952.783632733,
				"omitted":	false,
				"sender":	false
			}
		}, {
			"streams":	[{
					"socket":	252,
					"start":	6.000155,
					"end":	7.000173,
					"seconds":	1.0000180006027222,
					"bytes":	5802592,
					"bits_per_second":	46419900.413814247,
					"omitted":	false,
					"sender":	false
				}],
			"sum":	{
				"start":	6.000155,
				"end":	7.000173,
				"seconds":	1.0000180006027222,
				"bytes":	5802592,
				"bits_per_second":	46419900.413814247,
				"omitted":	false,
				"sender":	false
			}
		}, {
			"streams":	[{
					"socket":	252,
					"start":	7.000173,
					"end":	8.000127,
					"seconds":	0.9999539852142334,
					"bytes":	5014144,
					"bits_per_second":	40114997.883033618,
					"omitted":	false,
					"sender":	false
				}],
			"sum":	{
				"start":	7.000173,
				"end":	8.000127,
				"seconds":	0.9999539852142334,
				"bytes":	5014144,
				"bits_per_second":	40114997.883033618,
				"omitted":	false,
				"sender":	false
			}
		}, {
			"streams":	[{
					"socket":	252,
					"start":	8.000127,
					"end":	9.000192,
					"seconds":	1.0000649690628052,
					"bytes":	4719680,
					"bits_per_second":	37754987.093872286,
					"omitted":	false,
					"sender":	false
				}],
			"sum":	{
				"start":	8.000127,
				"end":	9.000192,
				"seconds":	1.0000649690628052,
				"bytes":	4719680,
				"bits_per_second":	37754987.093872286,
				"omitted":	false,
				"sender":	false
			}
		}, {
			"streams":	[{
					"socket":	252,
					"start":	9.000192,
					"end":	10.000135,
					"seconds":	0.99994301795959473,
					"bytes":	3423488,
					"bits_per_second":	27389464.707584646,
					"omitted":	false,
					"sender":	false
				}],
			"sum":	{
				"start":	9.000192,
				"end":	10.000135,
				"seconds":	0.99994301795959473,
				"bytes":	3423488,
				"bits_per_second":	27389464.707584646,
				"omitted":	false,
				"sender":	false
			}
		}, {
			"streams":	[{
					"socket":	252,
					"start":	10.000135,
					"end":	11.000169,
					"seconds":	1.000033974647522,
					"bytes":	5194400,
					"bits_per_second":	41553788.22469186,
					"omitted":	false,
					"sender":	false
				}],
			"sum":	{
				"start":	10.000135,
				"end":	11.000169,
				"seconds":	1.000033974647522,
				"bytes":	5194400,
				"bits_per_second":	41553788.22469186,
				"omitted":	false,
				"sender":	false
			}
		}, {
			"streams":	[{
					"socket":	252,
					"start":	11.000169,
					"end":	12.000175,
					"seconds":	1.0000059604644775,
					"bytes":	3852800,
					"bits_per_second":	30822216.285274714,
					"omitted":	false,
					"sender":	false
				}],
			"sum":	{
				"start":	11.000169,
				"end":	12.000175,
				"seconds":	1.0000059604644775,
				"bytes":	3852800,
				"bits_per_second":	30822216.285274714,
				"omitted":	false,
				"sender":	false
			}
		}, {
			"streams":	[{
					"socket":	252,
					"start":	12.000175,
					"end":	13.000157,
					"seconds":	0.99998199939727783,
					"bytes":	3914720,
					"bits_per_second":	31318323.748703726,
					"omitted":	false,
					"sender":	false
				}],
			"sum":	{
				"start":	12.000175,
				"end":	13.000157,
				"seconds":	0.99998199939727783,
				"bytes":	3914720,
				"bits_per_second":	31318323.748703726,
				"omitted":	false,
				"sender":	false
			}
		}, {
			"streams":	[{
					"socket":	252,
					"start":	13.000157,
					"end":	14.000216,
					"seconds":	1.0000590085983276,
					"bytes":	5261824,
					"bits_per_second":	42092108.203694247,
					"omitted":	false,
					"sender":	false
				}],
			"sum":	{
				"start":	13.000157,
				"end":	14.000216,
				"seconds":	1.0000590085983276,
				"bytes":	5261824,
				"bits_per_second":	42092108.203694247,
				"omitted":	false,
				"sender":	false
			}
		}, {
			"streams":	[{
					"socket":	252,
					"start":	14.000216,
					"end":	15.000719,
					"seconds":	1.0005029439926147,
					"bytes":	5377408,
					"bits_per_second":	42997638.59597154,
					"omitted":	false,
					"sender":	false
				}],
			"sum":	{
				"start":	14.000216,
				"end":	15.000719,
				"seconds":	1.0005029439926147,
				"bytes":	5377408,
				"bits_per_second":	42997638.59597154,
				"omitted":	false,
				"sender":	false
			}
		}, {
			"streams":	[{
					"socket":	252,
					"start":	15.000719,
					"end":	16.000223,
					"seconds":	0.999504029750824,
					"bytes":	4258720,
					"bits_per_second":	34086665.972215816,
					"omitted":	false,
					"sender":	false
				}],
			"sum":	{
				"start":	15.000719,
				"end":	16.000223,
				"seconds":	0.999504029750824,
				"bytes":	4258720,
				"bits_per_second":	34086665.972215816,