{
	"start":	{
		"connected":	[{
				"socket":	281,
				"local_host":	"100.124.85.183",
				"local_port":	48452,
				"remote_host":	"104.214.106.253",
				"remote_port":	5201
			}],
		"version":	"iperf 3.7",
		"system_info":	"Linux localhost 4.19.110-g9ceb3bf92e0a-ab6790968 #2 SMP PREEMPT Wed Aug 26 04:14:37 UTC 2020 aarch64",
		"timestamp":	{
			"time":	"Tue, 18 May 2021 00:01:56 GMT",
			"timesecs":	1621296116
		},
		"connecting_to":	{
			"host":	"104.214.106.253",
			"port":	5201
		},
		"cookie":	"rcp75ibnd5v3uaprbik5tk4hndgb7qspo24f",
		"tcp_mss_default":	1376,
		"target_bitrate":	3000000000,
		"sock_bufsize":	0,
		"sndbuf_actual":	2097152,
		"rcvbuf_actual":	6291456,
		"test_start":	{
			"protocol":	"TCP",
			"num_streams":	1,
			"blksize":	131072,
			"omit":	0,
			"duration":	30,
			"bytes":	0,
			"blocks":	0,
			"reverse":	1,
			"tos":	0
		}
	},
	"intervals":	[{
			"streams":	[{
					"socket":	281,
					"start":	0,
					"end":	1.002124,
					"seconds":	1.0021239519119263,
					"bytes":	1413152,
					"bits_per_second":	11281255.156541336,
					"omitted":	false,
					"sender":	false
				}],
			"sum":	{
				"start":	0,
				"end":	1.002124,
				"seconds":	1.0021239519119263,
				"bytes":	1413152,
				"bits_per_second":	11281255.156541336,
				"omitted":	false,
				"sender":	false
			}
		}, {
			"streams":	[{
					"socket":	281,
					"start":	1.002124,
					"end":	2.000088,
					"seconds":	0.99796402454376221,
					"bytes":	3434496,
					"bits_per_second":	27532022.522115614,
					"omitted":	false,
					"sender":	false
				}],
			"sum":	{
				"start":	1.002124,
				"end":	2.000088,
				"seconds":	0.99796402454376221,
				"bytes":	3434496,
				"bits_per_second":	27532022.522115614,
				"omitted":	false,
				"sender":	false
			}
		}, {
			"streams":	[{
					"socket":	281,
					"start":	2.000088,
					"end":	3.000089,
					"seconds":	1.0000009536743164,
					"bytes":	5168256,
					"bits_per_second":	41346008.569373541,
					"omitted":	false,
					"sender":	false
				}],
			"sum":	{
				"start":	2.000088,
				"end":	3.000089,
				"seconds":	1.0000009536743164,
				"bytes":	5168256,
				"bits_per_second":	41346008.569373541,
				"omitted":	false,
				"sender":	false
			}
		}, {
			"streams":	[{
					"socket":	281,
					"start":	3.000089,
					"end":	4.000389,
					"seconds":	1.0003000497817993,
					"bytes":	8762368,
					"bits_per_second":	70077917.136254311,
					"omitted":	false,
					"sender":	false
				}],
			"sum":	{
				"start":	3.000089,
				"end":	4.000389,
				"seconds":	1.0003000497817993,
				"bytes":	8762368,
				"bits_per_second":	70077917.136254311,
				"omitted":	false,
				"sender":	false
			}
		}, {
			"streams":	[{
					"socket":	281,
					"start":	4.000389,
					"end":	5.000041,
					"seconds":	0.99965202808380127,
					"bytes":	31513152,
					"bits_per_second":	252192972.07174367,
					"omitted":	false,
					"sender":	false
				}],
			"sum":	{
				"start":	4.000389,
				"end":	5.000041,
				"seconds":	0.99965202808380127,
				"bytes":	31513152,
				"bits_per_second":	252192972.07174367,
				"omitted":	false,
				"sender":	false
			}
		}, {
			"streams":	[{
					"socket":	281,
					"start":	5.000041,
					"end":	6.000054,
					"seconds":	1.000012993812561,
					"bytes":	64582560,
					"bits_per_second":	516653766.69779658,
					"omitted":	false,
					"sender":	false
				}],
			"sum":	{
				"start":	5.000041,
				"end":	6.000054,
				"seconds":	1.000012993812561,
				"bytes":	64582560,
				"bits_per_second":	516653766.69779658,
				"omitted":	false,
				"sender":	false
			}
		}, {
			"streams":	[{
					"socket":	281,
					"start":	6.000054,
					"end":	7.00014,
					"seconds":	1.0000859498977661,
					"bytes":	41396960,
					"bits_per_second":	331147217.93047333,
					"omitted":	false,
					"sender":	false
				}],
			"sum":	{
				"start":	6.000054,
				"end":	7.00014,
				"seconds":	1.0000859498977661,
				"bytes":	41396960,
				"bits_per_second":	331147217.93047333,
				"omitted":	false,
				"sender":	false
			}
		}, {
			"streams":	[{
					"socket":	281,
					"start":	7.00014,
					"end":	8.000107,
					"seconds":	0.99996697902679443,
					"bytes":	28893248,
					"bits_per_second":	231153616.91739058,
					"omitted":	false,
					"sender":	false
				}],
			"sum":	{
				"start":	7.00014,
				"end":	8.000107,
				"seconds":	0.99996697902679443,
				"bytes":	28893248,
				"bits_per_second":	231153616.91739058,
				"omitted":	false,
				"sender":	false
			}
		}, {
			"streams":	[{
					"socket":	281,
					"start":	8.000107,
					"end":	9.000056,
					"seconds":	0.99994897842407227,
					"bytes":	23394752,
					"bits_per_second":	187167565.58415866,
					"omitted":	false,
					"sender":	false
				}],
			"sum":	{
				"start":	8.000107,
				"end":	9.000056,
				"seconds":	0.99994897842407227,
				"bytes":	23394752,
				"bits_per_second":	187167565.58415866,
				"omitted":	false,
				"sender":	false
			}
		}, {
			"streams":	[{
					"socket":	281,
					"start":	9.000056,
					"end":	10.000155,
					"seconds":	1.0000989437103271,
					"bytes":	18970912,
					"bits_per_second":	151752281.0662607,
					"omitted":	false,
					"sender":	false
				}],
			"sum":	{
				"start":	9.000056,
				"end":	10.000155,
				"seconds":	1.0000989437103271,
				"bytes":	18970912,
				"bits_per_second":	151752281.0662607,
				"omitted":	false,
				"sender":	false
			}
		}, {
			"streams":	[{
					"socket":	281,
					"start":	10.000155,
					"end":	11.000068,
					"seconds":	0.99991297721862793,
					"bytes":	19295648,
					"bits_per_second":	154378618.45676249,
					"omitted":	false,
					"sender":	false
				}],
			"sum":	{
				"start":	10.000155,
				"end":	11.000068,
				"seconds":	0.99991297721862793,
				"bytes":	19295648,
				"bits_per_second":	154378618.45676249,
				"omitted":	false,
				"sender":	false
			}
		}, {
			"streams":	[{
					"socket":	281,
					"start":	11.000068,
					"end":	12.000114,
					"seconds":	1.0000460147857666,
					"bytes":	12136320,
					"bits_per_second":	97086092.6042479,
					"omitted":	false,
					"sender":	false
				}],
			"sum":	{
				"start":	11.000068,
				"end":	12.000114,
				"seconds":	1.0000460147857666,
				"bytes":	12136320,
				"bits_per_second":	97086092.6042479,
				"omitted":	false,
				"sender":	false
			}
		}, {
			"streams":	[{
					"socket":	281,
					"start":	12.000114,
					"end":	13.000135,
					"seconds":	1.0000209808349609,
					"bytes":	10548416,
					"bits_per_second":	84385557.520544574,
					"omitted":	false,
					"sender":	false
				}],
			"sum":	{
				"start":	12.000114,
				"end":	13.000135,
				"seconds":	1.0000209808349609,
				"bytes":	10548416,
				"bits_per_second":	84385557.520544574,
				"omitted":	false,
				"sender":	false
			}
		}, {
			"streams":	[{
					"socket":	281,
					"start":	13.000135,
					"end":	14.000208,
					"seconds":	1.0000729560852051,
					"bytes":	10432832,
					"bits_per_second":	83456567.335562542,
					"omitted":	false,
					"sender":	false
				}],
			"sum":	{
				"start":	13.000135,
				"end":	14.000208,
				"seconds":	1.0000729560852051,
				"bytes":	10432832,
				"bits_per_second":	83456567.335562542,
				"omitted":	false,
				"sender":	false
			}
		}, {
			"streams":	[{
					"socket":	281,
					"start":	14.000208,
					"end":	15.000073,
					"seconds":	0.99986499547958374,
					"bytes":	11675360,
					"bits_per_second":	93415491.51363124,
					"omitted":	false,
					"sender":	false
				}],
			"sum":	{
				"start":	14.000208,
				"end":	15.000073,
				"seconds":	0.99986499547958374,
				"bytes":	11675360,
				"bits_per_second":	93415491.51363124,
				"omitted":	false,
				"sender":	false
			}
		}, {
			"streams":	[{
					"socket":	281,
					"start":	15.000073,
					"end":	16.000133,
					"seconds":	1.000059962272644,
					"bytes":	11116704,
					"bits_per_second":	88928299.657050192,
					"omitted":	false,
					"sender":	false
				}],
			"sum":	{
				"start":	15.000073,
				"end":	16.000133,
				"seconds":	1.000059962272644,
				"bytes":	11116704,