{"start": {"connected": [{"socket": 106, "local_host": "100.123.106.128", "local_port": 44153, "remote_host": "52.161.167.187", "remote_port": 5201}], "version": "iperf 3.7", "system_info": "Linux localhost 4.19.110-g9ceb3bf92e0a-ab6790968 #2 SMP PREEMPT Wed Aug 26 04:14:37 UTC 2020 aarch64", "timestamp": {"time": "2021-01-25 05:23:11 ", "timesecs": 1611591791.0}, "connecting_to": {"host": "52.161.167.187", "port": 5201}, "cookie": "wolja7hhewu47s2zl3icg5jlkeimipazal37", "sock_bufsize": 0, "sndbuf_actual": 212992, "rcvbuf_actual": 212992, "test_start": {"protocol": "UDP", "num_streams": 1, "blksize": 1376, "omit": 0, "duration": 30, "bytes": 0, "blocks": 0, "reverse": 1, "tos": 0}}, "intervals": [{"streams": [{"socket": 106, "start": 0, "end": 1.000409, "seconds": 1.0004090070724487, "bytes": 15237824, "bits_per_second": 121852753.36207756, "jitter_ms": 0.06457445804290773, "lost_packets": 154907, "packets": 165981, "lost_percent": 93.32815201739959, "omitted": false, "sender": false}], "sum": {"start": 0, "end": 1.000409, "seconds": 1.0004090070724487, "bytes": 15237824, "bits_per_second": 121852753.36207756, "jitter_ms": 0.06457445804290773, "lost_packets": 154907, "packets": 165981, "lost_percent": 93.32815201739959, "omitted": false, "sender": false}}, {"streams": [{"socket": 106, "start": 1.000409, "end": 2.000051, "seconds": 0.999642014503479, "bytes": 61922752, "bits_per_second": 495559419.0846967, "jitter_ms": 0.028858787530603457, "lost_packets": 209708, "packets": 254710, "lost_percent": 82.33206391582584, "omitted": false, "sender": false}], "sum": {"start": 1.000409, "end": 2.000051, "seconds": 0.999642014503479, "bytes": 61922752, "bits_per_second": 495559419.0846967, "jitter_ms": 0.028858787530603457, "lost_packets": 209708, "packets": 254710, "lost_percent": 82.33206391582584, "omitted": false, "sender": false}}, {"streams": [{"socket": 106, "start": 2.000051, "end": 3.000383, "seconds": 1.000331997871399, "bytes": 147073760, "bits_per_second": 1176199584.2416914, "jitter_ms": 0.10185312446888672, "lost_packets": 143116, "packets": 250001, "lost_percent": 57.24617101531594, "omitted": false, "sender": false}], "sum": {"start": 2.000051, "end": 3.000383, "seconds": 1.000331997871399, "bytes": 147073760, "bits_per_second": 1176199584.2416914, "jitter_ms": 0.10185312446888672, "lost_packets": 143116, "packets": 250001, "lost_percent": 57.24617101531594, "omitted": false, "sender": false}}, {"streams": [{"socket": 106, "start": 3.000383, "end": 4.000039, "seconds": 0.9996560215950012, "bytes": 109740128, "bits_per_second": 878223113.7859131, "jitter_ms": 0.004277624369497108, "lost_packets": 127149, "packets": 206902, "lost_percent": 61.45373171839808, "omitted": false, "sender": false}], "sum": {"start": 3.000383, "end": 4.000039, "seconds": 0.9996560215950012, "bytes": 109740128, "bits_per_second": 878223113.7859131, "jitter_ms": 0.004277624369497108, "lost_packets": 127149, "packets": 206902, "lost_percent": 61.45373171839808, "omitted": false, "sender": false}}, {"streams": [{"socket": 106, "start": 4.000039, "end": 5.000018, "seconds": 0.9999790191650391, "bytes": 199766304, "bits_per_second": 1598163962.8143444, "jitter_ms": 0.0026699116942869496, "lost_packets": 67431, "packets": 212610, "lost_percent": 31.715817694369974, "omitted": false, "sender": false}], "sum": {"start": 4.000039, "end": 5.000018, "seconds": 0.9999790191650391, "bytes": 199766304, "bits_per_second": 1598163962.8143444, "jitter_ms": 0.0026699116942869496, "lost_packets": 67431, "packets": 212610, "lost_percent": 31.715817694369974, "omitted": false, "sender": false}}, {"streams": [{"socket": 106, "start": 5.000018, "end": 6.000086, "seconds": 1.000067949295044, "bytes": 236987104, "bits_per_second": 1895768015.8997529, "jitter_ms": 0.04467704299193888, "lost_packets": 54804, "packets": 227033, "lost_percent": 24.13922205141984, "omitted": false, "sender": false}], "sum": {"start": 5.000018, "end": 6.000086, "seconds": 1.000067949295044, "bytes": 236987104, "bits_per_second": 1895768015.8997529, "jitter_ms": 0.04467704299193888, "lost_packets": 54804, "packets": 227033, "lost_percent": 24.13922205141984, "omitted": false, "sender": false}}, {"streams": [{"socket": 106, "start": 6.000086, "end": 7.000079, "seconds": 0.9999930262565613, "bytes": 226243296, "bits_per_second": 1809958990.1896322, "jitter_ms": 0.007446462204712471, "lost_packets": 64827, "packets": 229248, "lost_percent": 28.278109296482413, "omitted": false, "sender": false}], "sum": {"start": 6.000086, "end": 7.000079, "seconds": 0.9999930262565613, "bytes": 226243296, "bits_per_second": 1809958990.1896322, "jitter_ms": 0.007446462204712471, "lost_packets": 64827, "packets": 229248, "lost_percent": 28.278109296482413, "omitted": false, "sender": false}}, {"streams": [{"socket": 106, "start": 7.000079, "end": 8.000178, "seconds": 1.0000989437103271, "bytes": 146622432, "bits_per_second": 1172863408.542652, "jitter_ms": 0.17596119646147623, "lost_packets": 117438, "packets": 223995, "lost_percent": 52.428848858233444, "omitted": false, "sender": false}], "sum": {"start": 7.000079, "end": 8.000178, "seconds": 1.0000989437103271, "bytes": 146622432, "bits_per_second": 1172863408.542652, "jitter_ms": 0.17596119646147623, "lost_packets": 117438, "packets": 223995, "lost_percent": 52.428848858233444, "omitted": false, "sender": false}}, {"streams": [{"socket": 106, "start": 8.000178, "end": 9.001967, "seconds": 1.0017889738082886, "bytes": 27200768, "bits_per_second": 217217547.49682748, "jitter_ms": 0.3267318619072519, "lost_packets": 208585, "packets": 228353, "lost_percent": 91.34322737165704, "omitted": false, "sender": false}], "sum": {"start": 8.000178, "end": 9.001967, "seconds": 1.0017889738082886, "bytes": 27200768, "bits_per_second": 217217547.49682748, "jitter_ms": 0.3267318619072519, "lost_packets": 208585, "packets": 228353, "lost_percent": 91.34322737165704, "omitted": false, "sender": false}}, {"streams": [{"socket": 106, "start": 9.001967, "end": 10.00037, "seconds": 0.998403012752533, "bytes": 37251072, "bits_per_second": 298485253.1428261, "jitter_ms": 0.20077957299371457, "lost_packets": 198354, "packets": 225426, "lost_percent": 87.99073753693008, "omitted": false, "sender": false}], "sum": {"start": 9.001967, "end": 10.00037, "seconds": 0.998403012752533, "bytes": 37251072, "bits_per_second": 298485253.1428261, "jitter_ms": 0.20077957299371457, "lost_packets": 198354, "packets": 225426, "lost_percent": 87.99073753693008, "omitted": false, "sender": false}}, {"streams": [{"socket": 106, "start": 10.00037, "end": 11.000031, "seconds": 0.9996610283851624, "bytes": 23090656, "bits_per_second": 184787885.84806836, "jitter_ms": 0.0769886130788028, "lost_packets": 210204, "packets": 226985, "lost_percent": 92.60700046258563, "omitted": false, "sender": false}], "sum": {"start": 10.00037, "end": 11.000031, "seconds": 0.9996610283851624, "bytes": 23090656, "bits_per_second": 184787885.84806836, "jitter_ms": 0.0769886130788028, "lost_packets": 210204, "packets": 226985, "lost_percent": 92.60700046258563, "omitted": false, "sender": false}}, {"streams": [{"socket": 106, "start": 11.000031, "end": 12.002607, "seconds": 1.0025759935379028, "bytes": 28040128, "bits_per_second": 223744659.20375088, "jitter_ms": 0.32282442559692986, "lost_packets": 208697, "packets": 229075, "lost_percent": 91.10422350758485, "omitted": false, "sender": false}], "sum": {"start": 11.000031, "end": 12.002607, "seconds": 1.0025759935379028, "bytes": 28040128, "bits_per_second": 223744659.20375088, "jitter_ms": 0.32282442559692986, "lost_packets": 208697, "packets": 229075, "lost_percent": 91.10422350758485, "omitted": false, "sender": false}}, {"streams": [{"socket": 106, "start": 12.002607, "end": 13.002127, "seconds": 0.9995200037956238, "bytes": 26625600, "bits_per_second": 213107090.59461108, "jitter_ms": 0.009286476426658695, "lost_packets": 208247, "packets": 227597, "lost_percent": 91.49813046744904,