{"start": {"connected": [{"socket": 563, "local_host": "100.124.85.183", "local_port": 37809, "remote_host": "20.51.202.193", "remote_port": 5201}], "version": "iperf 3.7", "system_info": "Linux localhost 4.19.110-g9ceb3bf92e0a-ab6790968 #2 SMP PREEMPT Wed Aug 26 04:14:37 UTC 2020 aarch64", "timestamp": {"time": "Mon, 18 Jan 2021 21:19:50 ", "timesecs": 1608347990.0}, "connecting_to": {"host": "20.51.202.193", "port": 5201}, "cookie": "7ueespqgpoqhr7knykt3vswu327bkgdximyl", "sock_bufsize": 0, "sndbuf_actual": 212992, "rcvbuf_actual": 212992, "test_start": {"protocol": "UDP", "num_streams": 1, "blksize": 1376, "omit": 0, "duration": 30, "bytes": 0, "blocks": 0, "reverse": 1, "tos": 0}}, "intervals": [{"streams": [{"socket": 563, "start": 0, "end": 1.000021, "seconds": 1.000020980834961, "bytes": 58850144, "bits_per_second": 470791274.40597063, "jitter_ms": 0.0009117960038134732, "lost_packets": 125930, "packets": 168699, "lost_percent": 74.64774539268164, "omitted": false, "sender": false}], "sum": {"start": 0, "end": 1.000021, "seconds": 1.000020980834961, "bytes": 58850144, "bits_per_second": 470791274.40597063, "jitter_ms": 0.0009117960038134732, "lost_packets": 125930, "packets": 168699, "lost_percent": 74.64774539268164, "omitted": false, "sender": false}}, {"streams": [{"socket": 563, "start": 1.000021, "end": 2.000091, "seconds": 1.0000699758529663, "bytes": 69117856, "bits_per_second": 552904158.0599312, "jitter_ms": 0.02545516890382158, "lost_packets": 135881, "packets": 186112, "lost_percent": 73.0103378610729, "omitted": false, "sender": false}], "sum": {"start": 1.000021, "end": 2.000091, "seconds": 1.0000699758529663, "bytes": 69117856, "bits_per_second": 552904158.0599312, "jitter_ms": 0.02545516890382158, "lost_packets": 135881, "packets": 186112, "lost_percent": 73.0103378610729, "omitted": false, "sender": false}}, {"streams": [{"socket": 563, "start": 2.000091, "end": 3.000197, "seconds": 1.0001059770584106, "bytes": 61698464, "bits_per_second": 493535408.56917834, "jitter_ms": 0.03580222171978737, "lost_packets": 123737, "packets": 168576, "lost_percent": 73.40131454062262, "omitted": false, "sender": false}], "sum": {"start": 2.000091, "end": 3.000197, "seconds": 1.0001059770584106, "bytes": 61698464, "bits_per_second": 493535408.56917834, "jitter_ms": 0.03580222171978737, "lost_packets": 123737, "packets": 168576, "lost_percent": 73.40131454062262, "omitted": false, "sender": false}}, {"streams": [{"socket": 563, "start": 3.000197, "end": 4.000094, "seconds": 0.9998970031738281, "bytes": 65167360, "bits_per_second": 521392581.781113, "jitter_ms": 0.0005474996880226338, "lost_packets": 124993, "packets": 172353, "lost_percent": 72.52151108480851, "omitted": false, "sender": false}], "sum": {"start": 3.000197, "end": 4.000094, "seconds": 0.9998970031738281, "bytes": 65167360, "bits_per_second": 521392581.781113, "jitter_ms": 0.0005474996880226338, "lost_packets": 124993, "packets": 172353, "lost_percent": 72.52151108480851, "omitted": false, "sender": false}}, {"streams": [{"socket": 563, "start": 4.000094, "end": 5.000025, "seconds": 0.9999309778213501, "bytes": 62230976, "bits_per_second": 497882172.9122853, "jitter_ms": 0.03469581311795586, "lost_packets": 125383, "packets": 170609, "lost_percent": 73.49143362894102, "omitted": false, "sender": false}], "sum": {"start": 4.000094, "end": 5.000025, "seconds": 0.9999309778213501, "bytes": 62230976, "bits_per_second": 497882172.9122853, "jitter_ms": 0.03469581311795586, "lost_packets": 125383, "packets": 170609, "lost_percent": 73.49143362894102, "omitted": false, "sender": false}}, {"streams": [{"socket": 563, "start": 5.000025, "end": 6.00009, "seconds": 1.0000649690628052, "bytes": 65117824, "bits_per_second": 520908749.0467674, "jitter_ms": 0.0010146157951552272, "lost_packets": 124773, "packets": 172097, "lost_percent": 72.50155435597367, "omitted": false, "sender": false}], "sum": {"start": 5.000025, "end": 6.00009, "seconds": 1.0000649690628052, "bytes": 65117824, "bits_per_second": 520908749.0467674, "jitter_ms": 0.0010146157951552272, "lost_packets": 124773, "packets": 172097, "lost_percent": 72.50155435597367, "omitted": false, "sender": false}}, {"streams": [{"socket": 563, "start": 6.00009, "end": 7.000254, "seconds": 1.0001640319824219, "bytes": 58997376, "bits_per_second": 471901601.0448726, "jitter_ms": 0.013149963937030522, "lost_packets": 119281, "packets": 162157, "lost_percent": 73.55895829350568, "omitted": false, "sender": false}], "sum": {"start": 6.00009, "end": 7.000254, "seconds": 1.0001640319824219, "bytes": 58997376, "bits_per_second": 471901601.0448726, "jitter_ms": 0.013149963937030522, "lost_packets": 119281, "packets": 162157, "lost_percent": 73.55895829350568, "omitted": false, "sender": false}}, {"streams": [{"socket": 563, "start": 7.000254, "end": 8.000491, "seconds": 1.000236988067627, "bytes": 65188000, "bits_per_second": 521380439.0572493, "jitter_ms": 0.01693170209375739, "lost_packets": 132870, "packets": 180245, "lost_percent": 73.7163305500846, "omitted": false, "sender": false}], "sum": {"start": 7.000254, "end": 8.000491, "seconds": 1.000236988067627, "bytes": 65188000, "bits_per_second": 521380439.0572493, "jitter_ms": 0.01693170209375739, "lost_packets": 132870, "packets": 180245, "lost_percent": 73.7163305500846, "omitted": false, "sender": false}}, {"streams": [{"socket": 563, "start": 8.000491, "end": 9.000091, "seconds": 0.9995999932289124, "bytes": 62985024, "bits_per_second": 504081828.14444, "jitter_ms": 0.000731029353188699, "lost_packets": 123906, "packets": 169680, "lost_percent": 73.02333804809052, "omitted": false, "sender": false}], "sum": {"start": 8.000491, "end": 9.000091, "seconds": 0.9995999932289124, "bytes": 62985024, "bits_per_second": 504081828.14444, "jitter_ms": 0.000731029353188699, "lost_packets": 123906, "packets": 169680, "lost_percent": 73.02333804809052, "omitted": false, "sender": false}}, {"streams": [{"socket": 563, "start": 9.000091, "end": 10.000201, "seconds": 1.0001100301742554, "bytes": 63606976, "bits_per_second": 508799824.6666308, "jitter_ms": 0.03611983646990979, "lost_packets": 124053, "packets": 170279, "lost_percent": 72.85278865861322, "omitted": false, "sender": false}], "sum": {"start": 9.000091, "end": 10.000201, "seconds": 1.0001100301742554, "bytes": 63606976, "bits_per_second": 508799824.6666308, "jitter_ms": 0.03611983646990979, "lost_packets": 124053, "packets": 170279, "lost_percent": 72.85278865861322, "omitted": false, "sender": false}}, {"streams": [{"socket": 563, "start": 10.000201, "end": 11.000023, "seconds": 0.9998220205307007, "bytes": 61256768, "bits_per_second": 490141379.1025343, "jitter_ms": 0.019155399923321634, "lost_packets": 123187, "packets": 167705, "lost_percent": 73.45457797918965, "omitted": false, "sender": false}], "sum": {"start": 10.000201, "end": 11.000023, "seconds": 0.9998220205307007, "bytes": 61256768, "bits_per_second": 490141379.1025343, "jitter_ms": 0.019155399923321634, "lost_packets": 123187, "packets": 167705, "lost_percent": 73.45457797918965, "omitted": false, "sender": false}}, {"streams": [{"socket": 563, "start": 11.000023, "end": 12.000018, "seconds": 0.9999949932098389, "bytes": 66010848, "bits_per_second": 528089428.0329525, "jitter_ms": 0.0025748066036917106, "lost_packets": 124139, "packets": 172112, "lost_percent": 72.12687087477921, "omitted": false, "sender": false}], "sum": {"start": 11.000023, "end": 12.000018, "seconds": 0.9999949932098389, "bytes": 66010848, "bits_per_second": 528089428.0329525, "jitter_ms": 0.0025748066036917106, "lost_packets": 124139, "packets": 172112, "lost_percent": 72.12687087477921, "omitted": false, "sender": false}}, {"streams": [{"socket": 563, "start": 12.000018, "end": 13.000023, "seconds": 1.0000050067901611, "bytes": 59886272, "bits_per_second": 479087777.30803025, "jitter_ms": 0.000735589703297876, "lost_packets": 117123, "packets": 160645, "lost_percent": 72.9079647670329, "omitted": false,