{"start": {"connected": [{"socket": 162, "local_host": "100.123.106.128", "local_port": 48576, "remote_host": "20.51.202.193", "remote_port": 5201}], "version": "iperf 3.7", "system_info": "Linux localhost 4.19.110-g9ceb3bf92e0a-ab6790968 #2 SMP PREEMPT Wed Aug 26 04:14:37 UTC 2020 aarch64", "timestamp": {"time": "2021-01-25 04:49:03 ", "timesecs": 1611589743.0}, "connecting_to": {"host": "20.51.202.193", "port": 5201}, "cookie": "znw5fwopl54elobfyaldxqbxvobvwsxbscth", "sock_bufsize": 0, "sndbuf_actual": 212992, "rcvbuf_actual": 212992, "test_start": {"protocol": "UDP", "num_streams": 1, "blksize": 1376, "omit": 0, "duration": 30, "bytes": 0, "blocks": 0, "reverse": 1, "tos": 0}}, "intervals": [{"streams": [{"socket": 162, "start": 0, "end": 1.002901, "seconds": 1.0029009580612183, "bytes": 53862144, "bits_per_second": 429650753.1840423, "jitter_ms": 0.2802069003127633, "lost_packets": 127258, "packets": 166402, "lost_percent": 76.47624427591015, "omitted": false, "sender": false}], "sum": {"start": 0, "end": 1.002901, "seconds": 1.0029009580612183, "bytes": 53862144, "bits_per_second": 429650753.1840423, "jitter_ms": 0.2802069003127633, "lost_packets": 127258, "packets": 166402, "lost_percent": 76.47624427591015, "omitted": false, "sender": false}}, {"streams": [{"socket": 162, "start": 1.002901, "end": 2.000125, "seconds": 0.997223973274231, "bytes": 60530240, "bits_per_second": 485589930.6251798, "jitter_ms": 0.007132092464430137, "lost_packets": 163870, "packets": 207860, "lost_percent": 78.83671702107188, "omitted": false, "sender": false}], "sum": {"start": 1.002901, "end": 2.000125, "seconds": 0.997223973274231, "bytes": 60530240, "bits_per_second": 485589930.6251798, "jitter_ms": 0.007132092464430137, "lost_packets": 163870, "packets": 207860, "lost_percent": 78.83671702107188, "omitted": false, "sender": false}}, {"streams": [{"socket": 162, "start": 2.000125, "end": 3.000487, "seconds": 1.0003620386123657, "bytes": 61749376, "bits_per_second": 493816227.45824736, "jitter_ms": 0.10334059743203446, "lost_packets": 163236, "packets": 208112, "lost_percent": 78.43661105558546, "omitted": false, "sender": false}], "sum": {"start": 2.000125, "end": 3.000487, "seconds": 1.0003620386123657, "bytes": 61749376, "bits_per_second": 493816227.45824736, "jitter_ms": 0.10334059743203446, "lost_packets": 163236, "packets": 208112, "lost_percent": 78.43661105558546, "omitted": false, "sender": false}}, {"streams": [{"socket": 162, "start": 3.000487, "end": 4.000281, "seconds": 0.9997940063476562, "bytes": 59512000, "bits_per_second": 476194092.9604334, "jitter_ms": 0.06258857778291584, "lost_packets": 165451, "packets": 208701, "lost_percent": 79.27657270449112, "omitted": false, "sender": false}], "sum": {"start": 3.000487, "end": 4.000281, "seconds": 0.9997940063476562, "bytes": 59512000, "bits_per_second": 476194092.9604334, "jitter_ms": 0.06258857778291584, "lost_packets": 165451, "packets": 208701, "lost_percent": 79.27657270449112, "omitted": false, "sender": false}}, {"streams": [{"socket": 162, "start": 4.000281, "end": 5.002005, "seconds": 1.0017240047454834, "bytes": 60200000, "bits_per_second": 480771148.2589101, "jitter_ms": 0.14869783759686758, "lost_packets": 160564, "packets": 204314, "lost_percent": 78.58688097731923, "omitted": false, "sender": false}], "sum": {"start": 4.000281, "end": 5.002005, "seconds": 1.0017240047454834, "bytes": 60200000, "bits_per_second": 480771148.2589101, "jitter_ms": 0.14869783759686758, "lost_packets": 160564, "packets": 204314, "lost_percent": 78.58688097731923, "omitted": false, "sender": false}}, {"streams": [{"socket": 162, "start": 5.002005, "end": 6.000677, "seconds": 0.9986720085144043, "bytes": 54934048, "bits_per_second": 440056775.65124357, "jitter_ms": 0.0761406078270818, "lost_packets": 161791, "packets": 201714, "lost_percent": 80.20811644209128, "omitted": false, "sender": false}], "sum": {"start": 5.002005, "end": 6.000677, "seconds": 0.9986720085144043, "bytes": 54934048, "bits_per_second": 440056775.65124357, "jitter_ms": 0.0761406078270818, "lost_packets": 161791, "packets": 201714, "lost_percent": 80.20811644209128, "omitted": false, "sender": false}}, {"streams": [{"socket": 162, "start": 6.000677, "end": 7.000679, "seconds": 1.0000020265579224, "bytes": 55854592, "bits_per_second": 446835830.46130776, "jitter_ms": 0.05179140407841294, "lost_packets": 162389, "packets": 202981, "lost_percent": 80.00206915918238, "omitted": false, "sender": false}], "sum": {"start": 6.000677, "end": 7.000679, "seconds": 1.0000020265579224, "bytes": 55854592, "bits_per_second": 446835830.46130776, "jitter_ms": 0.05179140407841294, "lost_packets": 162389, "packets": 202981, "lost_percent": 80.00206915918238, "omitted": false, "sender": false}}, {"streams": [{"socket": 162, "start": 7.000679, "end": 8.002754, "seconds": 1.002074956893921, "bytes": 58806112, "bits_per_second": 469474756.1182706, "jitter_ms": 0.12008964018906268, "lost_packets": 168008, "packets": 210745, "lost_percent": 79.72098982182258, "omitted": false, "sender": false}], "sum": {"start": 7.000679, "end": 8.002754, "seconds": 1.002074956893921, "bytes": 58806112, "bits_per_second": 469474756.1182706, "jitter_ms": 0.12008964018906268, "lost_packets": 168008, "packets": 210745, "lost_percent": 79.72098982182258, "omitted": false, "sender": false}}, {"streams": [{"socket": 162, "start": 8.002754, "end": 9.000457, "seconds": 0.9977030158042908, "bytes": 55999072, "bits_per_second": 449023976.9786144, "jitter_ms": 0.07549746634067488, "lost_packets": 168769, "packets": 209466, "lost_percent": 80.5710712000993, "omitted": false, "sender": false}], "sum": {"start": 8.002754, "end": 9.000457, "seconds": 0.9977030158042908, "bytes": 55999072, "bits_per_second": 449023976.9786144, "jitter_ms": 0.07549746634067488, "lost_packets": 168769, "packets": 209466, "lost_percent": 80.5710712000993, "omitted": false, "sender": false}}, {"streams": [{"socket": 162, "start": 9.000457, "end": 10.000445, "seconds": 0.9999880194664001, "bytes": 59924800, "bits_per_second": 479404143.5174493, "jitter_ms": 0.15315505220374012, "lost_packets": 160676, "packets": 204226, "lost_percent": 78.67558489124794, "omitted": false, "sender": false}], "sum": {"start": 9.000457, "end": 10.000445, "seconds": 0.9999880194664001, "bytes": 59924800, "bits_per_second": 479404143.5174493, "jitter_ms": 0.15315505220374012, "lost_packets": 160676, "packets": 204226, "lost_percent": 78.67558489124794, "omitted": false, "sender": false}}, {"streams": [{"socket": 162, "start": 10.000445, "end": 11.000157, "seconds": 0.9997119903564453, "bytes": 60629312, "bits_per_second": 485174230.8572911, "jitter_ms": 0.09080725078314085, "lost_packets": 163675, "packets": 207737, "lost_percent": 78.78952714249267, "omitted": false, "sender": false}], "sum": {"start": 10.000445, "end": 11.000157, "seconds": 0.9997119903564453, "bytes": 60629312, "bits_per_second": 485174230.8572911, "jitter_ms": 0.09080725078314085, "lost_packets": 163675, "packets": 207737, "lost_percent": 78.78952714249267, "omitted": false, "sender": false}}, {"streams": [{"socket": 162, "start": 11.000157, "end": 12.000606, "seconds": 1.0004489421844482, "bytes": 58991872, "bits_per_second": 471723199.5563363, "jitter_ms": 0.010931249035809061, "lost_packets": 167149, "packets": 210021, "lost_percent": 79.58680322443946, "omitted": false, "sender": false}], "sum": {"start": 11.000157, "end": 12.000606, "seconds": 1.0004489421844482, "bytes": 58991872, "bits_per_second": 471723199.5563363, "jitter_ms": 0.010931249035809061, "lost_packets": 167149, "packets": 210021, "lost_percent": 79.58680322443946, "omitted": false, "sender": false}}, {"streams": [{"socket": 162, "start": 12.000606, "end": 13.002477, "seconds": 1.0018709897994995, "bytes": 61287040, "bits_per_second": 489380693.71398914, "jitter_ms": 0.019109226664525365, "lost_packets": 163621, "packets": 208161, "lost_percent": 78.60310048472095, "omitted": false,