{"start": {"connected": [{"socket": 599, "local_host": "100.124.85.183", "local_port": 45668, "remote_host": "20.96.192.197", "remote_port": 5201}], "version": "iperf 3.7", "system_info": "Linux localhost 4.19.110-g9ceb3bf92e0a-ab6790968 #2 SMP PREEMPT Wed Aug 26 04:14:37 UTC 2020 aarch64", "timestamp": {"time": "Mon, 18 Jan 2021 21:25:05 ", "timesecs": 1608348305.0}, "connecting_to": {"host": "20.96.192.197", "port": 5201}, "cookie": "w6lqkytd5jehbzi2arlgcbq6buns5bzh2c3e", "sock_bufsize": 0, "sndbuf_actual": 212992, "rcvbuf_actual": 212992, "test_start": {"protocol": "UDP", "num_streams": 1, "blksize": 1376, "omit": 0, "duration": 30, "bytes": 0, "blocks": 0, "reverse": 1, "tos": 0}}, "intervals": [{"streams": [{"socket": 599, "start": 0, "end": 1.000089, "seconds": 1.0000890493392944, "bytes": 71344224, "bits_per_second": 570702971.2774744, "jitter_ms": 0.0006415536451278347, "lost_packets": 146783, "packets": 198632, "lost_percent": 73.89695517338596, "omitted": false, "sender": false}], "sum": {"start": 0, "end": 1.000089, "seconds": 1.0000890493392944, "bytes": 71344224, "bits_per_second": 570702971.2774744, "jitter_ms": 0.0006415536451278347, "lost_packets": 146783, "packets": 198632, "lost_percent": 73.89695517338596, "omitted": false, "sender": false}}, {"streams": [{"socket": 599, "start": 1.000089, "end": 2.000088, "seconds": 0.9999989867210388, "bytes": 67768000, "bits_per_second": 542144549.3436657, "jitter_ms": 0.0008707338212057513, "lost_packets": 137113, "packets": 186363, "lost_percent": 73.57308049344559, "omitted": false, "sender": false}], "sum": {"start": 1.000089, "end": 2.000088, "seconds": 0.9999989867210388, "bytes": 67768000, "bits_per_second": 542144549.3436657, "jitter_ms": 0.0008707338212057513, "lost_packets": 137113, "packets": 186363, "lost_percent": 73.57308049344559, "omitted": false, "sender": false}}, {"streams": [{"socket": 599, "start": 2.000088, "end": 3.000092, "seconds": 1.0000040531158447, "bytes": 66562624, "bits_per_second": 532498833.72053975, "jitter_ms": 0.0007560478715618922, "lost_packets": 144016, "packets": 192390, "lost_percent": 74.85628151151307, "omitted": false, "sender": false}], "sum": {"start": 2.000088, "end": 3.000092, "seconds": 1.0000040531158447, "bytes": 66562624, "bits_per_second": 532498833.72053975, "jitter_ms": 0.0007560478715618922, "lost_packets": 144016, "packets": 192390, "lost_percent": 74.85628151151307, "omitted": false, "sender": false}}, {"streams": [{"socket": 599, "start": 3.000092, "end": 4.000025, "seconds": 0.9999330043792725, "bytes": 59883520, "bits_per_second": 479100257.6191499, "jitter_ms": 0.005540173432257249, "lost_packets": 152371, "packets": 195891, "lost_percent": 77.78356330816628, "omitted": false, "sender": false}], "sum": {"start": 3.000092, "end": 4.000025, "seconds": 0.9999330043792725, "bytes": 59883520, "bits_per_second": 479100257.6191499, "jitter_ms": 0.005540173432257249, "lost_packets": 152371, "packets": 195891, "lost_percent": 77.78356330816628, "omitted": false, "sender": false}}, {"streams": [{"socket": 599, "start": 4.000025, "end": 5.000089, "seconds": 1.0000640153884888, "bytes": 67323552, "bits_per_second": 538553940.260292, "jitter_ms": 0.0006174222646282388, "lost_packets": 147465, "packets": 196392, "lost_percent": 75.0870707564463, "omitted": false, "sender": false}], "sum": {"start": 4.000025, "end": 5.000089, "seconds": 1.0000640153884888, "bytes": 67323552, "bits_per_second": 538553940.260292, "jitter_ms": 0.0006174222646282388, "lost_packets": 147465, "packets": 196392, "lost_percent": 75.0870707564463, "omitted": false, "sender": false}}, {"streams": [{"socket": 599, "start": 5.000089, "end": 6.000088, "seconds": 0.9999989867210388, "bytes": 65428800, "bits_per_second": 523430930.38154936, "jitter_ms": 0.0006135297131444821, "lost_packets": 146553, "packets": 194103, "lost_percent": 75.50269702168437, "omitted": false, "sender": false}], "sum": {"start": 5.000089, "end": 6.000088, "seconds": 0.9999989867210388, "bytes": 65428800, "bits_per_second": 523430930.38154936, "jitter_ms": 0.0006135297131444821, "lost_packets": 146553, "packets": 194103, "lost_percent": 75.50269702168437, "omitted": false, "sender": false}}, {"streams": [{"socket": 599, "start": 6.000088, "end": 7.000088, "seconds": 1, "bytes": 66392000, "bits_per_second": 531136000, "jitter_ms": 0.0006697713897426931, "lost_packets": 147741, "packets": 195991, "lost_percent": 75.38152262093668, "omitted": false, "sender": false}], "sum": {"start": 6.000088, "end": 7.000088, "seconds": 1, "bytes": 66392000, "bits_per_second": 531136000, "jitter_ms": 0.0006697713897426931, "lost_packets": 147741, "packets": 195991, "lost_percent": 75.38152262093668, "omitted": false, "sender": false}}, {"streams": [{"socket": 599, "start": 7.000088, "end": 8.000149, "seconds": 1.00006103515625, "bytes": 67693696, "bits_per_second": 541516516.4548062, "jitter_ms": 0.0343813829259545, "lost_packets": 145286, "packets": 194482, "lost_percent": 74.70408572515709, "omitted": false, "sender": false}], "sum": {"start": 7.000088, "end": 8.000149, "seconds": 1.00006103515625, "bytes": 67693696, "bits_per_second": 541516516.4548062, "jitter_ms": 0.0343813829259545, "lost_packets": 145286, "packets": 194482, "lost_percent": 74.70408572515709, "omitted": false, "sender": false}}, {"streams": [{"socket": 599, "start": 8.000149, "end": 9.000372, "seconds": 1.0002230405807495, "bytes": 64293600, "bits_per_second": 514234104.926596, "jitter_ms": 0.0085219504580575, "lost_packets": 140680, "packets": 187405, "lost_percent": 75.06736746618287, "omitted": false, "sender": false}], "sum": {"start": 8.000149, "end": 9.000372, "seconds": 1.0002230405807495, "bytes": 64293600, "bits_per_second": 514234104.926596, "jitter_ms": 0.0085219504580575, "lost_packets": 140680, "packets": 187405, "lost_percent": 75.06736746618287, "omitted": false, "sender": false}}, {"streams": [{"socket": 599, "start": 9.000372, "end": 10.000108, "seconds": 0.9997360110282898, "bytes": 62434624, "bits_per_second": 499608883.23534256, "jitter_ms": 0.002108811379410618, "lost_packets": 157128, "packets": 202502, "lost_percent": 77.59330772041757, "omitted": false, "sender": false}], "sum": {"start": 9.000372, "end": 10.000108, "seconds": 0.9997360110282898, "bytes": 62434624, "bits_per_second": 499608883.23534256, "jitter_ms": 0.002108811379410618, "lost_packets": 157128, "packets": 202502, "lost_percent": 77.59330772041757, "omitted": false, "sender": false}}, {"streams": [{"socket": 599, "start": 10.000108, "end": 11.00009, "seconds": 0.9999819993972778, "bytes": 67836800, "bits_per_second": 542704169.0021418, "jitter_ms": 0.0006264623160952721, "lost_packets": 146780, "packets": 196080, "lost_percent": 74.85720114239086, "omitted": false, "sender": false}], "sum": {"start": 10.000108, "end": 11.00009, "seconds": 0.9999819993972778, "bytes": 67836800, "bits_per_second": 542704169.0021418, "jitter_ms": 0.0006264623160952721, "lost_packets": 146780, "packets": 196080, "lost_percent": 74.85720114239086, "omitted": false, "sender": false}}, {"streams": [{"socket": 599, "start": 11.00009, "end": 12.000021, "seconds": 0.9999309778213501, "bytes": 66280544, "bits_per_second": 530280953.14668274, "jitter_ms": 0.04611284694016443, "lost_packets": 145516, "packets": 193685, "lost_percent": 75.13023724088082, "omitted": false, "sender": false}], "sum": {"start": 11.00009, "end": 12.000021, "seconds": 0.9999309778213501, "bytes": 66280544, "bits_per_second": 530280953.14668274, "jitter_ms": 0.04611284694016443, "lost_packets": 145516, "packets": 193685, "lost_percent": 75.13023724088082, "omitted": false, "sender": false}}, {"streams": [{"socket": 599, "start": 12.000021, "end": 13.000023, "seconds": 1.0000020265579224, "bytes": 67499680, "bits_per_second": 539996345.6661277, "jitter_ms": 0.0012120605544217809, "lost_packets": 147490, "packets": 196545, "lost_percent": 75.04133913353176, "omitted": false, "sender": false}],