{
	"start":	{
		"connected":	[{
				"socket":	186,
				"local_host":	"100.124.85.183",
				"local_port":	37986,
				"remote_host":	"20.75.78.124",
				"remote_port":	5201
			}],
		"version":	"iperf 3.7",
		"system_info":	"Linux localhost 4.19.110-g9ceb3bf92e0a-ab6790968 #2 SMP PREEMPT Wed Aug 26 04:14:37 UTC 2020 aarch64",
		"timestamp":	{
			"time":	"Mon, 17 May 2021 23:09:50 GMT",
			"timesecs":	1621292990
		},
		"connecting_to":	{
			"host":	"20.75.78.124",
			"port":	5201
		},
		"cookie":	"mtwsw2b4szmjx5xkuznoxp7b3eui2qgbzqij",
		"tcp_mss_default":	1376,
		"target_bitrate":	3000000000,
		"sock_bufsize":	0,
		"sndbuf_actual":	2097152,
		"rcvbuf_actual":	6291456,
		"test_start":	{
			"protocol":	"TCP",
			"num_streams":	1,
			"blksize":	131072,
			"omit":	0,
			"duration":	30,
			"bytes":	0,
			"blocks":	0,
			"reverse":	1,
			"tos":	0
		}
	},
	"intervals":	[{
			"streams":	[{
					"socket":	186,
					"start":	0,
					"end":	1.000119,
					"seconds":	1.0001189708709717,
					"bytes":	1748896,
					"bits_per_second":	13989503.656565517,
					"omitted":	false,
					"sender":	false
				}],
			"sum":	{
				"start":	0,
				"end":	1.000119,
				"seconds":	1.0001189708709717,
				"bytes":	1748896,
				"bits_per_second":	13989503.656565517,
				"omitted":	false,
				"sender":	false
			}
		}, {
			"streams":	[{
					"socket":	186,
					"start":	1.000119,
					"end":	2.000426,
					"seconds":	1.0003069639205933,
					"bytes":	3797760,
					"bits_per_second":	30372756.659536563,
					"omitted":	false,
					"sender":	false
				}],
			"sum":	{
				"start":	1.000119,
				"end":	2.000426,
				"seconds":	1.0003069639205933,
				"bytes":	3797760,
				"bits_per_second":	30372756.659536563,
				"omitted":	false,
				"sender":	false
			}
		}, {
			"streams":	[{
					"socket":	186,
					"start":	2.000426,
					"end":	3.000371,
					"seconds":	0.99994498491287231,
					"bytes":	13312800,
					"bits_per_second":	106508259.56117958,
					"omitted":	false,
					"sender":	false
				}],
			"sum":	{
				"start":	2.000426,
				"end":	3.000371,
				"seconds":	0.99994498491287231,
				"bytes":	13312800,
				"bits_per_second":	106508259.56117958,
				"omitted":	false,
				"sender":	false
			}
		}, {
			"streams":	[{
					"socket":	186,
					"start":	3.000371,
					"end":	4.000091,
					"seconds":	0.99971997737884521,
					"bytes":	23158080,
					"bits_per_second":	185316532.82126394,
					"omitted":	false,
					"sender":	false
				}],
			"sum":	{
				"start":	3.000371,
				"end":	4.000091,
				"seconds":	0.99971997737884521,
				"bytes":	23158080,
				"bits_per_second":	185316532.82126394,
				"omitted":	false,
				"sender":	false
			}
		}, {
			"streams":	[{
					"socket":	186,
					"start":	4.000091,
					"end":	5.00035,
					"seconds":	1.0002590417861938,
					"bytes":	24520320,
					"bits_per_second":	196111758.85969138,
					"omitted":	false,
					"sender":	false
				}],
			"sum":	{
				"start":	4.000091,
				"end":	5.00035,
				"seconds":	1.0002590417861938,
				"bytes":	24520320,
				"bits_per_second":	196111758.85969138,
				"omitted":	false,
				"sender":	false
			}
		}, {
			"streams":	[{
					"socket":	186,
					"start":	5.00035,
					"end":	6.000106,
					"seconds":	0.99975597858428955,
					"bytes":	26615968,
					"bits_per_second":	212979715.61172119,
					"omitted":	false,
					"sender":	false
				}],
			"sum":	{
				"start":	5.00035,
				"end":	6.000106,
				"seconds":	0.99975597858428955,
				"bytes":	26615968,
				"bits_per_second":	212979715.61172119,
				"omitted":	false,
				"sender":	false
			}
		}, {
			"streams":	[{
					"socket":	186,
					"start":	6.000106,
					"end":	7.000102,
					"seconds":	0.9999960064888,
					"bytes":	20948224,
					"bits_per_second":	167586461.25841,
					"omitted":	false,
					"sender":	false
				}],
			"sum":	{
				"start":	6.000106,
				"end":	7.000102,
				"seconds":	0.9999960064888,
				"bytes":	20948224,
				"bits_per_second":	167586461.25841,
				"omitted":	false,
				"sender":	false
			}
		}, {
			"streams":	[{
					"socket":	186,
					"start":	7.000102,
					"end":	8.000112,
					"seconds":	1.0000100135803223,
					"bytes":	21702272,
					"bits_per_second":	173616437.47785804,
					"omitted":	false,
					"sender":	false
				}],
			"sum":	{
				"start":	7.000102,
				"end":	8.000112,
				"seconds":	1.0000100135803223,
				"bytes":	21702272,
				"bits_per_second":	173616437.47785804,
				"omitted":	false,
				"sender":	false
			}
		}, {
			"streams":	[{
					"socket":	186,
					"start":	8.000112,
					"end":	9.002128,
					"seconds":	1.0020159482955933,
					"bytes":	8804000,
					"bits_per_second":	70290298.392758384,
					"omitted":	false,
					"sender":	false
				}],
			"sum":	{
				"start":	8.000112,
				"end":	9.002128,
				"seconds":	1.0020159482955933,
				"bytes":	8804000,
				"bits_per_second":	70290298.392758384,
				"omitted":	false,
				"sender":	false
			}
		}, {
			"streams":	[{
					"socket":	186,
					"start":	9.002128,
					"end":	10.000114,
					"seconds":	0.99798601865768433,
					"bytes":	10413216,
					"bits_per_second":	83473842.761893854,
					"omitted":	false,
					"sender":	false
				}],
			"sum":	{
				"start":	9.002128,
				"end":	10.000114,
				"seconds":	0.99798601865768433,
				"bytes":	10413216,
				"bits_per_second":	83473842.761893854,
				"omitted":	false,
				"sender":	false
			}
		}, {
			"streams":	[{
					"socket":	186,
					"start":	10.000114,
					"end":	11.005471,
					"seconds":	1.005357027053833,
					"bytes":	9391552,
					"bits_per_second":	74732074.2564193,
					"omitted":	false,
					"sender":	false
				}],
			"sum":	{
				"start":	10.000114,
				"end":	11.005471,
				"seconds":	1.005357027053833,
				"bytes":	9391552,
				"bits_per_second":	74732074.2564193,
				"omitted":	false,
				"sender":	false
			}
		}, {
			"streams":	[{
					"socket":	186,
					"start":	11.005471,
					"end":	12.000133,
					"seconds":	0.99466198682785034,
					"bytes":	9330304,
					"bits_per_second":	75043012.5896815,
					"omitted":	false,
					"sender":	false
				}],
			"sum":	{
				"start":	11.005471,
				"end":	12.000133,
				"seconds":	0.99466198682785034,
				"bytes":	9330304,
				"bits_per_second":	75043012.5896815,
				"omitted":	false,
				"sender":	false
			}
		}, {
			"streams":	[{
					"socket":	186,
					"start":	12.000133,
					"end":	13.000116,
					"seconds":	0.999983012676239,
					"bytes":	9029312,
					"bits_per_second":	72235723.09161526,
					"omitted":	false,
					"sender":	false
				}],
			"sum":	{
				"start":	12.000133,
				"end":	13.000116,
				"seconds":	0.999983012676239,
				"bytes":	9029312,
				"bits_per_second":	72235723.09161526,
				"omitted":	false,
				"sender":	false
			}
		}, {
			"streams":	[{
					"socket":	186,
					"start":	13.000116,
					"end":	14.00035,
					"seconds":	1.0002340078353882,
					"bytes":	6728640,
					"bits_per_second":	53816526.511123024,
					"omitted":	false,
					"sender":	false
				}],
			"sum":	{
				"start":	13.000116,
				"end":	14.00035,
				"seconds":	1.0002340078353882,
				"bytes":	6728640,
				"bits_per_second":	53816526.511123024,
				"omitted":	false,
				"sender":	false
			}
		}, {
			"streams":	[{
					"socket":	186,
					"start":	14.00035,
					"end":	15.000353,
					"seconds":	1.0000029802322388,
					"bytes":	7375360,
					"bits_per_second":	59002704.158238895,
					"omitted":	false,
					"sender":	false
				}],
			"sum":	{
				"start":	14.00035,
				"end":	15.000353,
				"seconds":	1.0000029802322388,
				"bytes":	7375360,
				"bits_per_second":	59002704.158238895,
				"omitted":	false,
				"sender":	false
			}
		}, {
			"streams":	[{
					"socket":	186,
					"start":	15.000353,
					"end":	16.000115,
					"seconds":	0.99976199865341187,
					"bytes":	9334784,
					"bits_per_second":	74696049.7604278,
					"omitted":	false,
					"sender":	false
				}],
			"sum":	{
				"start":	15.000353,
				"end":	16.000115,
				"seconds":	0.99976199865341187,
				"bytes":	9334784,
				"bits_per_second":	74696049.7604278,