{
	"start":	{
		"connected":	[{
				"socket":	362,
				"local_host":	"100.124.59.153",
				"local_port":	49894,
				"remote_host":	"20.51.229.186",
				"remote_port":	5201
			}],
		"version":	"iperf 3.7",
		"system_info":	"Linux localhost 4.19.110-g9ceb3bf92e0a-ab6790968 #2 SMP PREEMPT Wed Aug 26 04:14:37 UTC 2020 aarch64",
		"timestamp":	{
			"time":	"Tue, 11 May 2021 17:36:35 GMT",
			"timesecs":	1620754595
		},
		"connecting_to":	{
			"host":	"20.51.229.186",
			"port":	5201
		},
		"cookie":	"dc6vjw6hkxee6x73lqqqdv4u7qu23ramdgmi",
		"tcp_mss_default":	1376,
		"target_bitrate":	2000000000,
		"sock_bufsize":	0,
		"sndbuf_actual":	2097152,
		"rcvbuf_actual":	6291456,
		"test_start":	{
			"protocol":	"TCP",
			"num_streams":	1,
			"blksize":	131072,
			"omit":	0,
			"duration":	30,
			"bytes":	0,
			"blocks":	0,
			"reverse":	1,
			"tos":	0
		}
	},
	"intervals":	[{
			"streams":	[{
					"socket":	362,
					"start":	0,
					"end":	1.000112,
					"seconds":	1.0001120567321777,
					"bytes":	68674784,
					"bits_per_second":	549336715.12283814,
					"omitted":	false,
					"sender":	false
				}],
			"sum":	{
				"start":	0,
				"end":	1.000112,
				"seconds":	1.0001120567321777,
				"bytes":	68674784,
				"bits_per_second":	549336715.12283814,
				"omitted":	false,
				"sender":	false
			}
		}, {
			"streams":	[{
					"socket":	362,
					"start":	1.000112,
					"end":	2.00012,
					"seconds":	1.0000079870224,
					"bytes":	49406656,
					"bits_per_second":	395250091.12866861,
					"omitted":	false,
					"sender":	false
				}],
			"sum":	{
				"start":	1.000112,
				"end":	2.00012,
				"seconds":	1.0000079870224,
				"bytes":	49406656,
				"bits_per_second":	395250091.12866861,
				"omitted":	false,
				"sender":	false
			}
		}, {
			"streams":	[{
					"socket":	362,
					"start":	2.00012,
					"end":	3.000172,
					"seconds":	1.0000519752502441,
					"bytes":	15536416,
					"bits_per_second":	124284868.26287048,
					"omitted":	false,
					"sender":	false
				}],
			"sum":	{
				"start":	2.00012,
				"end":	3.000172,
				"seconds":	1.0000519752502441,
				"bytes":	15536416,
				"bits_per_second":	124284868.26287048,
				"omitted":	false,
				"sender":	false
			}
		}, {
			"streams":	[{
					"socket":	362,
					"start":	3.000172,
					"end":	4.000312,
					"seconds":	1.0001399517059326,
					"bytes":	12348224,
					"bits_per_second":	98771968.694482878,
					"omitted":	false,
					"sender":	false
				}],
			"sum":	{
				"start":	3.000172,
				"end":	4.000312,
				"seconds":	1.0001399517059326,
				"bytes":	12348224,
				"bits_per_second":	98771968.694482878,
				"omitted":	false,
				"sender":	false
			}
		}, {
			"streams":	[{
					"socket":	362,
					"start":	4.000312,
					"end":	5.000146,
					"seconds":	0.99983400106430054,
					"bytes":	12122560,
					"bits_per_second":	96996581.329267144,
					"omitted":	false,
					"sender":	false
				}],
			"sum":	{
				"start":	4.000312,
				"end":	5.000146,
				"seconds":	0.99983400106430054,
				"bytes":	12122560,
				"bits_per_second":	96996581.329267144,
				"omitted":	false,
				"sender":	false
			}
		}, {
			"streams":	[{
					"socket":	362,
					"start":	5.000146,
					"end":	6.000438,
					"seconds":	1.0002919435501099,
					"bytes":	13700832,
					"bits_per_second":	109574666.38289407,
					"omitted":	false,
					"sender":	false
				}],
			"sum":	{
				"start":	5.000146,
				"end":	6.000438,
				"seconds":	1.0002919435501099,
				"bytes":	13700832,
				"bits_per_second":	109574666.38289407,
				"omitted":	false,
				"sender":	false
			}
		}, {
			"streams":	[{
					"socket":	362,
					"start":	6.000438,
					"end":	7.000101,
					"seconds":	0.99966299533843994,
					"bytes":	13971904,
					"bits_per_second":	111812913.47306304,
					"omitted":	false,
					"sender":	false
				}],
			"sum":	{
				"start":	6.000438,
				"end":	7.000101,
				"seconds":	0.99966299533843994,
				"bytes":	13971904,
				"bits_per_second":	111812913.47306304,
				"omitted":	false,
				"sender":	false
			}
		}, {
			"streams":	[{
					"socket":	362,
					"start":	7.000101,
					"end":	8.000158,
					"seconds":	1.0000569820404053,
					"bytes":	13905856,
					"bits_per_second":	111240509.28880501,
					"omitted":	false,
					"sender":	false
				}],
			"sum":	{
				"start":	7.000101,
				"end":	8.000158,
				"seconds":	1.0000569820404053,
				"bytes":	13905856,
				"bits_per_second":	111240509.28880501,
				"omitted":	false,
				"sender":	false
			}
		}, {
			"streams":	[{
					"socket":	362,
					"start":	8.000158,
					"end":	9.000163,
					"seconds":	1.0000050067901611,
					"bytes":	13315552,
					"bits_per_second":	106523882.65727238,
					"omitted":	false,
					"sender":	false
				}],
			"sum":	{
				"start":	8.000158,
				"end":	9.000163,
				"seconds":	1.0000050067901611,
				"bytes":	13315552,
				"bits_per_second":	106523882.65727238,
				"omitted":	false,
				"sender":	false
			}
		}, {
			"streams":	[{
					"socket":	362,
					"start":	9.000163,
					"end":	10.000146,
					"seconds":	0.999983012676239,
					"bytes":	10791968,
					"bits_per_second":	86337210.638149723,
					"omitted":	false,
					"sender":	false
				}],
			"sum":	{
				"start":	9.000163,
				"end":	10.000146,
				"seconds":	0.999983012676239,
				"bytes":	10791968,
				"bits_per_second":	86337210.638149723,
				"omitted":	false,
				"sender":	false
			}
		}, {
			"streams":	[{
					"socket":	362,
					"start":	10.000146,
					"end":	11.00016,
					"seconds":	1.0000139474868774,
					"bytes":	11899648,
					"bits_per_second":	95195856.257044062,
					"omitted":	false,
					"sender":	false
				}],
			"sum":	{
				"start":	10.000146,
				"end":	11.00016,
				"seconds":	1.0000139474868774,
				"bytes":	11899648,
				"bits_per_second":	95195856.257044062,
				"omitted":	false,
				"sender":	false
			}
		}, {
			"streams":	[{
					"socket":	362,
					"start":	11.00016,
					"end":	12.000329,
					"seconds":	1.000169038772583,
					"bytes":	13127040,
					"bits_per_second":	104998571.17040639,
					"omitted":	false,
					"sender":	false
				}],
			"sum":	{
				"start":	11.00016,
				"end":	12.000329,
				"seconds":	1.000169038772583,
				"bytes":	13127040,
				"bits_per_second":	104998571.17040639,
				"omitted":	false,
				"sender":	false
			}
		}, {
			"streams":	[{
					"socket":	362,
					"start":	12.000329,
					"end":	13.000159,
					"seconds":	0.99983000755310059,
					"bytes":	13451776,
					"bits_per_second":	107632504.71284205,
					"omitted":	false,
					"sender":	false
				}],
			"sum":	{
				"start":	12.000329,
				"end":	13.000159,
				"seconds":	0.99983000755310059,
				"bytes":	13451776,
				"bits_per_second":	107632504.71284205,
				"omitted":	false,
				"sender":	false
			}
		}, {
			"streams":	[{
					"socket":	362,
					"start":	13.000159,
					"end":	14.000146,
					"seconds":	0.999987006187439,
					"bytes":	9941600,
					"bits_per_second":	79533833.447724074,
					"omitted":	false,
					"sender":	false
				}],
			"sum":	{
				"start":	13.000159,
				"end":	14.000146,
				"seconds":	0.999987006187439,
				"bytes":	9941600,
				"bits_per_second":	79533833.447724074,
				"omitted":	false,
				"sender":	false
			}
		}, {
			"streams":	[{
					"socket":	362,
					"start":	14.000146,
					"end":	15.000169,
					"seconds":	1.0000230073928833,
					"bytes":	4547680,
					"bits_per_second":	36380602.977173969,
					"omitted":	false,
					"sender":	false
				}],
			"sum":	{
				"start":	14.000146,
				"end":	15.000169,
				"seconds":	1.0000230073928833,
				"bytes":	4547680,
				"bits_per_second":	36380602.977173969,
				"omitted":	false,
				"sender":	false
			}
		}, {
			"streams":	[{
					"socket":	362,
					"start":	15.000169,
					"end":	16.000177,
					"seconds":	1.0000079870224,
					"bytes":	3277632,
					"bits_per_second":	26220846.573511072,
					"omitted":	false,
					"sender":	false
				}],
			"sum":	{
				"start":	15.000169,
				"end":	16.000177,
				"seconds":	1.0000079870224,
				"bytes":	3277632,