{"start": {"connected": [{"socket": 165, "local_host": "100.125.82.37", "local_port": 39207, "remote_host": "104.214.106.220", "remote_port": 5201}], "version": "iperf 3.7", "system_info": "Linux localhost 4.19.110-g9ceb3bf92e0a-ab6790968 #2 SMP PREEMPT Wed Aug 26 04:14:37 UTC 2020 aarch64", "timestamp": {"time": "Mon, 18 Jan 2021 23:04:44 ", "timesecs": 1608354284.0}, "connecting_to": {"host": "104.214.106.220", "port": 5201}, "cookie": "w255sdagbwetfhxkoxmsbbc3zszywysw4zht", "sock_bufsize": 0, "sndbuf_actual": 212992, "rcvbuf_actual": 212992, "test_start": {"protocol": "UDP", "num_streams": 1, "blksize": 1376, "omit": 0, "duration": 30, "bytes": 0, "blocks": 0, "reverse": 1, "tos": 0}}, "intervals": [{"streams": [{"socket": 165, "start": 0, "end": 1.000012, "seconds": 1.0000120401382446, "bytes": 204538272, "bits_per_second": 1636286474.8846345, "jitter_ms": 0.0026698067918319336, "lost_packets": 48415, "packets": 197062, "lost_percent": 24.568409942048696, "omitted": false, "sender": false}], "sum": {"start": 0, "end": 1.000012, "seconds": 1.0000120401382446, "bytes": 204538272, "bits_per_second": 1636286474.8846345, "jitter_ms": 0.0026698067918319336, "lost_packets": 48415, "packets": 197062, "lost_percent": 24.568409942048696, "omitted": false, "sender": false}}, {"streams": [{"socket": 165, "start": 1.000012, "end": 2.000246, "seconds": 1.0002340078353882, "bytes": 193435328, "bits_per_second": 1547120585.660665, "jitter_ms": 0.03454015085495765, "lost_packets": 35446, "packets": 176024, "lost_percent": 20.137026769076943, "omitted": false, "sender": false}], "sum": {"start": 1.000012, "end": 2.000246, "seconds": 1.0002340078353882, "bytes": 193435328, "bits_per_second": 1547120585.660665, "jitter_ms": 0.03454015085495765, "lost_packets": 35446, "packets": 176024, "lost_percent": 20.137026769076943, "omitted": false, "sender": false}}, {"streams": [{"socket": 165, "start": 2.000246, "end": 3.002715, "seconds": 1.0024689435958862, "bytes": 193350016, "bits_per_second": 1542990571.3104503, "jitter_ms": 0.2684214247235814, "lost_packets": 40813, "packets": 181329, "lost_percent": 22.507706985644877, "omitted": false, "sender": false}], "sum": {"start": 2.000246, "end": 3.002715, "seconds": 1.0024689435958862, "bytes": 193350016, "bits_per_second": 1542990571.3104503, "jitter_ms": 0.2684214247235814, "lost_packets": 40813, "packets": 181329, "lost_percent": 22.507706985644877, "omitted": false, "sender": false}}, {"streams": [{"socket": 165, "start": 3.002715, "end": 4.000602, "seconds": 0.9978870153427124, "bytes": 192011168, "bits_per_second": 1539341949.9225054, "jitter_ms": 0.24325672215790647, "lost_packets": 38529, "packets": 178072, "lost_percent": 21.636753672671727, "omitted": false, "sender": false}], "sum": {"start": 3.002715, "end": 4.000602, "seconds": 0.9978870153427124, "bytes": 192011168, "bits_per_second": 1539341949.9225054, "jitter_ms": 0.24325672215790647, "lost_packets": 38529, "packets": 178072, "lost_percent": 21.636753672671727, "omitted": false, "sender": false}}, {"streams": [{"socket": 165, "start": 4.000602, "end": 5.000013, "seconds": 0.9994109869003296, "bytes": 194065536, "bits_per_second": 1553439284.0878704, "jitter_ms": 0.0014757047300687927, "lost_packets": 41958, "packets": 182994, "lost_percent": 22.92862061051182, "omitted": false, "sender": false}], "sum": {"start": 4.000602, "end": 5.000013, "seconds": 0.9994109869003296, "bytes": 194065536, "bits_per_second": 1553439284.0878704, "jitter_ms": 0.0014757047300687927, "lost_packets": 41958, "packets": 182994, "lost_percent": 22.92862061051182, "omitted": false, "sender": false}}, {"streams": [{"socket": 165, "start": 5.000013, "end": 6.001693, "seconds": 1.0016800165176392, "bytes": 209124480, "bits_per_second": 1670189893.3915083, "jitter_ms": 0.21452574428856905, "lost_packets": 34776, "packets": 186756, "lost_percent": 18.62108847908501, "omitted": false, "sender": false}], "sum": {"start": 5.000013, "end": 6.001693, "seconds": 1.0016800165176392, "bytes": 209124480, "bits_per_second": 1670189893.3915083, "jitter_ms": 0.21452574428856905, "lost_packets": 34776, "packets": 186756, "lost_percent": 18.62108847908501, "omitted": false, "sender": false}}, {"streams": [{"socket": 165, "start": 6.001693, "end": 7.000015, "seconds": 0.9983220100402832, "bytes": 192243712, "bits_per_second": 1540534697.755429, "jitter_ms": 0.002679718254581253, "lost_packets": 37851, "packets": 177563, "lost_percent": 21.31694102938112, "omitted": false, "sender": false}], "sum": {"start": 6.001693, "end": 7.000015, "seconds": 0.9983220100402832, "bytes": 192243712, "bits_per_second": 1540534697.755429, "jitter_ms": 0.002679718254581253, "lost_packets": 37851, "packets": 177563, "lost_percent": 21.31694102938112, "omitted": false, "sender": false}}, {"streams": [{"socket": 165, "start": 7.000015, "end": 8.000027, "seconds": 1.0000120401382446, "bytes": 205959680, "bits_per_second": 1647657601.9746923, "jitter_ms": 0.0027573796261734437, "lost_packets": 36271, "packets": 185951, "lost_percent": 19.505676226532795, "omitted": false, "sender": false}], "sum": {"start": 7.000015, "end": 8.000027, "seconds": 1.0000120401382446, "bytes": 205959680, "bits_per_second": 1647657601.9746923, "jitter_ms": 0.0027573796261734437, "lost_packets": 36271, "packets": 185951, "lost_percent": 19.505676226532795, "omitted": false, "sender": false}}, {"streams": [{"socket": 165, "start": 8.000027, "end": 9.000076, "seconds": 1.0000489950180054, "bytes": 204147488, "bits_per_second": 1633099890.241473, "jitter_ms": 0.0026373138506170443, "lost_packets": 39937, "packets": 188300, "lost_percent": 21.20924057355284, "omitted": false, "sender": false}], "sum": {"start": 8.000027, "end": 9.000076, "seconds": 1.0000489950180054, "bytes": 204147488, "bits_per_second": 1633099890.241473, "jitter_ms": 0.0026373138506170443, "lost_packets": 39937, "packets": 188300, "lost_percent": 21.20924057355284, "omitted": false, "sender": false}}, {"streams": [{"socket": 165, "start": 9.000076, "end": 10.000087, "seconds": 1.0000109672546387, "bytes": 204015392, "bits_per_second": 1632105236.2862766, "jitter_ms": 0.0037331552985439198, "lost_packets": 39698, "packets": 187965, "lost_percent": 21.119889341100738, "omitted": false, "sender": false}], "sum": {"start": 9.000076, "end": 10.000087, "seconds": 1.0000109672546387, "bytes": 204015392, "bits_per_second": 1632105236.2862766, "jitter_ms": 0.0037331552985439198, "lost_packets": 39698, "packets": 187965, "lost_percent": 21.119889341100738, "omitted": false, "sender": false}}, {"streams": [{"socket": 165, "start": 10.000087, "end": 11.000074, "seconds": 0.999987006187439, "bytes": 212783264, "bits_per_second": 1702288231.2142012, "jitter_ms": 0.0024493378071427374, "lost_packets": 33388, "packets": 188027, "lost_percent": 17.75702425715456, "omitted": false, "sender": false}], "sum": {"start": 10.000087, "end": 11.000074, "seconds": 0.999987006187439, "bytes": 212783264, "bits_per_second": 1702288231.2142012, "jitter_ms": 0.0024493378071427374, "lost_packets": 33388, "packets": 188027, "lost_percent": 17.75702425715456, "omitted": false, "sender": false}}, {"streams": [{"socket": 165, "start": 11.000074, "end": 12.000087, "seconds": 1.000012993812561, "bytes": 205758784, "bits_per_second": 1646048883.549341, "jitter_ms": 0.011400788741316444, "lost_packets": 38234, "packets": 187768, "lost_percent": 20.36236206382344, "omitted": false, "sender": false}], "sum": {"start": 11.000074, "end": 12.000087, "seconds": 1.000012993812561, "bytes": 205758784, "bits_per_second": 1646048883.549341, "jitter_ms": 0.011400788741316444, "lost_packets": 38234, "packets": 187768, "lost_percent": 20.36236206382344, "omitted": false, "sender": false}}, {"streams": [{"socket": 165, "start": 12.000087, "end": 13.000074, "seconds": 0.999987006187439, "bytes": 209069440, "bits_per_second": 1672577253.1553214, "jitter_ms": 0.0016308141028506477, "lost_packets": 36402, "packets": 188342,