{
	"start":	{
		"connected":	[{
				"socket":	155,
				"local_host":	"100.124.85.183",
				"local_port":	40998,
				"remote_host":	"20.55.123.19",
				"remote_port":	5201
			}],
		"version":	"iperf 3.7",
		"system_info":	"Linux localhost 4.19.110-g9ceb3bf92e0a-ab6790968 #2 SMP PREEMPT Wed Aug 26 04:14:37 UTC 2020 aarch64",
		"timestamp":	{
			"time":	"Mon, 17 May 2021 23:48:17 GMT",
			"timesecs":	1621295297
		},
		"connecting_to":	{
			"host":	"20.55.123.19",
			"port":	5201
		},
		"cookie":	"4aynvxqrrboiablyy5vq7uztqhisqsplntvx",
		"tcp_mss_default":	1376,
		"target_bitrate":	3000000000,
		"sock_bufsize":	0,
		"sndbuf_actual":	2097152,
		"rcvbuf_actual":	6291456,
		"test_start":	{
			"protocol":	"TCP",
			"num_streams":	1,
			"blksize":	131072,
			"omit":	0,
			"duration":	30,
			"bytes":	0,
			"blocks":	0,
			"reverse":	1,
			"tos":	0
		}
	},
	"intervals":	[{
			"streams":	[{
					"socket":	155,
					"start":	0,
					"end":	1.000114,
					"seconds":	1.0001139640808105,
					"bytes":	8342688,
					"bits_per_second":	66733898.732572041,
					"omitted":	false,
					"sender":	false
				}],
			"sum":	{
				"start":	0,
				"end":	1.000114,
				"seconds":	1.0001139640808105,
				"bytes":	8342688,
				"bits_per_second":	66733898.732572041,
				"omitted":	false,
				"sender":	false
			}
		}, {
			"streams":	[{
					"socket":	155,
					"start":	1.000114,
					"end":	2.000325,
					"seconds":	1.0002110004425049,
					"bytes":	13493056,
					"bits_per_second":	107921676.47850716,
					"omitted":	false,
					"sender":	false
				}],
			"sum":	{
				"start":	1.000114,
				"end":	2.000325,
				"seconds":	1.0002110004425049,
				"bytes":	13493056,
				"bits_per_second":	107921676.47850716,
				"omitted":	false,
				"sender":	false
			}
		}, {
			"streams":	[{
					"socket":	155,
					"start":	2.000325,
					"end":	3.000125,
					"seconds":	0.99980002641677856,
					"bytes":	15199296,
					"bits_per_second":	121618688.52493103,
					"omitted":	false,
					"sender":	false
				}],
			"sum":	{
				"start":	2.000325,
				"end":	3.000125,
				"seconds":	0.99980002641677856,
				"bytes":	15199296,
				"bits_per_second":	121618688.52493103,
				"omitted":	false,
				"sender":	false
			}
		}, {
			"streams":	[{
					"socket":	155,
					"start":	3.000125,
					"end":	4.000484,
					"seconds":	1.000359058380127,
					"bytes":	17461440,
					"bits_per_second":	139641380.59208593,
					"omitted":	false,
					"sender":	false
				}],
			"sum":	{
				"start":	3.000125,
				"end":	4.000484,
				"seconds":	1.000359058380127,
				"bytes":	17461440,
				"bits_per_second":	139641380.59208593,
				"omitted":	false,
				"sender":	false
			}
		}, {
			"streams":	[{
					"socket":	155,
					"start":	4.000484,
					"end":	5.000097,
					"seconds":	0.99961298704147339,
					"bytes":	18080640,
					"bits_per_second":	144701121.20902121,
					"omitted":	false,
					"sender":	false
				}],
			"sum":	{
				"start":	4.000484,
				"end":	5.000097,
				"seconds":	0.99961298704147339,
				"bytes":	18080640,
				"bits_per_second":	144701121.20902121,
				"omitted":	false,
				"sender":	false
			}
		}, {
			"streams":	[{
					"socket":	155,
					"start":	5.000097,
					"end":	6.000125,
					"seconds":	1.0000280141830444,
					"bytes":	17007360,
					"bits_per_second":	136055068.52840611,
					"omitted":	false,
					"sender":	false
				}],
			"sum":	{
				"start":	5.000097,
				"end":	6.000125,
				"seconds":	1.0000280141830444,
				"bytes":	17007360,
				"bits_per_second":	136055068.52840611,
				"omitted":	false,
				"sender":	false
			}
		}, {
			"streams":	[{
					"socket":	155,
					"start":	6.000125,
					"end":	7.00044,
					"seconds":	1.0003149509429932,
					"bytes":	18720480,
					"bits_per_second":	149716686.58837718,
					"omitted":	false,
					"sender":	false
				}],
			"sum":	{
				"start":	6.000125,
				"end":	7.00044,
				"seconds":	1.0003149509429932,
				"bytes":	18720480,
				"bits_per_second":	149716686.58837718,
				"omitted":	false,
				"sender":	false
			}
		}, {
			"streams":	[{
					"socket":	155,
					"start":	7.00044,
					"end":	8.000435,
					"seconds":	0.99999499320983887,
					"bytes":	18885600,
					"bits_per_second":	151085556.45367754,
					"omitted":	false,
					"sender":	false
				}],
			"sum":	{
				"start":	7.00044,
				"end":	8.000435,
				"seconds":	0.99999499320983887,
				"bytes":	18885600,
				"bits_per_second":	151085556.45367754,
				"omitted":	false,
				"sender":	false
			}
		}, {
			"streams":	[{
					"socket":	155,
					"start":	8.000435,
					"end":	9.00014,
					"seconds":	0.99970501661300659,
					"bytes":	18947520,
					"bits_per_second":	151624886.82266745,
					"omitted":	false,
					"sender":	false
				}],
			"sum":	{
				"start":	8.000435,
				"end":	9.00014,
				"seconds":	0.99970501661300659,
				"bytes":	18947520,
				"bits_per_second":	151624886.82266745,
				"omitted":	false,
				"sender":	false
			}
		}, {
			"streams":	[{
					"socket":	155,
					"start":	9.00014,
					"end":	10.000141,
					"seconds":	1.0000009536743164,
					"bytes":	18514080,
					"bits_per_second":	148112498.748914,
					"omitted":	false,
					"sender":	false
				}],
			"sum":	{
				"start":	9.00014,
				"end":	10.000141,
				"seconds":	1.0000009536743164,
				"bytes":	18514080,
				"bits_per_second":	148112498.748914,
				"omitted":	false,
				"sender":	false
			}
		}, {
			"streams":	[{
					"socket":	155,
					"start":	10.000141,
					"end":	11.000139,
					"seconds":	0.99999797344207764,
					"bytes":	17429792,
					"bits_per_second":	139438618.58043715,
					"omitted":	false,
					"sender":	false
				}],
			"sum":	{
				"start":	10.000141,
				"end":	11.000139,
				"seconds":	0.99999797344207764,
				"bytes":	17429792,
				"bits_per_second":	139438618.58043715,
				"omitted":	false,
				"sender":	false
			}
		}, {
			"streams":	[{
					"socket":	155,
					"start":	11.000139,
					"end":	12.000378,
					"seconds":	1.0002390146255493,
					"bytes":	19335552,
					"bits_per_second":	154647452.99692979,
					"omitted":	false,
					"sender":	false
				}],
			"sum":	{
				"start":	11.000139,
				"end":	12.000378,
				"seconds":	1.0002390146255493,
				"bytes":	19335552,
				"bits_per_second":	154647452.99692979,
				"omitted":	false,
				"sender":	false
			}
		}, {
			"streams":	[{
					"socket":	155,
					"start":	12.000378,
					"end":	13.000132,
					"seconds":	0.999754011631012,
					"bytes":	19953376,
					"bits_per_second":	159666284.04879555,
					"omitted":	false,
					"sender":	false
				}],
			"sum":	{
				"start":	12.000378,
				"end":	13.000132,
				"seconds":	0.999754011631012,
				"bytes":	19953376,
				"bits_per_second":	159666284.04879555,
				"omitted":	false,
				"sender":	false
			}
		}, {
			"streams":	[{
					"socket":	155,
					"start":	13.000132,
					"end":	14.00012,
					"seconds":	0.99998801946640015,
					"bytes":	19987776,
					"bits_per_second":	159904123.73672718,
					"omitted":	false,
					"sender":	false
				}],
			"sum":	{
				"start":	13.000132,
				"end":	14.00012,
				"seconds":	0.99998801946640015,
				"bytes":	19987776,
				"bits_per_second":	159904123.73672718,
				"omitted":	false,
				"sender":	false
			}
		}, {
			"streams":	[{
					"socket":	155,
					"start":	14.00012,
					"end":	15.000334,
					"seconds":	1.0002139806747437,
					"bytes":	20260224,
					"bits_per_second":	162047117.04855368,
					"omitted":	false,
					"sender":	false
				}],
			"sum":	{
				"start":	14.00012,
				"end":	15.000334,
				"seconds":	1.0002139806747437,
				"bytes":	20260224,
				"bits_per_second":	162047117.04855368,
				"omitted":	false,
				"sender":	false
			}
		}, {
			"streams":	[{
					"socket":	155,
					"start":	15.000334,
					"end":	16.000118,
					"seconds":	0.999783992767334,
					"bytes":	23211744,
					"bits_per_second":	185734071.90288353,
					"omitted":	false,
					"sender":	false
				}],
			"sum":	{
				"start":	15.000334,
				"end":	16.000118,
				"seconds":	0.999783992767334,
				"bytes":	23211744,