{"start": {"connected": [{"socket": 491, "local_host": "100.124.85.183", "local_port": 40647, "remote_host": "20.51.202.193", "remote_port": 5201}], "version": "iperf 3.7", "system_info": "Linux localhost 4.19.110-g9ceb3bf92e0a-ab6790968 #2 SMP PREEMPT Wed Aug 26 04:14:37 UTC 2020 aarch64", "timestamp": {"time": "Mon, 18 Jan 2021 21:18:35 ", "timesecs": 1608347915.0}, "connecting_to": {"host": "20.51.202.193", "port": 5201}, "cookie": "5iwxa6kcywq5h6jci2rm6ydetbad7ynd7n2j", "sock_bufsize": 0, "sndbuf_actual": 212992, "rcvbuf_actual": 212992, "test_start": {"protocol": "UDP", "num_streams": 1, "blksize": 1376, "omit": 0, "duration": 30, "bytes": 0, "blocks": 0, "reverse": 1, "tos": 0}}, "intervals": [{"streams": [{"socket": 491, "start": 0, "end": 1.000035, "seconds": 1.000035047531128, "bytes": 63177664, "bits_per_second": 505403598.85163707, "jitter_ms": 0.038653236379096824, "lost_packets": 134710, "packets": 180624, "lost_percent": 74.58034369740456, "omitted": false, "sender": false}], "sum": {"start": 0, "end": 1.000035, "seconds": 1.000035047531128, "bytes": 63177664, "bits_per_second": 505403598.85163707, "jitter_ms": 0.038653236379096824, "lost_packets": 134710, "packets": 180624, "lost_percent": 74.58034369740456, "omitted": false, "sender": false}}, {"streams": [{"socket": 491, "start": 1.000035, "end": 2.000082, "seconds": 1.000046968460083, "bytes": 62916224, "bits_per_second": 503306152.4850675, "jitter_ms": 0.0009753430930593068, "lost_packets": 122783, "packets": 168507, "lost_percent": 72.86522221628775, "omitted": false, "sender": false}], "sum": {"start": 1.000035, "end": 2.000082, "seconds": 1.000046968460083, "bytes": 62916224, "bits_per_second": 503306152.4850675, "jitter_ms": 0.0009753430930593068, "lost_packets": 122783, "packets": 168507, "lost_percent": 72.86522221628775, "omitted": false, "sender": false}}, {"streams": [{"socket": 491, "start": 2.000082, "end": 3.000117, "seconds": 1.000035047531128, "bytes": 55454176, "bits_per_second": 443617860.2892326, "jitter_ms": 0.019404675908017706, "lost_packets": 103670, "packets": 143971, "lost_percent": 72.00755707746698, "omitted": false, "sender": false}], "sum": {"start": 2.000082, "end": 3.000117, "seconds": 1.000035047531128, "bytes": 55454176, "bits_per_second": 443617860.2892326, "jitter_ms": 0.019404675908017706, "lost_packets": 103670, "packets": 143971, "lost_percent": 72.00755707746698, "omitted": false, "sender": false}}, {"streams": [{"socket": 491, "start": 3.000117, "end": 4.000085, "seconds": 0.9999679923057556, "bytes": 60817824, "bits_per_second": 486558165.6049968, "jitter_ms": 0.000819109693942847, "lost_packets": 140333, "packets": 184532, "lost_percent": 76.04805670561204, "omitted": false, "sender": false}], "sum": {"start": 3.000117, "end": 4.000085, "seconds": 0.9999679923057556, "bytes": 60817824, "bits_per_second": 486558165.6049968, "jitter_ms": 0.000819109693942847, "lost_packets": 140333, "packets": 184532, "lost_percent": 76.04805670561204, "omitted": false, "sender": false}}, {"streams": [{"socket": 491, "start": 4.000085, "end": 5.000102, "seconds": 1.0000170469284058, "bytes": 62952000, "bits_per_second": 503607415.04045117, "jitter_ms": 0.0014527395420020203, "lost_packets": 131289, "packets": 177039, "lost_percent": 74.15823632081067, "omitted": false, "sender": false}], "sum": {"start": 4.000085, "end": 5.000102, "seconds": 1.0000170469284058, "bytes": 62952000, "bits_per_second": 503607415.04045117, "jitter_ms": 0.0014527395420020203, "lost_packets": 131289, "packets": 177039, "lost_percent": 74.15823632081067, "omitted": false, "sender": false}}, {"streams": [{"socket": 491, "start": 5.000102, "end": 6.000018, "seconds": 0.9999160170555115, "bytes": 62408480, "bits_per_second": 499309773.5049909, "jitter_ms": 0.0006430316002077376, "lost_packets": 132190, "packets": 177545, "lost_percent": 74.4543636824467, "omitted": false, "sender": false}], "sum": {"start": 5.000102, "end": 6.000018, "seconds": 0.9999160170555115, "bytes": 62408480, "bits_per_second": 499309773.5049909, "jitter_ms": 0.0006430316002077376, "lost_packets": 132190, "packets": 177545, "lost_percent": 74.4543636824467, "omitted": false, "sender": false}}, {"streams": [{"socket": 491, "start": 6.000018, "end": 7.002282, "seconds": 1.0022640228271484, "bytes": 63806496, "bits_per_second": 509298903.6562805, "jitter_ms": 0.2309502952178407, "lost_packets": 127788, "packets": 174159, "lost_percent": 73.37433035329785, "omitted": false, "sender": false}], "sum": {"start": 6.000018, "end": 7.002282, "seconds": 1.0022640228271484, "bytes": 63806496, "bits_per_second": 509298903.6562805, "jitter_ms": 0.2309502952178407, "lost_packets": 127788, "packets": 174159, "lost_percent": 73.37433035329785, "omitted": false, "sender": false}}, {"streams": [{"socket": 491, "start": 7.002282, "end": 8.000018, "seconds": 0.9977359771728516, "bytes": 60552256, "bits_per_second": 485517270.1826683, "jitter_ms": 0.001590768787840942, "lost_packets": 116536, "packets": 160542, "lost_percent": 72.58910440881513, "omitted": false, "sender": false}], "sum": {"start": 7.002282, "end": 8.000018, "seconds": 0.9977359771728516, "bytes": 60552256, "bits_per_second": 485517270.1826683, "jitter_ms": 0.001590768787840942, "lost_packets": 116536, "packets": 160542, "lost_percent": 72.58910440881513, "omitted": false, "sender": false}}, {"streams": [{"socket": 491, "start": 8.000018, "end": 9.000215, "seconds": 1.0001970529556274, "bytes": 54836352, "bits_per_second": 438604387.7090508, "jitter_ms": 0.02097549911084752, "lost_packets": 108915, "packets": 148767, "lost_percent": 73.21180100425498, "omitted": false, "sender": false}], "sum": {"start": 8.000018, "end": 9.000215, "seconds": 1.0001970529556274, "bytes": 54836352, "bits_per_second": 438604387.7090508, "jitter_ms": 0.02097549911084752, "lost_packets": 108915, "packets": 148767, "lost_percent": 73.21180100425498, "omitted": false, "sender": false}}, {"streams": [{"socket": 491, "start": 9.000215, "end": 10.000363, "seconds": 1.000148057937622, "bytes": 64450464, "bits_per_second": 515527384.0787256, "jitter_ms": 0.00956653312912902, "lost_packets": 144199, "packets": 191038, "lost_percent": 75.48184130905894, "omitted": false, "sender": false}], "sum": {"start": 9.000215, "end": 10.000363, "seconds": 1.000148057937622, "bytes": 64450464, "bits_per_second": 515527384.0787256, "jitter_ms": 0.00956653312912902, "lost_packets": 144199, "packets": 191038, "lost_percent": 75.48184130905894, "omitted": false, "sender": false}}, {"streams": [{"socket": 491, "start": 10.000363, "end": 11.000089, "seconds": 0.9997259974479675, "bytes": 61024224, "bits_per_second": 488327595.00725985, "jitter_ms": 0.0006519034793756651, "lost_packets": 122057, "packets": 166406, "lost_percent": 73.3489177072942, "omitted": false, "sender": false}], "sum": {"start": 10.000363, "end": 11.000089, "seconds": 0.9997259974479675, "bytes": 61024224, "bits_per_second": 488327595.00725985, "jitter_ms": 0.0006519034793756651, "lost_packets": 122057, "packets": 166406, "lost_percent": 73.3489177072942, "omitted": false, "sender": false}}, {"streams": [{"socket": 491, "start": 11.000089, "end": 12.000083, "seconds": 0.9999939799308777, "bytes": 62023200, "bits_per_second": 496188587.089592, "jitter_ms": 0.0006721890698020772, "lost_packets": 123477, "packets": 168552, "lost_percent": 73.25751103517015, "omitted": false, "sender": false}], "sum": {"start": 11.000089, "end": 12.000083, "seconds": 0.9999939799308777, "bytes": 62023200, "bits_per_second": 496188587.089592, "jitter_ms": 0.0006721890698020772, "lost_packets": 123477, "packets": 168552, "lost_percent": 73.25751103517015, "omitted": false, "sender": false}}, {"streams": [{"socket": 491, "start": 12.000083, "end": 13.000087, "seconds": 1.0000040531158447, "bytes": 65126080, "bits_per_second": 521006528.30018497, "jitter_ms": 0.0008790584455256067, "lost_packets": 128049, "packets": 175379, "lost_percent": 73.01273242520485,