{"start": {"connected": [{"socket": 636, "local_host": "100.124.85.183", "local_port": 44027, "remote_host": "20.83.58.111", "remote_port": 5201}], "version": "iperf 3.7", "system_info": "Linux localhost 4.19.110-g9ceb3bf92e0a-ab6790968 #2 SMP PREEMPT Wed Aug 26 04:14:37 UTC 2020 aarch64", "timestamp": {"time": "Mon, 18 Jan 2021 21:33:17 ", "timesecs": 1608348797.0}, "connecting_to": {"host": "20.83.58.111", "port": 5201}, "cookie": "dwvootkkjzq227wnyak4cyqu6tvvpnqwu5ty", "sock_bufsize": 0, "sndbuf_actual": 212992, "rcvbuf_actual": 212992, "test_start": {"protocol": "UDP", "num_streams": 1, "blksize": 1376, "omit": 0, "duration": 30, "bytes": 0, "blocks": 0, "reverse": 1, "tos": 0}}, "intervals": [{"streams": [{"socket": 636, "start": 0, "end": 1.000018, "seconds": 1.0000180006027222, "bytes": 221917152, "bits_per_second": 1775305259.4353144, "jitter_ms": 0.004534931316168251, "lost_packets": 26471, "packets": 187748, "lost_percent": 14.099218100858598, "omitted": false, "sender": false}], "sum": {"start": 0, "end": 1.000018, "seconds": 1.0000180006027222, "bytes": 221917152, "bits_per_second": 1775305259.4353144, "jitter_ms": 0.004534931316168251, "lost_packets": 26471, "packets": 187748, "lost_percent": 14.099218100858598, "omitted": false, "sender": false}}, {"streams": [{"socket": 636, "start": 1.000018, "end": 2.000018, "seconds": 1, "bytes": 235245088, "bits_per_second": 1881960704, "jitter_ms": 0.0019372220627060326, "lost_packets": 11629, "packets": 182592, "lost_percent": 6.368844199088678, "omitted": false, "sender": false}], "sum": {"start": 1.000018, "end": 2.000018, "seconds": 1, "bytes": 235245088, "bits_per_second": 1881960704, "jitter_ms": 0.0019372220627060326, "lost_packets": 11629, "packets": 182592, "lost_percent": 6.368844199088678, "omitted": false, "sender": false}}, {"streams": [{"socket": 636, "start": 2.000018, "end": 3.000017, "seconds": 0.9999989867210388, "bytes": 241690272, "bits_per_second": 1933524135.1993272, "jitter_ms": 0.007890728149580724, "lost_packets": 9964, "packets": 185611, "lost_percent": 5.368216323386006, "omitted": false, "sender": false}], "sum": {"start": 2.000018, "end": 3.000017, "seconds": 0.9999989867210388, "bytes": 241690272, "bits_per_second": 1933524135.1993272, "jitter_ms": 0.007890728149580724, "lost_packets": 9964, "packets": 185611, "lost_percent": 5.368216323386006, "omitted": false, "sender": false}}, {"streams": [{"socket": 636, "start": 3.000017, "end": 4.000017, "seconds": 1, "bytes": 229964000, "bits_per_second": 1839712000, "jitter_ms": 0.0018143231773445178, "lost_packets": 11920, "packets": 179045, "lost_percent": 6.657544192800692, "omitted": false, "sender": false}], "sum": {"start": 3.000017, "end": 4.000017, "seconds": 1, "bytes": 229964000, "bits_per_second": 1839712000, "jitter_ms": 0.0018143231773445178, "lost_packets": 11920, "packets": 179045, "lost_percent": 6.657544192800692, "omitted": false, "sender": false}}, {"streams": [{"socket": 636, "start": 4.000017, "end": 5.000019, "seconds": 1.0000020265579224, "bytes": 225029664, "bits_per_second": 1800233663.7222066, "jitter_ms": 0.0018425626331117775, "lost_packets": 10282, "packets": 173821, "lost_percent": 5.915280662290518, "omitted": false, "sender": false}], "sum": {"start": 4.000017, "end": 5.000019, "seconds": 1.0000020265579224, "bytes": 225029664, "bits_per_second": 1800233663.7222066, "jitter_ms": 0.0018425626331117775, "lost_packets": 10282, "packets": 173821, "lost_percent": 5.915280662290518, "omitted": false, "sender": false}}, {"streams": [{"socket": 636, "start": 5.000019, "end": 6.000017, "seconds": 0.9999979734420776, "bytes": 217889600, "bits_per_second": 1743120332.5343196, "jitter_ms": 0.001337205830802475, "lost_packets": 11704, "packets": 170054, "lost_percent": 6.8825196702224, "omitted": false, "sender": false}], "sum": {"start": 5.000019, "end": 6.000017, "seconds": 0.9999979734420776, "bytes": 217889600, "bits_per_second": 1743120332.5343196, "jitter_ms": 0.001337205830802475, "lost_packets": 11704, "packets": 170054, "lost_percent": 6.8825196702224, "omitted": false, "sender": false}}, {"streams": [{"socket": 636, "start": 6.000017, "end": 7.000017, "seconds": 1, "bytes": 235858784, "bits_per_second": 1886870272, "jitter_ms": 0.0043076198568396925, "lost_packets": 20924, "packets": 192333, "lost_percent": 10.879048317241452, "omitted": false, "sender": false}], "sum": {"start": 6.000017, "end": 7.000017, "seconds": 1, "bytes": 235858784, "bits_per_second": 1886870272, "jitter_ms": 0.0043076198568396925, "lost_packets": 20924, "packets": 192333, "lost_percent": 10.879048317241452, "omitted": false, "sender": false}}, {"streams": [{"socket": 636, "start": 7.000017, "end": 8.000017, "seconds": 1, "bytes": 244001952, "bits_per_second": 1952015616, "jitter_ms": 0.0019702530220059486, "lost_packets": 7937, "packets": 185264, "lost_percent": 4.28415666292426, "omitted": false, "sender": false}], "sum": {"start": 7.000017, "end": 8.000017, "seconds": 1, "bytes": 244001952, "bits_per_second": 1952015616, "jitter_ms": 0.0019702530220059486, "lost_packets": 7937, "packets": 185264, "lost_percent": 4.28415666292426, "omitted": false, "sender": false}}, {"streams": [{"socket": 636, "start": 8.000017, "end": 9.000081, "seconds": 1.0000640153884888, "bytes": 222050624, "bits_per_second": 1776291282.0235121, "jitter_ms": 0.02991868122773598, "lost_packets": 22635, "packets": 184009, "lost_percent": 12.301028754028335, "omitted": false, "sender": false}], "sum": {"start": 8.000017, "end": 9.000081, "seconds": 1.0000640153884888, "bytes": 222050624, "bits_per_second": 1776291282.0235121, "jitter_ms": 0.02991868122773598, "lost_packets": 22635, "packets": 184009, "lost_percent": 12.301028754028335, "omitted": false, "sender": false}}, {"streams": [{"socket": 636, "start": 9.000081, "end": 10.00002, "seconds": 0.9999390244483948, "bytes": 236914176, "bits_per_second": 1895428982.8277564, "jitter_ms": 0.0015810739543380848, "lost_packets": 15773, "packets": 187949, "lost_percent": 8.392170216388488, "omitted": false, "sender": false}], "sum": {"start": 9.000081, "end": 10.00002, "seconds": 0.9999390244483948, "bytes": 236914176, "bits_per_second": 1895428982.8277564, "jitter_ms": 0.0015810739543380848, "lost_packets": 15773, "packets": 187949, "lost_percent": 8.392170216388488, "omitted": false, "sender": false}}, {"streams": [{"socket": 636, "start": 10.00002, "end": 11.00008, "seconds": 1.000059962272644, "bytes": 239681312, "bits_per_second": 1917335528.2043078, "jitter_ms": 0.002642418416797897, "lost_packets": 13362, "packets": 187549, "lost_percent": 7.124538120704456, "omitted": false, "sender": false}], "sum": {"start": 10.00002, "end": 11.00008, "seconds": 1.000059962272644, "bytes": 239681312, "bits_per_second": 1917335528.2043078, "jitter_ms": 0.002642418416797897, "lost_packets": 13362, "packets": 187549, "lost_percent": 7.124538120704456, "omitted": false, "sender": false}}, {"streams": [{"socket": 636, "start": 11.00008, "end": 12.000093, "seconds": 1.000012993812561, "bytes": 235718432, "bits_per_second": 1885722953.2694032, "jitter_ms": 0.002141447442301499, "lost_packets": 13744, "packets": 185051, "lost_percent": 7.427141706880806, "omitted": false, "sender": false}], "sum": {"start": 11.00008, "end": 12.000093, "seconds": 1.000012993812561, "bytes": 235718432, "bits_per_second": 1885722953.2694032, "jitter_ms": 0.002141447442301499, "lost_packets": 13744, "packets": 185051, "lost_percent": 7.427141706880806, "omitted": false, "sender": false}}, {"streams": [{"socket": 636, "start": 12.000093, "end": 13.000017, "seconds": 0.9999240040779114, "bytes": 231308352, "bits_per_second": 1850607454.619938, "jitter_ms": 0.0025875226534005334, "lost_packets": 23351, "packets": 191453, "lost_percent": 12.196727134074681, "omitted": false, "sender": false}], "sum": {"start": 12.000093, "end": 13.000017, "seconds": 0.9999240040779114, "bytes": 231308352, "bits_per_second": 1850607454.619938,