{
	"start":	{
		"connected":	[{
				"socket":	72,
				"local_host":	"100.124.85.183",
				"local_port":	45808,
				"remote_host":	"20.46.241.99",
				"remote_port":	5201
			}],
		"version":	"iperf 3.7",
		"system_info":	"Linux localhost 4.19.110-g9ceb3bf92e0a-ab6790968 #2 SMP PREEMPT Wed Aug 26 04:14:37 UTC 2020 aarch64",
		"timestamp":	{
			"time":	"Mon, 17 May 2021 23:18:08 GMT",
			"timesecs":	1621293488
		},
		"connecting_to":	{
			"host":	"20.46.241.99",
			"port":	5201
		},
		"cookie":	"rp3wya5mdy5yvmggmr45j6smkiilplfznrjk",
		"tcp_mss_default":	1376,
		"target_bitrate":	3000000000,
		"sock_bufsize":	0,
		"sndbuf_actual":	2097152,
		"rcvbuf_actual":	6291456,
		"test_start":	{
			"protocol":	"TCP",
			"num_streams":	1,
			"blksize":	131072,
			"omit":	0,
			"duration":	30,
			"bytes":	0,
			"blocks":	0,
			"reverse":	1,
			"tos":	0
		}
	},
	"intervals":	[{
			"streams":	[{
					"socket":	72,
					"start":	0,
					"end":	1.000114,
					"seconds":	1.0001139640808105,
					"bytes":	3112512,
					"bits_per_second":	24897258.606808174,
					"omitted":	false,
					"sender":	false
				}],
			"sum":	{
				"start":	0,
				"end":	1.000114,
				"seconds":	1.0001139640808105,
				"bytes":	3112512,
				"bits_per_second":	24897258.606808174,
				"omitted":	false,
				"sender":	false
			}
		}, {
			"streams":	[{
					"socket":	72,
					"start":	1.000114,
					"end":	2.00038,
					"seconds":	1.0002659559249878,
					"bytes":	11851488,
					"bits_per_second":	94786694.916876853,
					"omitted":	false,
					"sender":	false
				}],
			"sum":	{
				"start":	1.000114,
				"end":	2.00038,
				"seconds":	1.0002659559249878,
				"bytes":	11851488,
				"bits_per_second":	94786694.916876853,
				"omitted":	false,
				"sender":	false
			}
		}, {
			"streams":	[{
					"socket":	72,
					"start":	2.00038,
					"end":	3.000102,
					"seconds":	0.99972200393676758,
					"bytes":	29636288,
					"bits_per_second":	237156232.49900576,
					"omitted":	false,
					"sender":	false
				}],
			"sum":	{
				"start":	2.00038,
				"end":	3.000102,
				"seconds":	0.99972200393676758,
				"bytes":	29636288,
				"bits_per_second":	237156232.49900576,
				"omitted":	false,
				"sender":	false
			}
		}, {
			"streams":	[{
					"socket":	72,
					"start":	3.000102,
					"end":	4.000096,
					"seconds":	0.99999397993087769,
					"bytes":	33815552,
					"bits_per_second":	270526044.58548778,
					"omitted":	false,
					"sender":	false
				}],
			"sum":	{
				"start":	3.000102,
				"end":	4.000096,
				"seconds":	0.99999397993087769,
				"bytes":	33815552,
				"bits_per_second":	270526044.58548778,
				"omitted":	false,
				"sender":	false
			}
		}, {
			"streams":	[{
					"socket":	72,
					"start":	4.000096,
					"end":	5.000366,
					"seconds":	1.0002700090408325,
					"bytes":	27836128,
					"bits_per_second":	222628912.18096042,
					"omitted":	false,
					"sender":	false
				}],
			"sum":	{
				"start":	4.000096,
				"end":	5.000366,
				"seconds":	1.0002700090408325,
				"bytes":	27836128,
				"bits_per_second":	222628912.18096042,
				"omitted":	false,
				"sender":	false
			}
		}, {
			"streams":	[{
					"socket":	72,
					"start":	5.000366,
					"end":	6.000163,
					"seconds":	0.999796986579895,
					"bytes":	27916288,
					"bits_per_second":	223375652.2551325,
					"omitted":	false,
					"sender":	false
				}],
			"sum":	{
				"start":	5.000366,
				"end":	6.000163,
				"seconds":	0.999796986579895,
				"bytes":	27916288,
				"bits_per_second":	223375652.2551325,
				"omitted":	false,
				"sender":	false
			}
		}, {
			"streams":	[{
					"socket":	72,
					"start":	6.000163,
					"end":	7.000131,
					"seconds":	0.99996799230575562,
					"bytes":	29008832,
					"bits_per_second":	232078084.28436258,
					"omitted":	false,
					"sender":	false
				}],
			"sum":	{
				"start":	6.000163,
				"end":	7.000131,
				"seconds":	0.99996799230575562,
				"bytes":	29008832,
				"bits_per_second":	232078084.28436258,
				"omitted":	false,
				"sender":	false
			}
		}, {
			"streams":	[{
					"socket":	72,
					"start":	7.000131,
					"end":	8.000111,
					"seconds":	0.99997997283935547,
					"bytes":	27899776,
					"bits_per_second":	223202678.11589092,
					"omitted":	false,
					"sender":	false
				}],
			"sum":	{
				"start":	7.000131,
				"end":	8.000111,
				"seconds":	0.99997997283935547,
				"bytes":	27899776,
				"bits_per_second":	223202678.11589092,
				"omitted":	false,
				"sender":	false
			}
		}, {
			"streams":	[{
					"socket":	72,
					"start":	8.000111,
					"end":	9.0002,
					"seconds":	1.0000890493392944,
					"bytes":	23490048,
					"bits_per_second":	187903651.30400038,
					"omitted":	false,
					"sender":	false
				}],
			"sum":	{
				"start":	8.000111,
				"end":	9.0002,
				"seconds":	1.0000890493392944,
				"bytes":	23490048,
				"bits_per_second":	187903651.30400038,
				"omitted":	false,
				"sender":	false
			}
		}, {
			"streams":	[{
					"socket":	72,
					"start":	9.0002,
					"end":	10.000211,
					"seconds":	1.0000109672546387,
					"bytes":	23188000,
					"bits_per_second":	185501965.55270782,
					"omitted":	false,
					"sender":	false
				}],
			"sum":	{
				"start":	9.0002,
				"end":	10.000211,
				"seconds":	1.0000109672546387,
				"bytes":	23188000,
				"bits_per_second":	185501965.55270782,
				"omitted":	false,
				"sender":	false
			}
		}, {
			"streams":	[{
					"socket":	72,
					"start":	10.000211,
					"end":	11.000301,
					"seconds":	1.0000900030136108,
					"bytes":	25022560,
					"bits_per_second":	200162464.77495849,
					"omitted":	false,
					"sender":	false
				}],
			"sum":	{
				"start":	10.000211,
				"end":	11.000301,
				"seconds":	1.0000900030136108,
				"bytes":	25022560,
				"bits_per_second":	200162464.77495849,
				"omitted":	false,
				"sender":	false
			}
		}, {
			"streams":	[{
					"socket":	72,
					"start":	11.000301,
					"end":	12.000125,
					"seconds":	0.99982398748397827,
					"bytes":	25147776,
					"bits_per_second":	201217624.82041255,
					"omitted":	false,
					"sender":	false
				}],
			"sum":	{
				"start":	11.000301,
				"end":	12.000125,
				"seconds":	0.99982398748397827,
				"bytes":	25147776,
				"bits_per_second":	201217624.82041255,
				"omitted":	false,
				"sender":	false
			}
		}, {
			"streams":	[{
					"socket":	72,
					"start":	12.000125,
					"end":	13.000126,
					"seconds":	1.0000009536743164,
					"bytes":	22959936,
					"bits_per_second":	183679312.82975689,
					"omitted":	false,
					"sender":	false
				}],
			"sum":	{
				"start":	12.000125,
				"end":	13.000126,
				"seconds":	1.0000009536743164,
				"bytes":	22959936,
				"bits_per_second":	183679312.82975689,
				"omitted":	false,
				"sender":	false
			}
		}, {
			"streams":	[{
					"socket":	72,
					"start":	13.000126,
					"end":	14.000723,
					"seconds":	1.0005970001220703,
					"bytes":	24849536,
					"bits_per_second":	198677677.40233815,
					"omitted":	false,
					"sender":	false
				}],
			"sum":	{
				"start":	13.000126,
				"end":	14.000723,
				"seconds":	1.0005970001220703,
				"bytes":	24849536,
				"bits_per_second":	198677677.40233815,
				"omitted":	false,
				"sender":	false
			}
		}, {
			"streams":	[{
					"socket":	72,
					"start":	14.000723,
					"end":	15.000149,
					"seconds":	0.999426007270813,
					"bytes":	18453184,
					"bits_per_second":	147710256.61332241,
					"omitted":	false,
					"sender":	false
				}],
			"sum":	{
				"start":	14.000723,
				"end":	15.000149,
				"seconds":	0.999426007270813,
				"bytes":	18453184,
				"bits_per_second":	147710256.61332241,
				"omitted":	false,
				"sender":	false
			}
		}, {
			"streams":	[{
					"socket":	72,
					"start":	15.000149,
					"end":	16.000168,
					"seconds":	1.0000189542770386,
					"bytes":	21406784,
					"bits_per_second":	171251026.06060889,
					"omitted":	false,
					"sender":	false
				}],
			"sum":	{
				"start":	15.000149,
				"end":	16.000168,
				"seconds":	1.0000189542770386,
				"bytes":	21406784,