{
	"start":	{
		"connected":	[{
				"socket":	423,
				"local_host":	"100.124.59.153",
				"local_port":	39474,
				"remote_host":	"104.210.37.160",
				"remote_port":	5201
			}],
		"version":	"iperf 3.7",
		"system_info":	"Linux localhost 4.19.110-g9ceb3bf92e0a-ab6790968 #2 SMP PREEMPT Wed Aug 26 04:14:37 UTC 2020 aarch64",
		"timestamp":	{
			"time":	"Tue, 11 May 2021 17:51:38 GMT",
			"timesecs":	1620755498
		},
		"connecting_to":	{
			"host":	"104.210.37.160",
			"port":	5201
		},
		"cookie":	"ztsjbtkltyiha36zjviljhslaevo53vnjdy4",
		"tcp_mss_default":	1376,
		"target_bitrate":	2000000000,
		"sock_bufsize":	0,
		"sndbuf_actual":	2097152,
		"rcvbuf_actual":	6291456,
		"test_start":	{
			"protocol":	"TCP",
			"num_streams":	1,
			"blksize":	131072,
			"omit":	0,
			"duration":	30,
			"bytes":	0,
			"blocks":	0,
			"reverse":	1,
			"tos":	0
		}
	},
	"intervals":	[{
			"streams":	[{
					"socket":	423,
					"start":	0,
					"end":	1.000962,
					"seconds":	1.0009620189666748,
					"bytes":	6780928,
					"bits_per_second":	54195287.105899736,
					"omitted":	false,
					"sender":	false
				}],
			"sum":	{
				"start":	0,
				"end":	1.000962,
				"seconds":	1.0009620189666748,
				"bytes":	6780928,
				"bits_per_second":	54195287.105899736,
				"omitted":	false,
				"sender":	false
			}
		}, {
			"streams":	[{
					"socket":	423,
					"start":	1.000962,
					"end":	2.00063,
					"seconds":	0.99966800212860107,
					"bytes":	11016256,
					"bits_per_second":	88159316.7054902,
					"omitted":	false,
					"sender":	false
				}],
			"sum":	{
				"start":	1.000962,
				"end":	2.00063,
				"seconds":	0.99966800212860107,
				"bytes":	11016256,
				"bits_per_second":	88159316.7054902,
				"omitted":	false,
				"sender":	false
			}
		}, {
			"streams":	[{
					"socket":	423,
					"start":	2.00063,
					"end":	3.000106,
					"seconds":	0.99947601556777954,
					"bytes":	14413600,
					"bits_per_second":	115369251.69184345,
					"omitted":	false,
					"sender":	false
				}],
			"sum":	{
				"start":	2.00063,
				"end":	3.000106,
				"seconds":	0.99947601556777954,
				"bytes":	14413600,
				"bits_per_second":	115369251.69184345,
				"omitted":	false,
				"sender":	false
			}
		}, {
			"streams":	[{
					"socket":	423,
					"start":	3.000106,
					"end":	4.000099,
					"seconds":	0.99999302625656128,
					"bytes":	14786496,
					"bits_per_second":	118292792.94358864,
					"omitted":	false,
					"sender":	false
				}],
			"sum":	{
				"start":	3.000106,
				"end":	4.000099,
				"seconds":	0.99999302625656128,
				"bytes":	14786496,
				"bits_per_second":	118292792.94358864,
				"omitted":	false,
				"sender":	false
			}
		}, {
			"streams":	[{
					"socket":	423,
					"start":	4.000099,
					"end":	5.000104,
					"seconds":	1.0000050067901611,
					"bytes":	15492384,
					"bits_per_second":	123938451.46618061,
					"omitted":	false,
					"sender":	false
				}],
			"sum":	{
				"start":	4.000099,
				"end":	5.000104,
				"seconds":	1.0000050067901611,
				"bytes":	15492384,
				"bits_per_second":	123938451.46618061,
				"omitted":	false,
				"sender":	false
			}
		}, {
			"streams":	[{
					"socket":	423,
					"start":	5.000104,
					"end":	6.000129,
					"seconds":	1.0000250339508057,
					"bytes":	15967104,
					"bits_per_second":	127733634.32248214,
					"omitted":	false,
					"sender":	false
				}],
			"sum":	{
				"start":	5.000104,
				"end":	6.000129,
				"seconds":	1.0000250339508057,
				"bytes":	15967104,
				"bits_per_second":	127733634.32248214,
				"omitted":	false,
				"sender":	false
			}
		}, {
			"streams":	[{
					"socket":	423,
					"start":	6.000129,
					"end":	7.000124,
					"seconds":	0.99999499320983887,
					"bytes":	16220288,
					"bits_per_second":	129762953.69587985,
					"omitted":	false,
					"sender":	false
				}],
			"sum":	{
				"start":	6.000129,
				"end":	7.000124,
				"seconds":	0.99999499320983887,
				"bytes":	16220288,
				"bits_per_second":	129762953.69587985,
				"omitted":	false,
				"sender":	false
			}
		}, {
			"streams":	[{
					"socket":	423,
					"start":	7.000124,
					"end":	8.000101,
					"seconds":	0.9999769926071167,
					"bytes":	12608288,
					"bits_per_second":	100868624.72407863,
					"omitted":	false,
					"sender":	false
				}],
			"sum":	{
				"start":	7.000124,
				"end":	8.000101,
				"seconds":	0.9999769926071167,
				"bytes":	12608288,
				"bits_per_second":	100868624.72407863,
				"omitted":	false,
				"sender":	false
			}
		}, {
			"streams":	[{
					"socket":	423,
					"start":	8.000101,
					"end":	9.000118,
					"seconds":	1.0000170469284058,
					"bytes":	12364736,
					"bits_per_second":	98916201.782590047,
					"omitted":	false,
					"sender":	false
				}],
			"sum":	{
				"start":	8.000101,
				"end":	9.000118,
				"seconds":	1.0000170469284058,
				"bytes":	12364736,
				"bits_per_second":	98916201.782590047,
				"omitted":	false,
				"sender":	false
			}
		}, {
			"streams":	[{
					"socket":	423,
					"start":	9.000118,
					"end":	10.000108,
					"seconds":	0.99998998641967773,
					"bytes":	13118784,
					"bits_per_second":	104951322.93850218,
					"omitted":	false,
					"sender":	false
				}],
			"sum":	{
				"start":	9.000118,
				"end":	10.000108,
				"seconds":	0.99998998641967773,
				"bytes":	13118784,
				"bits_per_second":	104951322.93850218,
				"omitted":	false,
				"sender":	false
			}
		}, {
			"streams":	[{
					"socket":	423,
					"start":	10.000108,
					"end":	11.001507,
					"seconds":	1.001399040222168,
					"bytes":	11962944,
					"bits_per_second":	95569845.941501439,
					"omitted":	false,
					"sender":	false
				}],
			"sum":	{
				"start":	10.000108,
				"end":	11.001507,
				"seconds":	1.001399040222168,
				"bytes":	11962944,
				"bits_per_second":	95569845.941501439,
				"omitted":	false,
				"sender":	false
			}
		}, {
			"streams":	[{
					"socket":	423,
					"start":	11.001507,
					"end":	12.001373,
					"seconds":	0.99986600875854492,
					"bytes":	11730400,
					"bits_per_second":	93855775.851924136,
					"omitted":	false,
					"sender":	false
				}],
			"sum":	{
				"start":	11.001507,
				"end":	12.001373,
				"seconds":	0.99986600875854492,
				"bytes":	11730400,
				"bits_per_second":	93855775.851924136,
				"omitted":	false,
				"sender":	false
			}
		}, {
			"streams":	[{
					"socket":	423,
					"start":	12.001373,
					"end":	13.000737,
					"seconds":	0.99936401844024658,
					"bytes":	11001120,
					"bits_per_second":	88064967.695514634,
					"omitted":	false,
					"sender":	false
				}],
			"sum":	{
				"start":	12.001373,
				"end":	13.000737,
				"seconds":	0.99936401844024658,
				"bytes":	11001120,
				"bits_per_second":	88064967.695514634,
				"omitted":	false,
				"sender":	false
			}
		}, {
			"streams":	[{
					"socket":	423,
					"start":	13.000737,
					"end":	14.001279,
					"seconds":	1.0005420446395874,
					"bytes":	8988032,
					"bits_per_second":	71865301.798387855,
					"omitted":	false,
					"sender":	false
				}],
			"sum":	{
				"start":	13.000737,
				"end":	14.001279,
				"seconds":	1.0005420446395874,
				"bytes":	8988032,
				"bits_per_second":	71865301.798387855,
				"omitted":	false,
				"sender":	false
			}
		}, {
			"streams":	[{
					"socket":	423,
					"start":	14.001279,
					"end":	15.000935,
					"seconds":	0.99965602159500122,
					"bytes":	10064064,
					"bits_per_second":	80540216.095070645,
					"omitted":	false,
					"sender":	false
				}],
			"sum":	{
				"start":	14.001279,
				"end":	15.000935,
				"seconds":	0.99965602159500122,
				"bytes":	10064064,
				"bits_per_second":	80540216.095070645,
				"omitted":	false,
				"sender":	false
			}
		}, {
			"streams":	[{
					"socket":	423,
					"start":	15.000935,
					"end":	16.000515,
					"seconds":	0.9995800256729126,
					"bytes":	9714560,
					"bits_per_second":	77749132.639661968,
					"omitted":	false,
					"sender":	false
				}],
			"sum":	{
				"start":	15.000935,
				"end":	16.000515,
				"seconds":	0.9995800256729126,
				"bytes":	9714560,