{"start": {"connected": [{"socket": 209, "local_host": "100.123.106.128", "local_port": 42357, "remote_host": "20.51.202.193", "remote_port": 5201}], "version": "iperf 3.7", "system_info": "Linux localhost 4.19.110-g9ceb3bf92e0a-ab6790968 #2 SMP PREEMPT Wed Aug 26 04:14:37 UTC 2020 aarch64", "timestamp": {"time": "2021-01-25 07:06:50 ", "timesecs": 1611598010.0}, "connecting_to": {"host": "20.51.202.193", "port": 5201}, "cookie": "r3tgswb77jtyix3gdppmv6kpynqxjudmyjob", "sock_bufsize": 0, "sndbuf_actual": 212992, "rcvbuf_actual": 212992, "test_start": {"protocol": "UDP", "num_streams": 1, "blksize": 1376, "omit": 0, "duration": 30, "bytes": 0, "blocks": 0, "reverse": 1, "tos": 0}}, "intervals": [{"streams": [{"socket": 209, "start": 0, "end": 1.001205, "seconds": 1.0012049674987793, "bytes": 169882336, "bits_per_second": 1357423037.3578894, "jitter_ms": 0.23931091064217963, "lost_packets": 59793, "packets": 183254, "lost_percent": 32.62848287076953, "omitted": false, "sender": false}], "sum": {"start": 0, "end": 1.001205, "seconds": 1.0012049674987793, "bytes": 169882336, "bits_per_second": 1357423037.3578894, "jitter_ms": 0.23931091064217963, "lost_packets": 59793, "packets": 183254, "lost_percent": 32.62848287076953, "omitted": false, "sender": false}}, {"streams": [{"socket": 209, "start": 1.001205, "end": 2.000014, "seconds": 0.9988089799880981, "bytes": 211687968, "bits_per_second": 1695523145.997526, "jitter_ms": 0.00151243710351432, "lost_packets": 52830, "packets": 206673, "lost_percent": 25.562119870520096, "omitted": false, "sender": false}], "sum": {"start": 1.001205, "end": 2.000014, "seconds": 0.9988089799880981, "bytes": 211687968, "bits_per_second": 1695523145.997526, "jitter_ms": 0.00151243710351432, "lost_packets": 52830, "packets": 206673, "lost_percent": 25.562119870520096, "omitted": false, "sender": false}}, {"streams": [{"socket": 209, "start": 2.000014, "end": 3.000013, "seconds": 0.9999989867210388, "bytes": 208011296, "bits_per_second": 1664092054.189468, "jitter_ms": 0.002617214120370625, "lost_packets": 51030, "packets": 202201, "lost_percent": 25.237263910663152, "omitted": false, "sender": false}], "sum": {"start": 2.000014, "end": 3.000013, "seconds": 0.9999989867210388, "bytes": 208011296, "bits_per_second": 1664092054.189468, "jitter_ms": 0.002617214120370625, "lost_packets": 51030, "packets": 202201, "lost_percent": 25.237263910663152, "omitted": false, "sender": false}}, {"streams": [{"socket": 209, "start": 3.000013, "end": 4.000185, "seconds": 1.0001720190048218, "bytes": 94522944, "bits_per_second": 756053496.4299521, "jitter_ms": 0.02743653623483174, "lost_packets": 131027, "packets": 199721, "lost_percent": 65.6050190015071, "omitted": false, "sender": false}], "sum": {"start": 3.000013, "end": 4.000185, "seconds": 1.0001720190048218, "bytes": 94522944, "bits_per_second": 756053496.4299521, "jitter_ms": 0.02743653623483174, "lost_packets": 131027, "packets": 199721, "lost_percent": 65.6050190015071, "omitted": false, "sender": false}}, {"streams": [{"socket": 209, "start": 4.000185, "end": 5.000542, "seconds": 1.0003570318222046, "bytes": 228943008, "bits_per_second": 1830890377.8721313, "jitter_ms": 0.29592560834015613, "lost_packets": 35285, "packets": 201668, "lost_percent": 17.49657853501795, "omitted": false, "sender": false}], "sum": {"start": 4.000185, "end": 5.000542, "seconds": 1.0003570318222046, "bytes": 228943008, "bits_per_second": 1830890377.8721313, "jitter_ms": 0.29592560834015613, "lost_packets": 35285, "packets": 201668, "lost_percent": 17.49657853501795, "omitted": false, "sender": false}}, {"streams": [{"socket": 209, "start": 5.000542, "end": 6.00071, "seconds": 1.000167965888977, "bytes": 75440576, "bits_per_second": 603423253.4768003, "jitter_ms": 0.09804981336447623, "lost_packets": 144942, "packets": 199768, "lost_percent": 72.55516399022866, "omitted": false, "sender": false}], "sum": {"start": 5.000542, "end": 6.00071, "seconds": 1.000167965888977, "bytes": 75440576, "bits_per_second": 603423253.4768003, "jitter_ms": 0.09804981336447623, "lost_packets": 144942, "packets": 199768, "lost_percent": 72.55516399022866, "omitted": false, "sender": false}}, {"streams": [{"socket": 209, "start": 6.00071, "end": 7.000267, "seconds": 0.9995570182800293, "bytes": 26671008, "bits_per_second": 213462624.04034686, "jitter_ms": 0.33397794954906135, "lost_packets": 181527, "packets": 200910, "lost_percent": 90.35239659549052, "omitted": false, "sender": false}], "sum": {"start": 6.00071, "end": 7.000267, "seconds": 0.9995570182800293, "bytes": 26671008, "bits_per_second": 213462624.04034686, "jitter_ms": 0.33397794954906135, "lost_packets": 181527, "packets": 200910, "lost_percent": 90.35239659549052, "omitted": false, "sender": false}}, {"streams": [{"socket": 209, "start": 7.000267, "end": 8.001628, "seconds": 1.0013610124588013, "bytes": 23536480, "bits_per_second": 188035920.76913103, "jitter_ms": 0.005261481565448954, "lost_packets": 180381, "packets": 197486, "lost_percent": 91.33862653555188, "omitted": false, "sender": false}], "sum": {"start": 7.000267, "end": 8.001628, "seconds": 1.0013610124588013, "bytes": 23536480, "bits_per_second": 188035920.76913103, "jitter_ms": 0.005261481565448954, "lost_packets": 180381, "packets": 197486, "lost_percent": 91.33862653555188, "omitted": false, "sender": false}}, {"streams": [{"socket": 209, "start": 8.001628, "end": 9.002658, "seconds": 1.0010299682617188, "bytes": 27580544, "bits_per_second": 220417329.14664614, "jitter_ms": 0.22287962575965384, "lost_packets": 181795, "packets": 201839, "lost_percent": 90.06931266999936, "omitted": false, "sender": false}], "sum": {"start": 8.001628, "end": 9.002658, "seconds": 1.0010299682617188, "bytes": 27580544, "bits_per_second": 220417329.14664614, "jitter_ms": 0.22287962575965384, "lost_packets": 181795, "packets": 201839, "lost_percent": 90.06931266999936, "omitted": false, "sender": false}}, {"streams": [{"socket": 209, "start": 9.002658, "end": 10.002228, "seconds": 0.9995700120925903, "bytes": 31074208, "bits_per_second": 248700602.25153366, "jitter_ms": 0.5749258899800775, "lost_packets": 175201, "packets": 197784, "lost_percent": 88.58198843182461, "omitted": false, "sender": false}], "sum": {"start": 9.002658, "end": 10.002228, "seconds": 0.9995700120925903, "bytes": 31074208, "bits_per_second": 248700602.25153366, "jitter_ms": 0.5749258899800775, "lost_packets": 175201, "packets": 197784, "lost_percent": 88.58198843182461, "omitted": false, "sender": false}}, {"streams": [{"socket": 209, "start": 10.002228, "end": 11.000022, "seconds": 0.997793972492218, "bytes": 27535136, "bits_per_second": 220768108.52023664, "jitter_ms": 0.024455057938410216, "lost_packets": 181070, "packets": 201081, "lost_percent": 90.048288997966, "omitted": false, "sender": false}], "sum": {"start": 10.002228, "end": 11.000022, "seconds": 0.997793972492218, "bytes": 27535136, "bits_per_second": 220768108.52023664, "jitter_ms": 0.024455057938410216, "lost_packets": 181070, "packets": 201081, "lost_percent": 90.048288997966, "omitted": false, "sender": false}}, {"streams": [{"socket": 209, "start": 11.000022, "end": 12.000676, "seconds": 1.0006539821624756, "bytes": 24198336, "bits_per_second": 193460168.50065106, "jitter_ms": 0.3701997115207418, "lost_packets": 178418, "packets": 196004, "lost_percent": 91.02773412787494, "omitted": false, "sender": false}], "sum": {"start": 11.000022, "end": 12.000676, "seconds": 1.0006539821624756, "bytes": 24198336, "bits_per_second": 193460168.50065106, "jitter_ms": 0.3701997115207418, "lost_packets": 178418, "packets": 196004, "lost_percent": 91.02773412787494, "omitted": false, "sender": false}}, {"streams": [{"socket": 209, "start": 12.000676, "end": 13.001977, "seconds": 1.0013010501861572, "bytes": 27482848, "bits_per_second": 219577103.16904604, "jitter_ms": 0.34601996415980596, "lost_packets": 185547, "packets": 205520, "lost_percent": 90.2817244063838, "omitted": false,