{"start": {"connected": [{"socket": 600, "local_host": "100.124.85.183", "local_port": 47077, "remote_host": "52.191.143.197", "remote_port": 5201}], "version": "iperf 3.7", "system_info": "Linux localhost 4.19.110-g9ceb3bf92e0a-ab6790968 #2 SMP PREEMPT Wed Aug 26 04:14:37 UTC 2020 aarch64", "timestamp": {"time": "Mon, 18 Jan 2021 21:29:48 ", "timesecs": 1608348588.0}, "connecting_to": {"host": "52.191.143.197", "port": 5201}, "cookie": "y7wwyexlyx7aqilw6a72fe5fouyqzxe2442h", "sock_bufsize": 0, "sndbuf_actual": 212992, "rcvbuf_actual": 212992, "test_start": {"protocol": "UDP", "num_streams": 1, "blksize": 1376, "omit": 0, "duration": 30, "bytes": 0, "blocks": 0, "reverse": 1, "tos": 0}}, "intervals": [{"streams": [{"socket": 600, "start": 0, "end": 1.000021, "seconds": 1.000020980834961, "bytes": 68506912, "bits_per_second": 548043797.5835315, "jitter_ms": 0.003695763682744663, "lost_packets": 117436, "packets": 167223, "lost_percent": 70.22718166759357, "omitted": false, "sender": false}], "sum": {"start": 0, "end": 1.000021, "seconds": 1.000020980834961, "bytes": 68506912, "bits_per_second": 548043797.5835315, "jitter_ms": 0.003695763682744663, "lost_packets": 117436, "packets": 167223, "lost_percent": 70.22718166759357, "omitted": false, "sender": false}}, {"streams": [{"socket": 600, "start": 1.000021, "end": 2.000449, "seconds": 1.0004279613494873, "bytes": 70092064, "bits_per_second": 560496641.1010913, "jitter_ms": 0.001666223887745172, "lost_packets": 116316, "packets": 167255, "lost_percent": 69.5441092941915, "omitted": false, "sender": false}], "sum": {"start": 1.000021, "end": 2.000449, "seconds": 1.0004279613494873, "bytes": 70092064, "bits_per_second": 560496641.1010913, "jitter_ms": 0.001666223887745172, "lost_packets": 116316, "packets": 167255, "lost_percent": 69.5441092941915, "omitted": false, "sender": false}}, {"streams": [{"socket": 600, "start": 2.000449, "end": 3.00002, "seconds": 0.9995710253715515, "bytes": 67480416, "bits_per_second": 540075006.475237, "jitter_ms": 0.00733061247525878, "lost_packets": 116349, "packets": 165390, "lost_percent": 70.34826773081807, "omitted": false, "sender": false}], "sum": {"start": 2.000449, "end": 3.00002, "seconds": 0.9995710253715515, "bytes": 67480416, "bits_per_second": 540075006.475237, "jitter_ms": 0.00733061247525878, "lost_packets": 116349, "packets": 165390, "lost_percent": 70.34826773081807, "omitted": false, "sender": false}}, {"streams": [{"socket": 600, "start": 3.00002, "end": 4.00043, "seconds": 1.0004099607467651, "bytes": 64041792, "bits_per_second": 512124385.10464585, "jitter_ms": 0.0025011147526728846, "lost_packets": 116363, "packets": 162905, "lost_percent": 71.42997452502992, "omitted": false, "sender": false}], "sum": {"start": 3.00002, "end": 4.00043, "seconds": 1.0004099607467651, "bytes": 64041792, "bits_per_second": 512124385.10464585, "jitter_ms": 0.0025011147526728846, "lost_packets": 116363, "packets": 162905, "lost_percent": 71.42997452502992, "omitted": false, "sender": false}}, {"streams": [{"socket": 600, "start": 4.00043, "end": 5.000022, "seconds": 0.9995920062065125, "bytes": 62932736, "bits_per_second": 503667381.16549766, "jitter_ms": 0.004365075007181375, "lost_packets": 117299, "packets": 163035, "lost_percent": 71.94712791731837, "omitted": false, "sender": false}], "sum": {"start": 4.00043, "end": 5.000022, "seconds": 0.9995920062065125, "bytes": 62932736, "bits_per_second": 503667381.16549766, "jitter_ms": 0.004365075007181375, "lost_packets": 117299, "packets": 163035, "lost_percent": 71.94712791731837, "omitted": false, "sender": false}}, {"streams": [{"socket": 600, "start": 5.000022, "end": 6.000023, "seconds": 1.0000009536743164, "bytes": 62521312, "bits_per_second": 500170019.00069904, "jitter_ms": 0.0013535623228858255, "lost_packets": 116556, "packets": 161993, "lost_percent": 71.95125715308686, "omitted": false, "sender": false}], "sum": {"start": 5.000022, "end": 6.000023, "seconds": 1.0000009536743164, "bytes": 62521312, "bits_per_second": 500170019.00069904, "jitter_ms": 0.0013535623228858255, "lost_packets": 116556, "packets": 161993, "lost_percent": 71.95125715308686, "omitted": false, "sender": false}}, {"streams": [{"socket": 600, "start": 6.000023, "end": 7.00002, "seconds": 0.9999970197677612, "bytes": 63235456, "bits_per_second": 505885155.65525, "jitter_ms": 0.0005592562357990378, "lost_packets": 118061, "packets": 164017, "lost_percent": 71.98095319387625, "omitted": false, "sender": false}], "sum": {"start": 6.000023, "end": 7.00002, "seconds": 0.9999970197677612, "bytes": 63235456, "bits_per_second": 505885155.65525, "jitter_ms": 0.0005592562357990378, "lost_packets": 118061, "packets": 164017, "lost_percent": 71.98095319387625, "omitted": false, "sender": false}}, {"streams": [{"socket": 600, "start": 7.00002, "end": 8.000463, "seconds": 1.0004429817199707, "bytes": 68601856, "bits_per_second": 548571840.7024782, "jitter_ms": 0.0014851067565277705, "lost_packets": 119959, "packets": 169815, "lost_percent": 70.64099166740276, "omitted": false, "sender": false}], "sum": {"start": 7.00002, "end": 8.000463, "seconds": 1.0004429817199707, "bytes": 68601856, "bits_per_second": 548571840.7024782, "jitter_ms": 0.0014851067565277705, "lost_packets": 119959, "packets": 169815, "lost_percent": 70.64099166740276, "omitted": false, "sender": false}}, {"streams": [{"socket": 600, "start": 8.000463, "end": 9.000023, "seconds": 0.9995599985122681, "bytes": 65130208, "bits_per_second": 521271024.02608305, "jitter_ms": 0.001561673353626004, "lost_packets": 122923, "packets": 170256, "lost_percent": 72.19892397331078, "omitted": false, "sender": false}], "sum": {"start": 8.000463, "end": 9.000023, "seconds": 0.9995599985122681, "bytes": 65130208, "bits_per_second": 521271024.02608305, "jitter_ms": 0.001561673353626004, "lost_packets": 122923, "packets": 170256, "lost_percent": 72.19892397331078, "omitted": false, "sender": false}}, {"streams": [{"socket": 600, "start": 9.000023, "end": 10.000023, "seconds": 1, "bytes": 64487616, "bits_per_second": 515900928, "jitter_ms": 0.003180068529714734, "lost_packets": 120126, "packets": 166992, "lost_percent": 71.9351825237137, "omitted": false, "sender": false}], "sum": {"start": 9.000023, "end": 10.000023, "seconds": 1, "bytes": 64487616, "bits_per_second": 515900928, "jitter_ms": 0.003180068529714734, "lost_packets": 120126, "packets": 166992, "lost_percent": 71.9351825237137, "omitted": false, "sender": false}}, {"streams": [{"socket": 600, "start": 10.000023, "end": 11.000376, "seconds": 1.0003529787063599, "bytes": 60237152, "bits_per_second": 481727176.56439793, "jitter_ms": 0.10196943468773416, "lost_packets": 114523, "packets": 158300, "lost_percent": 72.34554643082754, "omitted": false, "sender": false}], "sum": {"start": 10.000023, "end": 11.000376, "seconds": 1.0003529787063599, "bytes": 60237152, "bits_per_second": 481727176.56439793, "jitter_ms": 0.10196943468773416, "lost_packets": 114523, "packets": 158300, "lost_percent": 72.34554643082754, "omitted": false, "sender": false}}, {"streams": [{"socket": 600, "start": 11.000376, "end": 12.000094, "seconds": 0.9997180104255676, "bytes": 66032864, "bits_per_second": 528411918.6520657, "jitter_ms": 0.00481392340808009, "lost_packets": 128641, "packets": 176630, "lost_percent": 72.83077619883372, "omitted": false, "sender": false}], "sum": {"start": 11.000376, "end": 12.000094, "seconds": 0.9997180104255676, "bytes": 66032864, "bits_per_second": 528411918.6520657, "jitter_ms": 0.00481392340808009, "lost_packets": 128641, "packets": 176630, "lost_percent": 72.83077619883372, "omitted": false, "sender": false}}, {"streams": [{"socket": 600, "start": 12.000094, "end": 13.000684, "seconds": 1.0005899667739868, "bytes": 64582560, "bits_per_second": 516355847.2065943, "jitter_ms": 0.0006892554390325377, "lost_packets": 123119, "packets": 170054, "lost_percent": 72.39994354734378, "omitted": false, "sender": false}], "sum": {"start": 12.000094,