{
	"start":	{
		"connected":	[{
				"socket":	197,
				"local_host":	"100.124.59.153",
				"local_port":	49486,
				"remote_host":	"20.51.229.186",
				"remote_port":	5201
			}],
		"version":	"iperf 3.7",
		"system_info":	"Linux localhost 4.19.110-g9ceb3bf92e0a-ab6790968 #2 SMP PREEMPT Wed Aug 26 04:14:37 UTC 2020 aarch64",
		"timestamp":	{
			"time":	"Tue, 11 May 2021 16:54:19 GMT",
			"timesecs":	1620752059
		},
		"connecting_to":	{
			"host":	"20.51.229.186",
			"port":	5201
		},
		"cookie":	"ve5ee7efjffqqslcywsiilvycmah5b32ppxm",
		"tcp_mss_default":	1376,
		"target_bitrate":	2000000000,
		"sock_bufsize":	0,
		"sndbuf_actual":	2097152,
		"rcvbuf_actual":	6291456,
		"test_start":	{
			"protocol":	"TCP",
			"num_streams":	1,
			"blksize":	131072,
			"omit":	0,
			"duration":	30,
			"bytes":	0,
			"blocks":	0,
			"reverse":	1,
			"tos":	0
		}
	},
	"intervals":	[{
			"streams":	[{
					"socket":	197,
					"start":	0,
					"end":	1.00012,
					"seconds":	1.0001200437545776,
					"bytes":	13682944,
					"bits_per_second":	109450413.16146402,
					"omitted":	false,
					"sender":	false
				}],
			"sum":	{
				"start":	0,
				"end":	1.00012,
				"seconds":	1.0001200437545776,
				"bytes":	13682944,
				"bits_per_second":	109450413.16146402,
				"omitted":	false,
				"sender":	false
			}
		}, {
			"streams":	[{
					"socket":	197,
					"start":	1.00012,
					"end":	2.000123,
					"seconds":	1.0000029802322388,
					"bytes":	47599104,
					"bits_per_second":	380791697.15230787,
					"omitted":	false,
					"sender":	false
				}],
			"sum":	{
				"start":	1.00012,
				"end":	2.000123,
				"seconds":	1.0000029802322388,
				"bytes":	47599104,
				"bits_per_second":	380791697.15230787,
				"omitted":	false,
				"sender":	false
			}
		}, {
			"streams":	[{
					"socket":	197,
					"start":	2.000123,
					"end":	3.000184,
					"seconds":	1.00006103515625,
					"bytes":	66846688,
					"bits_per_second":	534740866.00768995,
					"omitted":	false,
					"sender":	false
				}],
			"sum":	{
				"start":	2.000123,
				"end":	3.000184,
				"seconds":	1.00006103515625,
				"bytes":	66846688,
				"bits_per_second":	534740866.00768995,
				"omitted":	false,
				"sender":	false
			}
		}, {
			"streams":	[{
					"socket":	197,
					"start":	3.000184,
					"end":	4.000937,
					"seconds":	1.0007530450820923,
					"bytes":	65011072,
					"bits_per_second":	519697220.56387734,
					"omitted":	false,
					"sender":	false
				}],
			"sum":	{
				"start":	3.000184,
				"end":	4.000937,
				"seconds":	1.0007530450820923,
				"bytes":	65011072,
				"bits_per_second":	519697220.56387734,
				"omitted":	false,
				"sender":	false
			}
		}, {
			"streams":	[{
					"socket":	197,
					"start":	4.000937,
					"end":	5.000722,
					"seconds":	0.99978500604629517,
					"bytes":	64802240,
					"bits_per_second":	518529400.68596566,
					"omitted":	false,
					"sender":	false
				}],
			"sum":	{
				"start":	4.000937,
				"end":	5.000722,
				"seconds":	0.99978500604629517,
				"bytes":	64802240,
				"bits_per_second":	518529400.68596566,
				"omitted":	false,
				"sender":	false
			}
		}, {
			"streams":	[{
					"socket":	197,
					"start":	5.000722,
					"end":	6.00016,
					"seconds":	0.99943798780441284,
					"bytes":	61672640,
					"bits_per_second":	493658562.13237441,
					"omitted":	false,
					"sender":	false
				}],
			"sum":	{
				"start":	5.000722,
				"end":	6.00016,
				"seconds":	0.99943798780441284,
				"bytes":	61672640,
				"bits_per_second":	493658562.13237441,
				"omitted":	false,
				"sender":	false
			}
		}, {
			"streams":	[{
					"socket":	197,
					"start":	6.00016,
					"end":	7.000096,
					"seconds":	0.99993598461151123,
					"bytes":	66200672,
					"bits_per_second":	529639281.06433624,
					"omitted":	false,
					"sender":	false
				}],
			"sum":	{
				"start":	6.00016,
				"end":	7.000096,
				"seconds":	0.99993598461151123,
				"bytes":	66200672,
				"bits_per_second":	529639281.06433624,
				"omitted":	false,
				"sender":	false
			}
		}, {
			"streams":	[{
					"socket":	197,
					"start":	7.000096,
					"end":	8.000171,
					"seconds":	1.0000749826431274,
					"bytes":	64489408,
					"bits_per_second":	515876582.21033829,
					"omitted":	false,
					"sender":	false
				}],
			"sum":	{
				"start":	7.000096,
				"end":	8.000171,
				"seconds":	1.0000749826431274,
				"bytes":	64489408,
				"bits_per_second":	515876582.21033829,
				"omitted":	false,
				"sender":	false
			}
		}, {
			"streams":	[{
					"socket":	197,
					"start":	8.000171,
					"end":	9.000177,
					"seconds":	1.0000059604644775,
					"bytes":	65010656,
					"bits_per_second":	520082148.068831,
					"omitted":	false,
					"sender":	false
				}],
			"sum":	{
				"start":	8.000171,
				"end":	9.000177,
				"seconds":	1.0000059604644775,
				"bytes":	65010656,
				"bits_per_second":	520082148.068831,
				"omitted":	false,
				"sender":	false
			}
		}, {
			"streams":	[{
					"socket":	197,
					"start":	9.000177,
					"end":	10.000031,
					"seconds":	0.99985402822494507,
					"bytes":	67240288,
					"bits_per_second":	538000836.93714881,
					"omitted":	false,
					"sender":	false
				}],
			"sum":	{
				"start":	9.000177,
				"end":	10.000031,
				"seconds":	0.99985402822494507,
				"bytes":	67240288,
				"bits_per_second":	538000836.93714881,
				"omitted":	false,
				"sender":	false
			}
		}, {
			"streams":	[{
					"socket":	197,
					"start":	10.000031,
					"end":	11.000109,
					"seconds":	1.0000779628753662,
					"bytes":	66976416,
					"bits_per_second":	535769557.86473519,
					"omitted":	false,
					"sender":	false
				}],
			"sum":	{
				"start":	10.000031,
				"end":	11.000109,
				"seconds":	1.0000779628753662,
				"bytes":	66976416,
				"bits_per_second":	535769557.86473519,
				"omitted":	false,
				"sender":	false
			}
		}, {
			"streams":	[{
					"socket":	197,
					"start":	11.000109,
					"end":	12.000154,
					"seconds":	1.0000449419021606,
					"bytes":	65437632,
					"bits_per_second":	523477529.92406684,
					"omitted":	false,
					"sender":	false
				}],
			"sum":	{
				"start":	11.000109,
				"end":	12.000154,
				"seconds":	1.0000449419021606,
				"bytes":	65437632,
				"bits_per_second":	523477529.92406684,
				"omitted":	false,
				"sender":	false
			}
		}, {
			"streams":	[{
					"socket":	197,
					"start":	12.000154,
					"end":	13.000157,
					"seconds":	1.0000029802322388,
					"bytes":	58819104,
					"bits_per_second":	470551429.64745939,
					"omitted":	false,
					"sender":	false
				}],
			"sum":	{
				"start":	12.000154,
				"end":	13.000157,
				"seconds":	1.0000029802322388,
				"bytes":	58819104,
				"bits_per_second":	470551429.64745939,
				"omitted":	false,
				"sender":	false
			}
		}, {
			"streams":	[{
					"socket":	197,
					"start":	13.000157,
					"end":	14.000567,
					"seconds":	1.0004099607467651,
					"bytes":	62830624,
					"bits_per_second":	502439011.72754824,
					"omitted":	false,
					"sender":	false
				}],
			"sum":	{
				"start":	13.000157,
				"end":	14.000567,
				"seconds":	1.0004099607467651,
				"bytes":	62830624,
				"bits_per_second":	502439011.72754824,
				"omitted":	false,
				"sender":	false
			}
		}, {
			"streams":	[{
					"socket":	197,
					"start":	14.000567,
					"end":	15.000935,
					"seconds":	1.0003679990768433,
					"bytes":	65054336,
					"bits_per_second":	520243238.96832573,
					"omitted":	false,
					"sender":	false
				}],
			"sum":	{
				"start":	14.000567,
				"end":	15.000935,
				"seconds":	1.0003679990768433,
				"bytes":	65054336,
				"bits_per_second":	520243238.96832573,
				"omitted":	false,
				"sender":	false
			}
		}, {
			"streams":	[{
					"socket":	197,
					"start":	15.000935,
					"end":	16.000163,
					"seconds":	0.99922800064086914,
					"bytes":	64397600,
					"bits_per_second":	515578826.52365768,
					"omitted":	false,
					"sender":	false
				}],
			"sum":	{
				"start":	15.000935,
				"end":	16.000163,
				"seconds":	0.99922800064086914,
				"bytes":	64397600,