{
	"start":	{
		"connected":	[{
				"socket":	301,
				"local_host":	"100.124.85.183",
				"local_port":	41280,
				"remote_host":	"13.78.225.186",
				"remote_port":	5201
			}],
		"version":	"iperf 3.7",
		"system_info":	"Linux localhost 4.19.110-g9ceb3bf92e0a-ab6790968 #2 SMP PREEMPT Wed Aug 26 04:14:37 UTC 2020 aarch64",
		"timestamp":	{
			"time":	"Tue, 18 May 2021 00:03:33 GMT",
			"timesecs":	1621296213
		},
		"connecting_to":	{
			"host":	"13.78.225.186",
			"port":	5201
		},
		"cookie":	"35dpepax2b2hfqwn4pcaqou2luvhzbx33qpe",
		"tcp_mss_default":	1376,
		"target_bitrate":	3000000000,
		"sock_bufsize":	0,
		"sndbuf_actual":	2097152,
		"rcvbuf_actual":	6291456,
		"test_start":	{
			"protocol":	"TCP",
			"num_streams":	1,
			"blksize":	131072,
			"omit":	0,
			"duration":	30,
			"bytes":	0,
			"blocks":	0,
			"reverse":	1,
			"tos":	0
		}
	},
	"intervals":	[{
			"streams":	[{
					"socket":	301,
					"start":	0,
					"end":	1.000129,
					"seconds":	1.0001289844512939,
					"bytes":	798080,
					"bits_per_second":	6383816.586920375,
					"omitted":	false,
					"sender":	false
				}],
			"sum":	{
				"start":	0,
				"end":	1.000129,
				"seconds":	1.0001289844512939,
				"bytes":	798080,
				"bits_per_second":	6383816.586920375,
				"omitted":	false,
				"sender":	false
			}
		}, {
			"streams":	[{
					"socket":	301,
					"start":	1.000129,
					"end":	2.000493,
					"seconds":	1.0003639459609985,
					"bytes":	751296,
					"bits_per_second":	6008181.3466659337,
					"omitted":	false,
					"sender":	false
				}],
			"sum":	{
				"start":	1.000129,
				"end":	2.000493,
				"seconds":	1.0003639459609985,
				"bytes":	751296,
				"bits_per_second":	6008181.3466659337,
				"omitted":	false,
				"sender":	false
			}
		}, {
			"streams":	[{
					"socket":	301,
					"start":	2.000493,
					"end":	3.000132,
					"seconds":	0.99963897466659546,
					"bytes":	1077408,
					"bits_per_second":	8622376.8964937963,
					"omitted":	false,
					"sender":	false
				}],
			"sum":	{
				"start":	2.000493,
				"end":	3.000132,
				"seconds":	0.99963897466659546,
				"bytes":	1077408,
				"bits_per_second":	8622376.8964937963,
				"omitted":	false,
				"sender":	false
			}
		}, {
			"streams":	[{
					"socket":	301,
					"start":	3.000132,
					"end":	4.000351,
					"seconds":	1.0002189874649048,
					"bytes":	1191616,
					"bits_per_second":	9530840.8653204925,
					"omitted":	false,
					"sender":	false
				}],
			"sum":	{
				"start":	3.000132,
				"end":	4.000351,
				"seconds":	1.0002189874649048,
				"bytes":	1191616,
				"bits_per_second":	9530840.8653204925,
				"omitted":	false,
				"sender":	false
			}
		}, {
			"streams":	[{
					"socket":	301,
					"start":	4.000351,
					"end":	5.000128,
					"seconds":	0.99977701902389526,
					"bytes":	1403520,
					"bits_per_second":	11230664.224471077,
					"omitted":	false,
					"sender":	false
				}],
			"sum":	{
				"start":	4.000351,
				"end":	5.000128,
				"seconds":	0.99977701902389526,
				"bytes":	1403520,
				"bits_per_second":	11230664.224471077,
				"omitted":	false,
				"sender":	false
			}
		}, {
			"streams":	[{
					"socket":	301,
					"start":	5.000128,
					"end":	6.000487,
					"seconds":	1.000359058380127,
					"bytes":	2509824,
					"bits_per_second":	20071385.200942844,
					"omitted":	false,
					"sender":	false
				}],
			"sum":	{
				"start":	5.000128,
				"end":	6.000487,
				"seconds":	1.000359058380127,
				"bytes":	2509824,
				"bits_per_second":	20071385.200942844,
				"omitted":	false,
				"sender":	false
			}
		}, {
			"streams":	[{
					"socket":	301,
					"start":	6.000487,
					"end":	7.000156,
					"seconds":	0.99966901540756226,
					"bytes":	3129024,
					"bits_per_second":	25040480.013071571,
					"omitted":	false,
					"sender":	false
				}],
			"sum":	{
				"start":	6.000487,
				"end":	7.000156,
				"seconds":	0.99966901540756226,
				"bytes":	3129024,
				"bits_per_second":	25040480.013071571,
				"omitted":	false,
				"sender":	false
			}
		}, {
			"streams":	[{
					"socket":	301,
					"start":	7.000156,
					"end":	8.000876,
					"seconds":	1.0007200241088867,
					"bytes":	3343680,
					"bits_per_second":	26730193.616161153,
					"omitted":	false,
					"sender":	false
				}],
			"sum":	{
				"start":	7.000156,
				"end":	8.000876,
				"seconds":	1.0007200241088867,
				"bytes":	3343680,
				"bits_per_second":	26730193.616161153,
				"omitted":	false,
				"sender":	false
			}
		}, {
			"streams":	[{
					"socket":	301,
					"start":	8.000876,
					"end":	9.001087,
					"seconds":	1.0002110004425049,
					"bytes":	5303104,
					"bits_per_second":	42415882.230080217,
					"omitted":	false,
					"sender":	false
				}],
			"sum":	{
				"start":	8.000876,
				"end":	9.001087,
				"seconds":	1.0002110004425049,
				"bytes":	5303104,
				"bits_per_second":	42415882.230080217,
				"omitted":	false,
				"sender":	false
			}
		}, {
			"streams":	[{
					"socket":	301,
					"start":	9.001087,
					"end":	10.000085,
					"seconds":	0.99899798631668091,
					"bytes":	6175488,
					"bits_per_second":	49453457.040642157,
					"omitted":	false,
					"sender":	false
				}],
			"sum":	{
				"start":	9.001087,
				"end":	10.000085,
				"seconds":	0.99899798631668091,
				"bytes":	6175488,
				"bits_per_second":	49453457.040642157,
				"omitted":	false,
				"sender":	false
			}
		}, {
			"streams":	[{
					"socket":	301,
					"start":	10.000085,
					"end":	11.000176,
					"seconds":	1.0000909566879272,
					"bytes":	8477536,
					"bits_per_second":	67814119.85226354,
					"omitted":	false,
					"sender":	false
				}],
			"sum":	{
				"start":	10.000085,
				"end":	11.000176,
				"seconds":	1.0000909566879272,
				"bytes":	8477536,
				"bits_per_second":	67814119.85226354,
				"omitted":	false,
				"sender":	false
			}
		}, {
			"streams":	[{
					"socket":	301,
					"start":	11.000176,
					"end":	12.000119,
					"seconds":	0.99994301795959473,
					"bytes":	15691904,
					"bits_per_second":	125542385.66129233,
					"omitted":	false,
					"sender":	false
				}],
			"sum":	{
				"start":	11.000176,
				"end":	12.000119,
				"seconds":	0.99994301795959473,
				"bytes":	15691904,
				"bits_per_second":	125542385.66129233,
				"omitted":	false,
				"sender":	false
			}
		}, {
			"streams":	[{
					"socket":	301,
					"start":	12.000119,
					"end":	13.000215,
					"seconds":	1.0000959634780884,
					"bytes":	22167360,
					"bits_per_second":	177321863.57723,
					"omitted":	false,
					"sender":	false
				}],
			"sum":	{
				"start":	12.000119,
				"end":	13.000215,
				"seconds":	1.0000959634780884,
				"bytes":	22167360,
				"bits_per_second":	177321863.57723,
				"omitted":	false,
				"sender":	false
			}
		}, {
			"streams":	[{
					"socket":	301,
					"start":	13.000215,
					"end":	14.000253,
					"seconds":	1.0000380277633667,
					"bytes":	20330400,
					"bits_per_second":	162637015.27806833,
					"omitted":	false,
					"sender":	false
				}],
			"sum":	{
				"start":	13.000215,
				"end":	14.000253,
				"seconds":	1.0000380277633667,
				"bytes":	20330400,
				"bits_per_second":	162637015.27806833,
				"omitted":	false,
				"sender":	false
			}
		}, {
			"streams":	[{
					"socket":	301,
					"start":	14.000253,
					"end":	15.00035,
					"seconds":	1.0000970363616943,
					"bytes":	24055232,
					"bits_per_second":	192423183.95432344,
					"omitted":	false,
					"sender":	false
				}],
			"sum":	{
				"start":	14.000253,
				"end":	15.00035,
				"seconds":	1.0000970363616943,
				"bytes":	24055232,
				"bits_per_second":	192423183.95432344,
				"omitted":	false,
				"sender":	false
			}
		}, {
			"streams":	[{
					"socket":	301,
					"start":	15.00035,
					"end":	16.000237,
					"seconds":	0.99988698959350586,
					"bytes":	40025440,
					"bits_per_second":	320239710.41985011,
					"omitted":	false,
					"sender":	false
				}],
			"sum":	{
				"start":	15.00035,
				"end":	16.000237,
				"seconds":	0.99988698959350586,
				"bytes":	40025440,