{
	"start":	{
		"connected":	[{
				"socket":	197,
				"local_host":	"100.124.59.153",
				"local_port":	39602,
				"remote_host":	"20.94.48.39",
				"remote_port":	5201
			}],
		"version":	"iperf 3.7",
		"system_info":	"Linux localhost 4.19.110-g9ceb3bf92e0a-ab6790968 #2 SMP PREEMPT Wed Aug 26 04:14:37 UTC 2020 aarch64",
		"timestamp":	{
			"time":	"Tue, 11 May 2021 16:56:34 GMT",
			"timesecs":	1620752194
		},
		"connecting_to":	{
			"host":	"20.94.48.39",
			"port":	5201
		},
		"cookie":	"6xug4yucqzo6cevstpvtgbspnzgugmkowzue",
		"tcp_mss_default":	1376,
		"target_bitrate":	2000000000,
		"sock_bufsize":	0,
		"sndbuf_actual":	2097152,
		"rcvbuf_actual":	6291456,
		"test_start":	{
			"protocol":	"TCP",
			"num_streams":	1,
			"blksize":	131072,
			"omit":	0,
			"duration":	30,
			"bytes":	0,
			"blocks":	0,
			"reverse":	1,
			"tos":	0
		}
	},
	"intervals":	[{
			"streams":	[{
					"socket":	197,
					"start":	0,
					"end":	1.000494,
					"seconds":	1.0004940032958984,
					"bytes":	2341952,
					"bits_per_second":	18726365.113913529,
					"omitted":	false,
					"sender":	false
				}],
			"sum":	{
				"start":	0,
				"end":	1.000494,
				"seconds":	1.0004940032958984,
				"bytes":	2341952,
				"bits_per_second":	18726365.113913529,
				"omitted":	false,
				"sender":	false
			}
		}, {
			"streams":	[{
					"socket":	197,
					"start":	1.000494,
					"end":	2.000647,
					"seconds":	1.0001529455184937,
					"bytes":	3073984,
					"bits_per_second":	24588111.358559486,
					"omitted":	false,
					"sender":	false
				}],
			"sum":	{
				"start":	1.000494,
				"end":	2.000647,
				"seconds":	1.0001529455184937,
				"bytes":	3073984,
				"bits_per_second":	24588111.358559486,
				"omitted":	false,
				"sender":	false
			}
		}, {
			"streams":	[{
					"socket":	197,
					"start":	2.000647,
					"end":	3.00016,
					"seconds":	0.99951297044754028,
					"bytes":	5400800,
					"bits_per_second":	43227453.047111511,
					"omitted":	false,
					"sender":	false
				}],
			"sum":	{
				"start":	2.000647,
				"end":	3.00016,
				"seconds":	0.99951297044754028,
				"bytes":	5400800,
				"bits_per_second":	43227453.047111511,
				"omitted":	false,
				"sender":	false
			}
		}, {
			"streams":	[{
					"socket":	197,
					"start":	3.00016,
					"end":	4.000759,
					"seconds":	1.0005990266799927,
					"bytes":	5821856,
					"bits_per_second":	46546965.126016825,
					"omitted":	false,
					"sender":	false
				}],
			"sum":	{
				"start":	3.00016,
				"end":	4.000759,
				"seconds":	1.0005990266799927,
				"bytes":	5821856,
				"bits_per_second":	46546965.126016825,
				"omitted":	false,
				"sender":	false
			}
		}, {
			"streams":	[{
					"socket":	197,
					"start":	4.000759,
					"end":	5.001297,
					"seconds":	1.0005379915237427,
					"bytes":	6208512,
					"bits_per_second":	49641389.353301115,
					"omitted":	false,
					"sender":	false
				}],
			"sum":	{
				"start":	4.000759,
				"end":	5.001297,
				"seconds":	1.0005379915237427,
				"bytes":	6208512,
				"bits_per_second":	49641389.353301115,
				"omitted":	false,
				"sender":	false
			}
		}, {
			"streams":	[{
					"socket":	197,
					"start":	5.001297,
					"end":	6.000157,
					"seconds":	0.99886000156402588,
					"bytes":	4657760,
					"bits_per_second":	37304607.193855621,
					"omitted":	false,
					"sender":	false
				}],
			"sum":	{
				"start":	5.001297,
				"end":	6.000157,
				"seconds":	0.99886000156402588,
				"bytes":	4657760,
				"bits_per_second":	37304607.193855621,
				"omitted":	false,
				"sender":	false
			}
		}, {
			"streams":	[{
					"socket":	197,
					"start":	6.000157,
					"end":	7.000422,
					"seconds":	1.0002650022506714,
					"bytes":	4624736,
					"bits_per_second":	36988086.073942378,
					"omitted":	false,
					"sender":	false
				}],
			"sum":	{
				"start":	6.000157,
				"end":	7.000422,
				"seconds":	1.0002650022506714,
				"bytes":	4624736,
				"bits_per_second":	36988086.073942378,
				"omitted":	false,
				"sender":	false
			}
		}, {
			"streams":	[{
					"socket":	197,
					"start":	7.000422,
					"end":	8.0001,
					"seconds":	0.99967801570892334,
					"bytes":	5563168,
					"bits_per_second":	44519678.63716495,
					"omitted":	false,
					"sender":	false
				}],
			"sum":	{
				"start":	7.000422,
				"end":	8.0001,
				"seconds":	0.99967801570892334,
				"bytes":	5563168,
				"bits_per_second":	44519678.63716495,
				"omitted":	false,
				"sender":	false
			}
		}, {
			"streams":	[{
					"socket":	197,
					"start":	8.0001,
					"end":	9.000419,
					"seconds":	1.0003190040588379,
					"bytes":	9519168,
					"bits_per_second":	76129058.521336183,
					"omitted":	false,
					"sender":	false
				}],
			"sum":	{
				"start":	8.0001,
				"end":	9.000419,
				"seconds":	1.0003190040588379,
				"bytes":	9519168,
				"bits_per_second":	76129058.521336183,
				"omitted":	false,
				"sender":	false
			}
		}, {
			"streams":	[{
					"socket":	197,
					"start":	9.000419,
					"end":	10.000167,
					"seconds":	0.99974799156188965,
					"bytes":	13393984,
					"bits_per_second":	107178881.98264687,
					"omitted":	false,
					"sender":	false
				}],
			"sum":	{
				"start":	9.000419,
				"end":	10.000167,
				"seconds":	0.99974799156188965,
				"bytes":	13393984,
				"bits_per_second":	107178881.98264687,
				"omitted":	false,
				"sender":	false
			}
		}, {
			"streams":	[{
					"socket":	197,
					"start":	10.000167,
					"end":	11.000171,
					"seconds":	1.0000040531158447,
					"bytes":	16534016,
					"bits_per_second":	132271591.8879151,
					"omitted":	false,
					"sender":	false
				}],
			"sum":	{
				"start":	10.000167,
				"end":	11.000171,
				"seconds":	1.0000040531158447,
				"bytes":	16534016,
				"bits_per_second":	132271591.8879151,
				"omitted":	false,
				"sender":	false
			}
		}, {
			"streams":	[{
					"socket":	197,
					"start":	11.000171,
					"end":	12.000185,
					"seconds":	1.0000139474868774,
					"bytes":	20284992,
					"bits_per_second":	162277672.63429043,
					"omitted":	false,
					"sender":	false
				}],
			"sum":	{
				"start":	11.000171,
				"end":	12.000185,
				"seconds":	1.0000139474868774,
				"bytes":	20284992,
				"bits_per_second":	162277672.63429043,
				"omitted":	false,
				"sender":	false
			}
		}, {
			"streams":	[{
					"socket":	197,
					"start":	12.000185,
					"end":	13.0002,
					"seconds":	1.0000150203704834,
					"bytes":	19221344,
					"bits_per_second":	153768442.34102738,
					"omitted":	false,
					"sender":	false
				}],
			"sum":	{
				"start":	12.000185,
				"end":	13.0002,
				"seconds":	1.0000150203704834,
				"bytes":	19221344,
				"bits_per_second":	153768442.34102738,
				"omitted":	false,
				"sender":	false
			}
		}, {
			"streams":	[{
					"socket":	197,
					"start":	13.0002,
					"end":	14.000102,
					"seconds":	0.99990200996398926,
					"bytes":	31255840,
					"bits_per_second":	250071224.48829287,
					"omitted":	false,
					"sender":	false
				}],
			"sum":	{
				"start":	13.0002,
				"end":	14.000102,
				"seconds":	0.99990200996398926,
				"bytes":	31255840,
				"bits_per_second":	250071224.48829287,
				"omitted":	false,
				"sender":	false
			}
		}, {
			"streams":	[{
					"socket":	197,
					"start":	14.000102,
					"end":	15.000122,
					"seconds":	1.0000200271606445,
					"bytes":	31696160,
					"bits_per_second":	253564201.82899627,
					"omitted":	false,
					"sender":	false
				}],
			"sum":	{
				"start":	14.000102,
				"end":	15.000122,
				"seconds":	1.0000200271606445,
				"bytes":	31696160,
				"bits_per_second":	253564201.82899627,
				"omitted":	false,
				"sender":	false
			}
		}, {
			"streams":	[{
					"socket":	197,
					"start":	15.000122,
					"end":	16.000913,
					"seconds":	1.0007909536361694,
					"bytes":	42854496,
					"bits_per_second":	342565014.9557963,
					"omitted":	false,
					"sender":	false
				}],
			"sum":	{
				"start":	15.000122,
				"end":	16.000913,
				"seconds":	1.0007909536361694,
				"bytes":	42854496,
				"bits_per_second":	342565014.9557963,