{
	"start":	{
		"connected":	[{
				"socket":	288,
				"local_host":	"100.124.59.153",
				"local_port":	40430,
				"remote_host":	"52.237.164.255",
				"remote_port":	5201
			}],
		"version":	"iperf 3.7",
		"system_info":	"Linux localhost 4.19.110-g9ceb3bf92e0a-ab6790968 #2 SMP PREEMPT Wed Aug 26 04:14:37 UTC 2020 aarch64",
		"timestamp":	{
			"time":	"Tue, 11 May 2021 17:15:04 GMT",
			"timesecs":	1620753304
		},
		"connecting_to":	{
			"host":	"52.237.164.255",
			"port":	5201
		},
		"cookie":	"wrjhh7nyb2cwcx4ajvvadtfd7gy7v56ovr43",
		"tcp_mss_default":	1376,
		"target_bitrate":	2000000000,
		"sock_bufsize":	0,
		"sndbuf_actual":	2097152,
		"rcvbuf_actual":	6291456,
		"test_start":	{
			"protocol":	"TCP",
			"num_streams":	1,
			"blksize":	131072,
			"omit":	0,
			"duration":	30,
			"bytes":	0,
			"blocks":	0,
			"reverse":	1,
			"tos":	0
		}
	},
	"intervals":	[{
			"streams":	[{
					"socket":	288,
					"start":	0,
					"end":	1.000187,
					"seconds":	1.0001870393753052,
					"bytes":	6277312,
					"bits_per_second":	50209104.920381062,
					"omitted":	false,
					"sender":	false
				}],
			"sum":	{
				"start":	0,
				"end":	1.000187,
				"seconds":	1.0001870393753052,
				"bytes":	6277312,
				"bits_per_second":	50209104.920381062,
				"omitted":	false,
				"sender":	false
			}
		}, {
			"streams":	[{
					"socket":	288,
					"start":	1.000187,
					"end":	2.000136,
					"seconds":	0.99994897842407227,
					"bytes":	19759360,
					"bits_per_second":	158082945.64101389,
					"omitted":	false,
					"sender":	false
				}],
			"sum":	{
				"start":	1.000187,
				"end":	2.000136,
				"seconds":	0.99994897842407227,
				"bytes":	19759360,
				"bits_per_second":	158082945.64101389,
				"omitted":	false,
				"sender":	false
			}
		}, {
			"streams":	[{
					"socket":	288,
					"start":	2.000136,
					"end":	3.000438,
					"seconds":	1.0003019571304321,
					"bytes":	22143968,
					"bits_per_second":	177098267.91521582,
					"omitted":	false,
					"sender":	false
				}],
			"sum":	{
				"start":	2.000136,
				"end":	3.000438,
				"seconds":	1.0003019571304321,
				"bytes":	22143968,
				"bits_per_second":	177098267.91521582,
				"omitted":	false,
				"sender":	false
			}
		}, {
			"streams":	[{
					"socket":	288,
					"start":	3.000438,
					"end":	4.000174,
					"seconds":	0.99973601102828979,
					"bytes":	24953760,
					"bits_per_second":	199682794.05547091,
					"omitted":	false,
					"sender":	false
				}],
			"sum":	{
				"start":	3.000438,
				"end":	4.000174,
				"seconds":	0.99973601102828979,
				"bytes":	24953760,
				"bits_per_second":	199682794.05547091,
				"omitted":	false,
				"sender":	false
			}
		}, {
			"streams":	[{
					"socket":	288,
					"start":	4.000174,
					"end":	5.000112,
					"seconds":	0.99993801116943359,
					"bytes":	26295360,
					"bits_per_second":	210375920.95731947,
					"omitted":	false,
					"sender":	false
				}],
			"sum":	{
				"start":	4.000174,
				"end":	5.000112,
				"seconds":	0.99993801116943359,
				"bytes":	26295360,
				"bits_per_second":	210375920.95731947,
				"omitted":	false,
				"sender":	false
			}
		}, {
			"streams":	[{
					"socket":	288,
					"start":	5.000112,
					"end":	6.00039,
					"seconds":	1.0002779960632324,
					"bytes":	27360384,
					"bits_per_second":	218822240.27865484,
					"omitted":	false,
					"sender":	false
				}],
			"sum":	{
				"start":	5.000112,
				"end":	6.00039,
				"seconds":	1.0002779960632324,
				"bytes":	27360384,
				"bits_per_second":	218822240.27865484,
				"omitted":	false,
				"sender":	false
			}
		}, {
			"streams":	[{
					"socket":	288,
					"start":	6.00039,
					"end":	7.000143,
					"seconds":	0.99975299835205078,
					"bytes":	25292256,
					"bits_per_second":	202388038.17895541,
					"omitted":	false,
					"sender":	false
				}],
			"sum":	{
				"start":	6.00039,
				"end":	7.000143,
				"seconds":	0.99975299835205078,
				"bytes":	25292256,
				"bits_per_second":	202388038.17895541,
				"omitted":	false,
				"sender":	false
			}
		}, {
			"streams":	[{
					"socket":	288,
					"start":	7.000143,
					"end":	8.000176,
					"seconds":	1.0000330209732056,
					"bytes":	17169728,
					"bits_per_second":	137353288.46074203,
					"omitted":	false,
					"sender":	false
				}],
			"sum":	{
				"start":	7.000143,
				"end":	8.000176,
				"seconds":	1.0000330209732056,
				"bytes":	17169728,
				"bits_per_second":	137353288.46074203,
				"omitted":	false,
				"sender":	false
			}
		}, {
			"streams":	[{
					"socket":	288,
					"start":	8.000176,
					"end":	9.000305,
					"seconds":	1.0001289844512939,
					"bytes":	13370592,
					"bits_per_second":	106950940.99156083,
					"omitted":	false,
					"sender":	false
				}],
			"sum":	{
				"start":	8.000176,
				"end":	9.000305,
				"seconds":	1.0001289844512939,
				"bytes":	13370592,
				"bits_per_second":	106950940.99156083,
				"omitted":	false,
				"sender":	false
			}
		}, {
			"streams":	[{
					"socket":	288,
					"start":	9.000305,
					"end":	10.000451,
					"seconds":	1.0001460313796997,
					"bytes":	12494080,
					"bits_per_second":	99938045.909271374,
					"omitted":	false,
					"sender":	false
				}],
			"sum":	{
				"start":	9.000305,
				"end":	10.000451,
				"seconds":	1.0001460313796997,
				"bytes":	12494080,
				"bits_per_second":	99938045.909271374,
				"omitted":	false,
				"sender":	false
			}
		}, {
			"streams":	[{
					"socket":	288,
					"start":	10.000451,
					"end":	11.000135,
					"seconds":	0.99968397617340088,
					"bytes":	12693600,
					"bits_per_second":	101580901.9853548,
					"omitted":	false,
					"sender":	false
				}],
			"sum":	{
				"start":	10.000451,
				"end":	11.000135,
				"seconds":	0.99968397617340088,
				"bytes":	12693600,
				"bits_per_second":	101580901.9853548,
				"omitted":	false,
				"sender":	false
			}
		}, {
			"streams":	[{
					"socket":	288,
					"start":	11.000135,
					"end":	12.000169,
					"seconds":	1.000033974647522,
					"bytes":	12500960,
					"bits_per_second":	100004282.38975511,
					"omitted":	false,
					"sender":	false
				}],
			"sum":	{
				"start":	11.000135,
				"end":	12.000169,
				"seconds":	1.000033974647522,
				"bytes":	12500960,
				"bits_per_second":	100004282.38975511,
				"omitted":	false,
				"sender":	false
			}
		}, {
			"streams":	[{
					"socket":	288,
					"start":	12.000169,
					"end":	13.000187,
					"seconds":	1.0000180006027222,
					"bytes":	14838784,
					"bits_per_second":	118708135.1820187,
					"omitted":	false,
					"sender":	false
				}],
			"sum":	{
				"start":	12.000169,
				"end":	13.000187,
				"seconds":	1.0000180006027222,
				"bytes":	14838784,
				"bits_per_second":	118708135.1820187,
				"omitted":	false,
				"sender":	false
			}
		}, {
			"streams":	[{
					"socket":	288,
					"start":	13.000187,
					"end":	14.000345,
					"seconds":	1.0001579523086548,
					"bytes":	14969504,
					"bits_per_second":	119737119.24558349,
					"omitted":	false,
					"sender":	false
				}],
			"sum":	{
				"start":	13.000187,
				"end":	14.000345,
				"seconds":	1.0001579523086548,
				"bytes":	14969504,
				"bits_per_second":	119737119.24558349,
				"omitted":	false,
				"sender":	false
			}
		}, {
			"streams":	[{
					"socket":	288,
					"start":	14.000345,
					"end":	15.000274,
					"seconds":	0.99992901086807251,
					"bytes":	17190368,
					"bits_per_second":	137532707.32750481,
					"omitted":	false,
					"sender":	false
				}],
			"sum":	{
				"start":	14.000345,
				"end":	15.000274,
				"seconds":	0.99992901086807251,
				"bytes":	17190368,
				"bits_per_second":	137532707.32750481,
				"omitted":	false,
				"sender":	false
			}
		}, {
			"streams":	[{
					"socket":	288,
					"start":	15.000274,
					"end":	16.000777,
					"seconds":	1.0005029439926147,
					"bytes":	13999424,
					"bits_per_second":	111939092.90568434,
					"omitted":	false,
					"sender":	false
				}],
			"sum":	{
				"start":	15.000274,
				"end":	16.000777,
				"seconds":	1.0005029439926147,
				"bytes":	13999424,