{
	"start":	{
		"connected":	[{
				"socket":	437,
				"local_host":	"100.124.59.153",
				"local_port":	39514,
				"remote_host":	"104.210.37.160",
				"remote_port":	5201
			}],
		"version":	"iperf 3.7",
		"system_info":	"Linux localhost 4.19.110-g9ceb3bf92e0a-ab6790968 #2 SMP PREEMPT Wed Aug 26 04:14:37 UTC 2020 aarch64",
		"timestamp":	{
			"time":	"Tue, 11 May 2021 17:54:33 GMT",
			"timesecs":	1620755673
		},
		"connecting_to":	{
			"host":	"104.210.37.160",
			"port":	5201
		},
		"cookie":	"2zj56fk3auoc7gkqq6t5hhi5jwn5nmr5ixsh",
		"tcp_mss_default":	1376,
		"target_bitrate":	2000000000,
		"sock_bufsize":	0,
		"sndbuf_actual":	2097152,
		"rcvbuf_actual":	6291456,
		"test_start":	{
			"protocol":	"TCP",
			"num_streams":	1,
			"blksize":	131072,
			"omit":	0,
			"duration":	30,
			"bytes":	0,
			"blocks":	0,
			"reverse":	1,
			"tos":	0
		}
	},
	"intervals":	[{
			"streams":	[{
					"socket":	437,
					"start":	0,
					"end":	1.000503,
					"seconds":	1.0005029439926147,
					"bytes":	2496064,
					"bits_per_second":	19958474.005397227,
					"omitted":	false,
					"sender":	false
				}],
			"sum":	{
				"start":	0,
				"end":	1.000503,
				"seconds":	1.0005029439926147,
				"bytes":	2496064,
				"bits_per_second":	19958474.005397227,
				"omitted":	false,
				"sender":	false
			}
		}, {
			"streams":	[{
					"socket":	437,
					"start":	1.000503,
					"end":	2.000127,
					"seconds":	0.99962401390075684,
					"bytes":	6954304,
					"bits_per_second":	55655357.640821353,
					"omitted":	false,
					"sender":	false
				}],
			"sum":	{
				"start":	1.000503,
				"end":	2.000127,
				"seconds":	0.99962401390075684,
				"bytes":	6954304,
				"bits_per_second":	55655357.640821353,
				"omitted":	false,
				"sender":	false
			}
		}, {
			"streams":	[{
					"socket":	437,
					"start":	2.000127,
					"end":	3.000461,
					"seconds":	1.0003340244293213,
					"bytes":	11452448,
					"bits_per_second":	91588991.03953591,
					"omitted":	false,
					"sender":	false
				}],
			"sum":	{
				"start":	2.000127,
				"end":	3.000461,
				"seconds":	1.0003340244293213,
				"bytes":	11452448,
				"bits_per_second":	91588991.03953591,
				"omitted":	false,
				"sender":	false
			}
		}, {
			"streams":	[{
					"socket":	437,
					"start":	3.000461,
					"end":	4.000099,
					"seconds":	0.999638020992279,
					"bytes":	11499232,
					"bits_per_second":	92027167.902920872,
					"omitted":	false,
					"sender":	false
				}],
			"sum":	{
				"start":	3.000461,
				"end":	4.000099,
				"seconds":	0.999638020992279,
				"bytes":	11499232,
				"bits_per_second":	92027167.902920872,
				"omitted":	false,
				"sender":	false
			}
		}, {
			"streams":	[{
					"socket":	437,
					"start":	4.000099,
					"end":	5.000118,
					"seconds":	1.0000189542770386,
					"bytes":	10617216,
					"bits_per_second":	84936118.097287,
					"omitted":	false,
					"sender":	false
				}],
			"sum":	{
				"start":	4.000099,
				"end":	5.000118,
				"seconds":	1.0000189542770386,
				"bytes":	10617216,
				"bits_per_second":	84936118.097287,
				"omitted":	false,
				"sender":	false
			}
		}, {
			"streams":	[{
					"socket":	437,
					"start":	5.000118,
					"end":	6.000676,
					"seconds":	1.0005580186843872,
					"bytes":	10698400,
					"bits_per_second":	85539467.378950015,
					"omitted":	false,
					"sender":	false
				}],
			"sum":	{
				"start":	5.000118,
				"end":	6.000676,
				"seconds":	1.0005580186843872,
				"bytes":	10698400,
				"bits_per_second":	85539467.378950015,
				"omitted":	false,
				"sender":	false
			}
		}, {
			"streams":	[{
					"socket":	437,
					"start":	6.000676,
					"end":	7.000125,
					"seconds":	0.99944901466369629,
					"bytes":	11716640,
					"bits_per_second":	93784794.046287775,
					"omitted":	false,
					"sender":	false
				}],
			"sum":	{
				"start":	6.000676,
				"end":	7.000125,
				"seconds":	0.99944901466369629,
				"bytes":	11716640,
				"bits_per_second":	93784794.046287775,
				"omitted":	false,
				"sender":	false
			}
		}, {
			"streams":	[{
					"socket":	437,
					"start":	7.000125,
					"end":	8.000937,
					"seconds":	1.00081205368042,
					"bytes":	10452096,
					"bits_per_second":	83548921.79056485,
					"omitted":	false,
					"sender":	false
				}],
			"sum":	{
				"start":	7.000125,
				"end":	8.000937,
				"seconds":	1.00081205368042,
				"bytes":	10452096,
				"bits_per_second":	83548921.79056485,
				"omitted":	false,
				"sender":	false
			}
		}, {
			"streams":	[{
					"socket":	437,
					"start":	8.000937,
					"end":	9.000972,
					"seconds":	1.0000350475311279,
					"bytes":	14460384,
					"bits_per_second":	115679017.73602505,
					"omitted":	false,
					"sender":	false
				}],
			"sum":	{
				"start":	8.000937,
				"end":	9.000972,
				"seconds":	1.0000350475311279,
				"bytes":	14460384,
				"bits_per_second":	115679017.73602505,
				"omitted":	false,
				"sender":	false
			}
		}, {
			"streams":	[{
					"socket":	437,
					"start":	9.000972,
					"end":	10.00005,
					"seconds":	0.99907797574996948,
					"bytes":	12319328,
					"bits_per_second":	98645577.614719033,
					"omitted":	false,
					"sender":	false
				}],
			"sum":	{
				"start":	9.000972,
				"end":	10.00005,
				"seconds":	0.99907797574996948,
				"bytes":	12319328,
				"bits_per_second":	98645577.614719033,
				"omitted":	false,
				"sender":	false
			}
		}, {
			"streams":	[{
					"socket":	437,
					"start":	10.00005,
					"end":	11.0001,
					"seconds":	1.0000499486923218,
					"bytes":	14042080,
					"bits_per_second":	112331029.2119837,
					"omitted":	false,
					"sender":	false
				}],
			"sum":	{
				"start":	10.00005,
				"end":	11.0001,
				"seconds":	1.0000499486923218,
				"bytes":	14042080,
				"bits_per_second":	112331029.2119837,
				"omitted":	false,
				"sender":	false
			}
		}, {
			"streams":	[{
					"socket":	437,
					"start":	11.0001,
					"end":	12.000121,
					"seconds":	1.0000209808349609,
					"bytes":	13909984,
					"bits_per_second":	111277537.30435495,
					"omitted":	false,
					"sender":	false
				}],
			"sum":	{
				"start":	11.0001,
				"end":	12.000121,
				"seconds":	1.0000209808349609,
				"bytes":	13909984,
				"bits_per_second":	111277537.30435495,
				"omitted":	false,
				"sender":	false
			}
		}, {
			"streams":	[{
					"socket":	437,
					"start":	12.000121,
					"end":	13.0001,
					"seconds":	0.99997901916503906,
					"bytes":	10725920,
					"bits_per_second":	85809160.3478314,
					"omitted":	false,
					"sender":	false
				}],
			"sum":	{
				"start":	12.000121,
				"end":	13.0001,
				"seconds":	0.99997901916503906,
				"bytes":	10725920,
				"bits_per_second":	85809160.3478314,
				"omitted":	false,
				"sender":	false
			}
		}, {
			"streams":	[{
					"socket":	437,
					"start":	13.0001,
					"end":	14.000326,
					"seconds":	1.0002260208129883,
					"bytes":	10170016,
					"bits_per_second":	81341743.073100731,
					"omitted":	false,
					"sender":	false
				}],
			"sum":	{
				"start":	13.0001,
				"end":	14.000326,
				"seconds":	1.0002260208129883,
				"bytes":	10170016,
				"bits_per_second":	81341743.073100731,
				"omitted":	false,
				"sender":	false
			}
		}, {
			"streams":	[{
					"socket":	437,
					"start":	14.000326,
					"end":	15.000185,
					"seconds":	0.99985897541046143,
					"bytes":	10880032,
					"bits_per_second":	87052532.547670826,
					"omitted":	false,
					"sender":	false
				}],
			"sum":	{
				"start":	14.000326,
				"end":	15.000185,
				"seconds":	0.99985897541046143,
				"bytes":	10880032,
				"bits_per_second":	87052532.547670826,
				"omitted":	false,
				"sender":	false
			}
		}, {
			"streams":	[{
					"socket":	437,
					"start":	15.000185,
					"end":	16.000126,
					"seconds":	0.99994099140167236,
					"bytes":	10340640,
					"bits_per_second":	82730001.781444773,
					"omitted":	false,
					"sender":	false
				}],
			"sum":	{
				"start":	15.000185,
				"end":	16.000126,
				"seconds":	0.99994099140167236,
				"bytes":	10340640,