{
	"start":	{
		"connected":	[{
				"socket":	62,
				"local_host":	"100.124.85.183",
				"local_port":	44960,
				"remote_host":	"20.64.146.192",
				"remote_port":	5201
			}],
		"version":	"iperf 3.7",
		"system_info":	"Linux localhost 4.19.110-g9ceb3bf92e0a-ab6790968 #2 SMP PREEMPT Wed Aug 26 04:14:37 UTC 2020 aarch64",
		"timestamp":	{
			"time":	"Mon, 17 May 2021 23:53:54 GMT",
			"timesecs":	1621295634
		},
		"connecting_to":	{
			"host":	"20.64.146.192",
			"port":	5201
		},
		"cookie":	"uri7mpy2tnxilbenwwpvjehqjtw4uxlskcnl",
		"tcp_mss_default":	1376,
		"target_bitrate":	3000000000,
		"sock_bufsize":	0,
		"sndbuf_actual":	2097152,
		"rcvbuf_actual":	6291456,
		"test_start":	{
			"protocol":	"TCP",
			"num_streams":	1,
			"blksize":	131072,
			"omit":	0,
			"duration":	30,
			"bytes":	0,
			"blocks":	0,
			"reverse":	1,
			"tos":	0
		}
	},
	"intervals":	[{
			"streams":	[{
					"socket":	62,
					"start":	0,
					"end":	1.00012,
					"seconds":	1.0001200437545776,
					"bytes":	2845568,
					"bits_per_second":	22761811.586676147,
					"omitted":	false,
					"sender":	false
				}],
			"sum":	{
				"start":	0,
				"end":	1.00012,
				"seconds":	1.0001200437545776,
				"bytes":	2845568,
				"bits_per_second":	22761811.586676147,
				"omitted":	false,
				"sender":	false
			}
		}, {
			"streams":	[{
					"socket":	62,
					"start":	1.00012,
					"end":	2.000179,
					"seconds":	1.0000590085983276,
					"bytes":	5977344,
					"bits_per_second":	47815930.448966473,
					"omitted":	false,
					"sender":	false
				}],
			"sum":	{
				"start":	1.00012,
				"end":	2.000179,
				"seconds":	1.0000590085983276,
				"bytes":	5977344,
				"bits_per_second":	47815930.448966473,
				"omitted":	false,
				"sender":	false
			}
		}, {
			"streams":	[{
					"socket":	62,
					"start":	2.000179,
					"end":	3.000421,
					"seconds":	1.0002419948577881,
					"bytes":	11788192,
					"bits_per_second":	94282720.066565618,
					"omitted":	false,
					"sender":	false
				}],
			"sum":	{
				"start":	2.000179,
				"end":	3.000421,
				"seconds":	1.0002419948577881,
				"bytes":	11788192,
				"bits_per_second":	94282720.066565618,
				"omitted":	false,
				"sender":	false
			}
		}, {
			"streams":	[{
					"socket":	62,
					"start":	3.000421,
					"end":	4.00421,
					"seconds":	1.003788948059082,
					"bytes":	20056576,
					"bits_per_second":	159846956.18561035,
					"omitted":	false,
					"sender":	false
				}],
			"sum":	{
				"start":	3.000421,
				"end":	4.00421,
				"seconds":	1.003788948059082,
				"bytes":	20056576,
				"bits_per_second":	159846956.18561035,
				"omitted":	false,
				"sender":	false
			}
		}, {
			"streams":	[{
					"socket":	62,
					"start":	4.00421,
					"end":	5.000122,
					"seconds":	0.99591201543807983,
					"bytes":	40026464,
					"bits_per_second":	321526105.75658727,
					"omitted":	false,
					"sender":	false
				}],
			"sum":	{
				"start":	4.00421,
				"end":	5.000122,
				"seconds":	0.99591201543807983,
				"bytes":	40026464,
				"bits_per_second":	321526105.75658727,
				"omitted":	false,
				"sender":	false
			}
		}, {
			"streams":	[{
					"socket":	62,
					"start":	5.000122,
					"end":	6.000164,
					"seconds":	1.0000419616699219,
					"bytes":	75418560,
					"bits_per_second":	603323163.55255485,
					"omitted":	false,
					"sender":	false
				}],
			"sum":	{
				"start":	5.000122,
				"end":	6.000164,
				"seconds":	1.0000419616699219,
				"bytes":	75418560,
				"bits_per_second":	603323163.55255485,
				"omitted":	false,
				"sender":	false
			}
		}, {
			"streams":	[{
					"socket":	62,
					"start":	6.000164,
					"end":	7.000131,
					"seconds":	0.99996697902679443,
					"bytes":	101920320,
					"bits_per_second":	815389484.95433474,
					"omitted":	false,
					"sender":	false
				}],
			"sum":	{
				"start":	6.000164,
				"end":	7.000131,
				"seconds":	0.99996697902679443,
				"bytes":	101920320,
				"bits_per_second":	815389484.95433474,
				"omitted":	false,
				"sender":	false
			}
		}, {
			"streams":	[{
					"socket":	62,
					"start":	7.000131,
					"end":	8.008934,
					"seconds":	1.0088030099868774,
					"bytes":	121674528,
					"bits_per_second":	964902180.46897185,
					"omitted":	false,
					"sender":	false
				}],
			"sum":	{
				"start":	7.000131,
				"end":	8.008934,
				"seconds":	1.0088030099868774,
				"bytes":	121674528,
				"bits_per_second":	964902180.46897185,
				"omitted":	false,
				"sender":	false
			}
		}, {
			"streams":	[{
					"socket":	62,
					"start":	8.008934,
					"end":	9.000137,
					"seconds":	0.99120301008224487,
					"bytes":	124713760,
					"bits_per_second":	1006564820.5781933,
					"omitted":	false,
					"sender":	false
				}],
			"sum":	{
				"start":	8.008934,
				"end":	9.000137,
				"seconds":	0.99120301008224487,
				"bytes":	124713760,
				"bits_per_second":	1006564820.5781933,
				"omitted":	false,
				"sender":	false
			}
		}, {
			"streams":	[{
					"socket":	62,
					"start":	9.000137,
					"end":	10.000092,
					"seconds":	0.99995499849319458,
					"bytes":	115718496,
					"bits_per_second":	925789629.92833161,
					"omitted":	false,
					"sender":	false
				}],
			"sum":	{
				"start":	9.000137,
				"end":	10.000092,
				"seconds":	0.99995499849319458,
				"bytes":	115718496,
				"bits_per_second":	925789629.92833161,
				"omitted":	false,
				"sender":	false
			}
		}, {
			"streams":	[{
					"socket":	62,
					"start":	10.000092,
					"end":	11.000092,
					"seconds":	1,
					"bytes":	123346016,
					"bits_per_second":	986768128,
					"omitted":	false,
					"sender":	false
				}],
			"sum":	{
				"start":	10.000092,
				"end":	11.000092,
				"seconds":	1,
				"bytes":	123346016,
				"bits_per_second":	986768128,
				"omitted":	false,
				"sender":	false
			}
		}, {
			"streams":	[{
					"socket":	62,
					"start":	11.000092,
					"end":	12.000105,
					"seconds":	1.000012993812561,
					"bytes":	95498528,
					"bits_per_second":	763978297.009208,
					"omitted":	false,
					"sender":	false
				}],
			"sum":	{
				"start":	11.000092,
				"end":	12.000105,
				"seconds":	1.000012993812561,
				"bytes":	95498528,
				"bits_per_second":	763978297.009208,
				"omitted":	false,
				"sender":	false
			}
		}, {
			"streams":	[{
					"socket":	62,
					"start":	12.000105,
					"end":	13.000108,
					"seconds":	1.0000029802322388,
					"bytes":	126675936,
					"bits_per_second":	1013404467.8193341,
					"omitted":	false,
					"sender":	false
				}],
			"sum":	{
				"start":	12.000105,
				"end":	13.000108,
				"seconds":	1.0000029802322388,
				"bytes":	126675936,
				"bits_per_second":	1013404467.8193341,
				"omitted":	false,
				"sender":	false
			}
		}, {
			"streams":	[{
					"socket":	62,
					"start":	13.000108,
					"end":	14.002184,
					"seconds":	1.0020760297775269,
					"bytes":	125250752,
					"bits_per_second":	999930131.272033,
					"omitted":	false,
					"sender":	false
				}],
			"sum":	{
				"start":	13.000108,
				"end":	14.002184,
				"seconds":	1.0020760297775269,
				"bytes":	125250752,
				"bits_per_second":	999930131.272033,
				"omitted":	false,
				"sender":	false
			}
		}, {
			"streams":	[{
					"socket":	62,
					"start":	14.002184,
					"end":	15.000097,
					"seconds":	0.99791300296783447,
					"bytes":	115080032,
					"bits_per_second":	922565647.76887155,
					"omitted":	false,
					"sender":	false
				}],
			"sum":	{
				"start":	14.002184,
				"end":	15.000097,
				"seconds":	0.99791300296783447,
				"bytes":	115080032,
				"bits_per_second":	922565647.76887155,
				"omitted":	false,
				"sender":	false
			}
		}, {
			"streams":	[{
					"socket":	62,
					"start":	15.000097,
					"end":	16.000091,
					"seconds":	0.99999397993087769,
					"bytes":	126634656,
					"bits_per_second":	1013083346.8317746,
					"omitted":	false,
					"sender":	false
				}],
			"sum":	{
				"start":	15.000097,
				"end":	16.000091,
				"seconds":	0.99999397993087769,
				"bytes":	126634656,
				"bits_per_second":	1013083346.8317746,
				"omitted":	false,