{
	"start":	{
		"connected":	[{
				"socket":	224,
				"local_host":	"100.124.85.183",
				"local_port":	45824,
				"remote_host":	"20.46.241.99",
				"remote_port":	5201
			}],
		"version":	"iperf 3.7",
		"system_info":	"Linux localhost 4.19.110-g9ceb3bf92e0a-ab6790968 #2 SMP PREEMPT Wed Aug 26 04:14:37 UTC 2020 aarch64",
		"timestamp":	{
			"time":	"Mon, 17 May 2021 23:19:55 GMT",
			"timesecs":	1621293595
		},
		"connecting_to":	{
			"host":	"20.46.241.99",
			"port":	5201
		},
		"cookie":	"tckkilol2xlywkn3enknd6zjsc2vzbluy4x7",
		"tcp_mss_default":	1376,
		"target_bitrate":	3000000000,
		"sock_bufsize":	0,
		"sndbuf_actual":	2097152,
		"rcvbuf_actual":	6291456,
		"test_start":	{
			"protocol":	"TCP",
			"num_streams":	1,
			"blksize":	131072,
			"omit":	0,
			"duration":	30,
			"bytes":	0,
			"blocks":	0,
			"reverse":	1,
			"tos":	0
		}
	},
	"intervals":	[{
			"streams":	[{
					"socket":	224,
					"start":	0,
					"end":	1.005067,
					"seconds":	1.005066990852356,
					"bytes":	3079488,
					"bits_per_second":	24511703.422980096,
					"omitted":	false,
					"sender":	false
				}],
			"sum":	{
				"start":	0,
				"end":	1.005067,
				"seconds":	1.005066990852356,
				"bytes":	3079488,
				"bits_per_second":	24511703.422980096,
				"omitted":	false,
				"sender":	false
			}
		}, {
			"streams":	[{
					"socket":	224,
					"start":	1.005067,
					"end":	2.000361,
					"seconds":	0.99529397487640381,
					"bytes":	10097088,
					"bits_per_second":	81158638.592211813,
					"omitted":	false,
					"sender":	false
				}],
			"sum":	{
				"start":	1.005067,
				"end":	2.000361,
				"seconds":	0.99529397487640381,
				"bytes":	10097088,
				"bits_per_second":	81158638.592211813,
				"omitted":	false,
				"sender":	false
			}
		}, {
			"streams":	[{
					"socket":	224,
					"start":	2.000361,
					"end":	3.00013,
					"seconds":	0.99976897239685059,
					"bytes":	34580256,
					"bits_per_second":	276705974.71811622,
					"omitted":	false,
					"sender":	false
				}],
			"sum":	{
				"start":	2.000361,
				"end":	3.00013,
				"seconds":	0.99976897239685059,
				"bytes":	34580256,
				"bits_per_second":	276705974.71811622,
				"omitted":	false,
				"sender":	false
			}
		}, {
			"streams":	[{
					"socket":	224,
					"start":	3.00013,
					"end":	4.000541,
					"seconds":	1.0004110336303711,
					"bytes":	69834240,
					"bits_per_second":	558444380.57889032,
					"omitted":	false,
					"sender":	false
				}],
			"sum":	{
				"start":	3.00013,
				"end":	4.000541,
				"seconds":	1.0004110336303711,
				"bytes":	69834240,
				"bits_per_second":	558444380.57889032,
				"omitted":	false,
				"sender":	false
			}
		}, {
			"streams":	[{
					"socket":	224,
					"start":	4.000541,
					"end":	5.000114,
					"seconds":	0.9995729923248291,
					"bytes":	66060928,
					"bits_per_second":	528713188.58949178,
					"omitted":	false,
					"sender":	false
				}],
			"sum":	{
				"start":	4.000541,
				"end":	5.000114,
				"seconds":	0.9995729923248291,
				"bytes":	66060928,
				"bits_per_second":	528713188.58949178,
				"omitted":	false,
				"sender":	false
			}
		}, {
			"streams":	[{
					"socket":	224,
					"start":	5.000114,
					"end":	6.001232,
					"seconds":	1.0011179447174072,
					"bytes":	62783264,
					"bits_per_second":	501705233.28475374,
					"omitted":	false,
					"sender":	false
				}],
			"sum":	{
				"start":	5.000114,
				"end":	6.001232,
				"seconds":	1.0011179447174072,
				"bytes":	62783264,
				"bits_per_second":	501705233.28475374,
				"omitted":	false,
				"sender":	false
			}
		}, {
			"streams":	[{
					"socket":	224,
					"start":	6.001232,
					"end":	7.000137,
					"seconds":	0.9989050030708313,
					"bytes":	71433760,
					"bits_per_second":	572096523.936899,
					"omitted":	false,
					"sender":	false
				}],
			"sum":	{
				"start":	6.001232,
				"end":	7.000137,
				"seconds":	0.9989050030708313,
				"bytes":	71433760,
				"bits_per_second":	572096523.936899,
				"omitted":	false,
				"sender":	false
			}
		}, {
			"streams":	[{
					"socket":	224,
					"start":	7.000137,
					"end":	8.000131,
					"seconds":	0.99999397993087769,
					"bytes":	70002816,
					"bits_per_second":	560025899.39462459,
					"omitted":	false,
					"sender":	false
				}],
			"sum":	{
				"start":	7.000137,
				"end":	8.000131,
				"seconds":	0.99999397993087769,
				"bytes":	70002816,
				"bits_per_second":	560025899.39462459,
				"omitted":	false,
				"sender":	false
			}
		}, {
			"streams":	[{
					"socket":	224,
					"start":	8.000131,
					"end":	9.000142,
					"seconds":	1.0000109672546387,
					"bytes":	75356800,
					"bits_per_second":	602847788.41479611,
					"omitted":	false,
					"sender":	false
				}],
			"sum":	{
				"start":	8.000131,
				"end":	9.000142,
				"seconds":	1.0000109672546387,
				"bytes":	75356800,
				"bits_per_second":	602847788.41479611,
				"omitted":	false,
				"sender":	false
			}
		}, {
			"streams":	[{
					"socket":	224,
					"start":	9.000142,
					"end":	10.000125,
					"seconds":	0.999983012676239,
					"bytes":	58324352,
					"bits_per_second":	466602742.33185178,
					"omitted":	false,
					"sender":	false
				}],
			"sum":	{
				"start":	9.000142,
				"end":	10.000125,
				"seconds":	0.999983012676239,
				"bytes":	58324352,
				"bits_per_second":	466602742.33185178,
				"omitted":	false,
				"sender":	false
			}
		}, {
			"streams":	[{
					"socket":	224,
					"start":	10.000125,
					"end":	11.000148,
					"seconds":	1.0000230073928833,
					"bytes":	70838048,
					"bits_per_second":	566691345.909561,
					"omitted":	false,
					"sender":	false
				}],
			"sum":	{
				"start":	10.000125,
				"end":	11.000148,
				"seconds":	1.0000230073928833,
				"bytes":	70838048,
				"bits_per_second":	566691345.909561,
				"omitted":	false,
				"sender":	false
			}
		}, {
			"streams":	[{
					"socket":	224,
					"start":	11.000148,
					"end":	12.00025,
					"seconds":	1.0001020431518555,
					"bytes":	66790592,
					"bits_per_second":	534270217.38307571,
					"omitted":	false,
					"sender":	false
				}],
			"sum":	{
				"start":	11.000148,
				"end":	12.00025,
				"seconds":	1.0001020431518555,
				"bytes":	66790592,
				"bits_per_second":	534270217.38307571,
				"omitted":	false,
				"sender":	false
			}
		}, {
			"streams":	[{
					"socket":	224,
					"start":	12.00025,
					"end":	13.000145,
					"seconds":	0.99989497661590576,
					"bytes":	71695264,
					"bits_per_second":	573622355.76099408,
					"omitted":	false,
					"sender":	false
				}],
			"sum":	{
				"start":	12.00025,
				"end":	13.000145,
				"seconds":	0.99989497661590576,
				"bytes":	71695264,
				"bits_per_second":	573622355.76099408,
				"omitted":	false,
				"sender":	false
			}
		}, {
			"streams":	[{
					"socket":	224,
					"start":	13.000145,
					"end":	14.000178,
					"seconds":	1.0000330209732056,
					"bytes":	73532544,
					"bits_per_second":	588240927.71208763,
					"omitted":	false,
					"sender":	false
				}],
			"sum":	{
				"start":	13.000145,
				"end":	14.000178,
				"seconds":	1.0000330209732056,
				"bytes":	73532544,
				"bits_per_second":	588240927.71208763,
				"omitted":	false,
				"sender":	false
			}
		}, {
			"streams":	[{
					"socket":	224,
					"start":	14.000178,
					"end":	15.000126,
					"seconds":	0.99994802474975586,
					"bytes":	72868832,
					"bits_per_second":	582980956.58110583,
					"omitted":	false,
					"sender":	false
				}],
			"sum":	{
				"start":	14.000178,
				"end":	15.000126,
				"seconds":	0.99994802474975586,
				"bytes":	72868832,
				"bits_per_second":	582980956.58110583,
				"omitted":	false,
				"sender":	false
			}
		}, {
			"streams":	[{
					"socket":	224,
					"start":	15.000126,
					"end":	16.000139,
					"seconds":	1.000012993812561,
					"bytes":	74860576,
					"bits_per_second":	598876826.30677187,
					"omitted":	false,
					"sender":	false
				}],
			"sum":	{
				"start":	15.000126,
				"end":	16.000139,
				"seconds":	1.000012993812561,
				"bytes":	74860576,