{
	"start":	{
		"connected":	[{
				"socket":	130,
				"local_host":	"100.124.85.183",
				"local_port":	44130,
				"remote_host":	"20.64.146.192",
				"remote_port":	5201
			}],
		"version":	"iperf 3.7",
		"system_info":	"Linux localhost 4.19.110-g9ceb3bf92e0a-ab6790968 #2 SMP PREEMPT Wed Aug 26 04:14:37 UTC 2020 aarch64",
		"timestamp":	{
			"time":	"Mon, 17 May 2021 23:14:00 GMT",
			"timesecs":	1621293240
		},
		"connecting_to":	{
			"host":	"20.64.146.192",
			"port":	5201
		},
		"cookie":	"qo6ksgw2gp6og4mt2lscmswwpya3iaugi2ur",
		"tcp_mss_default":	1376,
		"target_bitrate":	3000000000,
		"sock_bufsize":	0,
		"sndbuf_actual":	2097152,
		"rcvbuf_actual":	6291456,
		"test_start":	{
			"protocol":	"TCP",
			"num_streams":	1,
			"blksize":	131072,
			"omit":	0,
			"duration":	30,
			"bytes":	0,
			"blocks":	0,
			"reverse":	1,
			"tos":	0
		}
	},
	"intervals":	[{
			"streams":	[{
					"socket":	130,
					"start":	0,
					"end":	1.000108,
					"seconds":	1.000108003616333,
					"bytes":	2824928,
					"bits_per_second":	22596983.444069825,
					"omitted":	false,
					"sender":	false
				}],
			"sum":	{
				"start":	0,
				"end":	1.000108,
				"seconds":	1.000108003616333,
				"bytes":	2824928,
				"bits_per_second":	22596983.444069825,
				"omitted":	false,
				"sender":	false
			}
		}, {
			"streams":	[{
					"socket":	130,
					"start":	1.000108,
					"end":	2.000044,
					"seconds":	0.99993598461151123,
					"bytes":	5920928,
					"bits_per_second":	47370456.438171782,
					"omitted":	false,
					"sender":	false
				}],
			"sum":	{
				"start":	1.000108,
				"end":	2.000044,
				"seconds":	0.99993598461151123,
				"bytes":	5920928,
				"bits_per_second":	47370456.438171782,
				"omitted":	false,
				"sender":	false
			}
		}, {
			"streams":	[{
					"socket":	130,
					"start":	2.000044,
					"end":	3.000465,
					"seconds":	1.0004210472106934,
					"bytes":	12927520,
					"bits_per_second":	103376633.55679004,
					"omitted":	false,
					"sender":	false
				}],
			"sum":	{
				"start":	2.000044,
				"end":	3.000465,
				"seconds":	1.0004210472106934,
				"bytes":	12927520,
				"bits_per_second":	103376633.55679004,
				"omitted":	false,
				"sender":	false
			}
		}, {
			"streams":	[{
					"socket":	130,
					"start":	3.000465,
					"end":	4.000112,
					"seconds":	0.99964702129364014,
					"bytes":	25061088,
					"bits_per_second":	200559497.23188108,
					"omitted":	false,
					"sender":	false
				}],
			"sum":	{
				"start":	3.000465,
				"end":	4.000112,
				"seconds":	0.99964702129364014,
				"bytes":	25061088,
				"bits_per_second":	200559497.23188108,
				"omitted":	false,
				"sender":	false
			}
		}, {
			"streams":	[{
					"socket":	130,
					"start":	4.000112,
					"end":	5.000402,
					"seconds":	1.0002900362014771,
					"bytes":	40059776,
					"bits_per_second":	320385284.66902548,
					"omitted":	false,
					"sender":	false
				}],
			"sum":	{
				"start":	4.000112,
				"end":	5.000402,
				"seconds":	1.0002900362014771,
				"bytes":	40059776,
				"bits_per_second":	320385284.66902548,
				"omitted":	false,
				"sender":	false
			}
		}, {
			"streams":	[{
					"socket":	130,
					"start":	5.000402,
					"end":	6.001419,
					"seconds":	1.0010169744491577,
					"bytes":	38535328,
					"bits_per_second":	307969426.96165824,
					"omitted":	false,
					"sender":	false
				}],
			"sum":	{
				"start":	5.000402,
				"end":	6.001419,
				"seconds":	1.0010169744491577,
				"bytes":	38535328,
				"bits_per_second":	307969426.96165824,
				"omitted":	false,
				"sender":	false
			}
		}, {
			"streams":	[{
					"socket":	130,
					"start":	6.001419,
					"end":	7.000204,
					"seconds":	0.99878501892089844,
					"bytes":	44039776,
					"bits_per_second":	352746788.6739527,
					"omitted":	false,
					"sender":	false
				}],
			"sum":	{
				"start":	6.001419,
				"end":	7.000204,
				"seconds":	0.99878501892089844,
				"bytes":	44039776,
				"bits_per_second":	352746788.6739527,
				"omitted":	false,
				"sender":	false
			}
		}, {
			"streams":	[{
					"socket":	130,
					"start":	7.000204,
					"end":	8.000113,
					"seconds":	0.999908983707428,
					"bytes":	43270880,
					"bits_per_second":	346198549.70848829,
					"omitted":	false,
					"sender":	false
				}],
			"sum":	{
				"start":	7.000204,
				"end":	8.000113,
				"seconds":	0.999908983707428,
				"bytes":	43270880,
				"bits_per_second":	346198549.70848829,
				"omitted":	false,
				"sender":	false
			}
		}, {
			"streams":	[{
					"socket":	130,
					"start":	8.000113,
					"end":	9.00019,
					"seconds":	1.0000770092010498,
					"bytes":	38125248,
					"bits_per_second":	304978497.84954321,
					"omitted":	false,
					"sender":	false
				}],
			"sum":	{
				"start":	8.000113,
				"end":	9.00019,
				"seconds":	1.0000770092010498,
				"bytes":	38125248,
				"bits_per_second":	304978497.84954321,
				"omitted":	false,
				"sender":	false
			}
		}, {
			"streams":	[{
					"socket":	130,
					"start":	9.00019,
					"end":	10.000151,
					"seconds":	0.99996101856231689,
					"bytes":	33076160,
					"bits_per_second":	264619595.25226206,
					"omitted":	false,
					"sender":	false
				}],
			"sum":	{
				"start":	9.00019,
				"end":	10.000151,
				"seconds":	0.99996101856231689,
				"bytes":	33076160,
				"bits_per_second":	264619595.25226206,
				"omitted":	false,
				"sender":	false
			}
		}, {
			"streams":	[{
					"socket":	130,
					"start":	10.000151,
					"end":	11.000126,
					"seconds":	0.99997502565383911,
					"bytes":	38489504,
					"bits_per_second":	307923722.19362921,
					"omitted":	false,
					"sender":	false
				}],
			"sum":	{
				"start":	10.000151,
				"end":	11.000126,
				"seconds":	0.99997502565383911,
				"bytes":	38489504,
				"bits_per_second":	307923722.19362921,
				"omitted":	false,
				"sender":	false
			}
		}, {
			"streams":	[{
					"socket":	130,
					"start":	11.000126,
					"end":	12.000039,
					"seconds":	0.99991297721862793,
					"bytes":	38581952,
					"bits_per_second":	308682478.40783185,
					"omitted":	false,
					"sender":	false
				}],
			"sum":	{
				"start":	11.000126,
				"end":	12.000039,
				"seconds":	0.99991297721862793,
				"bytes":	38581952,
				"bits_per_second":	308682478.40783185,
				"omitted":	false,
				"sender":	false
			}
		}, {
			"streams":	[{
					"socket":	130,
					"start":	12.000039,
					"end":	13.000128,
					"seconds":	1.0000890493392944,
					"bytes":	35735360,
					"bits_per_second":	285857424.5852083,
					"omitted":	false,
					"sender":	false
				}],
			"sum":	{
				"start":	12.000039,
				"end":	13.000128,
				"seconds":	1.0000890493392944,
				"bytes":	35735360,
				"bits_per_second":	285857424.5852083,
				"omitted":	false,
				"sender":	false
			}
		}, {
			"streams":	[{
					"socket":	130,
					"start":	13.000128,
					"end":	14.003546,
					"seconds":	1.00341796875,
					"bytes":	33161216,
					"bits_per_second":	264386064.69294405,
					"omitted":	false,
					"sender":	false
				}],
			"sum":	{
				"start":	13.000128,
				"end":	14.003546,
				"seconds":	1.00341796875,
				"bytes":	33161216,
				"bits_per_second":	264386064.69294405,
				"omitted":	false,
				"sender":	false
			}
		}, {
			"streams":	[{
					"socket":	130,
					"start":	14.003546,
					"end":	15.000147,
					"seconds":	0.99660098552703857,
					"bytes":	35651584,
					"bits_per_second":	286185420.385842,
					"omitted":	false,
					"sender":	false
				}],
			"sum":	{
				"start":	14.003546,
				"end":	15.000147,
				"seconds":	0.99660098552703857,
				"bytes":	35651584,
				"bits_per_second":	286185420.385842,
				"omitted":	false,
				"sender":	false
			}
		}, {
			"streams":	[{
					"socket":	130,
					"start":	15.000147,
					"end":	16.000115,
					"seconds":	0.99996799230575562,
					"bytes":	37563712,
					"bits_per_second":	300519314.93034685,
					"omitted":	false,
					"sender":	false
				}],
			"sum":	{
				"start":	15.000147,
				"end":	16.000115,
				"seconds":	0.99996799230575562,
				"bytes":	37563712,