{
	"start":	{
		"connected":	[{
				"socket":	93,
				"local_host":	"100.124.85.183",
				"local_port":	37978,
				"remote_host":	"20.75.78.124",
				"remote_port":	5201
			}],
		"version":	"iperf 3.7",
		"system_info":	"Linux localhost 4.19.110-g9ceb3bf92e0a-ab6790968 #2 SMP PREEMPT Wed Aug 26 04:14:37 UTC 2020 aarch64",
		"timestamp":	{
			"time":	"Mon, 17 May 2021 23:09:12 GMT",
			"timesecs":	1621292952
		},
		"connecting_to":	{
			"host":	"20.75.78.124",
			"port":	5201
		},
		"cookie":	"4537nerun7bglxq3hv5dmdlvrcyvxkazlofc",
		"tcp_mss_default":	1376,
		"target_bitrate":	3000000000,
		"sock_bufsize":	0,
		"sndbuf_actual":	2097152,
		"rcvbuf_actual":	6291456,
		"test_start":	{
			"protocol":	"TCP",
			"num_streams":	1,
			"blksize":	131072,
			"omit":	0,
			"duration":	30,
			"bytes":	0,
			"blocks":	0,
			"reverse":	1,
			"tos":	0
		}
	},
	"intervals":	[{
			"streams":	[{
					"socket":	93,
					"start":	0,
					"end":	1.000421,
					"seconds":	1.0004210472106934,
					"bytes":	16348448,
					"bits_per_second":	130732539.42892659,
					"omitted":	false,
					"sender":	false
				}],
			"sum":	{
				"start":	0,
				"end":	1.000421,
				"seconds":	1.0004210472106934,
				"bytes":	16348448,
				"bits_per_second":	130732539.42892659,
				"omitted":	false,
				"sender":	false
			}
		}, {
			"streams":	[{
					"socket":	93,
					"start":	1.000421,
					"end":	2.001953,
					"seconds":	1.0015319585800171,
					"bytes":	36568576,
					"bits_per_second":	292101121.18117386,
					"omitted":	false,
					"sender":	false
				}],
			"sum":	{
				"start":	1.000421,
				"end":	2.001953,
				"seconds":	1.0015319585800171,
				"bytes":	36568576,
				"bits_per_second":	292101121.18117386,
				"omitted":	false,
				"sender":	false
			}
		}, {
			"streams":	[{
					"socket":	93,
					"start":	2.001953,
					"end":	3.000295,
					"seconds":	0.998341977596283,
					"bytes":	43591680,
					"bits_per_second":	349312608.13018066,
					"omitted":	false,
					"sender":	false
				}],
			"sum":	{
				"start":	2.001953,
				"end":	3.000295,
				"seconds":	0.998341977596283,
				"bytes":	43591680,
				"bits_per_second":	349312608.13018066,
				"omitted":	false,
				"sender":	false
			}
		}, {
			"streams":	[{
					"socket":	93,
					"start":	3.000295,
					"end":	4.000084,
					"seconds":	0.99978899955749512,
					"bytes":	40444768,
					"bits_per_second":	323626429.31979275,
					"omitted":	false,
					"sender":	false
				}],
			"sum":	{
				"start":	3.000295,
				"end":	4.000084,
				"seconds":	0.99978899955749512,
				"bytes":	40444768,
				"bits_per_second":	323626429.31979275,
				"omitted":	false,
				"sender":	false
			}
		}, {
			"streams":	[{
					"socket":	93,
					"start":	4.000084,
					"end":	5.000867,
					"seconds":	1.0007829666137695,
					"bytes":	30718624,
					"bits_per_second":	245556729.27918795,
					"omitted":	false,
					"sender":	false
				}],
			"sum":	{
				"start":	4.000084,
				"end":	5.000867,
				"seconds":	1.0007829666137695,
				"bytes":	30718624,
				"bits_per_second":	245556729.27918795,
				"omitted":	false,
				"sender":	false
			}
		}, {
			"streams":	[{
					"socket":	93,
					"start":	5.000867,
					"end":	6.000244,
					"seconds":	0.99937701225280762,
					"bytes":	20126752,
					"bits_per_second":	161114388.28980094,
					"omitted":	false,
					"sender":	false
				}],
			"sum":	{
				"start":	5.000867,
				"end":	6.000244,
				"seconds":	0.99937701225280762,
				"bytes":	20126752,
				"bits_per_second":	161114388.28980094,
				"omitted":	false,
				"sender":	false
			}
		}, {
			"streams":	[{
					"socket":	93,
					"start":	6.000244,
					"end":	7.000348,
					"seconds":	1.0001039505004883,
					"bytes":	27591552,
					"bits_per_second":	220709473.1398046,
					"omitted":	false,
					"sender":	false
				}],
			"sum":	{
				"start":	6.000244,
				"end":	7.000348,
				"seconds":	1.0001039505004883,
				"bytes":	27591552,
				"bits_per_second":	220709473.1398046,
				"omitted":	false,
				"sender":	false
			}
		}, {
			"streams":	[{
					"socket":	93,
					"start":	7.000348,
					"end":	8.000394,
					"seconds":	1.0000460147857666,
					"bytes":	14183808,
					"bits_per_second":	113465242.92115502,
					"omitted":	false,
					"sender":	false
				}],
			"sum":	{
				"start":	7.000348,
				"end":	8.000394,
				"seconds":	1.0000460147857666,
				"bytes":	14183808,
				"bits_per_second":	113465242.92115502,
				"omitted":	false,
				"sender":	false
			}
		}, {
			"streams":	[{
					"socket":	93,
					"start":	8.000394,
					"end":	9.00013,
					"seconds":	0.99973601102828979,
					"bytes":	9088480,
					"bits_per_second":	72727039.136277109,
					"omitted":	false,
					"sender":	false
				}],
			"sum":	{
				"start":	8.000394,
				"end":	9.00013,
				"seconds":	0.99973601102828979,
				"bytes":	9088480,
				"bits_per_second":	72727039.136277109,
				"omitted":	false,
				"sender":	false
			}
		}, {
			"streams":	[{
					"socket":	93,
					"start":	9.00013,
					"end":	10.000122,
					"seconds":	0.9999920129776001,
					"bytes":	8506432,
					"bits_per_second":	68051999.532844633,
					"omitted":	false,
					"sender":	false
				}],
			"sum":	{
				"start":	9.00013,
				"end":	10.000122,
				"seconds":	0.9999920129776001,
				"bytes":	8506432,
				"bits_per_second":	68051999.532844633,
				"omitted":	false,
				"sender":	false
			}
		}, {
			"streams":	[{
					"socket":	93,
					"start":	10.000122,
					"end":	11.000382,
					"seconds":	1.0002599954605103,
					"bytes":	9904448,
					"bits_per_second":	79214988.462595358,
					"omitted":	false,
					"sender":	false
				}],
			"sum":	{
				"start":	10.000122,
				"end":	11.000382,
				"seconds":	1.0002599954605103,
				"bytes":	9904448,
				"bits_per_second":	79214988.462595358,
				"omitted":	false,
				"sender":	false
			}
		}, {
			"streams":	[{
					"socket":	93,
					"start":	11.000382,
					"end":	12.003236,
					"seconds":	1.0028539896011353,
					"bytes":	7161056,
					"bits_per_second":	57125412.666289851,
					"omitted":	false,
					"sender":	false
				}],
			"sum":	{
				"start":	11.000382,
				"end":	12.003236,
				"seconds":	1.0028539896011353,
				"bytes":	7161056,
				"bits_per_second":	57125412.666289851,
				"omitted":	false,
				"sender":	false
			}
		}, {
			"streams":	[{
					"socket":	93,
					"start":	12.003236,
					"end":	13.000401,
					"seconds":	0.9971650242805481,
					"bytes":	6947072,
					"bits_per_second":	55734582.18723461,
					"omitted":	false,
					"sender":	false
				}],
			"sum":	{
				"start":	12.003236,
				"end":	13.000401,
				"seconds":	0.9971650242805481,
				"bytes":	6947072,
				"bits_per_second":	55734582.18723461,
				"omitted":	false,
				"sender":	false
			}
		}, {
			"streams":	[{
					"socket":	93,
					"start":	13.000401,
					"end":	14.003267,
					"seconds":	1.0028660297393799,
					"bytes":	5584160,
					"bits_per_second":	44545610.954246283,
					"omitted":	false,
					"sender":	false
				}],
			"sum":	{
				"start":	13.000401,
				"end":	14.003267,
				"seconds":	1.0028660297393799,
				"bytes":	5584160,
				"bits_per_second":	44545610.954246283,
				"omitted":	false,
				"sender":	false
			}
		}, {
			"streams":	[{
					"socket":	93,
					"start":	14.003267,
					"end":	15.000911,
					"seconds":	0.99764400720596313,
					"bytes":	6164128,
					"bits_per_second":	49429479.497509122,
					"omitted":	false,
					"sender":	false
				}],
			"sum":	{
				"start":	14.003267,
				"end":	15.000911,
				"seconds":	0.99764400720596313,
				"bytes":	6164128,
				"bits_per_second":	49429479.497509122,
				"omitted":	false,
				"sender":	false
			}
		}, {
			"streams":	[{
					"socket":	93,
					"start":	15.000911,
					"end":	16.000127,
					"seconds":	0.99921602010726929,
					"bytes":	7569376,
					"bits_per_second":	60602519.1564675,
					"omitted":	false,
					"sender":	false
				}],
			"sum":	{
				"start":	15.000911,
				"end":	16.000127,
				"seconds":	0.99921602010726929,
				"bytes":	7569376,
				"bits_per_second":	60602519.1564675,