{
	"start":	{
		"connected":	[{
				"socket":	212,
				"local_host":	"100.124.59.153",
				"local_port":	38924,
				"remote_host":	"104.210.37.160",
				"remote_port":	5201
			}],
		"version":	"iperf 3.7",
		"system_info":	"Linux localhost 4.19.110-g9ceb3bf92e0a-ab6790968 #2 SMP PREEMPT Wed Aug 26 04:14:37 UTC 2020 aarch64",
		"timestamp":	{
			"time":	"Tue, 11 May 2021 17:00:15 GMT",
			"timesecs":	1620752415
		},
		"connecting_to":	{
			"host":	"104.210.37.160",
			"port":	5201
		},
		"cookie":	"qmwjil3ac2o6hb4b4j2dmovtmfd73ujt34l6",
		"tcp_mss_default":	1376,
		"target_bitrate":	2000000000,
		"sock_bufsize":	0,
		"sndbuf_actual":	2097152,
		"rcvbuf_actual":	6291456,
		"test_start":	{
			"protocol":	"TCP",
			"num_streams":	1,
			"blksize":	131072,
			"omit":	0,
			"duration":	30,
			"bytes":	0,
			"blocks":	0,
			"reverse":	1,
			"tos":	0
		}
	},
	"intervals":	[{
			"streams":	[{
					"socket":	212,
					"start":	0,
					"end":	1.000132,
					"seconds":	1.0001319646835327,
					"bytes":	711392,
					"bits_per_second":	5690385.07013504,
					"omitted":	false,
					"sender":	false
				}],
			"sum":	{
				"start":	0,
				"end":	1.000132,
				"seconds":	1.0001319646835327,
				"bytes":	711392,
				"bits_per_second":	5690385.07013504,
				"omitted":	false,
				"sender":	false
			}
		}, {
			"streams":	[{
					"socket":	212,
					"start":	1.000132,
					"end":	2.00208,
					"seconds":	1.0019479990005493,
					"bytes":	1503968,
					"bits_per_second":	12008351.742806768,
					"omitted":	false,
					"sender":	false
				}],
			"sum":	{
				"start":	1.000132,
				"end":	2.00208,
				"seconds":	1.0019479990005493,
				"bytes":	1503968,
				"bits_per_second":	12008351.742806768,
				"omitted":	false,
				"sender":	false
			}
		}, {
			"streams":	[{
					"socket":	212,
					"start":	2.00208,
					"end":	3.000123,
					"seconds":	0.9980430006980896,
					"bytes":	2987296,
					"bits_per_second":	23945228.796037931,
					"omitted":	false,
					"sender":	false
				}],
			"sum":	{
				"start":	2.00208,
				"end":	3.000123,
				"seconds":	0.9980430006980896,
				"bytes":	2987296,
				"bits_per_second":	23945228.796037931,
				"omitted":	false,
				"sender":	false
			}
		}, {
			"streams":	[{
					"socket":	212,
					"start":	3.000123,
					"end":	4.001978,
					"seconds":	1.0018550157546997,
					"bytes":	5529120,
					"bits_per_second":	44151059.089801744,
					"omitted":	false,
					"sender":	false
				}],
			"sum":	{
				"start":	3.000123,
				"end":	4.001978,
				"seconds":	1.0018550157546997,
				"bytes":	5529120,
				"bits_per_second":	44151059.089801744,
				"omitted":	false,
				"sender":	false
			}
		}, {
			"streams":	[{
					"socket":	212,
					"start":	4.001978,
					"end":	5.000305,
					"seconds":	0.99832701683044434,
					"bytes":	10074720,
					"bits_per_second":	80732824.656881645,
					"omitted":	false,
					"sender":	false
				}],
			"sum":	{
				"start":	4.001978,
				"end":	5.000305,
				"seconds":	0.99832701683044434,
				"bytes":	10074720,
				"bits_per_second":	80732824.656881645,
				"omitted":	false,
				"sender":	false
			}
		}, {
			"streams":	[{
					"socket":	212,
					"start":	5.000305,
					"end":	6.000103,
					"seconds":	0.9997979998588562,
					"bytes":	15686752,
					"bits_per_second":	125519370.93064427,
					"omitted":	false,
					"sender":	false
				}],
			"sum":	{
				"start":	5.000305,
				"end":	6.000103,
				"seconds":	0.9997979998588562,
				"bytes":	15686752,
				"bits_per_second":	125519370.93064427,
				"omitted":	false,
				"sender":	false
			}
		}, {
			"streams":	[{
					"socket":	212,
					"start":	6.000103,
					"end":	7.00041,
					"seconds":	1.0003069639205933,
					"bytes":	28459840,
					"bits_per_second":	227608852.294338,
					"omitted":	false,
					"sender":	false
				}],
			"sum":	{
				"start":	6.000103,
				"end":	7.00041,
				"seconds":	1.0003069639205933,
				"bytes":	28459840,
				"bits_per_second":	227608852.294338,
				"omitted":	false,
				"sender":	false
			}
		}, {
			"streams":	[{
					"socket":	212,
					"start":	7.00041,
					"end":	8.000328,
					"seconds":	0.99991798400878906,
					"bytes":	36060288,
					"bits_per_second":	288505966.10278016,
					"omitted":	false,
					"sender":	false
				}],
			"sum":	{
				"start":	7.00041,
				"end":	8.000328,
				"seconds":	0.99991798400878906,
				"bytes":	36060288,
				"bits_per_second":	288505966.10278016,
				"omitted":	false,
				"sender":	false
			}
		}, {
			"streams":	[{
					"socket":	212,
					"start":	8.000328,
					"end":	9.000196,
					"seconds":	0.99986797571182251,
					"bytes":	35636160,
					"bits_per_second":	285126923.67913896,
					"omitted":	false,
					"sender":	false
				}],
			"sum":	{
				"start":	8.000328,
				"end":	9.000196,
				"seconds":	0.99986797571182251,
				"bytes":	35636160,
				"bits_per_second":	285126923.67913896,
				"omitted":	false,
				"sender":	false
			}
		}, {
			"streams":	[{
					"socket":	212,
					"start":	9.000196,
					"end":	10.000135,
					"seconds":	0.99993902444839478,
					"bytes":	37878688,
					"bits_per_second":	303047982.51789689,
					"omitted":	false,
					"sender":	false
				}],
			"sum":	{
				"start":	9.000196,
				"end":	10.000135,
				"seconds":	0.99993902444839478,
				"bytes":	37878688,
				"bits_per_second":	303047982.51789689,
				"omitted":	false,
				"sender":	false
			}
		}, {
			"streams":	[{
					"socket":	212,
					"start":	10.000135,
					"end":	11.000392,
					"seconds":	1.0002570152282715,
					"bytes":	38011520,
					"bits_per_second":	304014023.766284,
					"omitted":	false,
					"sender":	false
				}],
			"sum":	{
				"start":	10.000135,
				"end":	11.000392,
				"seconds":	1.0002570152282715,
				"bytes":	38011520,
				"bits_per_second":	304014023.766284,
				"omitted":	false,
				"sender":	false
			}
		}, {
			"streams":	[{
					"socket":	212,
					"start":	11.000392,
					"end":	12.002169,
					"seconds":	1.0017770528793335,
					"bytes":	33443104,
					"bits_per_second":	267070234.07155886,
					"omitted":	false,
					"sender":	false
				}],
			"sum":	{
				"start":	11.000392,
				"end":	12.002169,
				"seconds":	1.0017770528793335,
				"bytes":	33443104,
				"bits_per_second":	267070234.07155886,
				"omitted":	false,
				"sender":	false
			}
		}, {
			"streams":	[{
					"socket":	212,
					"start":	12.002169,
					"end":	13.000179,
					"seconds":	0.998009979724884,
					"bytes":	35369056,
					"bits_per_second":	283516651.88558531,
					"omitted":	false,
					"sender":	false
				}],
			"sum":	{
				"start":	12.002169,
				"end":	13.000179,
				"seconds":	0.998009979724884,
				"bytes":	35369056,
				"bits_per_second":	283516651.88558531,
				"omitted":	false,
				"sender":	false
			}
		}, {
			"streams":	[{
					"socket":	212,
					"start":	13.000179,
					"end":	14.001227,
					"seconds":	1.0010479688644409,
					"bytes":	33340192,
					"bits_per_second":	266442312.7520662,
					"omitted":	false,
					"sender":	false
				}],
			"sum":	{
				"start":	13.000179,
				"end":	14.001227,
				"seconds":	1.0010479688644409,
				"bytes":	33340192,
				"bits_per_second":	266442312.7520662,
				"omitted":	false,
				"sender":	false
			}
		}, {
			"streams":	[{
					"socket":	212,
					"start":	14.001227,
					"end":	15.000139,
					"seconds":	0.99891197681427,
					"bytes":	38254368,
					"bits_per_second":	306368279.79178566,
					"omitted":	false,
					"sender":	false
				}],
			"sum":	{
				"start":	14.001227,
				"end":	15.000139,
				"seconds":	0.99891197681427,
				"bytes":	38254368,
				"bits_per_second":	306368279.79178566,
				"omitted":	false,
				"sender":	false
			}
		}, {
			"streams":	[{
					"socket":	212,
					"start":	15.000139,
					"end":	16.000161,
					"seconds":	1.0000220537185669,
					"bytes":	33945664,
					"bits_per_second":	271559323.10711396,
					"omitted":	false,
					"sender":	false
				}],
			"sum":	{
				"start":	15.000139,
				"end":	16.000161,
				"seconds":	1.0000220537185669,
				"bytes":	33945664,