{
	"start":	{
		"connected":	[{
				"socket":	286,
				"local_host":	"100.124.85.183",
				"local_port":	47674,
				"remote_host":	"104.214.106.253",
				"remote_port":	5201
			}],
		"version":	"iperf 3.7",
		"system_info":	"Linux localhost 4.19.110-g9ceb3bf92e0a-ab6790968 #2 SMP PREEMPT Wed Aug 26 04:14:37 UTC 2020 aarch64",
		"timestamp":	{
			"time":	"Mon, 17 May 2021 23:25:46 GMT",
			"timesecs":	1621293946
		},
		"connecting_to":	{
			"host":	"104.214.106.253",
			"port":	5201
		},
		"cookie":	"5vjgteibocgcqbz2pgdrtly74yqmualeis2a",
		"tcp_mss_default":	1376,
		"target_bitrate":	3000000000,
		"sock_bufsize":	0,
		"sndbuf_actual":	2097152,
		"rcvbuf_actual":	6291456,
		"test_start":	{
			"protocol":	"TCP",
			"num_streams":	1,
			"blksize":	131072,
			"omit":	0,
			"duration":	30,
			"bytes":	0,
			"blocks":	0,
			"reverse":	1,
			"tos":	0
		}
	},
	"intervals":	[{
			"streams":	[{
					"socket":	286,
					"start":	0,
					"end":	1.000242,
					"seconds":	1.0002419948577881,
					"bytes":	781568,
					"bits_per_second":	6251031.2825737447,
					"omitted":	false,
					"sender":	false
				}],
			"sum":	{
				"start":	0,
				"end":	1.000242,
				"seconds":	1.0002419948577881,
				"bytes":	781568,
				"bits_per_second":	6251031.2825737447,
				"omitted":	false,
				"sender":	false
			}
		}, {
			"streams":	[{
					"socket":	286,
					"start":	1.000242,
					"end":	2.000104,
					"seconds":	0.999862015247345,
					"bytes":	1411776,
					"bits_per_second":	11295766.643566361,
					"omitted":	false,
					"sender":	false
				}],
			"sum":	{
				"start":	1.000242,
				"end":	2.000104,
				"seconds":	0.999862015247345,
				"bytes":	1411776,
				"bits_per_second":	11295766.643566361,
				"omitted":	false,
				"sender":	false
			}
		}, {
			"streams":	[{
					"socket":	286,
					"start":	2.000104,
					"end":	3.000229,
					"seconds":	1.0001250505447388,
					"bytes":	2824928,
					"bits_per_second":	22596598.283075459,
					"omitted":	false,
					"sender":	false
				}],
			"sum":	{
				"start":	2.000104,
				"end":	3.000229,
				"seconds":	1.0001250505447388,
				"bytes":	2824928,
				"bits_per_second":	22596598.283075459,
				"omitted":	false,
				"sender":	false
			}
		}, {
			"streams":	[{
					"socket":	286,
					"start":	3.000229,
					"end":	4.000126,
					"seconds":	0.99989700317382812,
					"bytes":	4781600,
					"bits_per_second":	38256740.322832935,
					"omitted":	false,
					"sender":	false
				}],
			"sum":	{
				"start":	3.000229,
				"end":	4.000126,
				"seconds":	0.99989700317382812,
				"bytes":	4781600,
				"bits_per_second":	38256740.322832935,
				"omitted":	false,
				"sender":	false
			}
		}, {
			"streams":	[{
					"socket":	286,
					"start":	4.000126,
					"end":	5.000132,
					"seconds":	1.0000059604644775,
					"bytes":	9561824,
					"bits_per_second":	76494136.059419274,
					"omitted":	false,
					"sender":	false
				}],
			"sum":	{
				"start":	4.000126,
				"end":	5.000132,
				"seconds":	1.0000059604644775,
				"bytes":	9561824,
				"bits_per_second":	76494136.059419274,
				"omitted":	false,
				"sender":	false
			}
		}, {
			"streams":	[{
					"socket":	286,
					"start":	5.000132,
					"end":	6.000108,
					"seconds":	0.99997597932815552,
					"bytes":	16249184,
					"bits_per_second":	129996594.60553992,
					"omitted":	false,
					"sender":	false
				}],
			"sum":	{
				"start":	5.000132,
				"end":	6.000108,
				"seconds":	0.99997597932815552,
				"bytes":	16249184,
				"bits_per_second":	129996594.60553992,
				"omitted":	false,
				"sender":	false
			}
		}, {
			"streams":	[{
					"socket":	286,
					"start":	6.000108,
					"end":	7.000177,
					"seconds":	1.00006902217865,
					"bytes":	48472544,
					"bits_per_second":	387753588.40254915,
					"omitted":	false,
					"sender":	false
				}],
			"sum":	{
				"start":	6.000108,
				"end":	7.000177,
				"seconds":	1.00006902217865,
				"bytes":	48472544,
				"bits_per_second":	387753588.40254915,
				"omitted":	false,
				"sender":	false
			}
		}, {
			"streams":	[{
					"socket":	286,
					"start":	7.000177,
					"end":	8.000408,
					"seconds":	1.0002310276031494,
					"bytes":	50628192,
					"bits_per_second":	404931985.53394353,
					"omitted":	false,
					"sender":	false
				}],
			"sum":	{
				"start":	7.000177,
				"end":	8.000408,
				"seconds":	1.0002310276031494,
				"bytes":	50628192,
				"bits_per_second":	404931985.53394353,
				"omitted":	false,
				"sender":	false
			}
		}, {
			"streams":	[{
					"socket":	286,
					"start":	8.000408,
					"end":	9.000122,
					"seconds":	0.99971401691436768,
					"bytes":	50821504,
					"bits_per_second":	406688337.98578787,
					"omitted":	false,
					"sender":	false
				}],
			"sum":	{
				"start":	8.000408,
				"end":	9.000122,
				"seconds":	0.99971401691436768,
				"bytes":	50821504,
				"bits_per_second":	406688337.98578787,
				"omitted":	false,
				"sender":	false
			}
		}, {
			"streams":	[{
					"socket":	286,
					"start":	9.000122,
					"end":	10.000193,
					"seconds":	1.0000710487365723,
					"bytes":	50462016,
					"bits_per_second":	403667447.93782866,
					"omitted":	false,
					"sender":	false
				}],
			"sum":	{
				"start":	9.000122,
				"end":	10.000193,
				"seconds":	1.0000710487365723,
				"bytes":	50462016,
				"bits_per_second":	403667447.93782866,
				"omitted":	false,
				"sender":	false
			}
		}, {
			"streams":	[{
					"socket":	286,
					"start":	10.000193,
					"end":	11.000182,
					"seconds":	0.99998897314071655,
					"bytes":	51511328,
					"bits_per_second":	412095168.11543018,
					"omitted":	false,
					"sender":	false
				}],
			"sum":	{
				"start":	10.000193,
				"end":	11.000182,
				"seconds":	0.99998897314071655,
				"bytes":	51511328,
				"bits_per_second":	412095168.11543018,
				"omitted":	false,
				"sender":	false
			}
		}, {
			"streams":	[{
					"socket":	286,
					"start":	11.000182,
					"end":	12.000186,
					"seconds":	1.0000040531158447,
					"bytes":	46052768,
					"bits_per_second":	368420650.74842292,
					"omitted":	false,
					"sender":	false
				}],
			"sum":	{
				"start":	11.000182,
				"end":	12.000186,
				"seconds":	1.0000040531158447,
				"bytes":	46052768,
				"bits_per_second":	368420650.74842292,
				"omitted":	false,
				"sender":	false
			}
		}, {
			"streams":	[{
					"socket":	286,
					"start":	12.000186,
					"end":	13.000182,
					"seconds":	0.9999960064888,
					"bytes":	47751808,
					"bits_per_second":	382015989.58513296,
					"omitted":	false,
					"sender":	false
				}],
			"sum":	{
				"start":	12.000186,
				"end":	13.000182,
				"seconds":	0.9999960064888,
				"bytes":	47751808,
				"bits_per_second":	382015989.58513296,
				"omitted":	false,
				"sender":	false
			}
		}, {
			"streams":	[{
					"socket":	286,
					"start":	13.000182,
					"end":	14.000117,
					"seconds":	0.99993497133255,
					"bytes":	44608160,
					"bits_per_second":	356888487.98280174,
					"omitted":	false,
					"sender":	false
				}],
			"sum":	{
				"start":	13.000182,
				"end":	14.000117,
				"seconds":	0.99993497133255,
				"bytes":	44608160,
				"bits_per_second":	356888487.98280174,
				"omitted":	false,
				"sender":	false
			}
		}, {
			"streams":	[{
					"socket":	286,
					"start":	14.000117,
					"end":	15.000205,
					"seconds":	1.0000879764556885,
					"bytes":	51248800,
					"bits_per_second":	409954333.67072952,
					"omitted":	false,
					"sender":	false
				}],
			"sum":	{
				"start":	14.000117,
				"end":	15.000205,
				"seconds":	1.0000879764556885,
				"bytes":	51248800,
				"bits_per_second":	409954333.67072952,
				"omitted":	false,
				"sender":	false
			}
		}, {
			"streams":	[{
					"socket":	286,
					"start":	15.000205,
					"end":	16.000189,
					"seconds":	0.9999840259552002,
					"bytes":	48234848,
					"bits_per_second":	385884948.14344919,
					"omitted":	false,
					"sender":	false
				}],
			"sum":	{
				"start":	15.000205,
				"end":	16.000189,
				"seconds":	0.9999840259552002,
				"bytes":	48234848,