{
	"start":	{
		"connected":	[{
				"socket":	408,
				"local_host":	"100.124.59.153",
				"local_port":	39434,
				"remote_host":	"104.210.37.160",
				"remote_port":	5201
			}],
		"version":	"iperf 3.7",
		"system_info":	"Linux localhost 4.19.110-g9ceb3bf92e0a-ab6790968 #2 SMP PREEMPT Wed Aug 26 04:14:37 UTC 2020 aarch64",
		"timestamp":	{
			"time":	"Tue, 11 May 2021 17:48:37 GMT",
			"timesecs":	1620755317
		},
		"connecting_to":	{
			"host":	"104.210.37.160",
			"port":	5201
		},
		"cookie":	"jxbz2ftheh53kagdz7ovjplawysme7xuobhs",
		"tcp_mss_default":	1376,
		"target_bitrate":	2000000000,
		"sock_bufsize":	0,
		"sndbuf_actual":	2097152,
		"rcvbuf_actual":	6291456,
		"test_start":	{
			"protocol":	"TCP",
			"num_streams":	1,
			"blksize":	131072,
			"omit":	0,
			"duration":	30,
			"bytes":	0,
			"blocks":	0,
			"reverse":	1,
			"tos":	0
		}
	},
	"intervals":	[{
			"streams":	[{
					"socket":	408,
					"start":	0,
					"end":	1.001157,
					"seconds":	1.0011570453643799,
					"bytes":	1114560,
					"bits_per_second":	8906175.1513268016,
					"omitted":	false,
					"sender":	false
				}],
			"sum":	{
				"start":	0,
				"end":	1.001157,
				"seconds":	1.0011570453643799,
				"bytes":	1114560,
				"bits_per_second":	8906175.1513268016,
				"omitted":	false,
				"sender":	false
			}
		}, {
			"streams":	[{
					"socket":	408,
					"start":	1.001157,
					"end":	2.000369,
					"seconds":	0.99921202659606934,
					"bytes":	2094272,
					"bits_per_second":	16767388.255999107,
					"omitted":	false,
					"sender":	false
				}],
			"sum":	{
				"start":	1.001157,
				"end":	2.000369,
				"seconds":	0.99921202659606934,
				"bytes":	2094272,
				"bits_per_second":	16767388.255999107,
				"omitted":	false,
				"sender":	false
			}
		}, {
			"streams":	[{
					"socket":	408,
					"start":	2.000369,
					"end":	3.001,
					"seconds":	1.0006309747695923,
					"bytes":	4185792,
					"bits_per_second":	33465220.29033795,
					"omitted":	false,
					"sender":	false
				}],
			"sum":	{
				"start":	2.000369,
				"end":	3.001,
				"seconds":	1.0006309747695923,
				"bytes":	4185792,
				"bits_per_second":	33465220.29033795,
				"omitted":	false,
				"sender":	false
			}
		}, {
			"streams":	[{
					"socket":	408,
					"start":	3.001,
					"end":	4.000197,
					"seconds":	0.99919700622558594,
					"bytes":	7091904,
					"bits_per_second":	56780826.650306277,
					"omitted":	false,
					"sender":	false
				}],
			"sum":	{
				"start":	3.001,
				"end":	4.000197,
				"seconds":	0.99919700622558594,
				"bytes":	7091904,
				"bits_per_second":	56780826.650306277,
				"omitted":	false,
				"sender":	false
			}
		}, {
			"streams":	[{
					"socket":	408,
					"start":	4.000197,
					"end":	5.001057,
					"seconds":	1.0008599758148193,
					"bytes":	14168672,
					"bits_per_second":	113251982.03447,
					"omitted":	false,
					"sender":	false
				}],
			"sum":	{
				"start":	4.000197,
				"end":	5.001057,
				"seconds":	1.0008599758148193,
				"bytes":	14168672,
				"bits_per_second":	113251982.03447,
				"omitted":	false,
				"sender":	false
			}
		}, {
			"streams":	[{
					"socket":	408,
					"start":	5.001057,
					"end":	6.000926,
					"seconds":	0.99986898899078369,
					"bytes":	24173920,
					"bits_per_second":	193416699.71702921,
					"omitted":	false,
					"sender":	false
				}],
			"sum":	{
				"start":	5.001057,
				"end":	6.000926,
				"seconds":	0.99986898899078369,
				"bytes":	24173920,
				"bits_per_second":	193416699.71702921,
				"omitted":	false,
				"sender":	false
			}
		}, {
			"streams":	[{
					"socket":	408,
					"start":	6.000926,
					"end":	7.000374,
					"seconds":	0.99944800138473511,
					"bytes":	52627520,
					"bits_per_second":	421252690.90205455,
					"omitted":	false,
					"sender":	false
				}],
			"sum":	{
				"start":	6.000926,
				"end":	7.000374,
				"seconds":	0.99944800138473511,
				"bytes":	52627520,
				"bits_per_second":	421252690.90205455,
				"omitted":	false,
				"sender":	false
			}
		}, {
			"streams":	[{
					"socket":	408,
					"start":	7.000374,
					"end":	8.000143,
					"seconds":	0.99976897239685059,
					"bytes":	63406080,
					"bits_per_second":	507365855.51752007,
					"omitted":	false,
					"sender":	false
				}],
			"sum":	{
				"start":	7.000374,
				"end":	8.000143,
				"seconds":	0.99976897239685059,
				"bytes":	63406080,
				"bits_per_second":	507365855.51752007,
				"omitted":	false,
				"sender":	false
			}
		}, {
			"streams":	[{
					"socket":	408,
					"start":	8.000143,
					"end":	9.000205,
					"seconds":	1.0000619888305664,
					"bytes":	53474112,
					"bits_per_second":	427766379.26239389,
					"omitted":	false,
					"sender":	false
				}],
			"sum":	{
				"start":	8.000143,
				"end":	9.000205,
				"seconds":	1.0000619888305664,
				"bytes":	53474112,
				"bits_per_second":	427766379.26239389,
				"omitted":	false,
				"sender":	false
			}
		}, {
			"streams":	[{
					"socket":	408,
					"start":	9.000205,
					"end":	10.000487,
					"seconds":	1.0002820491790771,
					"bytes":	29628032,
					"bits_per_second":	236957422.35354894,
					"omitted":	false,
					"sender":	false
				}],
			"sum":	{
				"start":	9.000205,
				"end":	10.000487,
				"seconds":	1.0002820491790771,
				"bytes":	29628032,
				"bits_per_second":	236957422.35354894,
				"omitted":	false,
				"sender":	false
			}
		}, {
			"streams":	[{
					"socket":	408,
					"start":	10.000487,
					"end":	11.000142,
					"seconds":	0.99965500831604,
					"bytes":	37679008,
					"bits_per_second":	301536091.443962,
					"omitted":	false,
					"sender":	false
				}],
			"sum":	{
				"start":	10.000487,
				"end":	11.000142,
				"seconds":	0.99965500831604,
				"bytes":	37679008,
				"bits_per_second":	301536091.443962,
				"omitted":	false,
				"sender":	false
			}
		}, {
			"streams":	[{
					"socket":	408,
					"start":	11.000142,
					"end":	12.000388,
					"seconds":	1.0002460479736328,
					"bytes":	27921792,
					"bits_per_second":	223319388.71693328,
					"omitted":	false,
					"sender":	false
				}],
			"sum":	{
				"start":	11.000142,
				"end":	12.000388,
				"seconds":	1.0002460479736328,
				"bytes":	27921792,
				"bits_per_second":	223319388.71693328,
				"omitted":	false,
				"sender":	false
			}
		}, {
			"streams":	[{
					"socket":	408,
					"start":	12.000388,
					"end":	13.000143,
					"seconds":	0.99975502490997314,
					"bytes":	20307008,
					"bits_per_second":	162495871.44073519,
					"omitted":	false,
					"sender":	false
				}],
			"sum":	{
				"start":	12.000388,
				"end":	13.000143,
				"seconds":	0.99975502490997314,
				"bytes":	20307008,
				"bits_per_second":	162495871.44073519,
				"omitted":	false,
				"sender":	false
			}
		}, {
			"streams":	[{
					"socket":	408,
					"start":	13.000143,
					"end":	14.000151,
					"seconds":	1.0000079870224,
					"bytes":	20868416,
					"bits_per_second":	166945994.59860158,
					"omitted":	false,
					"sender":	false
				}],
			"sum":	{
				"start":	13.000143,
				"end":	14.000151,
				"seconds":	1.0000079870224,
				"bytes":	20868416,
				"bits_per_second":	166945994.59860158,
				"omitted":	false,
				"sender":	false
			}
		}, {
			"streams":	[{
					"socket":	408,
					"start":	14.000151,
					"end":	15.000169,
					"seconds":	1.0000180006027222,
					"bytes":	21949952,
					"bits_per_second":	175596455.15797129,
					"omitted":	false,
					"sender":	false
				}],
			"sum":	{
				"start":	14.000151,
				"end":	15.000169,
				"seconds":	1.0000180006027222,
				"bytes":	21949952,
				"bits_per_second":	175596455.15797129,
				"omitted":	false,
				"sender":	false
			}
		}, {
			"streams":	[{
					"socket":	408,
					"start":	15.000169,
					"end":	16.000175,
					"seconds":	1.0000059604644775,
					"bytes":	19846048,
					"bits_per_second":	158767437.67232758,
					"omitted":	false,
					"sender":	false
				}],
			"sum":	{
				"start":	15.000169,
				"end":	16.000175,
				"seconds":	1.0000059604644775,
				"bytes":	19846048,