{"start": {"connected": [{"socket": 66, "local_host": "100.123.106.128", "local_port": 46179, "remote_host": "20.51.202.193", "remote_port": 5201}], "version": "iperf 3.7", "system_info": "Linux localhost 4.19.110-g9ceb3bf92e0a-ab6790968 #2 SMP PREEMPT Wed Aug 26 04:14:37 UTC 2020 aarch64", "timestamp": {"time": "2021-01-25 04:47:19 ", "timesecs": 1611589639.0}, "connecting_to": {"host": "20.51.202.193", "port": 5201}, "cookie": "gxcrqjvmqj45hlhrtzlq6mdvg5easqmyrpfy", "sock_bufsize": 0, "sndbuf_actual": 212992, "rcvbuf_actual": 212992, "test_start": {"protocol": "UDP", "num_streams": 1, "blksize": 1376, "omit": 0, "duration": 30, "bytes": 0, "blocks": 0, "reverse": 1, "tos": 0}}, "intervals": [{"streams": [{"socket": 66, "start": 0, "end": 1.002389, "seconds": 1.0023889541625977, "bytes": 6709376, "bits_per_second": 53547086.46489471, "jitter_ms": 0.3160177086541731, "lost_packets": 4953, "packets": 9829, "lost_percent": 50.39169803642283, "omitted": false, "sender": false}], "sum": {"start": 0, "end": 1.002389, "seconds": 1.0023889541625977, "bytes": 6709376, "bits_per_second": 53547086.46489471, "jitter_ms": 0.3160177086541731, "lost_packets": 4953, "packets": 9829, "lost_percent": 50.39169803642283, "omitted": false, "sender": false}}, {"streams": [{"socket": 66, "start": 1.002389, "end": 2.000015, "seconds": 0.997626006603241, "bytes": 111639008, "bits_per_second": 895237351.5611382, "jitter_ms": 0.002303441914183625, "lost_packets": 282489, "packets": 363622, "lost_percent": 77.68754365797449, "omitted": false, "sender": false}], "sum": {"start": 1.002389, "end": 2.000015, "seconds": 0.997626006603241, "bytes": 111639008, "bits_per_second": 895237351.5611382, "jitter_ms": 0.002303441914183625, "lost_packets": 282489, "packets": 363622, "lost_percent": 77.68754365797449, "omitted": false, "sender": false}}, {"streams": [{"socket": 66, "start": 2.000015, "end": 3.000357, "seconds": 1.0003420114517212, "bytes": 161457088, "bits_per_second": 1291215093.651336, "jitter_ms": 0.05143913823819388, "lost_packets": 86401, "packets": 203739, "lost_percent": 42.40768826783287, "omitted": false, "sender": false}], "sum": {"start": 2.000015, "end": 3.000357, "seconds": 1.0003420114517212, "bytes": 161457088, "bits_per_second": 1291215093.651336, "jitter_ms": 0.05143913823819388, "lost_packets": 86401, "packets": 203739, "lost_percent": 42.40768826783287, "omitted": false, "sender": false}}, {"streams": [{"socket": 66, "start": 3.000357, "end": 4.000016, "seconds": 0.99965900182724, "bytes": 147537472, "bits_per_second": 1180702393.3587086, "jitter_ms": 0.0023695905431254456, "lost_packets": 97402, "packets": 204624, "lost_percent": 47.600476972398155, "omitted": false, "sender": false}], "sum": {"start": 3.000357, "end": 4.000016, "seconds": 0.99965900182724, "bytes": 147537472, "bits_per_second": 1180702393.3587086, "jitter_ms": 0.0023695905431254456, "lost_packets": 97402, "packets": 204624, "lost_percent": 47.600476972398155, "omitted": false, "sender": false}}, {"streams": [{"socket": 66, "start": 4.000016, "end": 5.000189, "seconds": 1.0001729726791382, "bytes": 182106720, "bits_per_second": 1456601807.6828876, "jitter_ms": 0.09215836427214615, "lost_packets": 74811, "packets": 207156, "lost_percent": 36.113363841742455, "omitted": false, "sender": false}], "sum": {"start": 4.000016, "end": 5.000189, "seconds": 1.0001729726791382, "bytes": 182106720, "bits_per_second": 1456601807.6828876, "jitter_ms": 0.09215836427214615, "lost_packets": 74811, "packets": 207156, "lost_percent": 36.113363841742455, "omitted": false, "sender": false}}, {"streams": [{"socket": 66, "start": 5.000189, "end": 6.000371, "seconds": 1.000182032585144, "bytes": 79402080, "bits_per_second": 635101030.9175144, "jitter_ms": 0.06535042807211412, "lost_packets": 153765, "packets": 211470, "lost_percent": 72.71244148106115, "omitted": false, "sender": false}], "sum": {"start": 5.000189, "end": 6.000371, "seconds": 1.000182032585144, "bytes": 79402080, "bits_per_second": 635101030.9175144, "jitter_ms": 0.06535042807211412, "lost_packets": 153765, "packets": 211470, "lost_percent": 72.71244148106115, "omitted": false, "sender": false}}, {"streams": [{"socket": 66, "start": 6.000371, "end": 7.000638, "seconds": 1.0002670288085938, "bytes": 56611392, "bits_per_second": 452770233.3040341, "jitter_ms": 0.20313134432375174, "lost_packets": 166904, "packets": 208046, "lost_percent": 80.22456572104247, "omitted": false, "sender": false}], "sum": {"start": 6.000371, "end": 7.000638, "seconds": 1.0002670288085938, "bytes": 56611392, "bits_per_second": 452770233.3040341, "jitter_ms": 0.20313134432375174, "lost_packets": 166904, "packets": 208046, "lost_percent": 80.22456572104247, "omitted": false, "sender": false}}, {"streams": [{"socket": 66, "start": 7.000638, "end": 8.000018, "seconds": 0.9993799924850464, "bytes": 55539488, "bits_per_second": 444591554.10462976, "jitter_ms": 0.00624407276283355, "lost_packets": 160114, "packets": 200477, "lost_percent": 79.86651835372636, "omitted": false, "sender": false}], "sum": {"start": 7.000638, "end": 8.000018, "seconds": 0.9993799924850464, "bytes": 55539488, "bits_per_second": 444591554.10462976, "jitter_ms": 0.00624407276283355, "lost_packets": 160114, "packets": 200477, "lost_percent": 79.86651835372636, "omitted": false, "sender": false}}, {"streams": [{"socket": 66, "start": 8.000018, "end": 9.000437, "seconds": 1.000419020652771, "bytes": 57405344, "bits_per_second": 459050400.40156895, "jitter_ms": 0.10221223208337372, "lost_packets": 165861, "packets": 207580, "lost_percent": 79.9022063782638, "omitted": false, "sender": false}], "sum": {"start": 8.000018, "end": 9.000437, "seconds": 1.000419020652771, "bytes": 57405344, "bits_per_second": 459050400.40156895, "jitter_ms": 0.10221223208337372, "lost_packets": 165861, "packets": 207580, "lost_percent": 79.9022063782638, "omitted": false, "sender": false}}, {"streams": [{"socket": 66, "start": 9.000437, "end": 10.000022, "seconds": 0.999584972858429, "bytes": 56095392, "bits_per_second": 448949462.2120117, "jitter_ms": 0.0065566683180776275, "lost_packets": 165233, "packets": 206000, "lost_percent": 80.21019417475728, "omitted": false, "sender": false}], "sum": {"start": 9.000437, "end": 10.000022, "seconds": 0.999584972858429, "bytes": 56095392, "bits_per_second": 448949462.2120117, "jitter_ms": 0.0065566683180776275, "lost_packets": 165233, "packets": 206000, "lost_percent": 80.21019417475728, "omitted": false, "sender": false}}, {"streams": [{"socket": 66, "start": 10.000022, "end": 11.000025, "seconds": 1.0000029802322388, "bytes": 59656480, "bits_per_second": 477250417.68291926, "jitter_ms": 0.008601361993008518, "lost_packets": 163981, "packets": 207336, "lost_percent": 79.08949724119304, "omitted": false, "sender": false}], "sum": {"start": 10.000022, "end": 11.000025, "seconds": 1.0000029802322388, "bytes": 59656480, "bits_per_second": 477250417.68291926, "jitter_ms": 0.008601361993008518, "lost_packets": 163981, "packets": 207336, "lost_percent": 79.08949724119304, "omitted": false, "sender": false}}, {"streams": [{"socket": 66, "start": 11.000025, "end": 12.000477, "seconds": 1.0004520416259766, "bytes": 57277376, "bits_per_second": 458011967.5254831, "jitter_ms": 0.025634896709589558, "lost_packets": 168463, "packets": 210089, "lost_percent": 80.18649239131987, "omitted": false, "sender": false}], "sum": {"start": 11.000025, "end": 12.000477, "seconds": 1.0004520416259766, "bytes": 57277376, "bits_per_second": 458011967.5254831, "jitter_ms": 0.025634896709589558, "lost_packets": 168463, "packets": 210089, "lost_percent": 80.18649239131987, "omitted": false, "sender": false}}, {"streams": [{"socket": 66, "start": 12.000477, "end": 13.000408, "seconds": 0.9999309778213501, "bytes": 55038624, "bits_per_second": 440339385.18371075, "jitter_ms": 0.06999407966410526, "lost_packets": 173541, "packets": 213540, "lost_percent": 81.26861477943243, "omitted": false, "sender": false}],