{"start": {"connected": [{"socket": 229, "local_host": "100.127.255.213", "local_port": 40041, "remote_host": "20.96.192.197", "remote_port": 5201}], "version": "iperf 3.7", "system_info": "Linux localhost 4.19.110-g9ceb3bf92e0a-ab6790968 #2 SMP PREEMPT Wed Aug 26 04:14:37 UTC 2020 aarch64", "timestamp": {"time": "2021-01-25 04:02:38 ", "timesecs": 1611586958.0}, "connecting_to": {"host": "20.96.192.197", "port": 5201}, "cookie": "eaxrfvfmbydcuwy6l4k3l74snuvluvbtrirk", "sock_bufsize": 0, "sndbuf_actual": 212992, "rcvbuf_actual": 212992, "test_start": {"protocol": "UDP", "num_streams": 1, "blksize": 1376, "omit": 0, "duration": 30, "bytes": 0, "blocks": 0, "reverse": 1, "tos": 0}}, "intervals": [{"streams": [{"socket": 229, "start": 0, "end": 1.003415, "seconds": 1.0034149885177612, "bytes": 56362336, "bits_per_second": 449364114.7079783, "jitter_ms": 0.17998963724147996, "lost_packets": 153397, "packets": 194358, "lost_percent": 78.92497350250568, "omitted": false, "sender": false}], "sum": {"start": 0, "end": 1.003415, "seconds": 1.0034149885177612, "bytes": 56362336, "bits_per_second": 449364114.7079783, "jitter_ms": 0.17998963724147996, "lost_packets": 153397, "packets": 194358, "lost_percent": 78.92497350250568, "omitted": false, "sender": false}}, {"streams": [{"socket": 229, "start": 1.003415, "end": 2.000399, "seconds": 0.9969840049743652, "bytes": 63502400, "bits_per_second": 509556018.4168274, "jitter_ms": 0.06419077199584851, "lost_packets": 183437, "packets": 229587, "lost_percent": 79.89868764346413, "omitted": false, "sender": false}], "sum": {"start": 1.003415, "end": 2.000399, "seconds": 0.9969840049743652, "bytes": 63502400, "bits_per_second": 509556018.4168274, "jitter_ms": 0.06419077199584851, "lost_packets": 183437, "packets": 229587, "lost_percent": 79.89868764346413, "omitted": false, "sender": false}}, {"streams": [{"socket": 229, "start": 2.000399, "end": 3.004854, "seconds": 1.0044549703598022, "bytes": 60268800, "bits_per_second": 480011960.9416544, "jitter_ms": 0.28436447925061414, "lost_packets": 184818, "packets": 228618, "lost_percent": 80.84140356402384, "omitted": false, "sender": false}], "sum": {"start": 2.000399, "end": 3.004854, "seconds": 1.0044549703598022, "bytes": 60268800, "bits_per_second": 480011960.9416544, "jitter_ms": 0.28436447925061414, "lost_packets": 184818, "packets": 228618, "lost_percent": 80.84140356402384, "omitted": false, "sender": false}}, {"streams": [{"socket": 229, "start": 3.004854, "end": 4.000332, "seconds": 0.9954779744148254, "bytes": 60391264, "bits_per_second": 485324762.9953839, "jitter_ms": 0.030042415883713983, "lost_packets": 186827, "packets": 230716, "lost_percent": 80.9770453717991, "omitted": false, "sender": false}], "sum": {"start": 3.004854, "end": 4.000332, "seconds": 0.9954779744148254, "bytes": 60391264, "bits_per_second": 485324762.9953839, "jitter_ms": 0.030042415883713983, "lost_packets": 186827, "packets": 230716, "lost_percent": 80.9770453717991, "omitted": false, "sender": false}}, {"streams": [{"socket": 229, "start": 4.000332, "end": 5.000417, "seconds": 1.0000849962234497, "bytes": 61024224, "bits_per_second": 488152300.8979554, "jitter_ms": 0.001995926051324003, "lost_packets": 183251, "packets": 227600, "lost_percent": 80.51449912126537, "omitted": false, "sender": false}], "sum": {"start": 4.000332, "end": 5.000417, "seconds": 1.0000849962234497, "bytes": 61024224, "bits_per_second": 488152300.8979554, "jitter_ms": 0.001995926051324003, "lost_packets": 183251, "packets": 227600, "lost_percent": 80.51449912126537, "omitted": false, "sender": false}}, {"streams": [{"socket": 229, "start": 5.000417, "end": 6.001041, "seconds": 1.0006239414215088, "bytes": 59718400, "bits_per_second": 477449299.6053059, "jitter_ms": 0.0027356311371442487, "lost_packets": 185018, "packets": 228418, "lost_percent": 80.9997460795559, "omitted": false, "sender": false}], "sum": {"start": 5.000417, "end": 6.001041, "seconds": 1.0006239414215088, "bytes": 59718400, "bits_per_second": 477449299.6053059, "jitter_ms": 0.0027356311371442487, "lost_packets": 185018, "packets": 228418, "lost_percent": 80.9997460795559, "omitted": false, "sender": false}}, {"streams": [{"socket": 229, "start": 6.001041, "end": 7.000437, "seconds": 0.999396026134491, "bytes": 60132576, "bits_per_second": 481351331.6244291, "jitter_ms": 0.10701239788081439, "lost_packets": 184643, "packets": 228344, "lost_percent": 80.8617699611113, "omitted": false, "sender": false}], "sum": {"start": 6.001041, "end": 7.000437, "seconds": 0.999396026134491, "bytes": 60132576, "bits_per_second": 481351331.6244291, "jitter_ms": 0.10701239788081439, "lost_packets": 184643, "packets": 228344, "lost_percent": 80.8617699611113, "omitted": false, "sender": false}}, {"streams": [{"socket": 229, "start": 7.000437, "end": 8.000432, "seconds": 0.9999949932098389, "bytes": 62780000, "bits_per_second": 502242514.6228807, "jitter_ms": 0.0926011705876718, "lost_packets": 190918, "packets": 236543, "lost_percent": 80.71175219727492, "omitted": false, "sender": false}], "sum": {"start": 7.000437, "end": 8.000432, "seconds": 0.9999949932098389, "bytes": 62780000, "bits_per_second": 502242514.6228807, "jitter_ms": 0.0926011705876718, "lost_packets": 190918, "packets": 236543, "lost_percent": 80.71175219727492, "omitted": false, "sender": false}}, {"streams": [{"socket": 229, "start": 8.000432, "end": 9.002839, "seconds": 1.0024069547653198, "bytes": 59374400, "bits_per_second": 473854653.2842086, "jitter_ms": 0.15667886767098013, "lost_packets": 184478, "packets": 227628, "lost_percent": 81.0436325935298, "omitted": false, "sender": false}], "sum": {"start": 8.000432, "end": 9.002839, "seconds": 1.0024069547653198, "bytes": 59374400, "bits_per_second": 473854653.2842086, "jitter_ms": 0.15667886767098013, "lost_packets": 184478, "packets": 227628, "lost_percent": 81.0436325935298, "omitted": false, "sender": false}}, {"streams": [{"socket": 229, "start": 9.002839, "end": 10.000661, "seconds": 0.9978219866752625, "bytes": 59615200, "bits_per_second": 477962608.930978, "jitter_ms": 0.023951413837862163, "lost_packets": 174240, "packets": 217565, "lost_percent": 80.08641095764484, "omitted": false, "sender": false}], "sum": {"start": 9.002839, "end": 10.000661, "seconds": 0.9978219866752625, "bytes": 59615200, "bits_per_second": 477962608.930978, "jitter_ms": 0.023951413837862163, "lost_packets": 174240, "packets": 217565, "lost_percent": 80.08641095764484, "omitted": false, "sender": false}}, {"streams": [{"socket": 229, "start": 10.000661, "end": 11.000015, "seconds": 0.9993540048599243, "bytes": 57266368, "bits_per_second": 458427085.6694215, "jitter_ms": 0.0013739261010844682, "lost_packets": 190095, "packets": 231713, "lost_percent": 82.03898788587607, "omitted": false, "sender": false}], "sum": {"start": 10.000661, "end": 11.000015, "seconds": 0.9993540048599243, "bytes": 57266368, "bits_per_second": 458427085.6694215, "jitter_ms": 0.0013739261010844682, "lost_packets": 190095, "packets": 231713, "lost_percent": 82.03898788587607, "omitted": false, "sender": false}}, {"streams": [{"socket": 229, "start": 11.000015, "end": 12.000599, "seconds": 1.0005840063095093, "bytes": 59367520, "bits_per_second": 474662953.8400671, "jitter_ms": 0.07220168631486115, "lost_packets": 175931, "packets": 219076, "lost_percent": 80.30592123281419, "omitted": false, "sender": false}], "sum": {"start": 11.000015, "end": 12.000599, "seconds": 1.0005840063095093, "bytes": 59367520, "bits_per_second": 474662953.8400671, "jitter_ms": 0.07220168631486115, "lost_packets": 175931, "packets": 219076, "lost_percent": 80.30592123281419, "omitted": false, "sender": false}}, {"streams": [{"socket": 229, "start": 12.000599, "end": 13.005646, "seconds": 1.0050469636917114, "bytes": 57035200, "bits_per_second": 453990327.30172, "jitter_ms": 0.23196548534002215, "lost_packets": 190500, "packets": 231950, "lost_percent": 82.129769346842, "omitted": false, "sender": false}],