{"start": {"connected": [{"socket": 599, "local_host": "100.124.85.183", "local_port": 42991, "remote_host": "20.96.192.197", "remote_port": 5201}], "version": "iperf 3.7", "system_info": "Linux localhost 4.19.110-g9ceb3bf92e0a-ab6790968 #2 SMP PREEMPT Wed Aug 26 04:14:37 UTC 2020 aarch64", "timestamp": {"time": "Mon, 18 Jan 2021 21:23:51 ", "timesecs": 1608348231.0}, "connecting_to": {"host": "20.96.192.197", "port": 5201}, "cookie": "zk2hcae2nogs7sw5zwykbt57ka7pzrp5luzc", "sock_bufsize": 0, "sndbuf_actual": 212992, "rcvbuf_actual": 212992, "test_start": {"protocol": "UDP", "num_streams": 1, "blksize": 1376, "omit": 0, "duration": 30, "bytes": 0, "blocks": 0, "reverse": 1, "tos": 0}}, "intervals": [{"streams": [{"socket": 599, "start": 0, "end": 1.000439, "seconds": 1.0004390478134155, "bytes": 72273024, "bits_per_second": 577930452.8983487, "jitter_ms": 0.0004597895864586703, "lost_packets": 147112, "packets": 199636, "lost_percent": 73.69011601114028, "omitted": false, "sender": false}], "sum": {"start": 0, "end": 1.000439, "seconds": 1.0004390478134155, "bytes": 72273024, "bits_per_second": 577930452.8983487, "jitter_ms": 0.0004597895864586703, "lost_packets": 147112, "packets": 199636, "lost_percent": 73.69011601114028, "omitted": false, "sender": false}}, {"streams": [{"socket": 599, "start": 1.000439, "end": 2.000018, "seconds": 0.9995790123939514, "bytes": 67747360, "bits_per_second": 542207142.486898, "jitter_ms": 0.009445813558959487, "lost_packets": 141895, "packets": 191130, "lost_percent": 74.24004604196097, "omitted": false, "sender": false}], "sum": {"start": 1.000439, "end": 2.000018, "seconds": 0.9995790123939514, "bytes": 67747360, "bits_per_second": 542207142.486898, "jitter_ms": 0.009445813558959487, "lost_packets": 141895, "packets": 191130, "lost_percent": 74.24004604196097, "omitted": false, "sender": false}}, {"streams": [{"socket": 599, "start": 2.000018, "end": 3.000262, "seconds": 1.0002440214157104, "bytes": 71572640, "bits_per_second": 572441432.0313444, "jitter_ms": 0.005569239039527826, "lost_packets": 145192, "packets": 197207, "lost_percent": 73.62416141414859, "omitted": false, "sender": false}], "sum": {"start": 2.000018, "end": 3.000262, "seconds": 1.0002440214157104, "bytes": 71572640, "bits_per_second": 572441432.0313444, "jitter_ms": 0.005569239039527826, "lost_packets": 145192, "packets": 197207, "lost_percent": 73.62416141414859, "omitted": false, "sender": false}}, {"streams": [{"socket": 599, "start": 3.000262, "end": 4.000483, "seconds": 1.0002210140228271, "bytes": 69086208, "bits_per_second": 552567538.8253605, "jitter_ms": 0.01239872908876158, "lost_packets": 146983, "packets": 197191, "lost_percent": 74.53839171158927, "omitted": false, "sender": false}], "sum": {"start": 3.000262, "end": 4.000483, "seconds": 1.0002210140228271, "bytes": 69086208, "bits_per_second": 552567538.8253605, "jitter_ms": 0.01239872908876158, "lost_packets": 146983, "packets": 197191, "lost_percent": 74.53839171158927, "omitted": false, "sender": false}}, {"streams": [{"socket": 599, "start": 4.000483, "end": 5.000105, "seconds": 0.9996219873428345, "bytes": 71106176, "bits_per_second": 569064521.5919056, "jitter_ms": 0.0012859268421470456, "lost_packets": 137334, "packets": 189010, "lost_percent": 72.65964763769112, "omitted": false, "sender": false}], "sum": {"start": 4.000483, "end": 5.000105, "seconds": 0.9996219873428345, "bytes": 71106176, "bits_per_second": 569064521.5919056, "jitter_ms": 0.0012859268421470456, "lost_packets": 137334, "packets": 189010, "lost_percent": 72.65964763769112, "omitted": false, "sender": false}}, {"streams": [{"socket": 599, "start": 5.000105, "end": 6.000418, "seconds": 1.0003130435943604, "bytes": 70114080, "bits_per_second": 560737104.8412093, "jitter_ms": 0.001492996042462082, "lost_packets": 153521, "packets": 204476, "lost_percent": 75.08020501183513, "omitted": false, "sender": false}], "sum": {"start": 5.000105, "end": 6.000418, "seconds": 1.0003130435943604, "bytes": 70114080, "bits_per_second": 560737104.8412093, "jitter_ms": 0.001492996042462082, "lost_packets": 153521, "packets": 204476, "lost_percent": 75.08020501183513, "omitted": false, "sender": false}}, {"streams": [{"socket": 599, "start": 6.000418, "end": 7.000049, "seconds": 0.9996309876441956, "bytes": 75426816, "bits_per_second": 603637277.6138637, "jitter_ms": 0.008645385606052079, "lost_packets": 145671, "packets": 200487, "lost_percent": 72.65857636654745, "omitted": false, "sender": false}], "sum": {"start": 6.000418, "end": 7.000049, "seconds": 0.9996309876441956, "bytes": 75426816, "bits_per_second": 603637277.6138637, "jitter_ms": 0.008645385606052079, "lost_packets": 145671, "packets": 200487, "lost_percent": 72.65857636654745, "omitted": false, "sender": false}}, {"streams": [{"socket": 599, "start": 7.000049, "end": 8.000019, "seconds": 0.999970018863678, "bytes": 69137120, "bits_per_second": 553113542.9725335, "jitter_ms": 0.002110108695369239, "lost_packets": 144255, "packets": 194500, "lost_percent": 74.16709511568124, "omitted": false, "sender": false}], "sum": {"start": 7.000049, "end": 8.000019, "seconds": 0.999970018863678, "bytes": 69137120, "bits_per_second": 553113542.9725335, "jitter_ms": 0.002110108695369239, "lost_packets": 144255, "packets": 194500, "lost_percent": 74.16709511568124, "omitted": false, "sender": false}}, {"streams": [{"socket": 599, "start": 8.000019, "end": 9.000154, "seconds": 1.0001349449157715, "bytes": 68157408, "bits_per_second": 545185693.9624485, "jitter_ms": 0.033053771920554594, "lost_packets": 147796, "packets": 197329, "lost_percent": 74.89826634706506, "omitted": false, "sender": false}], "sum": {"start": 8.000019, "end": 9.000154, "seconds": 1.0001349449157715, "bytes": 68157408, "bits_per_second": 545185693.9624485, "jitter_ms": 0.033053771920554594, "lost_packets": 147796, "packets": 197329, "lost_percent": 74.89826634706506, "omitted": false, "sender": false}}, {"streams": [{"socket": 599, "start": 9.000154, "end": 10.000556, "seconds": 1.0004019737243652, "bytes": 68222080, "bits_per_second": 545557340.2840712, "jitter_ms": 0.2129422515898864, "lost_packets": 148022, "packets": 197602, "lost_percent": 74.90916083845305, "omitted": false, "sender": false}], "sum": {"start": 9.000154, "end": 10.000556, "seconds": 1.0004019737243652, "bytes": 68222080, "bits_per_second": 545557340.2840712, "jitter_ms": 0.2129422515898864, "lost_packets": 148022, "packets": 197602, "lost_percent": 74.90916083845305, "omitted": false, "sender": false}}, {"streams": [{"socket": 599, "start": 10.000556, "end": 11.000022, "seconds": 0.9994660019874573, "bytes": 62993280, "bits_per_second": 504215490.0695904, "jitter_ms": 0.0005022686786356569, "lost_packets": 144365, "packets": 190145, "lost_percent": 75.92363722422363, "omitted": false, "sender": false}], "sum": {"start": 10.000556, "end": 11.000022, "seconds": 0.9994660019874573, "bytes": 62993280, "bits_per_second": 504215490.0695904, "jitter_ms": 0.0005022686786356569, "lost_packets": 144365, "packets": 190145, "lost_percent": 75.92363722422363, "omitted": false, "sender": false}}, {"streams": [{"socket": 599, "start": 11.000022, "end": 12.000435, "seconds": 1.000412940979004, "bytes": 69675136, "bits_per_second": 557171009.2579644, "jitter_ms": 0.01653061798962685, "lost_packets": 152470, "packets": 203106, "lost_percent": 75.0691757013579, "omitted": false, "sender": false}], "sum": {"start": 11.000022, "end": 12.000435, "seconds": 1.000412940979004, "bytes": 69675136, "bits_per_second": 557171009.2579644, "jitter_ms": 0.01653061798962685, "lost_packets": 152470, "packets": 203106, "lost_percent": 75.0691757013579, "omitted": false, "sender": false}}, {"streams": [{"socket": 599, "start": 12.000435, "end": 13.000447, "seconds": 1.0000120401382446, "bytes": 72546848, "bits_per_second": 580367796.2915, "jitter_ms": 0.0018483068849594146, "lost_packets": 146737, "packets": 199460, "lost_percent": 73.56713125438685, "omitted": false,