{"start": {"connected": [{"socket": 201, "local_host": "100.127.255.213", "local_port": 46751, "remote_host": "20.83.58.111", "remote_port": 5201}], "version": "iperf 3.7", "system_info": "Linux localhost 4.19.110-g9ceb3bf92e0a-ab6790968 #2 SMP PREEMPT Wed Aug 26 04:14:37 UTC 2020 aarch64", "timestamp": {"time": "2021-01-25 03:48:09 ", "timesecs": 1611586089.0}, "connecting_to": {"host": "20.83.58.111", "port": 5201}, "cookie": "va2oygga7dcqokjme3kvg2lf73eso2f6tevr", "sock_bufsize": 0, "sndbuf_actual": 212992, "rcvbuf_actual": 212992, "test_start": {"protocol": "UDP", "num_streams": 1, "blksize": 1376, "omit": 0, "duration": 30, "bytes": 0, "blocks": 0, "reverse": 1, "tos": 0}}, "intervals": [{"streams": [{"socket": 201, "start": 0, "end": 1.001416, "seconds": 1.0014159679412842, "bytes": 6544256, "bits_per_second": 52280021.1660592, "jitter_ms": 0.35582688703078935, "lost_packets": 39176, "packets": 43932, "lost_percent": 89.17417827551671, "omitted": false, "sender": false}], "sum": {"start": 0, "end": 1.001416, "seconds": 1.0014159679412842, "bytes": 6544256, "bits_per_second": 52280021.1660592, "jitter_ms": 0.35582688703078935, "lost_packets": 39176, "packets": 43932, "lost_percent": 89.17417827551671, "omitted": false, "sender": false}}, {"streams": [{"socket": 201, "start": 1.001416, "end": 2.00123, "seconds": 0.999813973903656, "bytes": 29494560, "bits_per_second": 236000382.22984192, "jitter_ms": 0.056915621568427256, "lost_packets": 313343, "packets": 334778, "lost_percent": 93.59724952057782, "omitted": false, "sender": false}], "sum": {"start": 1.001416, "end": 2.00123, "seconds": 0.999813973903656, "bytes": 29494560, "bits_per_second": 236000382.22984192, "jitter_ms": 0.056915621568427256, "lost_packets": 313343, "packets": 334778, "lost_percent": 93.59724952057782, "omitted": false, "sender": false}}, {"streams": [{"socket": 201, "start": 2.00123, "end": 3.001704, "seconds": 1.000473976135254, "bytes": 56894848, "bits_per_second": 454943151.8031481, "jitter_ms": 0.1358884905674572, "lost_packets": 178822, "packets": 220170, "lost_percent": 81.21996638960803, "omitted": false, "sender": false}], "sum": {"start": 2.00123, "end": 3.001704, "seconds": 1.000473976135254, "bytes": 56894848, "bits_per_second": 454943151.8031481, "jitter_ms": 0.1358884905674572, "lost_packets": 178822, "packets": 220170, "lost_percent": 81.21996638960803, "omitted": false, "sender": false}}, {"streams": [{"socket": 201, "start": 3.001704, "end": 4.000029, "seconds": 0.998324990272522, "bytes": 50556992, "bits_per_second": 405134540.295933, "jitter_ms": 0.026868989186440775, "lost_packets": 176883, "packets": 213625, "lost_percent": 82.80070216500877, "omitted": false, "sender": false}], "sum": {"start": 3.001704, "end": 4.000029, "seconds": 0.998324990272522, "bytes": 50556992, "bits_per_second": 405134540.295933, "jitter_ms": 0.026868989186440775, "lost_packets": 176883, "packets": 213625, "lost_percent": 82.80070216500877, "omitted": false, "sender": false}}, {"streams": [{"socket": 201, "start": 4.000029, "end": 5.000027, "seconds": 0.9999979734420776, "bytes": 56905856, "bits_per_second": 455247770.5859761, "jitter_ms": 0.008192305869010484, "lost_packets": 174293, "packets": 215649, "lost_percent": 80.82254033174279, "omitted": false, "sender": false}], "sum": {"start": 4.000029, "end": 5.000027, "seconds": 0.9999979734420776, "bytes": 56905856, "bits_per_second": 455247770.5859761, "jitter_ms": 0.008192305869010484, "lost_packets": 174293, "packets": 215649, "lost_percent": 80.82254033174279, "omitted": false, "sender": false}}, {"streams": [{"socket": 201, "start": 5.000027, "end": 6.001427, "seconds": 1.0013999938964844, "bytes": 61676448, "bits_per_second": 492721776.52020675, "jitter_ms": 0.07601620262012017, "lost_packets": 183907, "packets": 228730, "lost_percent": 80.40353254929393, "omitted": false, "sender": false}], "sum": {"start": 5.000027, "end": 6.001427, "seconds": 1.0013999938964844, "bytes": 61676448, "bits_per_second": 492721776.52020675, "jitter_ms": 0.07601620262012017, "lost_packets": 183907, "packets": 228730, "lost_percent": 80.40353254929393, "omitted": false, "sender": false}}, {"streams": [{"socket": 201, "start": 6.001427, "end": 7.000028, "seconds": 0.9986010193824768, "bytes": 57597984, "bits_per_second": 461429402.7908597, "jitter_ms": 0.012548923004395937, "lost_packets": 177872, "packets": 219731, "lost_percent": 80.94988872758054, "omitted": false, "sender": false}], "sum": {"start": 6.001427, "end": 7.000028, "seconds": 0.9986010193824768, "bytes": 57597984, "bits_per_second": 461429402.7908597, "jitter_ms": 0.012548923004395937, "lost_packets": 177872, "packets": 219731, "lost_percent": 80.94988872758054, "omitted": false, "sender": false}}, {"streams": [{"socket": 201, "start": 7.000028, "end": 8.000018, "seconds": 0.9999899864196777, "bytes": 60329344, "bits_per_second": 482639584.9502506, "jitter_ms": 0.00943360056570179, "lost_packets": 178976, "packets": 222820, "lost_percent": 80.32313077820662, "omitted": false, "sender": false}], "sum": {"start": 7.000028, "end": 8.000018, "seconds": 0.9999899864196777, "bytes": 60329344, "bits_per_second": 482639584.9502506, "jitter_ms": 0.00943360056570179, "lost_packets": 178976, "packets": 222820, "lost_percent": 80.32313077820662, "omitted": false, "sender": false}}, {"streams": [{"socket": 201, "start": 8.000018, "end": 9.000797, "seconds": 1.0007790327072144, "bytes": 59448704, "bits_per_second": 475219420.528305, "jitter_ms": 0.10101217474892157, "lost_packets": 174814, "packets": 218018, "lost_percent": 80.18328761845352, "omitted": false, "sender": false}], "sum": {"start": 8.000018, "end": 9.000797, "seconds": 1.0007790327072144, "bytes": 59448704, "bits_per_second": 475219420.528305, "jitter_ms": 0.10101217474892157, "lost_packets": 174814, "packets": 218018, "lost_percent": 80.18328761845352, "omitted": false, "sender": false}}, {"streams": [{"socket": 201, "start": 9.000797, "end": 10.002697, "seconds": 1.0018999576568604, "bytes": 61004960, "bits_per_second": 487114183.67695767, "jitter_ms": 0.12593287533100314, "lost_packets": 182264, "packets": 226599, "lost_percent": 80.43460032921593, "omitted": false, "sender": false}], "sum": {"start": 9.000797, "end": 10.002697, "seconds": 1.0018999576568604, "bytes": 61004960, "bits_per_second": 487114183.67695767, "jitter_ms": 0.12593287533100314, "lost_packets": 182264, "packets": 226599, "lost_percent": 80.43460032921593, "omitted": false, "sender": false}}, {"streams": [{"socket": 201, "start": 10.002697, "end": 11.001154, "seconds": 0.9984570145606995, "bytes": 61750752, "bits_per_second": 494769438.03870463, "jitter_ms": 0.04366118142483035, "lost_packets": 178452, "packets": 223329, "lost_percent": 79.90543100090002, "omitted": false, "sender": false}], "sum": {"start": 10.002697, "end": 11.001154, "seconds": 0.9984570145606995, "bytes": 61750752, "bits_per_second": 494769438.03870463, "jitter_ms": 0.04366118142483035, "lost_packets": 178452, "packets": 223329, "lost_percent": 79.90543100090002, "omitted": false, "sender": false}}, {"streams": [{"socket": 201, "start": 11.001154, "end": 12.000025, "seconds": 0.9988710284233093, "bytes": 61987424, "bits_per_second": 496459881.09472317, "jitter_ms": 0.08514252542530652, "lost_packets": 164550, "packets": 209599, "lost_percent": 78.50705394586807, "omitted": false, "sender": false}], "sum": {"start": 11.001154, "end": 12.000025, "seconds": 0.9988710284233093, "bytes": 61987424, "bits_per_second": 496459881.09472317, "jitter_ms": 0.08514252542530652, "lost_packets": 164550, "packets": 209599, "lost_percent": 78.50705394586807, "omitted": false, "sender": false}}, {"streams": [{"socket": 201, "start": 12.000025, "end": 13.000017, "seconds": 0.9999920129776001, "bytes": 60615552, "bits_per_second": 484928289.13310766, "jitter_ms": 0.007690039278430209, "lost_packets": 177898, "packets": 221950, "lost_percent": 80.152286551025, "omitted": false, "sender": false}],