{"start": {"connected": [{"socket": 57, "local_host": "100.123.106.128", "local_port": 46920, "remote_host": "20.83.58.111", "remote_port": 5201}], "version": "iperf 3.7", "system_info": "Linux localhost 4.19.110-g9ceb3bf92e0a-ab6790968 #2 SMP PREEMPT Wed Aug 26 04:14:37 UTC 2020 aarch64", "timestamp": {"time": "2021-01-25 04:28:44 ", "timesecs": 1611588524.0}, "connecting_to": {"host": "20.83.58.111", "port": 5201}, "cookie": "e6tle7aswroav3tmttpm4crlsqjuatlpjmy7", "sock_bufsize": 0, "sndbuf_actual": 212992, "rcvbuf_actual": 212992, "test_start": {"protocol": "UDP", "num_streams": 1, "blksize": 1376, "omit": 0, "duration": 30, "bytes": 0, "blocks": 0, "reverse": 1, "tos": 0}}, "intervals": [{"streams": [{"socket": 57, "start": 0, "end": 1.000685, "seconds": 1.0006849765777588, "bytes": 63229952, "bits_per_second": 505493364.8848414, "jitter_ms": 0.04351617565102775, "lost_packets": 133275, "packets": 179227, "lost_percent": 74.36100587523086, "omitted": false, "sender": false}], "sum": {"start": 0, "end": 1.000685, "seconds": 1.0006849765777588, "bytes": 63229952, "bits_per_second": 505493364.8848414, "jitter_ms": 0.04351617565102775, "lost_packets": 133275, "packets": 179227, "lost_percent": 74.36100587523086, "omitted": false, "sender": false}}, {"streams": [{"socket": 57, "start": 1.000685, "end": 2.000053, "seconds": 0.9993680119514465, "bytes": 67561600, "bits_per_second": 540834601.0040787, "jitter_ms": 0.0076750314116845655, "lost_packets": 182879, "packets": 231979, "lost_percent": 78.83429103496437, "omitted": false, "sender": false}], "sum": {"start": 1.000685, "end": 2.000053, "seconds": 0.9993680119514465, "bytes": 67561600, "bits_per_second": 540834601.0040787, "jitter_ms": 0.0076750314116845655, "lost_packets": 182879, "packets": 231979, "lost_percent": 78.83429103496437, "omitted": false, "sender": false}}, {"streams": [{"socket": 57, "start": 2.000053, "end": 3.002399, "seconds": 1.0023460388183594, "bytes": 68421600, "bits_per_second": 546091647.795889, "jitter_ms": 0.2174607584965159, "lost_packets": 176447, "packets": 226172, "lost_percent": 78.01451992289054, "omitted": false, "sender": false}], "sum": {"start": 2.000053, "end": 3.002399, "seconds": 1.0023460388183594, "bytes": 68421600, "bits_per_second": 546091647.795889, "jitter_ms": 0.2174607584965159, "lost_packets": 176447, "packets": 226172, "lost_percent": 78.01451992289054, "omitted": false, "sender": false}}, {"streams": [{"socket": 57, "start": 3.002399, "end": 4.000078, "seconds": 0.9976789951324463, "bytes": 62883200, "bits_per_second": 504235934.0573426, "jitter_ms": 0.013122249261641676, "lost_packets": 178433, "packets": 224133, "lost_percent": 79.6103206578237, "omitted": false, "sender": false}], "sum": {"start": 3.002399, "end": 4.000078, "seconds": 0.9976789951324463, "bytes": 62883200, "bits_per_second": 504235934.0573426, "jitter_ms": 0.013122249261641676, "lost_packets": 178433, "packets": 224133, "lost_percent": 79.6103206578237, "omitted": false, "sender": false}}, {"streams": [{"socket": 57, "start": 4.000078, "end": 5.000809, "seconds": 1.0007309913635254, "bytes": 70004000, "bits_per_second": 559622920.4782995, "jitter_ms": 0.013034272626722057, "lost_packets": 169608, "packets": 220483, "lost_percent": 76.92565866756168, "omitted": false, "sender": false}], "sum": {"start": 4.000078, "end": 5.000809, "seconds": 1.0007309913635254, "bytes": 70004000, "bits_per_second": 559622920.4782995, "jitter_ms": 0.013034272626722057, "lost_packets": 169608, "packets": 220483, "lost_percent": 76.92565866756168, "omitted": false, "sender": false}}, {"streams": [{"socket": 57, "start": 5.000809, "end": 6.000019, "seconds": 0.999210000038147, "bytes": 64790336, "bits_per_second": 518732486.6446612, "jitter_ms": 0.024193519889458767, "lost_packets": 176515, "packets": 223601, "lost_percent": 78.9419546424211, "omitted": false, "sender": false}], "sum": {"start": 5.000809, "end": 6.000019, "seconds": 0.999210000038147, "bytes": 64790336, "bits_per_second": 518732486.6446612, "jitter_ms": 0.024193519889458767, "lost_packets": 176515, "packets": 223601, "lost_percent": 78.9419546424211, "omitted": false, "sender": false}}, {"streams": [{"socket": 57, "start": 6.000019, "end": 7.001031, "seconds": 1.0010119676589966, "bytes": 62862560, "bits_per_second": 502392075.46749073, "jitter_ms": 0.01937036883042546, "lost_packets": 184152, "packets": 229837, "lost_percent": 80.12286968590784, "omitted": false, "sender": false}], "sum": {"start": 6.000019, "end": 7.001031, "seconds": 1.0010119676589966, "bytes": 62862560, "bits_per_second": 502392075.46749073, "jitter_ms": 0.01937036883042546, "lost_packets": 184152, "packets": 229837, "lost_percent": 80.12286968590784, "omitted": false, "sender": false}}, {"streams": [{"socket": 57, "start": 7.001031, "end": 8.001284, "seconds": 1.0002529621124268, "bytes": 65772800, "bits_per_second": 526049329.4503816, "jitter_ms": 0.061641276838356046, "lost_packets": 173858, "packets": 221658, "lost_percent": 78.43524709236752, "omitted": false, "sender": false}], "sum": {"start": 7.001031, "end": 8.001284, "seconds": 1.0002529621124268, "bytes": 65772800, "bits_per_second": 526049329.4503816, "jitter_ms": 0.061641276838356046, "lost_packets": 173858, "packets": 221658, "lost_percent": 78.43524709236752, "omitted": false, "sender": false}}, {"streams": [{"socket": 57, "start": 8.001284, "end": 9.000164, "seconds": 0.9988800287246704, "bytes": 65016000, "bits_per_second": 520711181.56609696, "jitter_ms": 0.17393470871520572, "lost_packets": 173716, "packets": 220966, "lost_percent": 78.61661975145498, "omitted": false, "sender": false}], "sum": {"start": 8.001284, "end": 9.000164, "seconds": 0.9988800287246704, "bytes": 65016000, "bits_per_second": 520711181.56609696, "jitter_ms": 0.17393470871520572, "lost_packets": 173716, "packets": 220966, "lost_percent": 78.61661975145498, "omitted": false, "sender": false}}, {"streams": [{"socket": 57, "start": 9.000164, "end": 10.000933, "seconds": 1.000769019126892, "bytes": 65497600, "bits_per_second": 523578158.38178146, "jitter_ms": 0.08864967090355856, "lost_packets": 169484, "packets": 217084, "lost_percent": 78.07300399845221, "omitted": false, "sender": false}], "sum": {"start": 9.000164, "end": 10.000933, "seconds": 1.000769019126892, "bytes": 65497600, "bits_per_second": 523578158.38178146, "jitter_ms": 0.08864967090355856, "lost_packets": 169484, "packets": 217084, "lost_percent": 78.07300399845221, "omitted": false, "sender": false}}, {"streams": [{"socket": 57, "start": 10.000933, "end": 11.000801, "seconds": 0.9998679757118225, "bytes": 62521312, "bits_per_second": 500236539.3730311, "jitter_ms": 0.013096722716491824, "lost_packets": 172388, "packets": 217825, "lost_percent": 79.14059451394468, "omitted": false, "sender": false}], "sum": {"start": 10.000933, "end": 11.000801, "seconds": 0.9998679757118225, "bytes": 62521312, "bits_per_second": 500236539.3730311, "jitter_ms": 0.013096722716491824, "lost_packets": 172388, "packets": 217825, "lost_percent": 79.14059451394468, "omitted": false, "sender": false}}, {"streams": [{"socket": 57, "start": 11.000801, "end": 12.00178, "seconds": 1.000978946685791, "bytes": 65415040, "bits_per_second": 522808518.33367395, "jitter_ms": 0.08598303137310245, "lost_packets": 177347, "packets": 224887, "lost_percent": 78.86049438162277, "omitted": false, "sender": false}], "sum": {"start": 11.000801, "end": 12.00178, "seconds": 1.000978946685791, "bytes": 65415040, "bits_per_second": 522808518.33367395, "jitter_ms": 0.08598303137310245, "lost_packets": 177347, "packets": 224887, "lost_percent": 78.86049438162277, "omitted": false, "sender": false}}, {"streams": [{"socket": 57, "start": 12.00178, "end": 13.001101, "seconds": 0.9993209838867188, "bytes": 63330400, "bits_per_second": 506987452.6495805, "jitter_ms": 0.22379538512051037, "lost_packets": 179557, "packets": 225582, "lost_percent": 79.5972196363185, "omitted": false, "sender": false}],