{
	"start":	{
		"connected":	[{
				"socket":	244,
				"local_host":	"100.124.59.153",
				"local_port":	38974,
				"remote_host":	"104.210.37.160",
				"remote_port":	5201
			}],
		"version":	"iperf 3.7",
		"system_info":	"Linux localhost 4.19.110-g9ceb3bf92e0a-ab6790968 #2 SMP PREEMPT Wed Aug 26 04:14:37 UTC 2020 aarch64",
		"timestamp":	{
			"time":	"Tue, 11 May 2021 17:05:33 GMT",
			"timesecs":	1620752733
		},
		"connecting_to":	{
			"host":	"104.210.37.160",
			"port":	5201
		},
		"cookie":	"ziybbnmylup4kw6rdpb6lzlfpt5lj3t7dofr",
		"tcp_mss_default":	1376,
		"target_bitrate":	2000000000,
		"sock_bufsize":	0,
		"sndbuf_actual":	2097152,
		"rcvbuf_actual":	6291456,
		"test_start":	{
			"protocol":	"TCP",
			"num_streams":	1,
			"blksize":	131072,
			"omit":	0,
			"duration":	30,
			"bytes":	0,
			"blocks":	0,
			"reverse":	1,
			"tos":	0
		}
	},
	"intervals":	[{
			"streams":	[{
					"socket":	244,
					"start":	0,
					"end":	1.000129,
					"seconds":	1.0001289844512939,
					"bytes":	17215072,
					"bits_per_second":	137702814.47803292,
					"omitted":	false,
					"sender":	false
				}],
			"sum":	{
				"start":	0,
				"end":	1.000129,
				"seconds":	1.0001289844512939,
				"bytes":	17215072,
				"bits_per_second":	137702814.47803292,
				"omitted":	false,
				"sender":	false
			}
		}, {
			"streams":	[{
					"socket":	244,
					"start":	1.000129,
					"end":	2.000115,
					"seconds":	0.99998599290847778,
					"bytes":	31744352,
					"bits_per_second":	253958373.21817651,
					"omitted":	false,
					"sender":	false
				}],
			"sum":	{
				"start":	1.000129,
				"end":	2.000115,
				"seconds":	0.99998599290847778,
				"bytes":	31744352,
				"bits_per_second":	253958373.21817651,
				"omitted":	false,
				"sender":	false
			}
		}, {
			"streams":	[{
					"socket":	244,
					"start":	2.000115,
					"end":	3.000155,
					"seconds":	1.0000400543212891,
					"bytes":	29409248,
					"bits_per_second":	235264560.63770029,
					"omitted":	false,
					"sender":	false
				}],
			"sum":	{
				"start":	2.000115,
				"end":	3.000155,
				"seconds":	1.0000400543212891,
				"bytes":	29409248,
				"bits_per_second":	235264560.63770029,
				"omitted":	false,
				"sender":	false
			}
		}, {
			"streams":	[{
					"socket":	244,
					"start":	3.000155,
					"end":	4.000125,
					"seconds":	0.999970018863678,
					"bytes":	27057664,
					"bits_per_second":	216467801.9506796,
					"omitted":	false,
					"sender":	false
				}],
			"sum":	{
				"start":	3.000155,
				"end":	4.000125,
				"seconds":	0.999970018863678,
				"bytes":	27057664,
				"bits_per_second":	216467801.9506796,
				"omitted":	false,
				"sender":	false
			}
		}, {
			"streams":	[{
					"socket":	244,
					"start":	4.000125,
					"end":	5.000128,
					"seconds":	1.0000029802322388,
					"bytes":	30751616,
					"bits_per_second":	246012194.82652584,
					"omitted":	false,
					"sender":	false
				}],
			"sum":	{
				"start":	4.000125,
				"end":	5.000128,
				"seconds":	1.0000029802322388,
				"bytes":	30751616,
				"bits_per_second":	246012194.82652584,
				"omitted":	false,
				"sender":	false
			}
		}, {
			"streams":	[{
					"socket":	244,
					"start":	5.000128,
					"end":	6.000147,
					"seconds":	1.0000189542770386,
					"bytes":	26910432,
					"bits_per_second":	215279375.53507543,
					"omitted":	false,
					"sender":	false
				}],
			"sum":	{
				"start":	5.000128,
				"end":	6.000147,
				"seconds":	1.0000189542770386,
				"bytes":	26910432,
				"bits_per_second":	215279375.53507543,
				"omitted":	false,
				"sender":	false
			}
		}, {
			"streams":	[{
					"socket":	244,
					"start":	6.000147,
					"end":	7.000137,
					"seconds":	0.99998998641967773,
					"bytes":	28447424,
					"bits_per_second":	227581670.90734151,
					"omitted":	false,
					"sender":	false
				}],
			"sum":	{
				"start":	6.000147,
				"end":	7.000137,
				"seconds":	0.99998998641967773,
				"bytes":	28447424,
				"bits_per_second":	227581670.90734151,
				"omitted":	false,
				"sender":	false
			}
		}, {
			"streams":	[{
					"socket":	244,
					"start":	7.000137,
					"end":	8.000129,
					"seconds":	0.9999920129776001,
					"bytes":	25343168,
					"bits_per_second":	202746963.34453773,
					"omitted":	false,
					"sender":	false
				}],
			"sum":	{
				"start":	7.000137,
				"end":	8.000129,
				"seconds":	0.9999920129776001,
				"bytes":	25343168,
				"bits_per_second":	202746963.34453773,
				"omitted":	false,
				"sender":	false
			}
		}, {
			"streams":	[{
					"socket":	244,
					"start":	8.000129,
					"end":	9.000124,
					"seconds":	0.99999499320983887,
					"bytes":	28085536,
					"bits_per_second":	224685412.95271492,
					"omitted":	false,
					"sender":	false
				}],
			"sum":	{
				"start":	8.000129,
				"end":	9.000124,
				"seconds":	0.99999499320983887,
				"bytes":	28085536,
				"bits_per_second":	224685412.95271492,
				"omitted":	false,
				"sender":	false
			}
		}, {
			"streams":	[{
					"socket":	244,
					"start":	9.000124,
					"end":	10.000155,
					"seconds":	1.0000309944152832,
					"bytes":	26470112,
					"bits_per_second":	211754332.79827124,
					"omitted":	false,
					"sender":	false
				}],
			"sum":	{
				"start":	9.000124,
				"end":	10.000155,
				"seconds":	1.0000309944152832,
				"bytes":	26470112,
				"bits_per_second":	211754332.79827124,
				"omitted":	false,
				"sender":	false
			}
		}, {
			"streams":	[{
					"socket":	244,
					"start":	10.000155,
					"end":	11.000547,
					"seconds":	1.000391960144043,
					"bytes":	20828512,
					"bits_per_second":	166562810.01699355,
					"omitted":	false,
					"sender":	false
				}],
			"sum":	{
				"start":	10.000155,
				"end":	11.000547,
				"seconds":	1.000391960144043,
				"bytes":	20828512,
				"bits_per_second":	166562810.01699355,
				"omitted":	false,
				"sender":	false
			}
		}, {
			"streams":	[{
					"socket":	244,
					"start":	11.000547,
					"end":	12.000137,
					"seconds":	0.99958997964859009,
					"bytes":	20066208,
					"bits_per_second":	160595511.42803058,
					"omitted":	false,
					"sender":	false
				}],
			"sum":	{
				"start":	11.000547,
				"end":	12.000137,
				"seconds":	0.99958997964859009,
				"bytes":	20066208,
				"bits_per_second":	160595511.42803058,
				"omitted":	false,
				"sender":	false
			}
		}, {
			"streams":	[{
					"socket":	244,
					"start":	12.000137,
					"end":	13.000139,
					"seconds":	1.0000020265579224,
					"bytes":	23458432,
					"bits_per_second":	187667075.68180102,
					"omitted":	false,
					"sender":	false
				}],
			"sum":	{
				"start":	12.000137,
				"end":	13.000139,
				"seconds":	1.0000020265579224,
				"bytes":	23458432,
				"bits_per_second":	187667075.68180102,
				"omitted":	false,
				"sender":	false
			}
		}, {
			"streams":	[{
					"socket":	244,
					"start":	13.000139,
					"end":	14.000156,
					"seconds":	1.0000170469284058,
					"bytes":	18855328,
					"bits_per_second":	150840052.64042193,
					"omitted":	false,
					"sender":	false
				}],
			"sum":	{
				"start":	13.000139,
				"end":	14.000156,
				"seconds":	1.0000170469284058,
				"bytes":	18855328,
				"bits_per_second":	150840052.64042193,
				"omitted":	false,
				"sender":	false
			}
		}, {
			"streams":	[{
					"socket":	244,
					"start":	14.000156,
					"end":	15.000141,
					"seconds":	0.9999849796295166,
					"bytes":	16635840,
					"bits_per_second":	133088719.04186717,
					"omitted":	false,
					"sender":	false
				}],
			"sum":	{
				"start":	14.000156,
				"end":	15.000141,
				"seconds":	0.9999849796295166,
				"bytes":	16635840,
				"bits_per_second":	133088719.04186717,
				"omitted":	false,
				"sender":	false
			}
		}, {
			"streams":	[{
					"socket":	244,
					"start":	15.000141,
					"end":	16.000661,
					"seconds":	1.0005199909210205,
					"bytes":	15664384,
					"bits_per_second":	125249943.16669498,
					"omitted":	false,
					"sender":	false
				}],
			"sum":	{
				"start":	15.000141,
				"end":	16.000661,
				"seconds":	1.0005199909210205,
				"bytes":	15664384,