{"start": {"connected": [{"socket": 65, "local_host": "100.123.106.128", "local_port": 40005, "remote_host": "40.78.67.139", "remote_port": 5201}], "version": "iperf 3.7", "system_info": "Linux localhost 4.19.110-g9ceb3bf92e0a-ab6790968 #2 SMP PREEMPT Wed Aug 26 04:14:37 UTC 2020 aarch64", "timestamp": {"time": "2021-01-25 06:34:23 ", "timesecs": 1611596063.0}, "connecting_to": {"host": "40.78.67.139", "port": 5201}, "cookie": "6xttu26youn3k7adwqrea7cbyio77dncb4as", "sock_bufsize": 0, "sndbuf_actual": 212992, "rcvbuf_actual": 212992, "test_start": {"protocol": "UDP", "num_streams": 1, "blksize": 1376, "omit": 0, "duration": 30, "bytes": 0, "blocks": 0, "reverse": 1, "tos": 0}}, "intervals": [{"streams": [{"socket": 65, "start": 0, "end": 1.00006, "seconds": 1.000059962272644, "bytes": 13409120, "bits_per_second": 107266528.05519918, "jitter_ms": 0.047254940644327004, "lost_packets": 155099, "packets": 164844, "lost_percent": 94.08835019776274, "omitted": false, "sender": false}], "sum": {"start": 0, "end": 1.00006, "seconds": 1.000059962272644, "bytes": 13409120, "bits_per_second": 107266528.05519918, "jitter_ms": 0.047254940644327004, "lost_packets": 155099, "packets": 164844, "lost_percent": 94.08835019776274, "omitted": false, "sender": false}}, {"streams": [{"socket": 65, "start": 1.00006, "end": 2.000017, "seconds": 0.9999570250511169, "bytes": 76643200, "bits_per_second": 613171951.0332521, "jitter_ms": 0.009945320110138005, "lost_packets": 172342, "packets": 228042, "lost_percent": 75.57467484059954, "omitted": false, "sender": false}], "sum": {"start": 1.00006, "end": 2.000017, "seconds": 0.9999570250511169, "bytes": 76643200, "bits_per_second": 613171951.0332521, "jitter_ms": 0.009945320110138005, "lost_packets": 172342, "packets": 228042, "lost_percent": 75.57467484059954, "omitted": false, "sender": false}}, {"streams": [{"socket": 65, "start": 2.000017, "end": 3.001336, "seconds": 1.0013190507888794, "bytes": 163430272, "bits_per_second": 1305719865.1817765, "jitter_ms": 0.18205143323834155, "lost_packets": 99524, "packets": 218296, "lost_percent": 45.59130721589035, "omitted": false, "sender": false}], "sum": {"start": 2.000017, "end": 3.001336, "seconds": 1.0013190507888794, "bytes": 163430272, "bits_per_second": 1305719865.1817765, "jitter_ms": 0.18205143323834155, "lost_packets": 99524, "packets": 218296, "lost_percent": 45.59130721589035, "omitted": false, "sender": false}}, {"streams": [{"socket": 65, "start": 3.001336, "end": 4.000109, "seconds": 0.9987729787826538, "bytes": 194064160, "bits_per_second": 1554420587.040979, "jitter_ms": 0.0020194103367796317, "lost_packets": 83302, "packets": 224337, "lost_percent": 37.13252829448553, "omitted": false, "sender": false}], "sum": {"start": 3.001336, "end": 4.000109, "seconds": 0.9987729787826538, "bytes": 194064160, "bits_per_second": 1554420587.040979, "jitter_ms": 0.0020194103367796317, "lost_packets": 83302, "packets": 224337, "lost_percent": 37.13252829448553, "omitted": false, "sender": false}}, {"streams": [{"socket": 65, "start": 4.000109, "end": 5.000371, "seconds": 1.0002620220184326, "bytes": 188430816, "bits_per_second": 1507051647.285496, "jitter_ms": 0.216756542240093, "lost_packets": 85441, "packets": 222382, "lost_percent": 38.420825426518334, "omitted": false, "sender": false}], "sum": {"start": 4.000109, "end": 5.000371, "seconds": 1.0002620220184326, "bytes": 188430816, "bits_per_second": 1507051647.285496, "jitter_ms": 0.216756542240093, "lost_packets": 85441, "packets": 222382, "lost_percent": 38.420825426518334, "omitted": false, "sender": false}}, {"streams": [{"socket": 65, "start": 5.000371, "end": 6.00002, "seconds": 0.9996489882469177, "bytes": 244622528, "bits_per_second": 1957667388.261906, "jitter_ms": 0.059517067113938796, "lost_packets": 43630, "packets": 221408, "lost_percent": 19.70570169099581, "omitted": false, "sender": false}], "sum": {"start": 5.000371, "end": 6.00002, "seconds": 0.9996489882469177, "bytes": 244622528, "bits_per_second": 1957667388.261906, "jitter_ms": 0.059517067113938796, "lost_packets": 43630, "packets": 221408, "lost_percent": 19.70570169099581, "omitted": false, "sender": false}}, {"streams": [{"socket": 65, "start": 6.00002, "end": 7.000019, "seconds": 0.9999989867210388, "bytes": 230605216, "bits_per_second": 1844843597.341204, "jitter_ms": 0.001388166968277375, "lost_packets": 52902, "packets": 220493, "lost_percent": 23.992598404484497, "omitted": false, "sender": false}], "sum": {"start": 6.00002, "end": 7.000019, "seconds": 0.9999989867210388, "bytes": 230605216, "bits_per_second": 1844843597.341204, "jitter_ms": 0.001388166968277375, "lost_packets": 52902, "packets": 220493, "lost_percent": 23.992598404484497, "omitted": false, "sender": false}}, {"streams": [{"socket": 65, "start": 7.000019, "end": 8.001141, "seconds": 1.001121997833252, "bytes": 239293280, "bits_per_second": 1912200754.8962636, "jitter_ms": 0.22266035208891224, "lost_packets": 44085, "packets": 217990, "lost_percent": 20.22340474333685, "omitted": false, "sender": false}], "sum": {"start": 7.000019, "end": 8.001141, "seconds": 1.001121997833252, "bytes": 239293280, "bits_per_second": 1912200754.8962636, "jitter_ms": 0.22266035208891224, "lost_packets": 44085, "packets": 217990, "lost_percent": 20.22340474333685, "omitted": false, "sender": false}}, {"streams": [{"socket": 65, "start": 8.001141, "end": 9.00002, "seconds": 0.9988790154457092, "bytes": 244570240, "bits_per_second": 1958757657.0791845, "jitter_ms": 0.0013269397879054443, "lost_packets": 43841, "packets": 221581, "lost_percent": 19.78554117907221, "omitted": false, "sender": false}], "sum": {"start": 8.001141, "end": 9.00002, "seconds": 0.9988790154457092, "bytes": 244570240, "bits_per_second": 1958757657.0791845, "jitter_ms": 0.0013269397879054443, "lost_packets": 43841, "packets": 221581, "lost_percent": 19.78554117907221, "omitted": false, "sender": false}}, {"streams": [{"socket": 65, "start": 9.00002, "end": 10.004733, "seconds": 1.0047130584716797, "bytes": 149458368, "bits_per_second": 1190058130.4465077, "jitter_ms": 0.5887094582524065, "lost_packets": 107784, "packets": 216402, "lost_percent": 49.80730307483295, "omitted": false, "sender": false}], "sum": {"start": 9.00002, "end": 10.004733, "seconds": 1.0047130584716797, "bytes": 149458368, "bits_per_second": 1190058130.4465077, "jitter_ms": 0.5887094582524065, "lost_packets": 107784, "packets": 216402, "lost_percent": 49.80730307483295, "omitted": false, "sender": false}}, {"streams": [{"socket": 65, "start": 10.004733, "end": 11.00048, "seconds": 0.9957470297813416, "bytes": 25886688, "bits_per_second": 207978028.3607536, "jitter_ms": 0.38802490447481114, "lost_packets": 186245, "packets": 205058, "lost_percent": 90.82552253508763, "omitted": false, "sender": false}], "sum": {"start": 10.004733, "end": 11.00048, "seconds": 0.9957470297813416, "bytes": 25886688, "bits_per_second": 207978028.3607536, "jitter_ms": 0.38802490447481114, "lost_packets": 186245, "packets": 205058, "lost_percent": 90.82552253508763, "omitted": false, "sender": false}}, {"streams": [{"socket": 65, "start": 11.00048, "end": 12.00179, "seconds": 1.0013099908828735, "bytes": 23460800, "bits_per_second": 187440854.18993315, "jitter_ms": 0.8420251320292184, "lost_packets": 200852, "packets": 217902, "lost_percent": 92.1753815935604, "omitted": false, "sender": false}], "sum": {"start": 11.00048, "end": 12.00179, "seconds": 1.0013099908828735, "bytes": 23460800, "bits_per_second": 187440854.18993315, "jitter_ms": 0.8420251320292184, "lost_packets": 200852, "packets": 217902, "lost_percent": 92.1753815935604, "omitted": false, "sender": false}}, {"streams": [{"socket": 65, "start": 12.00179, "end": 13.000534, "seconds": 0.998744010925293, "bytes": 24312544, "bits_per_second": 194744949.52896276, "jitter_ms": 0.02089589549324548, "lost_packets": 206173, "packets": 223842, "lost_percent": 92.10648582482287, "omitted": false, "sender": false}],