{
	"start":	{
		"connected":	[{
				"socket":	152,
				"local_host":	"100.124.85.183",
				"local_port":	43168,
				"remote_host":	"20.64.146.192",
				"remote_port":	5201
			}],
		"version":	"iperf 3.7",
		"system_info":	"Linux localhost 4.19.110-g9ceb3bf92e0a-ab6790968 #2 SMP PREEMPT Wed Aug 26 04:14:37 UTC 2020 aarch64",
		"timestamp":	{
			"time":	"Mon, 17 May 2021 22:04:25 GMT",
			"timesecs":	1621289065
		},
		"connecting_to":	{
			"host":	"20.64.146.192",
			"port":	5201
		},
		"cookie":	"asady6mguupwo5jkuufr3wsnwe27lrj2l32z",
		"tcp_mss_default":	1376,
		"target_bitrate":	30000000,
		"sock_bufsize":	0,
		"sndbuf_actual":	524288,
		"rcvbuf_actual":	1048576,
		"test_start":	{
			"protocol":	"TCP",
			"num_streams":	1,
			"blksize":	131072,
			"omit":	0,
			"duration":	10,
			"bytes":	0,
			"blocks":	0,
			"reverse":	1,
			"tos":	0
		}
	},
	"intervals":	[{
			"streams":	[{
					"socket":	152,
					"start":	0,
					"end":	1.000097,
					"seconds":	1.0000970363616943,
					"bytes":	1063648,
					"bits_per_second":	8508358.3798588272,
					"omitted":	false,
					"sender":	false
				}],
			"sum":	{
				"start":	0,
				"end":	1.000097,
				"seconds":	1.0000970363616943,
				"bytes":	1063648,
				"bits_per_second":	8508358.3798588272,
				"omitted":	false,
				"sender":	false
			}
		}, {
			"streams":	[{
					"socket":	152,
					"start":	1.000097,
					"end":	2.000155,
					"seconds":	1.0000580549240112,
					"bytes":	1560384,
					"bits_per_second":	12482347.338273795,
					"omitted":	false,
					"sender":	false
				}],
			"sum":	{
				"start":	1.000097,
				"end":	2.000155,
				"seconds":	1.0000580549240112,
				"bytes":	1560384,
				"bits_per_second":	12482347.338273795,
				"omitted":	false,
				"sender":	false
			}
		}, {
			"streams":	[{
					"socket":	152,
					"start":	2.000155,
					"end":	3.000122,
					"seconds":	0.99996697902679443,
					"bytes":	1538368,
					"bits_per_second":	12307350.400687812,
					"omitted":	false,
					"sender":	false
				}],
			"sum":	{
				"start":	2.000155,
				"end":	3.000122,
				"seconds":	0.99996697902679443,
				"bytes":	1538368,
				"bits_per_second":	12307350.400687812,
				"omitted":	false,
				"sender":	false
			}
		}, {
			"streams":	[{
					"socket":	152,
					"start":	3.000122,
					"end":	4.000293,
					"seconds":	1.0001709461212158,
					"bytes":	1554880,
					"bits_per_second":	12436913.957799019,
					"omitted":	false,
					"sender":	false
				}],
			"sum":	{
				"start":	3.000122,
				"end":	4.000293,
				"seconds":	1.0001709461212158,
				"bytes":	1554880,
				"bits_per_second":	12436913.957799019,
				"omitted":	false,
				"sender":	false
			}
		}, {
			"streams":	[{
					"socket":	152,
					"start":	4.000293,
					"end":	5.000128,
					"seconds":	0.99983501434326172,
					"bytes":	1519104,
					"bits_per_second":	12154837.373826668,
					"omitted":	false,
					"sender":	false
				}],
			"sum":	{
				"start":	4.000293,
				"end":	5.000128,
				"seconds":	0.99983501434326172,
				"bytes":	1519104,
				"bits_per_second":	12154837.373826668,
				"omitted":	false,
				"sender":	false
			}
		}, {
			"streams":	[{
					"socket":	152,
					"start":	5.000128,
					"end":	6.000168,
					"seconds":	1.0000400543212891,
					"bytes":	1589280,
					"bits_per_second":	12713730.760143351,
					"omitted":	false,
					"sender":	false
				}],
			"sum":	{
				"start":	5.000128,
				"end":	6.000168,
				"seconds":	1.0000400543212891,
				"bytes":	1589280,
				"bits_per_second":	12713730.760143351,
				"omitted":	false,
				"sender":	false
			}
		}, {
			"streams":	[{
					"socket":	152,
					"start":	6.000168,
					"end":	7.000502,
					"seconds":	1.0003340244293213,
					"bytes":	1696608,
					"bits_per_second":	13568331.8456984,
					"omitted":	false,
					"sender":	false
				}],
			"sum":	{
				"start":	6.000168,
				"end":	7.000502,
				"seconds":	1.0003340244293213,
				"bytes":	1696608,
				"bits_per_second":	13568331.8456984,
				"omitted":	false,
				"sender":	false
			}
		}, {
			"streams":	[{
					"socket":	152,
					"start":	7.000502,
					"end":	8.000148,
					"seconds":	0.999646008014679,
					"bytes":	1699360,
					"bits_per_second":	13599694.182743508,
					"omitted":	false,
					"sender":	false
				}],
			"sum":	{
				"start":	7.000502,
				"end":	8.000148,
				"seconds":	0.999646008014679,
				"bytes":	1699360,
				"bits_per_second":	13599694.182743508,
				"omitted":	false,
				"sender":	false
			}
		}, {
			"streams":	[{
					"socket":	152,
					"start":	8.000148,
					"end":	9.000277,
					"seconds":	1.0001289844512939,
					"bytes":	1671840,
					"bits_per_second":	13372995.091565957,
					"omitted":	false,
					"sender":	false
				}],
			"sum":	{
				"start":	8.000148,
				"end":	9.000277,
				"seconds":	1.0001289844512939,
				"bytes":	1671840,
				"bits_per_second":	13372995.091565957,
				"omitted":	false,
				"sender":	false
			}
		}, {
			"streams":	[{
					"socket":	152,
					"start":	9.000277,
					"end":	10.000627,
					"seconds":	1.0003499984741211,
					"bytes":	1651200,
					"bits_per_second":	13204978.277751984,
					"omitted":	false,
					"sender":	false
				}],
			"sum":	{
				"start":	9.000277,
				"end":	10.000627,
				"seconds":	1.0003499984741211,
				"bytes":	1651200,
				"bits_per_second":	13204978.277751984,
				"omitted":	false,
				"sender":	false
			}
		}],
	"end":	{
		"streams":	[{
				"sender":	{
					"socket":	152,
					"start":	0,
					"end":	10.000627,
					"seconds":	10.000627,
					"bytes":	17264672,
					"bits_per_second":	13810871.658347022,
					"retransmits":	0,
					"max_snd_cwnd":	0,
					"max_rtt":	0,
					"min_rtt":	0,
					"mean_rtt":	0,
					"sender":	false
				},
				"receiver":	{
					"socket":	152,
					"start":	0,
					"end":	10.000627,
					"seconds":	10.000627,
					"bytes":	15544672,
					"bits_per_second":	12434957.928137906,
					"sender":	false
				}
			}],
		"sum_sent":	{
			"start":	0,
			"end":	10.000627,
			"seconds":	10.000627,
			"bytes":	17264672,
			"bits_per_second":	13810871.658347022,
			"retransmits":	0,
			"sender":	false
		},
		"sum_received":	{
			"start":	0,
			"end":	10.000627,
			"seconds":	10.000627,
			"bytes":	15544672,
			"bits_per_second":	12434957.928137906,
			"sender":	false
		},
		"cpu_utilization_percent":	{
			"host_total":	15.678835091129267,
			"host_user":	8.65765353851687,
			"host_system":	7.0216024288384391,
			"remote_total":	0.158711,
			"remote_user":	0,
			"remote_system":	0.158711
		}
	},
	"title":	"HUCKLEBERRY_830_cubic_1621289018_64465_10_1"
}
