{
	"start":	{
		"connected":	[{
				"socket":	84,
				"local_host":	"100.124.85.183",
				"local_port":	45180,
				"remote_host":	"20.46.241.99",
				"remote_port":	5201
			}],
		"version":	"iperf 3.7",
		"system_info":	"Linux localhost 4.19.110-g9ceb3bf92e0a-ab6790968 #2 SMP PREEMPT Wed Aug 26 04:14:37 UTC 2020 aarch64",
		"timestamp":	{
			"time":	"Mon, 17 May 2021 22:36:27 GMT",
			"timesecs":	1621290987
		},
		"connecting_to":	{
			"host":	"20.46.241.99",
			"port":	5201
		},
		"cookie":	"s57ouahb3kwuifaah53hduluqislhnxb6ku6",
		"tcp_mss_default":	1376,
		"target_bitrate":	3000000000,
		"sock_bufsize":	0,
		"sndbuf_actual":	1048576,
		"rcvbuf_actual":	6291456,
		"test_start":	{
			"protocol":	"TCP",
			"num_streams":	1,
			"blksize":	131072,
			"omit":	0,
			"duration":	10,
			"bytes":	0,
			"blocks":	0,
			"reverse":	1,
			"tos":	0
		}
	},
	"intervals":	[{
			"streams":	[{
					"socket":	84,
					"start":	0,
					"end":	1.000554,
					"seconds":	1.0005539655685425,
					"bytes":	842112,
					"bits_per_second":	6733166.05783668,
					"omitted":	false,
					"sender":	false
				}],
			"sum":	{
				"start":	0,
				"end":	1.000554,
				"seconds":	1.0005539655685425,
				"bytes":	842112,
				"bits_per_second":	6733166.05783668,
				"omitted":	false,
				"sender":	false
			}
		}, {
			"streams":	[{
					"socket":	84,
					"start":	1.000554,
					"end":	2.000408,
					"seconds":	0.99985402822494507,
					"bytes":	1578272,
					"bits_per_second":	12628019.33439767,
					"omitted":	false,
					"sender":	false
				}],
			"sum":	{
				"start":	1.000554,
				"end":	2.000408,
				"seconds":	0.99985402822494507,
				"bytes":	1578272,
				"bits_per_second":	12628019.33439767,
				"omitted":	false,
				"sender":	false
			}
		}, {
			"streams":	[{
					"socket":	84,
					"start":	2.000408,
					"end":	3.000702,
					"seconds":	1.0002939701080322,
					"bytes":	1850720,
					"bits_per_second":	14801408.828247732,
					"omitted":	false,
					"sender":	false
				}],
			"sum":	{
				"start":	2.000408,
				"end":	3.000702,
				"seconds":	1.0002939701080322,
				"bytes":	1850720,
				"bits_per_second":	14801408.828247732,
				"omitted":	false,
				"sender":	false
			}
		}, {
			"streams":	[{
					"socket":	84,
					"start":	3.000702,
					"end":	4.00012,
					"seconds":	0.99941802024841309,
					"bytes":	2168576,
					"bits_per_second":	17358710.417976923,
					"omitted":	false,
					"sender":	false
				}],
			"sum":	{
				"start":	3.000702,
				"end":	4.00012,
				"seconds":	0.99941802024841309,
				"bytes":	2168576,
				"bits_per_second":	17358710.417976923,
				"omitted":	false,
				"sender":	false
			}
		}, {
			"streams":	[{
					"socket":	84,
					"start":	4.00012,
					"end":	5.000124,
					"seconds":	1.0000040531158447,
					"bytes":	2022720,
					"bits_per_second":	16181694.413717978,
					"omitted":	false,
					"sender":	false
				}],
			"sum":	{
				"start":	4.00012,
				"end":	5.000124,
				"seconds":	1.0000040531158447,
				"bytes":	2022720,
				"bits_per_second":	16181694.413717978,
				"omitted":	false,
				"sender":	false
			}
		}, {
			"streams":	[{
					"socket":	84,
					"start":	5.000124,
					"end":	6.000125,
					"seconds":	1.0000009536743164,
					"bytes":	1633312,
					"bits_per_second":	13066483.538830243,
					"omitted":	false,
					"sender":	false
				}],
			"sum":	{
				"start":	5.000124,
				"end":	6.000125,
				"seconds":	1.0000009536743164,
				"bytes":	1633312,
				"bits_per_second":	13066483.538830243,
				"omitted":	false,
				"sender":	false
			}
		}, {
			"streams":	[{
					"socket":	84,
					"start":	6.000125,
					"end":	7.000132,
					"seconds":	1.0000070333480835,
					"bytes":	1798432,
					"bits_per_second":	14387354.808725629,
					"omitted":	false,
					"sender":	false
				}],
			"sum":	{
				"start":	6.000125,
				"end":	7.000132,
				"seconds":	1.0000070333480835,
				"bytes":	1798432,
				"bits_per_second":	14387354.808725629,
				"omitted":	false,
				"sender":	false
			}
		}, {
			"streams":	[{
					"socket":	84,
					"start":	7.000132,
					"end":	8.000119,
					"seconds":	0.999987006187439,
					"bytes":	1991072,
					"bits_per_second":	15928782.975620311,
					"omitted":	false,
					"sender":	false
				}],
			"sum":	{
				"start":	7.000132,
				"end":	8.000119,
				"seconds":	0.999987006187439,
				"bytes":	1991072,
				"bits_per_second":	15928782.975620311,
				"omitted":	false,
				"sender":	false
			}
		}, {
			"streams":	[{
					"socket":	84,
					"start":	8.000119,
					"end":	9.000158,
					"seconds":	1.0000389814376831,
					"bytes":	1996576,
					"bits_per_second":	15971985.389046881,
					"omitted":	false,
					"sender":	false
				}],
			"sum":	{
				"start":	8.000119,
				"end":	9.000158,
				"seconds":	1.0000389814376831,
				"bytes":	1996576,
				"bits_per_second":	15971985.389046881,
				"omitted":	false,
				"sender":	false
			}
		}, {
			"streams":	[{
					"socket":	84,
					"start":	9.000158,
					"end":	10.00078,
					"seconds":	1.000622034072876,
					"bytes":	1854848,
					"bits_per_second":	14829559.508699847,
					"omitted":	false,
					"sender":	false
				}],
			"sum":	{
				"start":	9.000158,
				"end":	10.00078,
				"seconds":	1.000622034072876,
				"bytes":	1854848,
				"bits_per_second":	14829559.508699847,
				"omitted":	false,
				"sender":	false
			}
		}],
	"end":	{
		"streams":	[{
				"sender":	{
					"socket":	84,
					"start":	0,
					"end":	10.00078,
					"seconds":	10.00078,
					"bytes":	19474624,
					"bits_per_second":	15578484.078241896,
					"retransmits":	0,
					"max_snd_cwnd":	0,
					"max_rtt":	0,
					"min_rtt":	0,
					"mean_rtt":	0,
					"sender":	false
				},
				"receiver":	{
					"socket":	84,
					"start":	0,
					"end":	10.00078,
					"seconds":	10.00078,
					"bytes":	17736640,
					"bits_per_second":	14188205.31998504,
					"sender":	false
				}
			}],
		"sum_sent":	{
			"start":	0,
			"end":	10.00078,
			"seconds":	10.00078,
			"bytes":	19474624,
			"bits_per_second":	15578484.078241896,
			"retransmits":	0,
			"sender":	false
		},
		"sum_received":	{
			"start":	0,
			"end":	10.00078,
			"seconds":	10.00078,
			"bytes":	17736640,
			"bits_per_second":	14188205.31998504,
			"sender":	false
		},
		"cpu_utilization_percent":	{
			"host_total":	88.274954630931546,
			"host_user":	73.9204752292716,
			"host_system":	14.354856389764715,
			"remote_total":	0.217805,
			"remote_user":	0.105213,
			"remote_system":	0.112593
		}
	},
	"title":	"HUCKLEBERRY_830_cubic_1621290953_64471_10_1"
}
