{"start": {"connected": [{"socket": 208, "local_host": "100.127.255.213", "local_port": 44107, "remote_host": "20.96.192.197", "remote_port": 5201}], "version": "iperf 3.7", "system_info": "Linux localhost 4.19.110-g9ceb3bf92e0a-ab6790968 #2 SMP PREEMPT Wed Aug 26 04:14:37 UTC 2020 aarch64", "timestamp": {"time": "2021-01-25 04:01:59 ", "timesecs": 1611586919.0}, "connecting_to": {"host": "20.96.192.197", "port": 5201}, "cookie": "sofa4r645vi6hrehqirx3nwd4dncxh63lfvr", "sock_bufsize": 0, "sndbuf_actual": 212992, "rcvbuf_actual": 212992, "test_start": {"protocol": "UDP", "num_streams": 1, "blksize": 1376, "omit": 0, "duration": 30, "bytes": 0, "blocks": 0, "reverse": 1, "tos": 0}}, "intervals": [{"streams": [{"socket": 208, "start": 0, "end": 1.000014, "seconds": 1.0000139474868774, "bytes": 164787008, "bits_per_second": 1318277677.3393946, "jitter_ms": 0.0020091294310640695, "lost_packets": 95072, "packets": 214830, "lost_percent": 44.254526835171994, "omitted": false, "sender": false}], "sum": {"start": 0, "end": 1.000014, "seconds": 1.0000139474868774, "bytes": 164787008, "bits_per_second": 1318277677.3393946, "jitter_ms": 0.0020091294310640695, "lost_packets": 95072, "packets": 214830, "lost_percent": 44.254526835171994, "omitted": false, "sender": false}}, {"streams": [{"socket": 208, "start": 1.000014, "end": 2.000015, "seconds": 1.0000009536743164, "bytes": 217840064, "bits_per_second": 1742718850.013792, "jitter_ms": 0.00306144400316822, "lost_packets": 64877, "packets": 223191, "lost_percent": 29.06792836628717, "omitted": false, "sender": false}], "sum": {"start": 1.000014, "end": 2.000015, "seconds": 1.0000009536743164, "bytes": 217840064, "bits_per_second": 1742718850.013792, "jitter_ms": 0.00306144400316822, "lost_packets": 64877, "packets": 223191, "lost_percent": 29.06792836628717, "omitted": false, "sender": false}}, {"streams": [{"socket": 208, "start": 2.000015, "end": 3.000016, "seconds": 1.0000009536743164, "bytes": 223997664, "bits_per_second": 1791979603.035077, "jitter_ms": 0.006839366928873437, "lost_packets": 68873, "packets": 231662, "lost_percent": 29.729951394704354, "omitted": false, "sender": false}], "sum": {"start": 2.000015, "end": 3.000016, "seconds": 1.0000009536743164, "bytes": 223997664, "bits_per_second": 1791979603.035077, "jitter_ms": 0.006839366928873437, "lost_packets": 68873, "packets": 231662, "lost_percent": 29.729951394704354, "omitted": false, "sender": false}}, {"streams": [{"socket": 208, "start": 3.000016, "end": 4.000015, "seconds": 0.9999989867210388, "bytes": 218343680, "bits_per_second": 1746751209.9462514, "jitter_ms": 0.0034927078254277317, "lost_packets": 55503, "packets": 214183, "lost_percent": 25.913821358371113, "omitted": false, "sender": false}], "sum": {"start": 3.000016, "end": 4.000015, "seconds": 0.9999989867210388, "bytes": 218343680, "bits_per_second": 1746751209.9462514, "jitter_ms": 0.0034927078254277317, "lost_packets": 55503, "packets": 214183, "lost_percent": 25.913821358371113, "omitted": false, "sender": false}}, {"streams": [{"socket": 208, "start": 4.000015, "end": 5.000779, "seconds": 1.000764012336731, "bytes": 219621984, "bits_per_second": 1755634545.54841, "jitter_ms": 0.1871196835778747, "lost_packets": 70601, "packets": 230210, "lost_percent": 30.66808566091829, "omitted": false, "sender": false}], "sum": {"start": 4.000015, "end": 5.000779, "seconds": 1.000764012336731, "bytes": 219621984, "bits_per_second": 1755634545.54841, "jitter_ms": 0.1871196835778747, "lost_packets": 70601, "packets": 230210, "lost_percent": 30.66808566091829, "omitted": false, "sender": false}}, {"streams": [{"socket": 208, "start": 5.000779, "end": 6.000019, "seconds": 0.999239981174469, "bytes": 232706368, "bits_per_second": 1863066909.9247668, "jitter_ms": 0.0033718144531875486, "lost_packets": 65269, "packets": 234387, "lost_percent": 27.846680916603738, "omitted": false, "sender": false}], "sum": {"start": 5.000779, "end": 6.000019, "seconds": 0.999239981174469, "bytes": 232706368, "bits_per_second": 1863066909.9247668, "jitter_ms": 0.0033718144531875486, "lost_packets": 65269, "packets": 234387, "lost_percent": 27.846680916603738, "omitted": false, "sender": false}}, {"streams": [{"socket": 208, "start": 6.000019, "end": 7.000717, "seconds": 1.0006979703903198, "bytes": 240296384, "bits_per_second": 1921030249.7667542, "jitter_ms": 0.0560774230204494, "lost_packets": 52003, "packets": 226637, "lost_percent": 22.945503161443188, "omitted": false, "sender": false}], "sum": {"start": 6.000019, "end": 7.000717, "seconds": 1.0006979703903198, "bytes": 240296384, "bits_per_second": 1921030249.7667542, "jitter_ms": 0.0560774230204494, "lost_packets": 52003, "packets": 226637, "lost_percent": 22.945503161443188, "omitted": false, "sender": false}}, {"streams": [{"socket": 208, "start": 7.000717, "end": 8.000017, "seconds": 0.9993000030517578, "bytes": 231649600, "bits_per_second": 1854494940.79909, "jitter_ms": 0.004133414223242458, "lost_packets": 57648, "packets": 225998, "lost_percent": 25.508190337967594, "omitted": false, "sender": false}], "sum": {"start": 7.000717, "end": 8.000017, "seconds": 0.9993000030517578, "bytes": 231649600, "bits_per_second": 1854494940.79909, "jitter_ms": 0.004133414223242458, "lost_packets": 57648, "packets": 225998, "lost_percent": 25.508190337967594, "omitted": false, "sender": false}}, {"streams": [{"socket": 208, "start": 8.000017, "end": 9.000811, "seconds": 1.0007940530776978, "bytes": 245066976, "bits_per_second": 1958980273.6845317, "jitter_ms": 0.11489992823403535, "lost_packets": 44820, "packets": 222921, "lost_percent": 20.105777383019095, "omitted": false, "sender": false}], "sum": {"start": 8.000017, "end": 9.000811, "seconds": 1.0007940530776978, "bytes": 245066976, "bits_per_second": 1958980273.6845317, "jitter_ms": 0.11489992823403535, "lost_packets": 44820, "packets": 222921, "lost_percent": 20.105777383019095, "omitted": false, "sender": false}}, {"streams": [{"socket": 208, "start": 9.000811, "end": 10.00034, "seconds": 0.9995290040969849, "bytes": 229408096, "bits_per_second": 1836129577.5084114, "jitter_ms": 0.0812994385797227, "lost_packets": 60046, "packets": 226767, "lost_percent": 26.479161430014067, "omitted": false, "sender": false}], "sum": {"start": 9.000811, "end": 10.00034, "seconds": 0.9995290040969849, "bytes": 229408096, "bits_per_second": 1836129577.5084114, "jitter_ms": 0.0812994385797227, "lost_packets": 60046, "packets": 226767, "lost_percent": 26.479161430014067, "omitted": false, "sender": false}}, {"streams": [{"socket": 208, "start": 10.00034, "end": 11.000311, "seconds": 0.9999709725379944, "bytes": 231100576, "bits_per_second": 1848858275.6633506, "jitter_ms": 0.09211030225765376, "lost_packets": 55929, "packets": 223880, "lost_percent": 24.98168661783098, "omitted": false, "sender": false}], "sum": {"start": 10.00034, "end": 11.000311, "seconds": 0.9999709725379944, "bytes": 231100576, "bits_per_second": 1848858275.6633506, "jitter_ms": 0.09211030225765376, "lost_packets": 55929, "packets": 223880, "lost_percent": 24.98168661783098, "omitted": false, "sender": false}}, {"streams": [{"socket": 208, "start": 11.000311, "end": 12.000016, "seconds": 0.9997050166130066, "bytes": 226174496, "bits_per_second": 1809929867.2424598, "jitter_ms": 0.03111644367122038, "lost_packets": 74694, "packets": 239065, "lost_percent": 31.244222282642795, "omitted": false, "sender": false}], "sum": {"start": 11.000311, "end": 12.000016, "seconds": 0.9997050166130066, "bytes": 226174496, "bits_per_second": 1809929867.2424598, "jitter_ms": 0.03111644367122038, "lost_packets": 74694, "packets": 239065, "lost_percent": 31.244222282642795, "omitted": false, "sender": false}}, {"streams": [{"socket": 208, "start": 12.000016, "end": 13.001206, "seconds": 1.001189947128296, "bytes": 233277408, "bits_per_second": 1864001201.1235828, "jitter_ms": 0.07822263606044218, "lost_packets": 54241, "packets": 223774, "lost_percent": 24.239187751928284,