{
	"start":	{
		"connected":	[{
				"socket":	408,
				"local_host":	"100.124.59.153",
				"local_port":	39418,
				"remote_host":	"104.210.37.160",
				"remote_port":	5201
			}],
		"version":	"iperf 3.7",
		"system_info":	"Linux localhost 4.19.110-g9ceb3bf92e0a-ab6790968 #2 SMP PREEMPT Wed Aug 26 04:14:37 UTC 2020 aarch64",
		"timestamp":	{
			"time":	"Tue, 11 May 2021 17:47:23 GMT",
			"timesecs":	1620755243
		},
		"connecting_to":	{
			"host":	"104.210.37.160",
			"port":	5201
		},
		"cookie":	"x2cn3h24iiuyxv2soxfqvkjt52mvdmfon5un",
		"tcp_mss_default":	1376,
		"target_bitrate":	2000000000,
		"sock_bufsize":	0,
		"sndbuf_actual":	2097152,
		"rcvbuf_actual":	6291456,
		"test_start":	{
			"protocol":	"TCP",
			"num_streams":	1,
			"blksize":	131072,
			"omit":	0,
			"duration":	30,
			"bytes":	0,
			"blocks":	0,
			"reverse":	1,
			"tos":	0
		}
	},
	"intervals":	[{
			"streams":	[{
					"socket":	408,
					"start":	0,
					"end":	1.000031,
					"seconds":	1.0000309944152832,
					"bytes":	26141248,
					"bits_per_second":	209123502.339323,
					"omitted":	false,
					"sender":	false
				}],
			"sum":	{
				"start":	0,
				"end":	1.000031,
				"seconds":	1.0000309944152832,
				"bytes":	26141248,
				"bits_per_second":	209123502.339323,
				"omitted":	false,
				"sender":	false
			}
		}, {
			"streams":	[{
					"socket":	408,
					"start":	1.000031,
					"end":	2.001098,
					"seconds":	1.001067042350769,
					"bytes":	59063424,
					"bits_per_second":	472003744.015414,
					"omitted":	false,
					"sender":	false
				}],
			"sum":	{
				"start":	1.000031,
				"end":	2.001098,
				"seconds":	1.001067042350769,
				"bytes":	59063424,
				"bits_per_second":	472003744.015414,
				"omitted":	false,
				"sender":	false
			}
		}, {
			"streams":	[{
					"socket":	408,
					"start":	2.001098,
					"end":	3.000089,
					"seconds":	0.99899101257324219,
					"bytes":	53241568,
					"bits_per_second":	426362738.64252836,
					"omitted":	false,
					"sender":	false
				}],
			"sum":	{
				"start":	2.001098,
				"end":	3.000089,
				"seconds":	0.99899101257324219,
				"bytes":	53241568,
				"bits_per_second":	426362738.64252836,
				"omitted":	false,
				"sender":	false
			}
		}, {
			"streams":	[{
					"socket":	408,
					"start":	3.000089,
					"end":	4.000468,
					"seconds":	1.0003789663314819,
					"bytes":	33554112,
					"bits_per_second":	268331207.50666907,
					"omitted":	false,
					"sender":	false
				}],
			"sum":	{
				"start":	3.000089,
				"end":	4.000468,
				"seconds":	1.0003789663314819,
				"bytes":	33554112,
				"bits_per_second":	268331207.50666907,
				"omitted":	false,
				"sender":	false
			}
		}, {
			"streams":	[{
					"socket":	408,
					"start":	4.000468,
					"end":	5.00019,
					"seconds":	0.99972200393676758,
					"bytes":	35196352,
					"bits_per_second":	281649113.34472275,
					"omitted":	false,
					"sender":	false
				}],
			"sum":	{
				"start":	4.000468,
				"end":	5.00019,
				"seconds":	0.99972200393676758,
				"bytes":	35196352,
				"bits_per_second":	281649113.34472275,
				"omitted":	false,
				"sender":	false
			}
		}, {
			"streams":	[{
					"socket":	408,
					"start":	5.00019,
					"end":	6.000148,
					"seconds":	0.99995797872543335,
					"bytes":	28205248,
					"bits_per_second":	225651466.16221598,
					"omitted":	false,
					"sender":	false
				}],
			"sum":	{
				"start":	5.00019,
				"end":	6.000148,
				"seconds":	0.99995797872543335,
				"bytes":	28205248,
				"bits_per_second":	225651466.16221598,
				"omitted":	false,
				"sender":	false
			}
		}, {
			"streams":	[{
					"socket":	408,
					"start":	6.000148,
					"end":	7.000145,
					"seconds":	0.99999701976776123,
					"bytes":	27683744,
					"bits_per_second":	221470612.03385791,
					"omitted":	false,
					"sender":	false
				}],
			"sum":	{
				"start":	6.000148,
				"end":	7.000145,
				"seconds":	0.99999701976776123,
				"bytes":	27683744,
				"bits_per_second":	221470612.03385791,
				"omitted":	false,
				"sender":	false
			}
		}, {
			"streams":	[{
					"socket":	408,
					"start":	7.000145,
					"end":	8.00015,
					"seconds":	1.0000050067901611,
					"bytes":	24110272,
					"bits_per_second":	192881210.28425407,
					"omitted":	false,
					"sender":	false
				}],
			"sum":	{
				"start":	7.000145,
				"end":	8.00015,
				"seconds":	1.0000050067901611,
				"bytes":	24110272,
				"bits_per_second":	192881210.28425407,
				"omitted":	false,
				"sender":	false
			}
		}, {
			"streams":	[{
					"socket":	408,
					"start":	8.00015,
					"end":	9.000286,
					"seconds":	1.0001360177993774,
					"bytes":	28419904,
					"bits_per_second":	227328311.30336031,
					"omitted":	false,
					"sender":	false
				}],
			"sum":	{
				"start":	8.00015,
				"end":	9.000286,
				"seconds":	1.0001360177993774,
				"bytes":	28419904,
				"bits_per_second":	227328311.30336031,
				"omitted":	false,
				"sender":	false
			}
		}, {
			"streams":	[{
					"socket":	408,
					"start":	9.000286,
					"end":	10.000144,
					"seconds":	0.999858021736145,
					"bytes":	21550912,
					"bits_per_second":	172431777.56441203,
					"omitted":	false,
					"sender":	false
				}],
			"sum":	{
				"start":	9.000286,
				"end":	10.000144,
				"seconds":	0.999858021736145,
				"bytes":	21550912,
				"bits_per_second":	172431777.56441203,
				"omitted":	false,
				"sender":	false
			}
		}, {
			"streams":	[{
					"socket":	408,
					"start":	10.000144,
					"end":	11.000174,
					"seconds":	1.0000300407409668,
					"bytes":	19568096,
					"bits_per_second":	156540065.42044377,
					"omitted":	false,
					"sender":	false
				}],
			"sum":	{
				"start":	10.000144,
				"end":	11.000174,
				"seconds":	1.0000300407409668,
				"bytes":	19568096,
				"bits_per_second":	156540065.42044377,
				"omitted":	false,
				"sender":	false
			}
		}, {
			"streams":	[{
					"socket":	408,
					"start":	11.000174,
					"end":	12.000773,
					"seconds":	1.0005990266799927,
					"bytes":	20315264,
					"bits_per_second":	162424815.202201,
					"omitted":	false,
					"sender":	false
				}],
			"sum":	{
				"start":	11.000174,
				"end":	12.000773,
				"seconds":	1.0005990266799927,
				"bytes":	20315264,
				"bits_per_second":	162424815.202201,
				"omitted":	false,
				"sender":	false
			}
		}, {
			"streams":	[{
					"socket":	408,
					"start":	12.000773,
					"end":	13.000165,
					"seconds":	0.99939197301864624,
					"bytes":	22577408,
					"bits_per_second":	180729152.20085531,
					"omitted":	false,
					"sender":	false
				}],
			"sum":	{
				"start":	12.000773,
				"end":	13.000165,
				"seconds":	0.99939197301864624,
				"bytes":	22577408,
				"bits_per_second":	180729152.20085531,
				"omitted":	false,
				"sender":	false
			}
		}, {
			"streams":	[{
					"socket":	408,
					"start":	13.000165,
					"end":	14.000149,
					"seconds":	0.9999840259552002,
					"bytes":	23035616,
					"bits_per_second":	184287871.82272056,
					"omitted":	false,
					"sender":	false
				}],
			"sum":	{
				"start":	13.000165,
				"end":	14.000149,
				"seconds":	0.9999840259552002,
				"bytes":	23035616,
				"bits_per_second":	184287871.82272056,
				"omitted":	false,
				"sender":	false
			}
		}, {
			"streams":	[{
					"socket":	408,
					"start":	14.000149,
					"end":	15.000155,
					"seconds":	1.0000059604644775,
					"bytes":	25059712,
					"bits_per_second":	200476501.06693682,
					"omitted":	false,
					"sender":	false
				}],
			"sum":	{
				"start":	14.000149,
				"end":	15.000155,
				"seconds":	1.0000059604644775,
				"bytes":	25059712,
				"bits_per_second":	200476501.06693682,
				"omitted":	false,
				"sender":	false
			}
		}, {
			"streams":	[{
					"socket":	408,
					"start":	15.000155,
					"end":	16.000164,
					"seconds":	1.0000089406967163,
					"bytes":	24137792,
					"bits_per_second":	193100609.54601431,
					"omitted":	false,
					"sender":	false
				}],
			"sum":	{
				"start":	15.000155,
				"end":	16.000164,
				"seconds":	1.0000089406967163,
				"bytes":	24137792,