{
	"start":	{
		"connected":	[{
				"socket":	281,
				"local_host":	"100.124.85.183",
				"local_port":	48460,
				"remote_host":	"104.214.106.253",
				"remote_port":	5201
			}],
		"version":	"iperf 3.7",
		"system_info":	"Linux localhost 4.19.110-g9ceb3bf92e0a-ab6790968 #2 SMP PREEMPT Wed Aug 26 04:14:37 UTC 2020 aarch64",
		"timestamp":	{
			"time":	"Tue, 18 May 2021 00:02:36 GMT",
			"timesecs":	1621296156
		},
		"connecting_to":	{
			"host":	"104.214.106.253",
			"port":	5201
		},
		"cookie":	"mdd44hjah52sj7ehf4kwcsidglc7ivox2ply",
		"tcp_mss_default":	1376,
		"target_bitrate":	3000000000,
		"sock_bufsize":	0,
		"sndbuf_actual":	2097152,
		"rcvbuf_actual":	6291456,
		"test_start":	{
			"protocol":	"TCP",
			"num_streams":	1,
			"blksize":	131072,
			"omit":	0,
			"duration":	30,
			"bytes":	0,
			"blocks":	0,
			"reverse":	1,
			"tos":	0
		}
	},
	"intervals":	[{
			"streams":	[{
					"socket":	281,
					"start":	0,
					"end":	1.000686,
					"seconds":	1.0006860494613647,
					"bytes":	23423648,
					"bits_per_second":	187260713.88810229,
					"omitted":	false,
					"sender":	false
				}],
			"sum":	{
				"start":	0,
				"end":	1.000686,
				"seconds":	1.0006860494613647,
				"bytes":	23423648,
				"bits_per_second":	187260713.88810229,
				"omitted":	false,
				"sender":	false
			}
		}, {
			"streams":	[{
					"socket":	281,
					"start":	1.000686,
					"end":	2.000384,
					"seconds":	0.9996979832649231,
					"bytes":	59481728,
					"bits_per_second":	475997583.23599344,
					"omitted":	false,
					"sender":	false
				}],
			"sum":	{
				"start":	1.000686,
				"end":	2.000384,
				"seconds":	0.9996979832649231,
				"bytes":	59481728,
				"bits_per_second":	475997583.23599344,
				"omitted":	false,
				"sender":	false
			}
		}, {
			"streams":	[{
					"socket":	281,
					"start":	2.000384,
					"end":	3.000227,
					"seconds":	0.99984300136566162,
					"bytes":	82560352,
					"bits_per_second":	660586527.18263006,
					"omitted":	false,
					"sender":	false
				}],
			"sum":	{
				"start":	2.000384,
				"end":	3.000227,
				"seconds":	0.99984300136566162,
				"bytes":	82560352,
				"bits_per_second":	660586527.18263006,
				"omitted":	false,
				"sender":	false
			}
		}, {
			"streams":	[{
					"socket":	281,
					"start":	3.000227,
					"end":	4.000083,
					"seconds":	0.99985599517822266,
					"bytes":	93453440,
					"bits_per_second":	747735197.47384882,
					"omitted":	false,
					"sender":	false
				}],
			"sum":	{
				"start":	3.000227,
				"end":	4.000083,
				"seconds":	0.99985599517822266,
				"bytes":	93453440,
				"bits_per_second":	747735197.47384882,
				"omitted":	false,
				"sender":	false
			}
		}, {
			"streams":	[{
					"socket":	281,
					"start":	4.000083,
					"end":	5.000095,
					"seconds":	1.0000120401382446,
					"bytes":	97591424,
					"bits_per_second":	780721991.9992857,
					"omitted":	false,
					"sender":	false
				}],
			"sum":	{
				"start":	4.000083,
				"end":	5.000095,
				"seconds":	1.0000120401382446,
				"bytes":	97591424,
				"bits_per_second":	780721991.9992857,
				"omitted":	false,
				"sender":	false
			}
		}, {
			"streams":	[{
					"socket":	281,
					"start":	5.000095,
					"end":	6.000148,
					"seconds":	1.00005304813385,
					"bytes":	83263136,
					"bits_per_second":	666069754.24252343,
					"omitted":	false,
					"sender":	false
				}],
			"sum":	{
				"start":	5.000095,
				"end":	6.000148,
				"seconds":	1.00005304813385,
				"bytes":	83263136,
				"bits_per_second":	666069754.24252343,
				"omitted":	false,
				"sender":	false
			}
		}, {
			"streams":	[{
					"socket":	281,
					"start":	6.000148,
					"end":	7.000128,
					"seconds":	0.99997997283935547,
					"bytes":	97105696,
					"bits_per_second":	776861126.32257533,
					"omitted":	false,
					"sender":	false
				}],
			"sum":	{
				"start":	6.000148,
				"end":	7.000128,
				"seconds":	0.99997997283935547,
				"bytes":	97105696,
				"bits_per_second":	776861126.32257533,
				"omitted":	false,
				"sender":	false
			}
		}, {
			"streams":	[{
					"socket":	281,
					"start":	7.000128,
					"end":	8.000044,
					"seconds":	0.99991601705551147,
					"bytes":	104815424,
					"bits_per_second":	838593819.57819808,
					"omitted":	false,
					"sender":	false
				}],
			"sum":	{
				"start":	7.000128,
				"end":	8.000044,
				"seconds":	0.99991601705551147,
				"bytes":	104815424,
				"bits_per_second":	838593819.57819808,
				"omitted":	false,
				"sender":	false
			}
		}, {
			"streams":	[{
					"socket":	281,
					"start":	8.000044,
					"end":	9.000036,
					"seconds":	0.9999920129776001,
					"bytes":	88947392,
					"bits_per_second":	711584819.44389236,
					"omitted":	false,
					"sender":	false
				}],
			"sum":	{
				"start":	8.000044,
				"end":	9.000036,
				"seconds":	0.9999920129776001,
				"bytes":	88947392,
				"bits_per_second":	711584819.44389236,
				"omitted":	false,
				"sender":	false
			}
		}, {
			"streams":	[{
					"socket":	281,
					"start":	9.000036,
					"end":	10.003093,
					"seconds":	1.0030570030212402,
					"bytes":	98413248,
					"bits_per_second":	784906522.38966358,
					"omitted":	false,
					"sender":	false
				}],
			"sum":	{
				"start":	9.000036,
				"end":	10.003093,
				"seconds":	1.0030570030212402,
				"bytes":	98413248,
				"bits_per_second":	784906522.38966358,
				"omitted":	false,
				"sender":	false
			}
		}, {
			"streams":	[{
					"socket":	281,
					"start":	10.003093,
					"end":	11.000114,
					"seconds":	0.99702101945877075,
					"bytes":	101772736,
					"bits_per_second":	816614566.90449286,
					"omitted":	false,
					"sender":	false
				}],
			"sum":	{
				"start":	10.003093,
				"end":	11.000114,
				"seconds":	0.99702101945877075,
				"bytes":	101772736,
				"bits_per_second":	816614566.90449286,
				"omitted":	false,
				"sender":	false
			}
		}, {
			"streams":	[{
					"socket":	281,
					"start":	11.000114,
					"end":	12.000478,
					"seconds":	1.0003639459609985,
					"bytes":	96659872,
					"bits_per_second":	772997646.62864816,
					"omitted":	false,
					"sender":	false
				}],
			"sum":	{
				"start":	11.000114,
				"end":	12.000478,
				"seconds":	1.0003639459609985,
				"bytes":	96659872,
				"bits_per_second":	772997646.62864816,
				"omitted":	false,
				"sender":	false
			}
		}, {
			"streams":	[{
					"socket":	281,
					"start":	12.000478,
					"end":	13.000735,
					"seconds":	1.0002570152282715,
					"bytes":	94077120,
					"bits_per_second":	752423575.682939,
					"omitted":	false,
					"sender":	false
				}],
			"sum":	{
				"start":	12.000478,
				"end":	13.000735,
				"seconds":	1.0002570152282715,
				"bytes":	94077120,
				"bits_per_second":	752423575.682939,
				"omitted":	false,
				"sender":	false
			}
		}, {
			"streams":	[{
					"socket":	281,
					"start":	13.000735,
					"end":	14.000101,
					"seconds":	0.99936598539352417,
					"bytes":	94103264,
					"bits_per_second":	753303717.5600456,
					"omitted":	false,
					"sender":	false
				}],
			"sum":	{
				"start":	13.000735,
				"end":	14.000101,
				"seconds":	0.99936598539352417,
				"bytes":	94103264,
				"bits_per_second":	753303717.5600456,
				"omitted":	false,
				"sender":	false
			}
		}, {
			"streams":	[{
					"socket":	281,
					"start":	14.000101,
					"end":	15.00003,
					"seconds":	0.99992901086807251,
					"bytes":	84289632,
					"bits_per_second":	674364928.58088231,
					"omitted":	false,
					"sender":	false
				}],
			"sum":	{
				"start":	14.000101,
				"end":	15.00003,
				"seconds":	0.99992901086807251,
				"bytes":	84289632,
				"bits_per_second":	674364928.58088231,
				"omitted":	false,
				"sender":	false
			}
		}, {
			"streams":	[{
					"socket":	281,
					"start":	15.00003,
					"end":	16.000477,
					"seconds":	1.0004470348358154,
					"bytes":	93349216,
					"bits_per_second":	746460034.36109662,
					"omitted":	false,
					"sender":	false
				}],
			"sum":	{
				"start":	15.00003,
				"end":	16.000477,
				"seconds":	1.0004470348358154,
				"bytes":	93349216,