{
	"start":	{
		"connected":	[{
				"socket":	399,
				"local_host":	"100.124.59.153",
				"local_port":	39376,
				"remote_host":	"104.210.37.160",
				"remote_port":	5201
			}],
		"version":	"iperf 3.7",
		"system_info":	"Linux localhost 4.19.110-g9ceb3bf92e0a-ab6790968 #2 SMP PREEMPT Wed Aug 26 04:14:37 UTC 2020 aarch64",
		"timestamp":	{
			"time":	"Tue, 11 May 2021 17:44:13 GMT",
			"timesecs":	1620755053
		},
		"connecting_to":	{
			"host":	"104.210.37.160",
			"port":	5201
		},
		"cookie":	"zyvljl2y3y5d57qjimm5uqfcbcomoohh4rrn",
		"tcp_mss_default":	1376,
		"target_bitrate":	2000000000,
		"sock_bufsize":	0,
		"sndbuf_actual":	2097152,
		"rcvbuf_actual":	6291456,
		"test_start":	{
			"protocol":	"TCP",
			"num_streams":	1,
			"blksize":	131072,
			"omit":	0,
			"duration":	30,
			"bytes":	0,
			"blocks":	0,
			"reverse":	1,
			"tos":	0
		}
	},
	"intervals":	[{
			"streams":	[{
					"socket":	399,
					"start":	0,
					"end":	1.000164,
					"seconds":	1.0001640319824219,
					"bytes":	18437024,
					"bits_per_second":	147472001.87518069,
					"omitted":	false,
					"sender":	false
				}],
			"sum":	{
				"start":	0,
				"end":	1.000164,
				"seconds":	1.0001640319824219,
				"bytes":	18437024,
				"bits_per_second":	147472001.87518069,
				"omitted":	false,
				"sender":	false
			}
		}, {
			"streams":	[{
					"socket":	399,
					"start":	1.000164,
					"end":	2.000058,
					"seconds":	0.99989402294158936,
					"bytes":	33941472,
					"bits_per_second":	271560555.18881929,
					"omitted":	false,
					"sender":	false
				}],
			"sum":	{
				"start":	1.000164,
				"end":	2.000058,
				"seconds":	0.99989402294158936,
				"bytes":	33941472,
				"bits_per_second":	271560555.18881929,
				"omitted":	false,
				"sender":	false
			}
		}, {
			"streams":	[{
					"socket":	399,
					"start":	2.000058,
					"end":	3.000172,
					"seconds":	1.0001139640808105,
					"bytes":	39201184,
					"bits_per_second":	313573735.8574267,
					"omitted":	false,
					"sender":	false
				}],
			"sum":	{
				"start":	2.000058,
				"end":	3.000172,
				"seconds":	1.0001139640808105,
				"bytes":	39201184,
				"bits_per_second":	313573735.8574267,
				"omitted":	false,
				"sender":	false
			}
		}, {
			"streams":	[{
					"socket":	399,
					"start":	3.000172,
					"end":	4.000132,
					"seconds":	0.99996000528335571,
					"bytes":	42309248,
					"bits_per_second":	338487521.71251851,
					"omitted":	false,
					"sender":	false
				}],
			"sum":	{
				"start":	3.000172,
				"end":	4.000132,
				"seconds":	0.99996000528335571,
				"bytes":	42309248,
				"bits_per_second":	338487521.71251851,
				"omitted":	false,
				"sender":	false
			}
		}, {
			"streams":	[{
					"socket":	399,
					"start":	4.000132,
					"end":	5.000119,
					"seconds":	0.999987006187439,
					"bytes":	43096320,
					"bits_per_second":	344775039.94224471,
					"omitted":	false,
					"sender":	false
				}],
			"sum":	{
				"start":	4.000132,
				"end":	5.000119,
				"seconds":	0.999987006187439,
				"bytes":	43096320,
				"bits_per_second":	344775039.94224471,
				"omitted":	false,
				"sender":	false
			}
		}, {
			"streams":	[{
					"socket":	399,
					"start":	5.000119,
					"end":	6.000118,
					"seconds":	0.99999898672103882,
					"bytes":	38426176,
					"bits_per_second":	307409719.4918012,
					"omitted":	false,
					"sender":	false
				}],
			"sum":	{
				"start":	5.000119,
				"end":	6.000118,
				"seconds":	0.99999898672103882,
				"bytes":	38426176,
				"bits_per_second":	307409719.4918012,
				"omitted":	false,
				"sender":	false
			}
		}, {
			"streams":	[{
					"socket":	399,
					"start":	6.000118,
					"end":	7.000119,
					"seconds":	1.0000009536743164,
					"bytes":	42812864,
					"bits_per_second":	342502585.364081,
					"omitted":	false,
					"sender":	false
				}],
			"sum":	{
				"start":	6.000118,
				"end":	7.000119,
				"seconds":	1.0000009536743164,
				"bytes":	42812864,
				"bits_per_second":	342502585.364081,
				"omitted":	false,
				"sender":	false
			}
		}, {
			"streams":	[{
					"socket":	399,
					"start":	7.000119,
					"end":	8.000136,
					"seconds":	1.0000170469284058,
					"bytes":	39458176,
					"bits_per_second":	315660026.96611977,
					"omitted":	false,
					"sender":	false
				}],
			"sum":	{
				"start":	7.000119,
				"end":	8.000136,
				"seconds":	1.0000170469284058,
				"bytes":	39458176,
				"bits_per_second":	315660026.96611977,
				"omitted":	false,
				"sender":	false
			}
		}, {
			"streams":	[{
					"socket":	399,
					"start":	8.000136,
					"end":	9.000179,
					"seconds":	1.0000430345535278,
					"bytes":	46096000,
					"bits_per_second":	368752130.91668355,
					"omitted":	false,
					"sender":	false
				}],
			"sum":	{
				"start":	8.000136,
				"end":	9.000179,
				"seconds":	1.0000430345535278,
				"bytes":	46096000,
				"bits_per_second":	368752130.91668355,
				"omitted":	false,
				"sender":	false
			}
		}, {
			"streams":	[{
					"socket":	399,
					"start":	9.000179,
					"end":	10.00139,
					"seconds":	1.0012110471725464,
					"bytes":	42857952,
					"bits_per_second":	342448894.23489517,
					"omitted":	false,
					"sender":	false
				}],
			"sum":	{
				"start":	9.000179,
				"end":	10.00139,
				"seconds":	1.0012110471725464,
				"bytes":	42857952,
				"bits_per_second":	342448894.23489517,
				"omitted":	false,
				"sender":	false
			}
		}, {
			"streams":	[{
					"socket":	399,
					"start":	10.00139,
					"end":	11.000148,
					"seconds":	0.99875801801681519,
					"bytes":	51004512,
					"bits_per_second":	408543499.66593236,
					"omitted":	false,
					"sender":	false
				}],
			"sum":	{
				"start":	10.00139,
				"end":	11.000148,
				"seconds":	0.99875801801681519,
				"bytes":	51004512,
				"bits_per_second":	408543499.66593236,
				"omitted":	false,
				"sender":	false
			}
		}, {
			"streams":	[{
					"socket":	399,
					"start":	11.000148,
					"end":	12.00013,
					"seconds":	0.99998199939727783,
					"bytes":	52292128,
					"bits_per_second":	418344554.4541257,
					"omitted":	false,
					"sender":	false
				}],
			"sum":	{
				"start":	11.000148,
				"end":	12.00013,
				"seconds":	0.99998199939727783,
				"bytes":	52292128,
				"bits_per_second":	418344554.4541257,
				"omitted":	false,
				"sender":	false
			}
		}, {
			"streams":	[{
					"socket":	399,
					"start":	12.00013,
					"end":	13.000132,
					"seconds":	1.0000020265579224,
					"bytes":	55971552,
					"bits_per_second":	447771508.56510192,
					"omitted":	false,
					"sender":	false
				}],
			"sum":	{
				"start":	12.00013,
				"end":	13.000132,
				"seconds":	1.0000020265579224,
				"bytes":	55971552,
				"bits_per_second":	447771508.56510192,
				"omitted":	false,
				"sender":	false
			}
		}, {
			"streams":	[{
					"socket":	399,
					"start":	13.000132,
					"end":	14.000141,
					"seconds":	1.0000089406967163,
					"bytes":	60094048,
					"bits_per_second":	480748085.7771681,
					"omitted":	false,
					"sender":	false
				}],
			"sum":	{
				"start":	13.000132,
				"end":	14.000141,
				"seconds":	1.0000089406967163,
				"bytes":	60094048,
				"bits_per_second":	480748085.7771681,
				"omitted":	false,
				"sender":	false
			}
		}, {
			"streams":	[{
					"socket":	399,
					"start":	14.000141,
					"end":	15.000151,
					"seconds":	1.0000100135803223,
					"bytes":	63865664,
					"bits_per_second":	510920195.85958052,
					"omitted":	false,
					"sender":	false
				}],
			"sum":	{
				"start":	14.000141,
				"end":	15.000151,
				"seconds":	1.0000100135803223,
				"bytes":	63865664,
				"bits_per_second":	510920195.85958052,
				"omitted":	false,
				"sender":	false
			}
		}, {
			"streams":	[{
					"socket":	399,
					"start":	15.000151,
					"end":	16.000137,
					"seconds":	0.99998599290847778,
					"bytes":	58051040,
					"bits_per_second":	464414825.10095948,
					"omitted":	false,
					"sender":	false
				}],
			"sum":	{
				"start":	15.000151,
				"end":	16.000137,
				"seconds":	0.99998599290847778,
				"bytes":	58051040,