{"start": {"connected": [{"socket": 84, "local_host": "100.123.106.128", "local_port": 39832, "remote_host": "20.96.192.197", "remote_port": 5201}], "version": "iperf 3.7", "system_info": "Linux localhost 4.19.110-g9ceb3bf92e0a-ab6790968 #2 SMP PREEMPT Wed Aug 26 04:14:37 UTC 2020 aarch64", "timestamp": {"time": "2021-01-25 06:41:28 ", "timesecs": 1611596488.0}, "connecting_to": {"host": "20.96.192.197", "port": 5201}, "cookie": "ejzpwuugbnk3gsqesahra6fcgb3j2cgqjaqt", "sock_bufsize": 0, "sndbuf_actual": 212992, "rcvbuf_actual": 212992, "test_start": {"protocol": "UDP", "num_streams": 1, "blksize": 1376, "omit": 0, "duration": 30, "bytes": 0, "blocks": 0, "reverse": 1, "tos": 0}}, "intervals": [{"streams": [{"socket": 84, "start": 0, "end": 1.000255, "seconds": 1.0002549886703491, "bytes": 14176928, "bits_per_second": 113386511.72413994, "jitter_ms": 0.011264740609038, "lost_packets": 155531, "packets": 165834, "lost_percent": 93.78716065463054, "omitted": false, "sender": false}], "sum": {"start": 0, "end": 1.000255, "seconds": 1.0002549886703491, "bytes": 14176928, "bits_per_second": 113386511.72413994, "jitter_ms": 0.011264740609038, "lost_packets": 155531, "packets": 165834, "lost_percent": 93.78716065463054, "omitted": false, "sender": false}}, {"streams": [{"socket": 84, "start": 1.000255, "end": 2.000013, "seconds": 0.9997580051422119, "bytes": 64040416, "bits_per_second": 512447337.6205914, "jitter_ms": 0.023678603540907308, "lost_packets": 197495, "packets": 244036, "lost_percent": 80.92863348030619, "omitted": false, "sender": false}], "sum": {"start": 1.000255, "end": 2.000013, "seconds": 0.9997580051422119, "bytes": 64040416, "bits_per_second": 512447337.6205914, "jitter_ms": 0.023678603540907308, "lost_packets": 197495, "packets": 244036, "lost_percent": 80.92863348030619, "omitted": false, "sender": false}}, {"streams": [{"socket": 84, "start": 2.000013, "end": 3.002044, "seconds": 1.0020309686660767, "bytes": 201412000, "bits_per_second": 1608030141.1691785, "jitter_ms": 0.1740716167374241, "lost_packets": 64210, "packets": 210585, "lost_percent": 30.49125056390531, "omitted": false, "sender": false}], "sum": {"start": 2.000013, "end": 3.002044, "seconds": 1.0020309686660767, "bytes": 201412000, "bits_per_second": 1608030141.1691785, "jitter_ms": 0.1740716167374241, "lost_packets": 64210, "packets": 210585, "lost_percent": 30.49125056390531, "omitted": false, "sender": false}}, {"streams": [{"socket": 84, "start": 3.002044, "end": 4.000014, "seconds": 0.9979699850082397, "bytes": 213845536, "bits_per_second": 1714244229.4853938, "jitter_ms": 0.002944226410679049, "lost_packets": 60983, "packets": 216394, "lost_percent": 28.18146529016516, "omitted": false, "sender": false}], "sum": {"start": 3.002044, "end": 4.000014, "seconds": 0.9979699850082397, "bytes": 213845536, "bits_per_second": 1714244229.4853938, "jitter_ms": 0.002944226410679049, "lost_packets": 60983, "packets": 216394, "lost_percent": 28.18146529016516, "omitted": false, "sender": false}}, {"streams": [{"socket": 84, "start": 4.000014, "end": 5.000014, "seconds": 1, "bytes": 217774016, "bits_per_second": 1742192128, "jitter_ms": 0.001547142762917639, "lost_packets": 63521, "packets": 221787, "lost_percent": 28.64054250249113, "omitted": false, "sender": false}], "sum": {"start": 4.000014, "end": 5.000014, "seconds": 1, "bytes": 217774016, "bits_per_second": 1742192128, "jitter_ms": 0.001547142762917639, "lost_packets": 63521, "packets": 221787, "lost_percent": 28.64054250249113, "omitted": false, "sender": false}}, {"streams": [{"socket": 84, "start": 5.000014, "end": 6.000014, "seconds": 1, "bytes": 230376800, "bits_per_second": 1843014400, "jitter_ms": 0.001326145127932941, "lost_packets": 51487, "packets": 218912, "lost_percent": 23.519496418652245, "omitted": false, "sender": false}], "sum": {"start": 5.000014, "end": 6.000014, "seconds": 1, "bytes": 230376800, "bits_per_second": 1843014400, "jitter_ms": 0.001326145127932941, "lost_packets": 51487, "packets": 218912, "lost_percent": 23.519496418652245, "omitted": false, "sender": false}}, {"streams": [{"socket": 84, "start": 6.000014, "end": 7.000016, "seconds": 1.0000020265579224, "bytes": 233683328, "bits_per_second": 1869462835.4252803, "jitter_ms": 0.001480924148917098, "lost_packets": 54157, "packets": 223985, "lost_percent": 24.17885126236132, "omitted": false, "sender": false}], "sum": {"start": 6.000014, "end": 7.000016, "seconds": 1.0000020265579224, "bytes": 233683328, "bits_per_second": 1869462835.4252803, "jitter_ms": 0.001480924148917098, "lost_packets": 54157, "packets": 223985, "lost_percent": 24.17885126236132, "omitted": false, "sender": false}}, {"streams": [{"socket": 84, "start": 7.000016, "end": 8.000014, "seconds": 0.9999979734420776, "bytes": 232837088, "bits_per_second": 1862700478.8704123, "jitter_ms": 0.001972052150388673, "lost_packets": 42229, "packets": 211442, "lost_percent": 19.971907189678493, "omitted": false, "sender": false}], "sum": {"start": 7.000016, "end": 8.000014, "seconds": 0.9999979734420776, "bytes": 232837088, "bits_per_second": 1862700478.8704123, "jitter_ms": 0.001972052150388673, "lost_packets": 42229, "packets": 211442, "lost_percent": 19.971907189678493, "omitted": false, "sender": false}}, {"streams": [{"socket": 84, "start": 8.000014, "end": 9.000014, "seconds": 1, "bytes": 234504800, "bits_per_second": 1876038400, "jitter_ms": 0.0013148611988181666, "lost_packets": 53381, "packets": 223806, "lost_percent": 23.851460640018587, "omitted": false, "sender": false}], "sum": {"start": 8.000014, "end": 9.000014, "seconds": 1, "bytes": 234504800, "bits_per_second": 1876038400, "jitter_ms": 0.0013148611988181666, "lost_packets": 53381, "packets": 223806, "lost_percent": 23.851460640018587, "omitted": false, "sender": false}}, {"streams": [{"socket": 84, "start": 9.000014, "end": 10.00198, "seconds": 1.0019659996032715, "bytes": 238442912, "bits_per_second": 1903800425.119507, "jitter_ms": 0.002062682566986833, "lost_packets": 40493, "packets": 213780, "lost_percent": 18.941435120217047, "omitted": false, "sender": false}], "sum": {"start": 9.000014, "end": 10.00198, "seconds": 1.0019659996032715, "bytes": 238442912, "bits_per_second": 1903800425.119507, "jitter_ms": 0.002062682566986833, "lost_packets": 40493, "packets": 213780, "lost_percent": 18.941435120217047, "omitted": false, "sender": false}}, {"streams": [{"socket": 84, "start": 10.00198, "end": 11.000876, "seconds": 0.9988960027694702, "bytes": 58683648, "bits_per_second": 469988049.50503564, "jitter_ms": 0.024380682257535043, "lost_packets": 178294, "packets": 220942, "lost_percent": 80.69719654932064, "omitted": false, "sender": false}], "sum": {"start": 10.00198, "end": 11.000876, "seconds": 0.9988960027694702, "bytes": 58683648, "bits_per_second": 469988049.50503564, "jitter_ms": 0.024380682257535043, "lost_packets": 178294, "packets": 220942, "lost_percent": 80.69719654932064, "omitted": false, "sender": false}}, {"streams": [{"socket": 84, "start": 11.000876, "end": 12.000017, "seconds": 0.9991409778594971, "bytes": 48371904, "bits_per_second": 387307938.0940153, "jitter_ms": 0.07631288569513349, "lost_packets": 176820, "packets": 211974, "lost_percent": 83.4158906280959, "omitted": false, "sender": false}], "sum": {"start": 11.000876, "end": 12.000017, "seconds": 0.9991409778594971, "bytes": 48371904, "bits_per_second": 387307938.0940153, "jitter_ms": 0.07631288569513349, "lost_packets": 176820, "packets": 211974, "lost_percent": 83.4158906280959, "omitted": false, "sender": false}}, {"streams": [{"socket": 84, "start": 12.000017, "end": 13.000683, "seconds": 1.0006660223007202, "bytes": 37871648, "bits_per_second": 302771531.408059, "jitter_ms": 0.009283635265812601, "lost_packets": 193970, "packets": 221493, "lost_percent": 87.57387366643641, "omitted": false, "sender": false}], "sum": {"start": 12.000017, "end": 13.000683, "seconds": 1.0006660223007202, "bytes": 37871648,