{
	"start":	{
		"connected":	[{
				"socket":	145,
				"local_host":	"100.124.85.183",
				"local_port":	40114,
				"remote_host":	"20.55.123.19",
				"remote_port":	5201
			}],
		"version":	"iperf 3.7",
		"system_info":	"Linux localhost 4.19.110-g9ceb3bf92e0a-ab6790968 #2 SMP PREEMPT Wed Aug 26 04:14:37 UTC 2020 aarch64",
		"timestamp":	{
			"time":	"Mon, 17 May 2021 23:04:48 GMT",
			"timesecs":	1621292688
		},
		"connecting_to":	{
			"host":	"20.55.123.19",
			"port":	5201
		},
		"cookie":	"tlm2tgs7a7cexqlqtjbenjh6r4mop2wpa2j2",
		"tcp_mss_default":	1376,
		"target_bitrate":	3000000000,
		"sock_bufsize":	0,
		"sndbuf_actual":	2097152,
		"rcvbuf_actual":	6291456,
		"test_start":	{
			"protocol":	"TCP",
			"num_streams":	1,
			"blksize":	131072,
			"omit":	0,
			"duration":	30,
			"bytes":	0,
			"blocks":	0,
			"reverse":	1,
			"tos":	0
		}
	},
	"intervals":	[{
			"streams":	[{
					"socket":	145,
					"start":	0,
					"end":	1.000191,
					"seconds":	1.0001909732818604,
					"bytes":	15341024,
					"bits_per_second":	122704758.669537,
					"omitted":	false,
					"sender":	false
				}],
			"sum":	{
				"start":	0,
				"end":	1.000191,
				"seconds":	1.0001909732818604,
				"bytes":	15341024,
				"bits_per_second":	122704758.669537,
				"omitted":	false,
				"sender":	false
			}
		}, {
			"streams":	[{
					"socket":	145,
					"start":	1.000191,
					"end":	2.000215,
					"seconds":	1.0000239610671997,
					"bytes":	48843200,
					"bits_per_second":	390736237.54275489,
					"omitted":	false,
					"sender":	false
				}],
			"sum":	{
				"start":	1.000191,
				"end":	2.000215,
				"seconds":	1.0000239610671997,
				"bytes":	48843200,
				"bits_per_second":	390736237.54275489,
				"omitted":	false,
				"sender":	false
			}
		}, {
			"streams":	[{
					"socket":	145,
					"start":	2.000215,
					"end":	3.000183,
					"seconds":	0.99996799230575562,
					"bytes":	66802432,
					"bits_per_second":	534436562.08207214,
					"omitted":	false,
					"sender":	false
				}],
			"sum":	{
				"start":	2.000215,
				"end":	3.000183,
				"seconds":	0.99996799230575562,
				"bytes":	66802432,
				"bits_per_second":	534436562.08207214,
				"omitted":	false,
				"sender":	false
			}
		}, {
			"streams":	[{
					"socket":	145,
					"start":	3.000183,
					"end":	4.000155,
					"seconds":	0.99997198581695557,
					"bytes":	69853760,
					"bits_per_second":	558845735.60673094,
					"omitted":	false,
					"sender":	false
				}],
			"sum":	{
				"start":	3.000183,
				"end":	4.000155,
				"seconds":	0.99997198581695557,
				"bytes":	69853760,
				"bits_per_second":	558845735.60673094,
				"omitted":	false,
				"sender":	false
			}
		}, {
			"streams":	[{
					"socket":	145,
					"start":	4.000155,
					"end":	5.00015,
					"seconds":	0.99999499320983887,
					"bytes":	65542912,
					"bits_per_second":	524345921.28999972,
					"omitted":	false,
					"sender":	false
				}],
			"sum":	{
				"start":	4.000155,
				"end":	5.00015,
				"seconds":	0.99999499320983887,
				"bytes":	65542912,
				"bits_per_second":	524345921.28999972,
				"omitted":	false,
				"sender":	false
			}
		}, {
			"streams":	[{
					"socket":	145,
					"start":	5.00015,
					"end":	6.000186,
					"seconds":	1.0000360012054443,
					"bytes":	69329760,
					"bits_per_second":	554618113.07936788,
					"omitted":	false,
					"sender":	false
				}],
			"sum":	{
				"start":	5.00015,
				"end":	6.000186,
				"seconds":	1.0000360012054443,
				"bytes":	69329760,
				"bits_per_second":	554618113.07936788,
				"omitted":	false,
				"sender":	false
			}
		}, {
			"streams":	[{
					"socket":	145,
					"start":	6.000186,
					"end":	7.000263,
					"seconds":	1.0000770092010498,
					"bytes":	67680000,
					"bits_per_second":	541398307.34890139,
					"omitted":	false,
					"sender":	false
				}],
			"sum":	{
				"start":	6.000186,
				"end":	7.000263,
				"seconds":	1.0000770092010498,
				"bytes":	67680000,
				"bits_per_second":	541398307.34890139,
				"omitted":	false,
				"sender":	false
			}
		}, {
			"streams":	[{
					"socket":	145,
					"start":	7.000263,
					"end":	8.000157,
					"seconds":	0.99989402294158936,
					"bytes":	65155904,
					"bits_per_second":	521302478.10317153,
					"omitted":	false,
					"sender":	false
				}],
			"sum":	{
				"start":	7.000263,
				"end":	8.000157,
				"seconds":	0.99989402294158936,
				"bytes":	65155904,
				"bits_per_second":	521302478.10317153,
				"omitted":	false,
				"sender":	false
			}
		}, {
			"streams":	[{
					"socket":	145,
					"start":	8.000157,
					"end":	9.000354,
					"seconds":	1.0001970529556274,
					"bytes":	62258848,
					"bits_per_second":	497972657.01611334,
					"omitted":	false,
					"sender":	false
				}],
			"sum":	{
				"start":	8.000157,
				"end":	9.000354,
				"seconds":	1.0001970529556274,
				"bytes":	62258848,
				"bits_per_second":	497972657.01611334,
				"omitted":	false,
				"sender":	false
			}
		}, {
			"streams":	[{
					"socket":	145,
					"start":	9.000354,
					"end":	10.000298,
					"seconds":	0.99994397163391113,
					"bytes":	68502496,
					"bits_per_second":	548050674.38381958,
					"omitted":	false,
					"sender":	false
				}],
			"sum":	{
				"start":	9.000354,
				"end":	10.000298,
				"seconds":	0.99994397163391113,
				"bytes":	68502496,
				"bits_per_second":	548050674.38381958,
				"omitted":	false,
				"sender":	false
			}
		}, {
			"streams":	[{
					"socket":	145,
					"start":	10.000298,
					"end":	11.000484,
					"seconds":	1.0001859664916992,
					"bytes":	67629568,
					"bits_per_second":	540935948.039509,
					"omitted":	false,
					"sender":	false
				}],
			"sum":	{
				"start":	10.000298,
				"end":	11.000484,
				"seconds":	1.0001859664916992,
				"bytes":	67629568,
				"bits_per_second":	540935948.039509,
				"omitted":	false,
				"sender":	false
			}
		}, {
			"streams":	[{
					"socket":	145,
					"start":	11.000484,
					"end":	12.000466,
					"seconds":	0.99998199939727783,
					"bytes":	61603264,
					"bits_per_second":	492834983.32674247,
					"omitted":	false,
					"sender":	false
				}],
			"sum":	{
				"start":	11.000484,
				"end":	12.000466,
				"seconds":	0.99998199939727783,
				"bytes":	61603264,
				"bits_per_second":	492834983.32674247,
				"omitted":	false,
				"sender":	false
			}
		}, {
			"streams":	[{
					"socket":	145,
					"start":	12.000466,
					"end":	13.000172,
					"seconds":	0.999705970287323,
					"bytes":	67741472,
					"bits_per_second":	542091166.91005135,
					"omitted":	false,
					"sender":	false
				}],
			"sum":	{
				"start":	12.000466,
				"end":	13.000172,
				"seconds":	0.999705970287323,
				"bytes":	67741472,
				"bits_per_second":	542091166.91005135,
				"omitted":	false,
				"sender":	false
			}
		}, {
			"streams":	[{
					"socket":	145,
					"start":	13.000172,
					"end":	14.000141,
					"seconds":	0.9999690055847168,
					"bytes":	66084000,
					"bits_per_second":	528688386.38740307,
					"omitted":	false,
					"sender":	false
				}],
			"sum":	{
				"start":	13.000172,
				"end":	14.000141,
				"seconds":	0.9999690055847168,
				"bytes":	66084000,
				"bits_per_second":	528688386.38740307,
				"omitted":	false,
				"sender":	false
			}
		}, {
			"streams":	[{
					"socket":	145,
					"start":	14.000141,
					"end":	15.00006,
					"seconds":	0.99991899728775024,
					"bytes":	66584608,
					"bits_per_second":	532720015.76614678,
					"omitted":	false,
					"sender":	false
				}],
			"sum":	{
				"start":	14.000141,
				"end":	15.00006,
				"seconds":	0.99991899728775024,
				"bytes":	66584608,
				"bits_per_second":	532720015.76614678,
				"omitted":	false,
				"sender":	false
			}
		}, {
			"streams":	[{
					"socket":	145,
					"start":	15.00006,
					"end":	16.000191,
					"seconds":	1.0001310110092163,
					"bytes":	64077632,
					"bits_per_second":	512553905.79552394,
					"omitted":	false,
					"sender":	false
				}],
			"sum":	{
				"start":	15.00006,
				"end":	16.000191,
				"seconds":	1.0001310110092163,
				"bytes":	64077632,