{
	"start":	{
		"connected":	[{
				"socket":	221,
				"local_host":	"100.124.59.153",
				"local_port":	39626,
				"remote_host":	"20.94.48.39",
				"remote_port":	5201
			}],
		"version":	"iperf 3.7",
		"system_info":	"Linux localhost 4.19.110-g9ceb3bf92e0a-ab6790968 #2 SMP PREEMPT Wed Aug 26 04:14:37 UTC 2020 aarch64",
		"timestamp":	{
			"time":	"Tue, 11 May 2021 16:58:57 GMT",
			"timesecs":	1620752337
		},
		"connecting_to":	{
			"host":	"20.94.48.39",
			"port":	5201
		},
		"cookie":	"tb7d74r6oxoo2lkrocdljcmbzzwupl4ga24s",
		"tcp_mss_default":	1376,
		"target_bitrate":	2000000000,
		"sock_bufsize":	0,
		"sndbuf_actual":	2097152,
		"rcvbuf_actual":	6291456,
		"test_start":	{
			"protocol":	"TCP",
			"num_streams":	1,
			"blksize":	131072,
			"omit":	0,
			"duration":	30,
			"bytes":	0,
			"blocks":	0,
			"reverse":	1,
			"tos":	0
		}
	},
	"intervals":	[{
			"streams":	[{
					"socket":	221,
					"start":	0,
					"end":	1.000521,
					"seconds":	1.0005209445953369,
					"bytes":	22692992,
					"bits_per_second":	181449410.91005933,
					"omitted":	false,
					"sender":	false
				}],
			"sum":	{
				"start":	0,
				"end":	1.000521,
				"seconds":	1.0005209445953369,
				"bytes":	22692992,
				"bits_per_second":	181449410.91005933,
				"omitted":	false,
				"sender":	false
			}
		}, {
			"streams":	[{
					"socket":	221,
					"start":	1.000521,
					"end":	2.000125,
					"seconds":	0.9996039867401123,
					"bytes":	26199040,
					"bits_per_second":	209675354.220543,
					"omitted":	false,
					"sender":	false
				}],
			"sum":	{
				"start":	1.000521,
				"end":	2.000125,
				"seconds":	0.9996039867401123,
				"bytes":	26199040,
				"bits_per_second":	209675354.220543,
				"omitted":	false,
				"sender":	false
			}
		}, {
			"streams":	[{
					"socket":	221,
					"start":	2.000125,
					"end":	3.000179,
					"seconds":	1.0000540018081665,
					"bytes":	32074560,
					"bits_per_second":	256582624.07435587,
					"omitted":	false,
					"sender":	false
				}],
			"sum":	{
				"start":	2.000125,
				"end":	3.000179,
				"seconds":	1.0000540018081665,
				"bytes":	32074560,
				"bits_per_second":	256582624.07435587,
				"omitted":	false,
				"sender":	false
			}
		}, {
			"streams":	[{
					"socket":	221,
					"start":	3.000179,
					"end":	4.000402,
					"seconds":	1.0002230405807495,
					"bytes":	24681312,
					"bits_per_second":	197406466.34710222,
					"omitted":	false,
					"sender":	false
				}],
			"sum":	{
				"start":	3.000179,
				"end":	4.000402,
				"seconds":	1.0002230405807495,
				"bytes":	24681312,
				"bits_per_second":	197406466.34710222,
				"omitted":	false,
				"sender":	false
			}
		}, {
			"streams":	[{
					"socket":	221,
					"start":	4.000402,
					"end":	5.001405,
					"seconds":	1.0010030269622803,
					"bytes":	28666560,
					"bits_per_second":	229102683.83098674,
					"omitted":	false,
					"sender":	false
				}],
			"sum":	{
				"start":	4.000402,
				"end":	5.001405,
				"seconds":	1.0010030269622803,
				"bytes":	28666560,
				"bits_per_second":	229102683.83098674,
				"omitted":	false,
				"sender":	false
			}
		}, {
			"streams":	[{
					"socket":	221,
					"start":	5.001405,
					"end":	6.00066,
					"seconds":	0.99925500154495239,
					"bytes":	33866112,
					"bits_per_second":	271130888.09274477,
					"omitted":	false,
					"sender":	false
				}],
			"sum":	{
				"start":	5.001405,
				"end":	6.00066,
				"seconds":	0.99925500154495239,
				"bytes":	33866112,
				"bits_per_second":	271130888.09274477,
				"omitted":	false,
				"sender":	false
			}
		}, {
			"streams":	[{
					"socket":	221,
					"start":	6.00066,
					"end":	7.000223,
					"seconds":	0.99956297874450684,
					"bytes":	35523840,
					"bits_per_second":	284314971.68588167,
					"omitted":	false,
					"sender":	false
				}],
			"sum":	{
				"start":	6.00066,
				"end":	7.000223,
				"seconds":	0.99956297874450684,
				"bytes":	35523840,
				"bits_per_second":	284314971.68588167,
				"omitted":	false,
				"sender":	false
			}
		}, {
			"streams":	[{
					"socket":	221,
					"start":	7.000223,
					"end":	8.000317,
					"seconds":	1.0000940561294556,
					"bytes":	37348768,
					"bits_per_second":	298762043.59855086,
					"omitted":	false,
					"sender":	false
				}],
			"sum":	{
				"start":	7.000223,
				"end":	8.000317,
				"seconds":	1.0000940561294556,
				"bytes":	37348768,
				"bits_per_second":	298762043.59855086,
				"omitted":	false,
				"sender":	false
			}
		}, {
			"streams":	[{
					"socket":	221,
					"start":	8.000317,
					"end":	9.000422,
					"seconds":	1.0001050233840942,
					"bytes":	37895040,
					"bits_per_second":	303128484.4207508,
					"omitted":	false,
					"sender":	false
				}],
			"sum":	{
				"start":	8.000317,
				"end":	9.000422,
				"seconds":	1.0001050233840942,
				"bytes":	37895040,
				"bits_per_second":	303128484.4207508,
				"omitted":	false,
				"sender":	false
			}
		}, {
			"streams":	[{
					"socket":	221,
					"start":	9.000422,
					"end":	10.000168,
					"seconds":	0.99974602460861206,
					"bytes":	41981760,
					"bits_per_second":	335939400.34068418,
					"omitted":	false,
					"sender":	false
				}],
			"sum":	{
				"start":	9.000422,
				"end":	10.000168,
				"seconds":	0.99974602460861206,
				"bytes":	41981760,
				"bits_per_second":	335939400.34068418,
				"omitted":	false,
				"sender":	false
			}
		}, {
			"streams":	[{
					"socket":	221,
					"start":	10.000168,
					"end":	11.000164,
					"seconds":	0.9999960064888,
					"bytes":	44231520,
					"bits_per_second":	353853573.1182074,
					"omitted":	false,
					"sender":	false
				}],
			"sum":	{
				"start":	10.000168,
				"end":	11.000164,
				"seconds":	0.9999960064888,
				"bytes":	44231520,
				"bits_per_second":	353853573.1182074,
				"omitted":	false,
				"sender":	false
			}
		}, {
			"streams":	[{
					"socket":	221,
					"start":	11.000164,
					"end":	12.00016,
					"seconds":	0.9999960064888,
					"bytes":	48530144,
					"bits_per_second":	388242702.45158052,
					"omitted":	false,
					"sender":	false
				}],
			"sum":	{
				"start":	11.000164,
				"end":	12.00016,
				"seconds":	0.9999960064888,
				"bytes":	48530144,
				"bits_per_second":	388242702.45158052,
				"omitted":	false,
				"sender":	false
			}
		}, {
			"streams":	[{
					"socket":	221,
					"start":	12.00016,
					"end":	13.000665,
					"seconds":	1.0005049705505371,
					"bytes":	50259808,
					"bits_per_second":	401875528.69302851,
					"omitted":	false,
					"sender":	false
				}],
			"sum":	{
				"start":	12.00016,
				"end":	13.000665,
				"seconds":	1.0005049705505371,
				"bytes":	50259808,
				"bits_per_second":	401875528.69302851,
				"omitted":	false,
				"sender":	false
			}
		}, {
			"streams":	[{
					"socket":	221,
					"start":	13.000665,
					"end":	14.000888,
					"seconds":	1.0002230405807495,
					"bytes":	59475776,
					"bits_per_second":	475700107.57174462,
					"omitted":	false,
					"sender":	false
				}],
			"sum":	{
				"start":	13.000665,
				"end":	14.000888,
				"seconds":	1.0002230405807495,
				"bytes":	59475776,
				"bits_per_second":	475700107.57174462,
				"omitted":	false,
				"sender":	false
			}
		}, {
			"streams":	[{
					"socket":	221,
					"start":	14.000888,
					"end":	15.000161,
					"seconds":	0.99927300214767456,
					"bytes":	59364960,
					"bits_per_second":	475265196.77734214,
					"omitted":	false,
					"sender":	false
				}],
			"sum":	{
				"start":	14.000888,
				"end":	15.000161,
				"seconds":	0.99927300214767456,
				"bytes":	59364960,
				"bits_per_second":	475265196.77734214,
				"omitted":	false,
				"sender":	false
			}
		}, {
			"streams":	[{
					"socket":	221,
					"start":	15.000161,
					"end":	16.000143,
					"seconds":	0.99998199939727783,
					"bytes":	60420416,
					"bits_per_second":	483372028.9878608,
					"omitted":	false,
					"sender":	false
				}],
			"sum":	{
				"start":	15.000161,
				"end":	16.000143,
				"seconds":	0.99998199939727783,
				"bytes":	60420416,