{
	"start":	{
		"connected":	[{
				"socket":	332,
				"local_host":	"100.124.85.183",
				"local_port":	40510,
				"remote_host":	"13.78.225.186",
				"remote_port":	5201
			}],
		"version":	"iperf 3.7",
		"system_info":	"Linux localhost 4.19.110-g9ceb3bf92e0a-ab6790968 #2 SMP PREEMPT Wed Aug 26 04:14:37 UTC 2020 aarch64",
		"timestamp":	{
			"time":	"Mon, 17 May 2021 23:28:03 GMT",
			"timesecs":	1621294083
		},
		"connecting_to":	{
			"host":	"13.78.225.186",
			"port":	5201
		},
		"cookie":	"hyev4idlmopn6vjafz2ffdbhtjz37l7vqabb",
		"tcp_mss_default":	1376,
		"target_bitrate":	3000000000,
		"sock_bufsize":	0,
		"sndbuf_actual":	2097152,
		"rcvbuf_actual":	6291456,
		"test_start":	{
			"protocol":	"TCP",
			"num_streams":	1,
			"blksize":	131072,
			"omit":	0,
			"duration":	30,
			"bytes":	0,
			"blocks":	0,
			"reverse":	1,
			"tos":	0
		}
	},
	"intervals":	[{
			"streams":	[{
					"socket":	332,
					"start":	0,
					"end":	1.000089,
					"seconds":	1.0000890493392944,
					"bytes":	21025024,
					"bits_per_second":	168185215.21770576,
					"omitted":	false,
					"sender":	false
				}],
			"sum":	{
				"start":	0,
				"end":	1.000089,
				"seconds":	1.0000890493392944,
				"bytes":	21025024,
				"bits_per_second":	168185215.21770576,
				"omitted":	false,
				"sender":	false
			}
		}, {
			"streams":	[{
					"socket":	332,
					"start":	1.000089,
					"end":	2.000118,
					"seconds":	1.0000289678573608,
					"bytes":	52147520,
					"bits_per_second":	417168075.53469241,
					"omitted":	false,
					"sender":	false
				}],
			"sum":	{
				"start":	1.000089,
				"end":	2.000118,
				"seconds":	1.0000289678573608,
				"bytes":	52147520,
				"bits_per_second":	417168075.53469241,
				"omitted":	false,
				"sender":	false
			}
		}, {
			"streams":	[{
					"socket":	332,
					"start":	2.000118,
					"end":	3.000097,
					"seconds":	0.99997901916503906,
					"bytes":	29227456,
					"bits_per_second":	233824553.8343738,
					"omitted":	false,
					"sender":	false
				}],
			"sum":	{
				"start":	2.000118,
				"end":	3.000097,
				"seconds":	0.99997901916503906,
				"bytes":	29227456,
				"bits_per_second":	233824553.8343738,
				"omitted":	false,
				"sender":	false
			}
		}, {
			"streams":	[{
					"socket":	332,
					"start":	3.000097,
					"end":	4.000114,
					"seconds":	1.0000170469284058,
					"bytes":	17198624,
					"bits_per_second":	137586646.57028633,
					"omitted":	false,
					"sender":	false
				}],
			"sum":	{
				"start":	3.000097,
				"end":	4.000114,
				"seconds":	1.0000170469284058,
				"bytes":	17198624,
				"bits_per_second":	137586646.57028633,
				"omitted":	false,
				"sender":	false
			}
		}, {
			"streams":	[{
					"socket":	332,
					"start":	4.000114,
					"end":	5.000326,
					"seconds":	1.0002119541168213,
					"bytes":	15480000,
					"bits_per_second":	123813757.16444989,
					"omitted":	false,
					"sender":	false
				}],
			"sum":	{
				"start":	4.000114,
				"end":	5.000326,
				"seconds":	1.0002119541168213,
				"bytes":	15480000,
				"bits_per_second":	123813757.16444989,
				"omitted":	false,
				"sender":	false
			}
		}, {
			"streams":	[{
					"socket":	332,
					"start":	5.000326,
					"end":	6.0002,
					"seconds":	0.99987399578094482,
					"bytes":	16199648,
					"bits_per_second":	129613515.84984365,
					"omitted":	false,
					"sender":	false
				}],
			"sum":	{
				"start":	5.000326,
				"end":	6.0002,
				"seconds":	0.99987399578094482,
				"bytes":	16199648,
				"bits_per_second":	129613515.84984365,
				"omitted":	false,
				"sender":	false
			}
		}, {
			"streams":	[{
					"socket":	332,
					"start":	6.0002,
					"end":	7.000146,
					"seconds":	0.9999459981918335,
					"bytes":	16656480,
					"bits_per_second":	133259036.22891089,
					"omitted":	false,
					"sender":	false
				}],
			"sum":	{
				"start":	6.0002,
				"end":	7.000146,
				"seconds":	0.9999459981918335,
				"bytes":	16656480,
				"bits_per_second":	133259036.22891089,
				"omitted":	false,
				"sender":	false
			}
		}, {
			"streams":	[{
					"socket":	332,
					"start":	7.000146,
					"end":	8.000145,
					"seconds":	0.99999898672103882,
					"bytes":	16884896,
					"bits_per_second":	135079304.87301773,
					"omitted":	false,
					"sender":	false
				}],
			"sum":	{
				"start":	7.000146,
				"end":	8.000145,
				"seconds":	0.99999898672103882,
				"bytes":	16884896,
				"bits_per_second":	135079304.87301773,
				"omitted":	false,
				"sender":	false
			}
		}, {
			"streams":	[{
					"socket":	332,
					"start":	8.000145,
					"end":	9.00016,
					"seconds":	1.0000150203704834,
					"bytes":	16722528,
					"bits_per_second":	133778214.60165408,
					"omitted":	false,
					"sender":	false
				}],
			"sum":	{
				"start":	8.000145,
				"end":	9.00016,
				"seconds":	1.0000150203704834,
				"bytes":	16722528,
				"bits_per_second":	133778214.60165408,
				"omitted":	false,
				"sender":	false
			}
		}, {
			"streams":	[{
					"socket":	332,
					"start":	9.00016,
					"end":	10.000132,
					"seconds":	0.99997198581695557,
					"bytes":	17004608,
					"bits_per_second":	136040675.06837285,
					"omitted":	false,
					"sender":	false
				}],
			"sum":	{
				"start":	9.00016,
				"end":	10.000132,
				"seconds":	0.99997198581695557,
				"bytes":	17004608,
				"bits_per_second":	136040675.06837285,
				"omitted":	false,
				"sender":	false
			}
		}, {
			"streams":	[{
					"socket":	332,
					"start":	10.000132,
					"end":	11.000136,
					"seconds":	1.0000040531158447,
					"bytes":	17083040,
					"bits_per_second":	136663766.08592427,
					"omitted":	false,
					"sender":	false
				}],
			"sum":	{
				"start":	10.000132,
				"end":	11.000136,
				"seconds":	1.0000040531158447,
				"bytes":	17083040,
				"bits_per_second":	136663766.08592427,
				"omitted":	false,
				"sender":	false
			}
		}, {
			"streams":	[{
					"socket":	332,
					"start":	11.000136,
					"end":	12.000149,
					"seconds":	1.000012993812561,
					"bytes":	16695008,
					"bits_per_second":	133558328.56811263,
					"omitted":	false,
					"sender":	false
				}],
			"sum":	{
				"start":	11.000136,
				"end":	12.000149,
				"seconds":	1.000012993812561,
				"bytes":	16695008,
				"bits_per_second":	133558328.56811263,
				"omitted":	false,
				"sender":	false
			}
		}, {
			"streams":	[{
					"socket":	332,
					"start":	12.000149,
					"end":	13.000149,
					"seconds":	1,
					"bytes":	16141856,
					"bits_per_second":	129134848,
					"omitted":	false,
					"sender":	false
				}],
			"sum":	{
				"start":	12.000149,
				"end":	13.000149,
				"seconds":	1,
				"bytes":	16141856,
				"bits_per_second":	129134848,
				"omitted":	false,
				"sender":	false
			}
		}, {
			"streams":	[{
					"socket":	332,
					"start":	13.000149,
					"end":	14.000187,
					"seconds":	1.0000380277633667,
					"bytes":	6750656,
					"bits_per_second":	54003194.3793031,
					"omitted":	false,
					"sender":	false
				}],
			"sum":	{
				"start":	13.000149,
				"end":	14.000187,
				"seconds":	1.0000380277633667,
				"bytes":	6750656,
				"bits_per_second":	54003194.3793031,
				"omitted":	false,
				"sender":	false
			}
		}, {
			"streams":	[{
					"socket":	332,
					"start":	14.000187,
					"end":	15.000147,
					"seconds":	0.99996000528335571,
					"bytes":	4983872,
					"bits_per_second":	39872570.692166716,
					"omitted":	false,
					"sender":	false
				}],
			"sum":	{
				"start":	14.000187,
				"end":	15.000147,
				"seconds":	0.99996000528335571,
				"bytes":	4983872,
				"bits_per_second":	39872570.692166716,
				"omitted":	false,
				"sender":	false
			}
		}, {
			"streams":	[{
					"socket":	332,
					"start":	15.000147,
					"end":	16.000157,
					"seconds":	1.0000100135803223,
					"bytes":	5370528,
					"bits_per_second":	42963793.778600052,
					"omitted":	false,
					"sender":	false
				}],
			"sum":	{
				"start":	15.000147,
				"end":	16.000157,
				"seconds":	1.0000100135803223,
				"bytes":	5370528,
				"bits_per_second":	42963793.778600052,
				"omitted":	false,