{
	"start":	{
		"connected":	[{
				"socket":	357,
				"local_host":	"100.124.85.183",
				"local_port":	40880,
				"remote_host":	"13.78.225.186",
				"remote_port":	5201
			}],
		"version":	"iperf 3.7",
		"system_info":	"Linux localhost 4.19.110-g9ceb3bf92e0a-ab6790968 #2 SMP PREEMPT Wed Aug 26 04:14:37 UTC 2020 aarch64",
		"timestamp":	{
			"time":	"Mon, 17 May 2021 23:31:53 GMT",
			"timesecs":	1621294313
		},
		"connecting_to":	{
			"host":	"13.78.225.186",
			"port":	5201
		},
		"cookie":	"5aqhaomgs5motb5uuwffxvkqduq3efjwiao4",
		"tcp_mss_default":	1376,
		"target_bitrate":	3000000000,
		"sock_bufsize":	0,
		"sndbuf_actual":	1048576,
		"rcvbuf_actual":	6291456,
		"test_start":	{
			"protocol":	"TCP",
			"num_streams":	1,
			"blksize":	131072,
			"omit":	0,
			"duration":	30,
			"bytes":	0,
			"blocks":	0,
			"reverse":	1,
			"tos":	0
		}
	},
	"intervals":	[{
			"streams":	[{
					"socket":	357,
					"start":	0,
					"end":	1.000126,
					"seconds":	1.0001260042190552,
					"bytes":	723776,
					"bits_per_second":	5789478.5012827087,
					"omitted":	false,
					"sender":	false
				}],
			"sum":	{
				"start":	0,
				"end":	1.000126,
				"seconds":	1.0001260042190552,
				"bytes":	723776,
				"bits_per_second":	5789478.5012827087,
				"omitted":	false,
				"sender":	false
			}
		}, {
			"streams":	[{
					"socket":	357,
					"start":	1.000126,
					"end":	2.000113,
					"seconds":	0.999987006187439,
					"bytes":	1436544,
					"bits_per_second":	11492501.331408158,
					"omitted":	false,
					"sender":	false
				}],
			"sum":	{
				"start":	1.000126,
				"end":	2.000113,
				"seconds":	0.999987006187439,
				"bytes":	1436544,
				"bits_per_second":	11492501.331408158,
				"omitted":	false,
				"sender":	false
			}
		}, {
			"streams":	[{
					"socket":	357,
					"start":	2.000113,
					"end":	3.000136,
					"seconds":	1.0000230073928833,
					"bytes":	2633664,
					"bits_per_second":	21068827.261213612,
					"omitted":	false,
					"sender":	false
				}],
			"sum":	{
				"start":	2.000113,
				"end":	3.000136,
				"seconds":	1.0000230073928833,
				"bytes":	2633664,
				"bits_per_second":	21068827.261213612,
				"omitted":	false,
				"sender":	false
			}
		}, {
			"streams":	[{
					"socket":	357,
					"start":	3.000136,
					"end":	4.000457,
					"seconds":	1.0003210306167603,
					"bytes":	4901312,
					"bits_per_second":	39197912.270048231,
					"omitted":	false,
					"sender":	false
				}],
			"sum":	{
				"start":	3.000136,
				"end":	4.000457,
				"seconds":	1.0003210306167603,
				"bytes":	4901312,
				"bits_per_second":	39197912.270048231,
				"omitted":	false,
				"sender":	false
			}
		}, {
			"streams":	[{
					"socket":	357,
					"start":	4.000457,
					"end":	5.000147,
					"seconds":	0.99968999624252319,
					"bytes":	5828736,
					"bits_per_second":	46644347.923121221,
					"omitted":	false,
					"sender":	false
				}],
			"sum":	{
				"start":	4.000457,
				"end":	5.000147,
				"seconds":	0.99968999624252319,
				"bytes":	5828736,
				"bits_per_second":	46644347.923121221,
				"omitted":	false,
				"sender":	false
			}
		}, {
			"streams":	[{
					"socket":	357,
					"start":	5.000147,
					"end":	6.000183,
					"seconds":	1.0000360012054443,
					"bytes":	6128704,
					"bits_per_second":	49027866.937689878,
					"omitted":	false,
					"sender":	false
				}],
			"sum":	{
				"start":	5.000147,
				"end":	6.000183,
				"seconds":	1.0000360012054443,
				"bytes":	6128704,
				"bits_per_second":	49027866.937689878,
				"omitted":	false,
				"sender":	false
			}
		}, {
			"streams":	[{
					"socket":	357,
					"start":	6.000183,
					"end":	7.000156,
					"seconds":	0.99997299909591675,
					"bytes":	6818080,
					"bits_per_second":	54546112.794359677,
					"omitted":	false,
					"sender":	false
				}],
			"sum":	{
				"start":	6.000183,
				"end":	7.000156,
				"seconds":	0.99997299909591675,
				"bytes":	6818080,
				"bits_per_second":	54546112.794359677,
				"omitted":	false,
				"sender":	false
			}
		}, {
			"streams":	[{
					"socket":	357,
					"start":	7.000156,
					"end":	8.000129,
					"seconds":	0.99997299909591675,
					"bytes":	5406304,
					"bits_per_second":	43251599.832298517,
					"omitted":	false,
					"sender":	false
				}],
			"sum":	{
				"start":	7.000156,
				"end":	8.000129,
				"seconds":	0.99997299909591675,
				"bytes":	5406304,
				"bits_per_second":	43251599.832298517,
				"omitted":	false,
				"sender":	false
			}
		}, {
			"streams":	[{
					"socket":	357,
					"start":	8.000129,
					"end":	9.00015,
					"seconds":	1.0000209808349609,
					"bytes":	5347136,
					"bits_per_second":	42776190.519806445,
					"omitted":	false,
					"sender":	false
				}],
			"sum":	{
				"start":	8.000129,
				"end":	9.00015,
				"seconds":	1.0000209808349609,
				"bytes":	5347136,
				"bits_per_second":	42776190.519806445,
				"omitted":	false,
				"sender":	false
			}
		}, {
			"streams":	[{
					"socket":	357,
					"start":	9.00015,
					"end":	10.000132,
					"seconds":	0.99998199939727783,
					"bytes":	5944320,
					"bits_per_second":	47555416.026151173,
					"omitted":	false,
					"sender":	false
				}],
			"sum":	{
				"start":	9.00015,
				"end":	10.000132,
				"seconds":	0.99998199939727783,
				"bytes":	5944320,
				"bits_per_second":	47555416.026151173,
				"omitted":	false,
				"sender":	false
			}
		}, {
			"streams":	[{
					"socket":	357,
					"start":	10.000132,
					"end":	11.000149,
					"seconds":	1.0000170469284058,
					"bytes":	5620960,
					"bits_per_second":	44966913.45224575,
					"omitted":	false,
					"sender":	false
				}],
			"sum":	{
				"start":	10.000132,
				"end":	11.000149,
				"seconds":	1.0000170469284058,
				"bytes":	5620960,
				"bits_per_second":	44966913.45224575,
				"omitted":	false,
				"sender":	false
			}
		}, {
			"streams":	[{
					"socket":	357,
					"start":	11.000149,
					"end":	12.000313,
					"seconds":	1.0001640319824219,
					"bytes":	5142112,
					"bits_per_second":	41130149.34006644,
					"omitted":	false,
					"sender":	false
				}],
			"sum":	{
				"start":	11.000149,
				"end":	12.000313,
				"seconds":	1.0001640319824219,
				"bytes":	5142112,
				"bits_per_second":	41130149.34006644,
				"omitted":	false,
				"sender":	false
			}
		}, {
			"streams":	[{
					"socket":	357,
					"start":	12.000313,
					"end":	13.000262,
					"seconds":	0.99994897842407227,
					"bytes":	4778848,
					"bits_per_second":	38232734.694376133,
					"omitted":	false,
					"sender":	false
				}],
			"sum":	{
				"start":	12.000313,
				"end":	13.000262,
				"seconds":	0.99994897842407227,
				"bytes":	4778848,
				"bits_per_second":	38232734.694376133,
				"omitted":	false,
				"sender":	false
			}
		}, {
			"streams":	[{
					"socket":	357,
					"start":	13.000262,
					"end":	14.000371,
					"seconds":	1.0001089572906494,
					"bytes":	5437952,
					"bits_per_second":	43498876.480272412,
					"omitted":	false,
					"sender":	false
				}],
			"sum":	{
				"start":	13.000262,
				"end":	14.000371,
				"seconds":	1.0001089572906494,
				"bytes":	5437952,
				"bits_per_second":	43498876.480272412,
				"omitted":	false,
				"sender":	false
			}
		}, {
			"streams":	[{
					"socket":	357,
					"start":	14.000371,
					"end":	15.000148,
					"seconds":	0.99977701902389526,
					"bytes":	5319616,
					"bits_per_second":	42566419.501769789,
					"omitted":	false,
					"sender":	false
				}],
			"sum":	{
				"start":	14.000371,
				"end":	15.000148,
				"seconds":	0.99977701902389526,
				"bytes":	5319616,
				"bits_per_second":	42566419.501769789,
				"omitted":	false,
				"sender":	false
			}
		}, {
			"streams":	[{
					"socket":	357,
					"start":	15.000148,
					"end":	16.000215,
					"seconds":	1.0000669956207275,
					"bytes":	6119072,
					"bits_per_second":	48949296.611489333,
					"omitted":	false,
					"sender":	false
				}],
			"sum":	{
				"start":	15.000148,
				"end":	16.000215,
				"seconds":	1.0000669956207275,
				"bytes":	6119072,