{"start": {"connected": [{"socket": 226, "local_host": "100.123.106.128", "local_port": 42745, "remote_host": "40.78.67.139", "remote_port": 5201}], "version": "iperf 3.7", "system_info": "Linux localhost 4.19.110-g9ceb3bf92e0a-ab6790968 #2 SMP PREEMPT Wed Aug 26 04:14:37 UTC 2020 aarch64", "timestamp": {"time": "2021-01-25 06:21:49 ", "timesecs": 1611595309.0}, "connecting_to": {"host": "40.78.67.139", "port": 5201}, "cookie": "yh6vo24jcz7sacsfnyvdsvpbb6r44qwfa4s5", "sock_bufsize": 0, "sndbuf_actual": 212992, "rcvbuf_actual": 212992, "test_start": {"protocol": "UDP", "num_streams": 1, "blksize": 1376, "omit": 0, "duration": 30, "bytes": 0, "blocks": 0, "reverse": 1, "tos": 0}}, "intervals": [{"streams": [{"socket": 226, "start": 0, "end": 1.000479, "seconds": 1.000478982925415, "bytes": 14544320, "bits_per_second": 116298854.83428906, "jitter_ms": 0.5953241051546254, "lost_packets": 146496, "packets": 157066, "lost_percent": 93.27034495053034, "omitted": false, "sender": false}], "sum": {"start": 0, "end": 1.000479, "seconds": 1.000478982925415, "bytes": 14544320, "bits_per_second": 116298854.83428906, "jitter_ms": 0.5953241051546254, "lost_packets": 146496, "packets": 157066, "lost_percent": 93.27034495053034, "omitted": false, "sender": false}}, {"streams": [{"socket": 226, "start": 1.000479, "end": 2.000014, "seconds": 0.9995350241661072, "bytes": 30031200, "bits_per_second": 240361362.2248361, "jitter_ms": 0.00150807644405251, "lost_packets": 210191, "packets": 232016, "lost_percent": 90.5933211502655, "omitted": false, "sender": false}], "sum": {"start": 1.000479, "end": 2.000014, "seconds": 0.9995350241661072, "bytes": 30031200, "bits_per_second": 240361362.2248361, "jitter_ms": 0.00150807644405251, "lost_packets": 210191, "packets": 232016, "lost_percent": 90.5933211502655, "omitted": false, "sender": false}}, {"streams": [{"socket": 226, "start": 2.000014, "end": 3.000427, "seconds": 1.000412940979004, "bytes": 58580448, "bits_per_second": 468450141.7398554, "jitter_ms": 0.042677293691158524, "lost_packets": 176219, "packets": 218792, "lost_percent": 80.54179311857838, "omitted": false, "sender": false}], "sum": {"start": 2.000014, "end": 3.000427, "seconds": 1.000412940979004, "bytes": 58580448, "bits_per_second": 468450141.7398554, "jitter_ms": 0.042677293691158524, "lost_packets": 176219, "packets": 218792, "lost_percent": 80.54179311857838, "omitted": false, "sender": false}}, {"streams": [{"socket": 226, "start": 3.000427, "end": 4.001597, "seconds": 1.001170039176941, "bytes": 57187936, "bits_per_second": 456968816.5819588, "jitter_ms": 0.2928286482646443, "lost_packets": 180426, "packets": 221987, "lost_percent": 81.2777324798299, "omitted": false, "sender": false}], "sum": {"start": 3.000427, "end": 4.001597, "seconds": 1.001170039176941, "bytes": 57187936, "bits_per_second": 456968816.5819588, "jitter_ms": 0.2928286482646443, "lost_packets": 180426, "packets": 221987, "lost_percent": 81.2777324798299, "omitted": false, "sender": false}}, {"streams": [{"socket": 226, "start": 4.001597, "end": 5.002699, "seconds": 1.0011019706726074, "bytes": 56601760, "bits_per_second": 452315641.4283843, "jitter_ms": 0.215492955802717, "lost_packets": 175827, "packets": 216962, "lost_percent": 81.04045869783648, "omitted": false, "sender": false}], "sum": {"start": 4.001597, "end": 5.002699, "seconds": 1.0011019706726074, "bytes": 56601760, "bits_per_second": 452315641.4283843, "jitter_ms": 0.215492955802717, "lost_packets": 175827, "packets": 216962, "lost_percent": 81.04045869783648, "omitted": false, "sender": false}}, {"streams": [{"socket": 226, "start": 5.002699, "end": 6.002282, "seconds": 0.9995830059051514, "bytes": 47624736, "bits_per_second": 381156828.14654833, "jitter_ms": 0.1676119392841034, "lost_packets": 186549, "packets": 221160, "lost_percent": 84.35024416711883, "omitted": false, "sender": false}], "sum": {"start": 5.002699, "end": 6.002282, "seconds": 0.9995830059051514, "bytes": 47624736, "bits_per_second": 381156828.14654833, "jitter_ms": 0.1676119392841034, "lost_packets": 186549, "packets": 221160, "lost_percent": 84.35024416711883, "omitted": false, "sender": false}}, {"streams": [{"socket": 226, "start": 6.002282, "end": 7.002594, "seconds": 1.0003119707107544, "bytes": 40348448, "bits_per_second": 322686915.1337346, "jitter_ms": 0.3686000317063757, "lost_packets": 187451, "packets": 216774, "lost_percent": 86.47300875566258, "omitted": false, "sender": false}], "sum": {"start": 6.002282, "end": 7.002594, "seconds": 1.0003119707107544, "bytes": 40348448, "bits_per_second": 322686915.1337346, "jitter_ms": 0.3686000317063757, "lost_packets": 187451, "packets": 216774, "lost_percent": 86.47300875566258, "omitted": false, "sender": false}}, {"streams": [{"socket": 226, "start": 7.002594, "end": 8.002598, "seconds": 1.0000040531158447, "bytes": 41251104, "bits_per_second": 330007494.4413954, "jitter_ms": 0.2675728185866867, "lost_packets": 189582, "packets": 219561, "lost_percent": 86.34593575361744, "omitted": false, "sender": false}], "sum": {"start": 7.002594, "end": 8.002598, "seconds": 1.0000040531158447, "bytes": 41251104, "bits_per_second": 330007494.4413954, "jitter_ms": 0.2675728185866867, "lost_packets": 189582, "packets": 219561, "lost_percent": 86.34593575361744, "omitted": false, "sender": false}}, {"streams": [{"socket": 226, "start": 8.002598, "end": 9.001082, "seconds": 0.9984840154647827, "bytes": 39005472, "bits_per_second": 312517547.76940244, "jitter_ms": 0.33614030270647305, "lost_packets": 190934, "packets": 219281, "lost_percent": 87.0727514011702, "omitted": false, "sender": false}], "sum": {"start": 8.002598, "end": 9.001082, "seconds": 0.9984840154647827, "bytes": 39005472, "bits_per_second": 312517547.76940244, "jitter_ms": 0.33614030270647305, "lost_packets": 190934, "packets": 219281, "lost_percent": 87.0727514011702, "omitted": false, "sender": false}}, {"streams": [{"socket": 226, "start": 9.001082, "end": 10.001733, "seconds": 1.0006510019302368, "bytes": 40772256, "bits_per_second": 325965843.6066208, "jitter_ms": 0.06525217788445929, "lost_packets": 189881, "packets": 219512, "lost_percent": 86.50142133459674, "omitted": false, "sender": false}], "sum": {"start": 9.001082, "end": 10.001733, "seconds": 1.0006510019302368, "bytes": 40772256, "bits_per_second": 325965843.6066208, "jitter_ms": 0.06525217788445929, "lost_packets": 189881, "packets": 219512, "lost_percent": 86.50142133459674, "omitted": false, "sender": false}}, {"streams": [{"socket": 226, "start": 10.001733, "end": 11.000271, "seconds": 0.9985380172729492, "bytes": 40915360, "bits_per_second": 327802121.0388494, "jitter_ms": 0.038715270887447036, "lost_packets": 192835, "packets": 222570, "lost_percent": 86.64015815249135, "omitted": false, "sender": false}], "sum": {"start": 10.001733, "end": 11.000271, "seconds": 0.9985380172729492, "bytes": 40915360, "bits_per_second": 327802121.0388494, "jitter_ms": 0.038715270887447036, "lost_packets": 192835, "packets": 222570, "lost_percent": 86.64015815249135, "omitted": false, "sender": false}}, {"streams": [{"socket": 226, "start": 11.000271, "end": 12.000825, "seconds": 1.0005539655685425, "bytes": 37132736, "bits_per_second": 296897417.0535631, "jitter_ms": 0.2909032586379272, "lost_packets": 193908, "packets": 220894, "lost_percent": 87.78328066855596, "omitted": false, "sender": false}], "sum": {"start": 11.000271, "end": 12.000825, "seconds": 1.0005539655685425, "bytes": 37132736, "bits_per_second": 296897417.0535631, "jitter_ms": 0.2909032586379272, "lost_packets": 193908, "packets": 220894, "lost_percent": 87.78328066855596, "omitted": false, "sender": false}}, {"streams": [{"socket": 226, "start": 12.000825, "end": 13.000946, "seconds": 1.000120997428894, "bytes": 35189824, "bits_per_second": 281484533.09522206, "jitter_ms": 0.029871358707015655, "lost_packets": 192693, "packets": 218267, "lost_percent": 88.28315778381524, "omitted": false, "sender": false}],