{
	"start":	{
		"connected":	[{
				"socket":	420,
				"local_host":	"100.124.59.153",
				"local_port":	39450,
				"remote_host":	"104.210.37.160",
				"remote_port":	5201
			}],
		"version":	"iperf 3.7",
		"system_info":	"Linux localhost 4.19.110-g9ceb3bf92e0a-ab6790968 #2 SMP PREEMPT Wed Aug 26 04:14:37 UTC 2020 aarch64",
		"timestamp":	{
			"time":	"Tue, 11 May 2021 17:49:52 GMT",
			"timesecs":	1620755392
		},
		"connecting_to":	{
			"host":	"104.210.37.160",
			"port":	5201
		},
		"cookie":	"lmqcqoofa37pglbzo7jxmu33deildyhuwzry",
		"tcp_mss_default":	1376,
		"target_bitrate":	2000000000,
		"sock_bufsize":	0,
		"sndbuf_actual":	2097152,
		"rcvbuf_actual":	6291456,
		"test_start":	{
			"protocol":	"TCP",
			"num_streams":	1,
			"blksize":	131072,
			"omit":	0,
			"duration":	30,
			"bytes":	0,
			"blocks":	0,
			"reverse":	1,
			"tos":	0
		}
	},
	"intervals":	[{
			"streams":	[{
					"socket":	420,
					"start":	0,
					"end":	1.000318,
					"seconds":	1.0003180503845215,
					"bytes":	14014560,
					"bits_per_second":	112080832.64807878,
					"omitted":	false,
					"sender":	false
				}],
			"sum":	{
				"start":	0,
				"end":	1.000318,
				"seconds":	1.0003180503845215,
				"bytes":	14014560,
				"bits_per_second":	112080832.64807878,
				"omitted":	false,
				"sender":	false
			}
		}, {
			"streams":	[{
					"socket":	420,
					"start":	1.000318,
					"end":	2.000104,
					"seconds":	0.99978601932525635,
					"bytes":	37739552,
					"bits_per_second":	301981034.1054377,
					"omitted":	false,
					"sender":	false
				}],
			"sum":	{
				"start":	1.000318,
				"end":	2.000104,
				"seconds":	0.99978601932525635,
				"bytes":	37739552,
				"bits_per_second":	301981034.1054377,
				"omitted":	false,
				"sender":	false
			}
		}, {
			"streams":	[{
					"socket":	420,
					"start":	2.000104,
					"end":	3.000093,
					"seconds":	0.99998897314071655,
					"bytes":	84992768,
					"bits_per_second":	679949641.709019,
					"omitted":	false,
					"sender":	false
				}],
			"sum":	{
				"start":	2.000104,
				"end":	3.000093,
				"seconds":	0.99998897314071655,
				"bytes":	84992768,
				"bits_per_second":	679949641.709019,
				"omitted":	false,
				"sender":	false
			}
		}, {
			"streams":	[{
					"socket":	420,
					"start":	3.000093,
					"end":	4.000086,
					"seconds":	0.99999302625656128,
					"bytes":	119062528,
					"bits_per_second":	952506866.53851092,
					"omitted":	false,
					"sender":	false
				}],
			"sum":	{
				"start":	3.000093,
				"end":	4.000086,
				"seconds":	0.99999302625656128,
				"bytes":	119062528,
				"bits_per_second":	952506866.53851092,
				"omitted":	false,
				"sender":	false
			}
		}, {
			"streams":	[{
					"socket":	420,
					"start":	4.000086,
					"end":	5.00009,
					"seconds":	1.0000040531158447,
					"bytes":	120117920,
					"bits_per_second":	960939465.20102775,
					"omitted":	false,
					"sender":	false
				}],
			"sum":	{
				"start":	4.000086,
				"end":	5.00009,
				"seconds":	1.0000040531158447,
				"bytes":	120117920,
				"bits_per_second":	960939465.20102775,
				"omitted":	false,
				"sender":	false
			}
		}, {
			"streams":	[{
					"socket":	420,
					"start":	5.00009,
					"end":	6.000087,
					"seconds":	0.99999701976776123,
					"bytes":	115611520,
					"bits_per_second":	924894916.40164733,
					"omitted":	false,
					"sender":	false
				}],
			"sum":	{
				"start":	5.00009,
				"end":	6.000087,
				"seconds":	0.99999701976776123,
				"bytes":	115611520,
				"bits_per_second":	924894916.40164733,
				"omitted":	false,
				"sender":	false
			}
		}, {
			"streams":	[{
					"socket":	420,
					"start":	6.000087,
					"end":	7.000116,
					"seconds":	1.0000289678573608,
					"bytes":	116254112,
					"bits_per_second":	930005955.72013,
					"omitted":	false,
					"sender":	false
				}],
			"sum":	{
				"start":	6.000087,
				"end":	7.000116,
				"seconds":	1.0000289678573608,
				"bytes":	116254112,
				"bits_per_second":	930005955.72013,
				"omitted":	false,
				"sender":	false
			}
		}, {
			"streams":	[{
					"socket":	420,
					"start":	7.000116,
					"end":	8.000095,
					"seconds":	0.99997901916503906,
					"bytes":	115289536,
					"bits_per_second":	922335639.3718282,
					"omitted":	false,
					"sender":	false
				}],
			"sum":	{
				"start":	7.000116,
				"end":	8.000095,
				"seconds":	0.99997901916503906,
				"bytes":	115289536,
				"bits_per_second":	922335639.3718282,
				"omitted":	false,
				"sender":	false
			}
		}, {
			"streams":	[{
					"socket":	420,
					"start":	8.000095,
					"end":	9.000152,
					"seconds":	1.0000569820404053,
					"bytes":	120719232,
					"bits_per_second":	965698828.51033449,
					"omitted":	false,
					"sender":	false
				}],
			"sum":	{
				"start":	8.000095,
				"end":	9.000152,
				"seconds":	1.0000569820404053,
				"bytes":	120719232,
				"bits_per_second":	965698828.51033449,
				"omitted":	false,
				"sender":	false
			}
		}, {
			"streams":	[{
					"socket":	420,
					"start":	9.000152,
					"end":	10.000113,
					"seconds":	0.99996101856231689,
					"bytes":	119443680,
					"bits_per_second":	955586690.14301264,
					"omitted":	false,
					"sender":	false
				}],
			"sum":	{
				"start":	9.000152,
				"end":	10.000113,
				"seconds":	0.99996101856231689,
				"bytes":	119443680,
				"bits_per_second":	955586690.14301264,
				"omitted":	false,
				"sender":	false
			}
		}, {
			"streams":	[{
					"socket":	420,
					"start":	10.000113,
					"end":	11.000033,
					"seconds":	0.99992001056671143,
					"bytes":	113004000,
					"bits_per_second":	904104318.79209387,
					"omitted":	false,
					"sender":	false
				}],
			"sum":	{
				"start":	10.000113,
				"end":	11.000033,
				"seconds":	0.99992001056671143,
				"bytes":	113004000,
				"bits_per_second":	904104318.79209387,
				"omitted":	false,
				"sender":	false
			}
		}, {
			"streams":	[{
					"socket":	420,
					"start":	11.000033,
					"end":	12.000098,
					"seconds":	1.0000649690628052,
					"bytes":	116757728,
					"bits_per_second":	934001142.821092,
					"omitted":	false,
					"sender":	false
				}],
			"sum":	{
				"start":	11.000033,
				"end":	12.000098,
				"seconds":	1.0000649690628052,
				"bytes":	116757728,
				"bits_per_second":	934001142.821092,
				"omitted":	false,
				"sender":	false
			}
		}, {
			"streams":	[{
					"socket":	420,
					"start":	12.000098,
					"end":	13.000104,
					"seconds":	1.0000059604644775,
					"bytes":	119900512,
					"bits_per_second":	959198378.73213661,
					"omitted":	false,
					"sender":	false
				}],
			"sum":	{
				"start":	12.000098,
				"end":	13.000104,
				"seconds":	1.0000059604644775,
				"bytes":	119900512,
				"bits_per_second":	959198378.73213661,
				"omitted":	false,
				"sender":	false
			}
		}, {
			"streams":	[{
					"socket":	420,
					"start":	13.000104,
					"end":	14.00009,
					"seconds":	0.99998599290847778,
					"bytes":	114400640,
					"bits_per_second":	915217939.54144192,
					"omitted":	false,
					"sender":	false
				}],
			"sum":	{
				"start":	13.000104,
				"end":	14.00009,
				"seconds":	0.99998599290847778,
				"bytes":	114400640,
				"bits_per_second":	915217939.54144192,
				"omitted":	false,
				"sender":	false
			}
		}, {
			"streams":	[{
					"socket":	420,
					"start":	14.00009,
					"end":	15.000089,
					"seconds":	0.99999898672103882,
					"bytes":	116713696,
					"bits_per_second":	933710514.10921979,
					"omitted":	false,
					"sender":	false
				}],
			"sum":	{
				"start":	14.00009,
				"end":	15.000089,
				"seconds":	0.99999898672103882,
				"bytes":	116713696,
				"bits_per_second":	933710514.10921979,
				"omitted":	false,
				"sender":	false
			}
		}, {
			"streams":	[{
					"socket":	420,
					"start":	15.000089,
					"end":	16.000091,
					"seconds":	1.0000020265579224,
					"bytes":	112739808,
					"bits_per_second":	901916636.21369553,
					"omitted":	false,
					"sender":	false
				}],
			"sum":	{
				"start":	15.000089,
				"end":	16.000091,
				"seconds":	1.0000020265579224,