{"start": {"connected": [{"socket": 629, "local_host": "100.124.85.183", "local_port": 40941, "remote_host": "13.91.222.189", "remote_port": 5201}], "version": "iperf 3.7", "system_info": "Linux localhost 4.19.110-g9ceb3bf92e0a-ab6790968 #2 SMP PREEMPT Wed Aug 26 04:14:37 UTC 2020 aarch64", "timestamp": {"time": "Mon, 18 Jan 2021 21:27:14 ", "timesecs": 1608348434.0}, "connecting_to": {"host": "13.91.222.189", "port": 5201}, "cookie": "bcmclscse36fbydgubgsmtkbnvwt4acuiejk", "sock_bufsize": 0, "sndbuf_actual": 212992, "rcvbuf_actual": 212992, "test_start": {"protocol": "UDP", "num_streams": 1, "blksize": 1376, "omit": 0, "duration": 30, "bytes": 0, "blocks": 0, "reverse": 1, "tos": 0}}, "intervals": [{"streams": [{"socket": 629, "start": 0, "end": 1.000329, "seconds": 1.0003290176391602, "bytes": 72044608, "bits_per_second": 576167294.7969047, "jitter_ms": 0.04325859000980486, "lost_packets": 144482, "packets": 196840, "lost_percent": 73.40073155862629, "omitted": false, "sender": false}], "sum": {"start": 0, "end": 1.000329, "seconds": 1.0003290176391602, "bytes": 72044608, "bits_per_second": 576167294.7969047, "jitter_ms": 0.04325859000980486, "lost_packets": 144482, "packets": 196840, "lost_percent": 73.40073155862629, "omitted": false, "sender": false}}, {"streams": [{"socket": 629, "start": 1.000329, "end": 2.000428, "seconds": 1.0000989437103271, "bytes": 72844064, "bits_per_second": 582694858.0087601, "jitter_ms": 0.05398911852693185, "lost_packets": 133005, "packets": 185944, "lost_percent": 71.52960030977069, "omitted": false, "sender": false}], "sum": {"start": 1.000329, "end": 2.000428, "seconds": 1.0000989437103271, "bytes": 72844064, "bits_per_second": 582694858.0087601, "jitter_ms": 0.05398911852693185, "lost_packets": 133005, "packets": 185944, "lost_percent": 71.52960030977069, "omitted": false, "sender": false}}, {"streams": [{"socket": 629, "start": 2.000428, "end": 3.000507, "seconds": 1.0000790357589722, "bytes": 66418144, "bits_per_second": 531303160.05150104, "jitter_ms": 0.0026048297903480343, "lost_packets": 131096, "packets": 179365, "lost_percent": 73.08895269422686, "omitted": false, "sender": false}], "sum": {"start": 2.000428, "end": 3.000507, "seconds": 1.0000790357589722, "bytes": 66418144, "bits_per_second": 531303160.05150104, "jitter_ms": 0.0026048297903480343, "lost_packets": 131096, "packets": 179365, "lost_percent": 73.08895269422686, "omitted": false, "sender": false}}, {"streams": [{"socket": 629, "start": 3.000507, "end": 4.000026, "seconds": 0.9995189905166626, "bytes": 64433952, "bits_per_second": 515719682.0578136, "jitter_ms": 0.017851255781254263, "lost_packets": 126430, "packets": 173257, "lost_percent": 72.97252059079864, "omitted": false, "sender": false}], "sum": {"start": 3.000507, "end": 4.000026, "seconds": 0.9995189905166626, "bytes": 64433952, "bits_per_second": 515719682.0578136, "jitter_ms": 0.017851255781254263, "lost_packets": 126430, "packets": 173257, "lost_percent": 72.97252059079864, "omitted": false, "sender": false}}, {"streams": [{"socket": 629, "start": 4.000026, "end": 5.000333, "seconds": 1.0003069639205933, "bytes": 67527200, "bits_per_second": 540051823.574912, "jitter_ms": 0.04040065526969355, "lost_packets": 137675, "packets": 186750, "lost_percent": 73.72155287817938, "omitted": false, "sender": false}], "sum": {"start": 4.000026, "end": 5.000333, "seconds": 1.0003069639205933, "bytes": 67527200, "bits_per_second": 540051823.574912, "jitter_ms": 0.04040065526969355, "lost_packets": 137675, "packets": 186750, "lost_percent": 73.72155287817938, "omitted": false, "sender": false}}, {"streams": [{"socket": 629, "start": 5.000333, "end": 6.000139, "seconds": 0.9998059868812561, "bytes": 66502080, "bits_per_second": 532119878.2371224, "jitter_ms": 0.009531999144932477, "lost_packets": 137032, "packets": 185362, "lost_percent": 73.92669479181278, "omitted": false, "sender": false}], "sum": {"start": 5.000333, "end": 6.000139, "seconds": 0.9998059868812561, "bytes": 66502080, "bits_per_second": 532119878.2371224, "jitter_ms": 0.009531999144932477, "lost_packets": 137032, "packets": 185362, "lost_percent": 73.92669479181278, "omitted": false, "sender": false}}, {"streams": [{"socket": 629, "start": 6.000139, "end": 7.00011, "seconds": 0.9999709725379944, "bytes": 70381024, "bits_per_second": 563064536.3344351, "jitter_ms": 0.003053249781592859, "lost_packets": 134442, "packets": 185591, "lost_percent": 72.43993512616453, "omitted": false, "sender": false}], "sum": {"start": 6.000139, "end": 7.00011, "seconds": 0.9999709725379944, "bytes": 70381024, "bits_per_second": 563064536.3344351, "jitter_ms": 0.003053249781592859, "lost_packets": 134442, "packets": 185591, "lost_percent": 72.43993512616453, "omitted": false, "sender": false}}, {"streams": [{"socket": 629, "start": 7.00011, "end": 8.000025, "seconds": 0.9999150037765503, "bytes": 67864320, "bits_per_second": 542960709.6097984, "jitter_ms": 0.007177354561002739, "lost_packets": 136286, "packets": 185606, "lost_percent": 73.42758316002715, "omitted": false, "sender": false}], "sum": {"start": 7.00011, "end": 8.000025, "seconds": 0.9999150037765503, "bytes": 67864320, "bits_per_second": 542960709.6097984, "jitter_ms": 0.007177354561002739, "lost_packets": 136286, "packets": 185606, "lost_percent": 73.42758316002715, "omitted": false, "sender": false}}, {"streams": [{"socket": 629, "start": 8.000025, "end": 9.000299, "seconds": 1.0002739429473877, "bytes": 66808928, "bits_per_second": 534325049.42109853, "jitter_ms": 0.014094234434205048, "lost_packets": 132913, "packets": 181466, "lost_percent": 73.24402367385626, "omitted": false, "sender": false}], "sum": {"start": 8.000025, "end": 9.000299, "seconds": 1.0002739429473877, "bytes": 66808928, "bits_per_second": 534325049.42109853, "jitter_ms": 0.014094234434205048, "lost_packets": 132913, "packets": 181466, "lost_percent": 73.24402367385626, "omitted": false, "sender": false}}, {"streams": [{"socket": 629, "start": 9.000299, "end": 10.000023, "seconds": 0.9997239708900452, "bytes": 65153600, "bits_per_second": 521372714.0462129, "jitter_ms": 0.027690143497521018, "lost_packets": 129871, "packets": 177221, "lost_percent": 73.28194739901028, "omitted": false, "sender": false}], "sum": {"start": 9.000299, "end": 10.000023, "seconds": 0.9997239708900452, "bytes": 65153600, "bits_per_second": 521372714.0462129, "jitter_ms": 0.027690143497521018, "lost_packets": 129871, "packets": 177221, "lost_percent": 73.28194739901028, "omitted": false, "sender": false}}, {"streams": [{"socket": 629, "start": 10.000023, "end": 11.000465, "seconds": 1.0004420280456543, "bytes": 64842624, "bits_per_second": 518511795.2444994, "jitter_ms": 0.001965521291895028, "lost_packets": 140420, "packets": 187544, "lost_percent": 74.8730964467005, "omitted": false, "sender": false}], "sum": {"start": 10.000023, "end": 11.000465, "seconds": 1.0004420280456543, "bytes": 64842624, "bits_per_second": 518511795.2444994, "jitter_ms": 0.001965521291895028, "lost_packets": 140420, "packets": 187544, "lost_percent": 74.8730964467005, "omitted": false, "sender": false}}, {"streams": [{"socket": 629, "start": 11.000465, "end": 12.000499, "seconds": 1.000033974647522, "bytes": 69316000, "bits_per_second": 554509160.7467159, "jitter_ms": 0.003942158846384972, "lost_packets": 136976, "packets": 187351, "lost_percent": 73.11196630922707, "omitted": false, "sender": false}], "sum": {"start": 11.000465, "end": 12.000499, "seconds": 1.000033974647522, "bytes": 69316000, "bits_per_second": 554509160.7467159, "jitter_ms": 0.003942158846384972, "lost_packets": 136976, "packets": 187351, "lost_percent": 73.11196630922707, "omitted": false, "sender": false}}, {"streams": [{"socket": 629, "start": 12.000499, "end": 13.000107, "seconds": 0.9996079802513123, "bytes": 68696800, "bits_per_second": 549789928.5096054, "jitter_ms": 0.008810323149488321, "lost_packets": 134792, "packets": 184717, "lost_percent": 72.97216823573358, "omitted": false,