{
	"start":	{
		"connected":	[{
				"socket":	335,
				"local_host":	"100.124.11.206",
				"local_port":	42656,
				"remote_host":	"168.61.1.168",
				"remote_port":	5201
			}],
		"version":	"iperf 3.7",
		"system_info":	"Linux localhost 4.19.110-g9ceb3bf92e0a-ab6790968 #2 SMP PREEMPT Wed Aug 26 04:14:37 UTC 2020 aarch64",
		"timestamp":	{
			"time":	"2021-01-23 12:21:29 CST",
			"timesecs":	1611426089
		},
		"connecting_to":	{
			"host":	"168.61.1.168",
			"port":	5201
		},
		"cookie":	"jfd6stiu4gbqxupgdnrtivbifry2k6q6bscn",
		"tcp_mss_default":	1376,
		"target_bitrate":	3000000000,
		"sock_bufsize":	0,
		"sndbuf_actual":	2097152,
		"rcvbuf_actual":	6291456,
		"test_start":	{
			"protocol":	"TCP",
			"num_streams":	1,
			"blksize":	131072,
			"omit":	0,
			"duration":	30,
			"bytes":	0,
			"blocks":	0,
			"reverse":	1,
			"tos":	0
		}
	},
	"intervals":	[{
			"streams":	[{
					"socket":	335,
					"start":	0,
					"end":	1.000185,
					"seconds":	1.0001850128173828,
					"bytes":	16273952,
					"bits_per_second":	130167533.33792537,
					"omitted":	false,
					"sender":	false
				}],
			"sum":	{
				"start":	0,
				"end":	1.000185,
				"seconds":	1.0001850128173828,
				"bytes":	16273952,
				"bits_per_second":	130167533.33792537,
				"omitted":	false,
				"sender":	false
			}
		}, {
			"streams":	[{
					"socket":	335,
					"start":	1.000185,
					"end":	2.000152,
					"seconds":	0.99996697902679443,
					"bytes":	57313504,
					"bits_per_second":	458523172.88140583,
					"omitted":	false,
					"sender":	false
				}],
			"sum":	{
				"start":	1.000185,
				"end":	2.000152,
				"seconds":	0.99996697902679443,
				"bytes":	57313504,
				"bits_per_second":	458523172.88140583,
				"omitted":	false,
				"sender":	false
			}
		}, {
			"streams":	[{
					"socket":	335,
					"start":	2.000152,
					"end":	3.007569,
					"seconds":	1.0074169635772705,
					"bytes":	95370208,
					"bits_per_second":	757344467.66786015,
					"omitted":	false,
					"sender":	false
				}],
			"sum":	{
				"start":	2.000152,
				"end":	3.007569,
				"seconds":	1.0074169635772705,
				"bytes":	95370208,
				"bits_per_second":	757344467.66786015,
				"omitted":	false,
				"sender":	false
			}
		}, {
			"streams":	[{
					"socket":	335,
					"start":	3.007569,
					"end":	4.001927,
					"seconds":	0.99435800313949585,
					"bytes":	121887808,
					"bits_per_second":	980635204.74647951,
					"omitted":	false,
					"sender":	false
				}],
			"sum":	{
				"start":	3.007569,
				"end":	4.001927,
				"seconds":	0.99435800313949585,
				"bytes":	121887808,
				"bits_per_second":	980635204.74647951,
				"omitted":	false,
				"sender":	false
			}
		}, {
			"streams":	[{
					"socket":	335,
					"start":	4.001927,
					"end":	5.000456,
					"seconds":	0.99852901697158813,
					"bytes":	85781216,
					"bits_per_second":	687260676.79165542,
					"omitted":	false,
					"sender":	false
				}],
			"sum":	{
				"start":	4.001927,
				"end":	5.000456,
				"seconds":	0.99852901697158813,
				"bytes":	85781216,
				"bits_per_second":	687260676.79165542,
				"omitted":	false,
				"sender":	false
			}
		}, {
			"streams":	[{
					"socket":	335,
					"start":	5.000456,
					"end":	6.000101,
					"seconds":	0.99964499473571777,
					"bytes":	93759616,
					"bits_per_second":	750343303.8228761,
					"omitted":	false,
					"sender":	false
				}],
			"sum":	{
				"start":	5.000456,
				"end":	6.000101,
				"seconds":	0.99964499473571777,
				"bytes":	93759616,
				"bits_per_second":	750343303.8228761,
				"omitted":	false,
				"sender":	false
			}
		}, {
			"streams":	[{
					"socket":	335,
					"start":	6.000101,
					"end":	7.002047,
					"seconds":	1.001945972442627,
					"bytes":	97808128,
					"bits_per_second":	780945325.916568,
					"omitted":	false,
					"sender":	false
				}],
			"sum":	{
				"start":	6.000101,
				"end":	7.002047,
				"seconds":	1.001945972442627,
				"bytes":	97808128,
				"bits_per_second":	780945325.916568,
				"omitted":	false,
				"sender":	false
			}
		}, {
			"streams":	[{
					"socket":	335,
					"start":	7.002047,
					"end":	8.00034,
					"seconds":	0.99829298257827759,
					"bytes":	104605248,
					"bits_per_second":	838272930.49651587,
					"omitted":	false,
					"sender":	false
				}],
			"sum":	{
				"start":	7.002047,
				"end":	8.00034,
				"seconds":	0.99829298257827759,
				"bytes":	104605248,
				"bits_per_second":	838272930.49651587,
				"omitted":	false,
				"sender":	false
			}
		}, {
			"streams":	[{
					"socket":	335,
					"start":	8.00034,
					"end":	9.001159,
					"seconds":	1.0008189678192139,
					"bytes":	108133984,
					"bits_per_second":	864363985.71161473,
					"omitted":	false,
					"sender":	false
				}],
			"sum":	{
				"start":	8.00034,
				"end":	9.001159,
				"seconds":	1.0008189678192139,
				"bytes":	108133984,
				"bits_per_second":	864363985.71161473,
				"omitted":	false,
				"sender":	false
			}
		}, {
			"streams":	[{
					"socket":	335,
					"start":	9.001159,
					"end":	10.001535,
					"seconds":	1.0003759860992432,
					"bytes":	113711264,
					"bits_per_second":	909348209.713776,
					"omitted":	false,
					"sender":	false
				}],
			"sum":	{
				"start":	9.001159,
				"end":	10.001535,
				"seconds":	1.0003759860992432,
				"bytes":	113711264,
				"bits_per_second":	909348209.713776,
				"omitted":	false,
				"sender":	false
			}
		}, {
			"streams":	[{
					"socket":	335,
					"start":	10.001535,
					"end":	11.003592,
					"seconds":	1.0020569562911987,
					"bytes":	116052192,
					"bits_per_second":	926511741.843745,
					"omitted":	false,
					"sender":	false
				}],
			"sum":	{
				"start":	10.001535,
				"end":	11.003592,
				"seconds":	1.0020569562911987,
				"bytes":	116052192,
				"bits_per_second":	926511741.843745,
				"omitted":	false,
				"sender":	false
			}
		}, {
			"streams":	[{
					"socket":	335,
					"start":	11.003592,
					"end":	12.000038,
					"seconds":	0.99644601345062256,
					"bytes":	116730240,
					"bits_per_second":	937172618.88195133,
					"omitted":	false,
					"sender":	false
				}],
			"sum":	{
				"start":	11.003592,
				"end":	12.000038,
				"seconds":	0.99644601345062256,
				"bytes":	116730240,
				"bits_per_second":	937172618.88195133,
				"omitted":	false,
				"sender":	false
			}
		}, {
			"streams":	[{
					"socket":	335,
					"start":	12.000038,
					"end":	13.000218,
					"seconds":	1.0001800060272217,
					"bytes":	120461536,
					"bits_per_second":	963518848.79987431,
					"omitted":	false,
					"sender":	false
				}],
			"sum":	{
				"start":	12.000038,
				"end":	13.000218,
				"seconds":	1.0001800060272217,
				"bytes":	120461536,
				"bits_per_second":	963518848.79987431,
				"omitted":	false,
				"sender":	false
			}
		}, {
			"streams":	[{
					"socket":	335,
					"start":	13.000218,
					"end":	14.00016,
					"seconds":	0.99994200468063354,
					"bytes":	121564096,
					"bits_per_second":	972569172.45976281,
					"omitted":	false,
					"sender":	false
				}],
			"sum":	{
				"start":	13.000218,
				"end":	14.00016,
				"seconds":	0.99994200468063354,
				"bytes":	121564096,
				"bits_per_second":	972569172.45976281,
				"omitted":	false,
				"sender":	false
			}
		}, {
			"streams":	[{
					"socket":	335,
					"start":	14.00016,
					"end":	15.000222,
					"seconds":	1.0000619888305664,
					"bytes":	121954880,
					"bits_per_second":	975578565.02562845,
					"omitted":	false,
					"sender":	false
				}],
			"sum":	{
				"start":	14.00016,
				"end":	15.000222,
				"seconds":	1.0000619888305664,
				"bytes":	121954880,
				"bits_per_second":	975578565.02562845,
				"omitted":	false,
				"sender":	false
			}
		}, {
			"streams":	[{
					"socket":	335,
					"start":	15.000222,
					"end":	16.000646,
					"seconds":	1.0004240274429321,
					"bytes":	121769472,
					"bits_per_second":	973742882.29554689,
					"omitted":	false,
					"sender":	false
				}],
			"sum":	{
				"start":	15.000222,
				"end":	16.000646,
				"seconds":	1.0004240274429321,
				"bytes":	121769472,