{
	"start":	{
		"connected":	[{
				"socket":	275,
				"local_host":	"100.124.11.206",
				"local_port":	47540,
				"remote_host":	"65.52.60.247",
				"remote_port":	5201
			}],
		"version":	"iperf 3.7",
		"system_info":	"Linux localhost 4.19.110-g9ceb3bf92e0a-ab6790968 #2 SMP PREEMPT Wed Aug 26 04:14:37 UTC 2020 aarch64",
		"timestamp":	{
			"time":	"2021-01-23 12:01:41 CST",
			"timesecs":	1611424901
		},
		"connecting_to":	{
			"host":	"65.52.60.247",
			"port":	5201
		},
		"cookie":	"4yent76byca6iquwtqxltumrlblzmlsju4fz",
		"tcp_mss_default":	1376,
		"target_bitrate":	3000000000,
		"sock_bufsize":	0,
		"sndbuf_actual":	2097152,
		"rcvbuf_actual":	6291456,
		"test_start":	{
			"protocol":	"TCP",
			"num_streams":	1,
			"blksize":	131072,
			"omit":	0,
			"duration":	30,
			"bytes":	0,
			"blocks":	0,
			"reverse":	1,
			"tos":	0
		}
	},
	"intervals":	[{
			"streams":	[{
					"socket":	275,
					"start":	0,
					"end":	1.000528,
					"seconds":	1.0005279779434204,
					"bytes":	92473024,
					"bits_per_second":	739393808.37767494,
					"omitted":	false,
					"sender":	false
				}],
			"sum":	{
				"start":	0,
				"end":	1.000528,
				"seconds":	1.0005279779434204,
				"bytes":	92473024,
				"bits_per_second":	739393808.37767494,
				"omitted":	false,
				"sender":	false
			}
		}, {
			"streams":	[{
					"socket":	275,
					"start":	1.000528,
					"end":	2.001947,
					"seconds":	1.0014189481735229,
					"bytes":	108990048,
					"bits_per_second":	870684927.21281743,
					"omitted":	false,
					"sender":	false
				}],
			"sum":	{
				"start":	1.000528,
				"end":	2.001947,
				"seconds":	1.0014189481735229,
				"bytes":	108990048,
				"bits_per_second":	870684927.21281743,
				"omitted":	false,
				"sender":	false
			}
		}, {
			"streams":	[{
					"socket":	275,
					"start":	2.001947,
					"end":	3.000562,
					"seconds":	0.998615026473999,
					"bytes":	108438208,
					"bits_per_second":	868708802.69353449,
					"omitted":	false,
					"sender":	false
				}],
			"sum":	{
				"start":	2.001947,
				"end":	3.000562,
				"seconds":	0.998615026473999,
				"bytes":	108438208,
				"bits_per_second":	868708802.69353449,
				"omitted":	false,
				"sender":	false
			}
		}, {
			"streams":	[{
					"socket":	275,
					"start":	3.000562,
					"end":	4.002006,
					"seconds":	1.0014439821243286,
					"bytes":	106908672,
					"bits_per_second":	854036163.04702985,
					"omitted":	false,
					"sender":	false
				}],
			"sum":	{
				"start":	3.000562,
				"end":	4.002006,
				"seconds":	1.0014439821243286,
				"bytes":	106908672,
				"bits_per_second":	854036163.04702985,
				"omitted":	false,
				"sender":	false
			}
		}, {
			"streams":	[{
					"socket":	275,
					"start":	4.002006,
					"end":	5.001556,
					"seconds":	0.9995499849319458,
					"bytes":	108333568,
					"bits_per_second":	867058733.49496067,
					"omitted":	false,
					"sender":	false
				}],
			"sum":	{
				"start":	4.002006,
				"end":	5.001556,
				"seconds":	0.9995499849319458,
				"bytes":	108333568,
				"bits_per_second":	867058733.49496067,
				"omitted":	false,
				"sender":	false
			}
		}, {
			"streams":	[{
					"socket":	275,
					"start":	5.001556,
					"end":	6.001542,
					"seconds":	0.99998599290847778,
					"bytes":	105513312,
					"bits_per_second":	844118319.64255881,
					"omitted":	false,
					"sender":	false
				}],
			"sum":	{
				"start":	5.001556,
				"end":	6.001542,
				"seconds":	0.99998599290847778,
				"bytes":	105513312,
				"bits_per_second":	844118319.64255881,
				"omitted":	false,
				"sender":	false
			}
		}, {
			"streams":	[{
					"socket":	275,
					"start":	6.001542,
					"end":	7.000355,
					"seconds":	0.9988129734992981,
					"bytes":	104339456,
					"bits_per_second":	835707655.13348293,
					"omitted":	false,
					"sender":	false
				}],
			"sum":	{
				"start":	6.001542,
				"end":	7.000355,
				"seconds":	0.9988129734992981,
				"bytes":	104339456,
				"bits_per_second":	835707655.13348293,
				"omitted":	false,
				"sender":	false
			}
		}, {
			"streams":	[{
					"socket":	275,
					"start":	7.000355,
					"end":	8.000158,
					"seconds":	0.99980300664901733,
					"bytes":	88486624,
					"bits_per_second":	708032469.68880856,
					"omitted":	false,
					"sender":	false
				}],
			"sum":	{
				"start":	7.000355,
				"end":	8.000158,
				"seconds":	0.99980300664901733,
				"bytes":	88486624,
				"bits_per_second":	708032469.68880856,
				"omitted":	false,
				"sender":	false
			}
		}, {
			"streams":	[{
					"socket":	275,
					"start":	8.000158,
					"end":	9.041076,
					"seconds":	1.0409179925918579,
					"bytes":	95532352,
					"bits_per_second":	734216164.42330492,
					"omitted":	false,
					"sender":	false
				}],
			"sum":	{
				"start":	8.000158,
				"end":	9.041076,
				"seconds":	1.0409179925918579,
				"bytes":	95532352,
				"bits_per_second":	734216164.42330492,
				"omitted":	false,
				"sender":	false
			}
		}, {
			"streams":	[{
					"socket":	275,
					"start":	9.041076,
					"end":	10.000193,
					"seconds":	0.95911699533462524,
					"bytes":	93726368,
					"bits_per_second":	781772137.963627,
					"omitted":	false,
					"sender":	false
				}],
			"sum":	{
				"start":	9.041076,
				"end":	10.000193,
				"seconds":	0.95911699533462524,
				"bytes":	93726368,
				"bits_per_second":	781772137.963627,
				"omitted":	false,
				"sender":	false
			}
		}, {
			"streams":	[{
					"socket":	275,
					"start":	10.000193,
					"end":	11.000944,
					"seconds":	1.00075101852417,
					"bytes":	105710080,
					"bits_per_second":	845045994.8041265,
					"omitted":	false,
					"sender":	false
				}],
			"sum":	{
				"start":	10.000193,
				"end":	11.000944,
				"seconds":	1.00075101852417,
				"bytes":	105710080,
				"bits_per_second":	845045994.8041265,
				"omitted":	false,
				"sender":	false
			}
		}, {
			"streams":	[{
					"socket":	275,
					"start":	11.000944,
					"end":	12.002562,
					"seconds":	1.0016180276870728,
					"bytes":	106745536,
					"bits_per_second":	852584782.21679628,
					"omitted":	false,
					"sender":	false
				}],
			"sum":	{
				"start":	11.000944,
				"end":	12.002562,
				"seconds":	1.0016180276870728,
				"bytes":	106745536,
				"bits_per_second":	852584782.21679628,
				"omitted":	false,
				"sender":	false
			}
		}, {
			"streams":	[{
					"socket":	275,
					"start":	12.002562,
					"end":	13.000158,
					"seconds":	0.997596025466919,
					"bytes":	105251840,
					"bits_per_second":	844043779.75132763,
					"omitted":	false,
					"sender":	false
				}],
			"sum":	{
				"start":	12.002562,
				"end":	13.000158,
				"seconds":	0.997596025466919,
				"bytes":	105251840,
				"bits_per_second":	844043779.75132763,
				"omitted":	false,
				"sender":	false
			}
		}, {
			"streams":	[{
					"socket":	275,
					"start":	13.000158,
					"end":	14.001536,
					"seconds":	1.001378059387207,
					"bytes":	107086912,
					"bits_per_second":	855516343.67169416,
					"omitted":	false,
					"sender":	false
				}],
			"sum":	{
				"start":	13.000158,
				"end":	14.001536,
				"seconds":	1.001378059387207,
				"bytes":	107086912,
				"bits_per_second":	855516343.67169416,
				"omitted":	false,
				"sender":	false
			}
		}, {
			"streams":	[{
					"socket":	275,
					"start":	14.001536,
					"end":	15.002226,
					"seconds":	1.00068998336792,
					"bytes":	105381856,
					"bits_per_second":	842473555.25895894,
					"omitted":	false,
					"sender":	false
				}],
			"sum":	{
				"start":	14.001536,
				"end":	15.002226,
				"seconds":	1.00068998336792,
				"bytes":	105381856,
				"bits_per_second":	842473555.25895894,
				"omitted":	false,
				"sender":	false
			}
		}, {
			"streams":	[{
					"socket":	275,
					"start":	15.002226,
					"end":	16.001584,
					"seconds":	0.99935799837112427,
					"bytes":	104261824,
					"bits_per_second":	834630426.093061,
					"omitted":	false,
					"sender":	false
				}],
			"sum":	{
				"start":	15.002226,
				"end":	16.001584,
				"seconds":	0.99935799837112427,
				"bytes":	104261824,