{
	"start":	{
		"connected":	[{
				"socket":	348,
				"local_host":	"100.124.11.206",
				"local_port":	39862,
				"remote_host":	"52.247.225.34",
				"remote_port":	5201
			}],
		"version":	"iperf 3.7",
		"system_info":	"Linux localhost 4.19.110-g9ceb3bf92e0a-ab6790968 #2 SMP PREEMPT Wed Aug 26 04:14:37 UTC 2020 aarch64",
		"timestamp":	{
			"time":	"2021-01-23 12:25:07 CST",
			"timesecs":	1611426307
		},
		"connecting_to":	{
			"host":	"52.247.225.34",
			"port":	5201
		},
		"cookie":	"ce2m3hmvuzjl3rgawscg22ldyy7mv2bgdp6f",
		"tcp_mss_default":	1376,
		"target_bitrate":	3000000000,
		"sock_bufsize":	0,
		"sndbuf_actual":	2097152,
		"rcvbuf_actual":	6291456,
		"test_start":	{
			"protocol":	"TCP",
			"num_streams":	1,
			"blksize":	131072,
			"omit":	0,
			"duration":	30,
			"bytes":	0,
			"blocks":	0,
			"reverse":	1,
			"tos":	0
		}
	},
	"intervals":	[{
			"streams":	[{
					"socket":	348,
					"start":	0,
					"end":	1.001327,
					"seconds":	1.0013270378112793,
					"bytes":	3530816,
					"bits_per_second":	28209093.466348246,
					"omitted":	false,
					"sender":	false
				}],
			"sum":	{
				"start":	0,
				"end":	1.001327,
				"seconds":	1.0013270378112793,
				"bytes":	3530816,
				"bits_per_second":	28209093.466348246,
				"omitted":	false,
				"sender":	false
			}
		}, {
			"streams":	[{
					"socket":	348,
					"start":	1.001327,
					"end":	2.000481,
					"seconds":	0.99915397167205811,
					"bytes":	4798112,
					"bits_per_second":	38417398.207169086,
					"omitted":	false,
					"sender":	false
				}],
			"sum":	{
				"start":	1.001327,
				"end":	2.000481,
				"seconds":	0.99915397167205811,
				"bytes":	4798112,
				"bits_per_second":	38417398.207169086,
				"omitted":	false,
				"sender":	false
			}
		}, {
			"streams":	[{
					"socket":	348,
					"start":	2.000481,
					"end":	3.040296,
					"seconds":	1.0398149490356445,
					"bytes":	5228800,
					"bits_per_second":	40228696.499117233,
					"omitted":	false,
					"sender":	false
				}],
			"sum":	{
				"start":	2.000481,
				"end":	3.040296,
				"seconds":	1.0398149490356445,
				"bytes":	5228800,
				"bits_per_second":	40228696.499117233,
				"omitted":	false,
				"sender":	false
			}
		}, {
			"streams":	[{
					"socket":	348,
					"start":	3.040296,
					"end":	4.004356,
					"seconds":	0.96406000852584839,
					"bytes":	5103936,
					"bits_per_second":	42353678.857020266,
					"omitted":	false,
					"sender":	false
				}],
			"sum":	{
				"start":	3.040296,
				"end":	4.004356,
				"seconds":	0.96406000852584839,
				"bytes":	5103936,
				"bits_per_second":	42353678.857020266,
				"omitted":	false,
				"sender":	false
			}
		}, {
			"streams":	[{
					"socket":	348,
					"start":	4.004356,
					"end":	5.003482,
					"seconds":	0.99912601709365845,
					"bytes":	5419712,
					"bits_per_second":	43395623.03274066,
					"omitted":	false,
					"sender":	false
				}],
			"sum":	{
				"start":	4.004356,
				"end":	5.003482,
				"seconds":	0.99912601709365845,
				"bytes":	5419712,
				"bits_per_second":	43395623.03274066,
				"omitted":	false,
				"sender":	false
			}
		}, {
			"streams":	[{
					"socket":	348,
					"start":	5.003482,
					"end":	6.001196,
					"seconds":	0.99771398305892944,
					"bytes":	5663968,
					"bits_per_second":	45415564.750407718,
					"omitted":	false,
					"sender":	false
				}],
			"sum":	{
				"start":	5.003482,
				"end":	6.001196,
				"seconds":	0.99771398305892944,
				"bytes":	5663968,
				"bits_per_second":	45415564.750407718,
				"omitted":	false,
				"sender":	false
			}
		}, {
			"streams":	[{
					"socket":	348,
					"start":	6.001196,
					"end":	7.005304,
					"seconds":	1.00410795211792,
					"bytes":	6537024,
					"bits_per_second":	52082240.649219029,
					"omitted":	false,
					"sender":	false
				}],
			"sum":	{
				"start":	6.001196,
				"end":	7.005304,
				"seconds":	1.00410795211792,
				"bytes":	6537024,
				"bits_per_second":	52082240.649219029,
				"omitted":	false,
				"sender":	false
			}
		}, {
			"streams":	[{
					"socket":	348,
					"start":	7.005304,
					"end":	8.001651,
					"seconds":	0.99634701013565063,
					"bytes":	7029984,
					"bits_per_second":	56446068.917638496,
					"omitted":	false,
					"sender":	false
				}],
			"sum":	{
				"start":	7.005304,
				"end":	8.001651,
				"seconds":	0.99634701013565063,
				"bytes":	7029984,
				"bits_per_second":	56446068.917638496,
				"omitted":	false,
				"sender":	false
			}
		}, {
			"streams":	[{
					"socket":	348,
					"start":	8.001651,
					"end":	9.002561,
					"seconds":	1.0009100437164307,
					"bytes":	8873824,
					"bits_per_second":	70926046.197326854,
					"omitted":	false,
					"sender":	false
				}],
			"sum":	{
				"start":	8.001651,
				"end":	9.002561,
				"seconds":	1.0009100437164307,
				"bytes":	8873824,
				"bits_per_second":	70926046.197326854,
				"omitted":	false,
				"sender":	false
			}
		}, {
			"streams":	[{
					"socket":	348,
					"start":	9.002561,
					"end":	10.001368,
					"seconds":	0.99880701303482056,
					"bytes":	9787840,
					"bits_per_second":	78396245.6992382,
					"omitted":	false,
					"sender":	false
				}],
			"sum":	{
				"start":	9.002561,
				"end":	10.001368,
				"seconds":	0.99880701303482056,
				"bytes":	9787840,
				"bits_per_second":	78396245.6992382,
				"omitted":	false,
				"sender":	false
			}
		}, {
			"streams":	[{
					"socket":	348,
					"start":	10.001368,
					"end":	11.005794,
					"seconds":	1.0044260025024414,
					"bytes":	12309344,
					"bits_per_second":	98040823.071743056,
					"omitted":	false,
					"sender":	false
				}],
			"sum":	{
				"start":	10.001368,
				"end":	11.005794,
				"seconds":	1.0044260025024414,
				"bytes":	12309344,
				"bits_per_second":	98040823.071743056,
				"omitted":	false,
				"sender":	false
			}
		}, {
			"streams":	[{
					"socket":	348,
					"start":	11.005794,
					"end":	12.001968,
					"seconds":	0.99617397785186768,
					"bytes":	13837408,
					"bits_per_second":	111124428.52473418,
					"omitted":	false,
					"sender":	false
				}],
			"sum":	{
				"start":	11.005794,
				"end":	12.001968,
				"seconds":	0.99617397785186768,
				"bytes":	13837408,
				"bits_per_second":	111124428.52473418,
				"omitted":	false,
				"sender":	false
			}
		}, {
			"streams":	[{
					"socket":	348,
					"start":	12.001968,
					"end":	13.001304,
					"seconds":	0.99933600425720215,
					"bytes":	17587680,
					"bits_per_second":	140794927.23228976,
					"omitted":	false,
					"sender":	false
				}],
			"sum":	{
				"start":	12.001968,
				"end":	13.001304,
				"seconds":	0.99933600425720215,
				"bytes":	17587680,
				"bits_per_second":	140794927.23228976,
				"omitted":	false,
				"sender":	false
			}
		}, {
			"streams":	[{
					"socket":	348,
					"start":	13.001304,
					"end":	14.001515,
					"seconds":	1.0002110004425049,
					"bytes":	19659264,
					"bits_per_second":	157240934.09332642,
					"omitted":	false,
					"sender":	false
				}],
			"sum":	{
				"start":	13.001304,
				"end":	14.001515,
				"seconds":	1.0002110004425049,
				"bytes":	19659264,
				"bits_per_second":	157240934.09332642,
				"omitted":	false,
				"sender":	false
			}
		}, {
			"streams":	[{
					"socket":	348,
					"start":	14.001515,
					"end":	15.028804,
					"seconds":	1.0272890329360962,
					"bytes":	25011200,
					"bits_per_second":	194774395.11655608,
					"omitted":	false,
					"sender":	false
				}],
			"sum":	{
				"start":	14.001515,
				"end":	15.028804,
				"seconds":	1.0272890329360962,
				"bytes":	25011200,
				"bits_per_second":	194774395.11655608,
				"omitted":	false,
				"sender":	false
			}
		}, {
			"streams":	[{
					"socket":	348,
					"start":	15.028804,
					"end":	16.003733,
					"seconds":	0.97492897510528564,
					"bytes":	27557504,
					"bits_per_second":	226129325.96058273,
					"omitted":	false,
					"sender":	false
				}],
			"sum":	{
				"start":	15.028804,
				"end":	16.003733,
				"seconds":	0.97492897510528564,
				"bytes":	27557504,