{
	"start":	{
		"connected":	[{
				"socket":	328,
				"local_host":	"100.124.11.206",
				"local_port":	39870,
				"remote_host":	"52.247.225.34",
				"remote_port":	5201
			}],
		"version":	"iperf 3.7",
		"system_info":	"Linux localhost 4.19.110-g9ceb3bf92e0a-ab6790968 #2 SMP PREEMPT Wed Aug 26 04:14:37 UTC 2020 aarch64",
		"timestamp":	{
			"time":	"2021-01-23 12:26:55 CST",
			"timesecs":	1611426415
		},
		"connecting_to":	{
			"host":	"52.247.225.34",
			"port":	5201
		},
		"cookie":	"ddpjhktrgo7ze4n6m6phutbb26a3yrjnr6mk",
		"tcp_mss_default":	1376,
		"target_bitrate":	3000000000,
		"sock_bufsize":	0,
		"sndbuf_actual":	2097152,
		"rcvbuf_actual":	6291456,
		"test_start":	{
			"protocol":	"TCP",
			"num_streams":	1,
			"blksize":	131072,
			"omit":	0,
			"duration":	30,
			"bytes":	0,
			"blocks":	0,
			"reverse":	1,
			"tos":	0
		}
	},
	"intervals":	[{
			"streams":	[{
					"socket":	328,
					"start":	0,
					"end":	1.0054669999999999,
					"seconds":	1.0054670572280884,
					"bytes":	5593440,
					"bits_per_second":	44504212.92106948,
					"omitted":	false,
					"sender":	false
				}],
			"sum":	{
				"start":	0,
				"end":	1.0054669999999999,
				"seconds":	1.0054670572280884,
				"bytes":	5593440,
				"bits_per_second":	44504212.92106948,
				"omitted":	false,
				"sender":	false
			}
		}, {
			"streams":	[{
					"socket":	328,
					"start":	0,
					"end":	1.0054669999999999,
					"seconds":	1.0054670572280884,
					"bytes":	5593440,
					"bits_per_second":	44504212.92106948,
					"omitted":	false,
					"sender":	false
				}],
			"sum":	{
				"start":	0,
				"end":	1.0054669999999999,
				"seconds":	1.0054670572280884,
				"bytes":	5593440,
				"bits_per_second":	44504212.92106948,
				"omitted":	false,
				"sender":	false
			}
		}],
	"end":	{
	},
	"title":	"PXBMN-run60344-iPerf"
}
