{
	"start":	{
		"connected":	[{
				"socket":	213,
				"local_host":	"100.124.11.206",
				"local_port":	48626,
				"remote_host":	"20.55.202.130",
				"remote_port":	5201
			}],
		"version":	"iperf 3.7",
		"system_info":	"Linux localhost 4.19.110-g9ceb3bf92e0a-ab6790968 #2 SMP PREEMPT Wed Aug 26 04:14:37 UTC 2020 aarch64",
		"timestamp":	{
			"time":	"2021-01-23 11:42:45 CST",
			"timesecs":	1611423765
		},
		"connecting_to":	{
			"host":	"20.55.202.130",
			"port":	5201
		},
		"cookie":	"3srxcehnmuwd4opelmj4iwcatc3bguavjkfw",
		"tcp_mss_default":	1376,
		"target_bitrate":	3000000000,
		"sock_bufsize":	0,
		"sndbuf_actual":	2097152,
		"rcvbuf_actual":	6291456,
		"test_start":	{
			"protocol":	"TCP",
			"num_streams":	1,
			"blksize":	131072,
			"omit":	0,
			"duration":	30,
			"bytes":	0,
			"blocks":	0,
			"reverse":	1,
			"tos":	0
		}
	},
	"intervals":	[{
			"streams":	[{
					"socket":	213,
					"start":	0,
					"end":	1.02121,
					"seconds":	1.0212099552154541,
					"bytes":	1662208,
					"bits_per_second":	13021479.013289161,
					"omitted":	false,
					"sender":	false
				}],
			"sum":	{
				"start":	0,
				"end":	1.02121,
				"seconds":	1.0212099552154541,
				"bytes":	1662208,
				"bits_per_second":	13021479.013289161,
				"omitted":	false,
				"sender":	false
			}
		}, {
			"streams":	[{
					"socket":	213,
					"start":	1.02121,
					"end":	2.006554,
					"seconds":	0.98534399271011353,
					"bytes":	13443520,
					"bits_per_second":	109147831.41286221,
					"omitted":	false,
					"sender":	false
				}],
			"sum":	{
				"start":	1.02121,
				"end":	2.006554,
				"seconds":	0.98534399271011353,
				"bytes":	13443520,
				"bits_per_second":	109147831.41286221,
				"omitted":	false,
				"sender":	false
			}
		}, {
			"streams":	[{
					"socket":	213,
					"start":	2.006554,
					"end":	3.036264,
					"seconds":	1.029710054397583,
					"bytes":	18493440,
					"bits_per_second":	143678814.60238296,
					"omitted":	false,
					"sender":	false
				}],
			"sum":	{
				"start":	2.006554,
				"end":	3.036264,
				"seconds":	1.029710054397583,
				"bytes":	18493440,
				"bits_per_second":	143678814.60238296,
				"omitted":	false,
				"sender":	false
			}
		}, {
			"streams":	[{
					"socket":	213,
					"start":	3.036264,
					"end":	4.002322,
					"seconds":	0.96605801582336426,
					"bytes":	24911456,
					"bits_per_second":	206293664.28903875,
					"omitted":	false,
					"sender":	false
				}],
			"sum":	{
				"start":	3.036264,
				"end":	4.002322,
				"seconds":	0.96605801582336426,
				"bytes":	24911456,
				"bits_per_second":	206293664.28903875,
				"omitted":	false,
				"sender":	false
			}
		}, {
			"streams":	[{
					"socket":	213,
					"start":	4.002322,
					"end":	5.040098,
					"seconds":	1.037775993347168,
					"bytes":	39620192,
					"bits_per_second":	305423846.79539084,
					"omitted":	false,
					"sender":	false
				}],
			"sum":	{
				"start":	4.002322,
				"end":	5.040098,
				"seconds":	1.037775993347168,
				"bytes":	39620192,
				"bits_per_second":	305423846.79539084,
				"omitted":	false,
				"sender":	false
			}
		}, {
			"streams":	[{
					"socket":	213,
					"start":	5.040098,
					"end":	6.003933,
					"seconds":	0.96383500099182129,
					"bytes":	46119392,
					"bits_per_second":	382799063.76125765,
					"omitted":	false,
					"sender":	false
				}],
			"sum":	{
				"start":	5.040098,
				"end":	6.003933,
				"seconds":	0.96383500099182129,
				"bytes":	46119392,
				"bits_per_second":	382799063.76125765,
				"omitted":	false,
				"sender":	false
			}
		}, {
			"streams":	[{
					"socket":	213,
					"start":	6.003933,
					"end":	7.00059,
					"seconds":	0.99665701389312744,
					"bytes":	49637824,
					"bits_per_second":	398434553.17576456,
					"omitted":	false,
					"sender":	false
				}],
			"sum":	{
				"start":	6.003933,
				"end":	7.00059,
				"seconds":	0.99665701389312744,
				"bytes":	49637824,
				"bits_per_second":	398434553.17576456,
				"omitted":	false,
				"sender":	false
			}
		}, {
			"streams":	[{
					"socket":	213,
					"start":	7.00059,
					"end":	8.001597,
					"seconds":	1.0010069608688354,
					"bytes":	79172640,
					"bits_per_second":	632743971.58062673,
					"omitted":	false,
					"sender":	false
				}],
			"sum":	{
				"start":	7.00059,
				"end":	8.001597,
				"seconds":	1.0010069608688354,
				"bytes":	79172640,
				"bits_per_second":	632743971.58062673,
				"omitted":	false,
				"sender":	false
			}
		}, {
			"streams":	[{
					"socket":	213,
					"start":	8.001597,
					"end":	9.000045,
					"seconds":	0.99844801425933838,
					"bytes":	133894432,
					"bits_per_second":	1072820458.0531886,
					"omitted":	false,
					"sender":	false
				}],
			"sum":	{
				"start":	8.001597,
				"end":	9.000045,
				"seconds":	0.99844801425933838,
				"bytes":	133894432,
				"bits_per_second":	1072820458.0531886,
				"omitted":	false,
				"sender":	false
			}
		}, {
			"streams":	[{
					"socket":	213,
					"start":	9.000045,
					"end":	10.000594,
					"seconds":	1.0005489587783813,
					"bytes":	125588544,
					"bits_per_second":	1004157111.1389662,
					"omitted":	false,
					"sender":	false
				}],
			"sum":	{
				"start":	9.000045,
				"end":	10.000594,
				"seconds":	1.0005489587783813,
				"bytes":	125588544,
				"bits_per_second":	1004157111.1389662,
				"omitted":	false,
				"sender":	false
			}
		}, {
			"streams":	[{
					"socket":	213,
					"start":	10.000594,
					"end":	11.002419,
					"seconds":	1.0018249750137329,
					"bytes":	53354400,
					"bits_per_second":	426057655.42444074,
					"omitted":	false,
					"sender":	false
				}],
			"sum":	{
				"start":	10.000594,
				"end":	11.002419,
				"seconds":	1.0018249750137329,
				"bytes":	53354400,
				"bits_per_second":	426057655.42444074,
				"omitted":	false,
				"sender":	false
			}
		}, {
			"streams":	[{
					"socket":	213,
					"start":	11.002419,
					"end":	12.004211,
					"seconds":	1.0017919540405273,
					"bytes":	65839200,
					"bits_per_second":	525771441.74057907,
					"omitted":	false,
					"sender":	false
				}],
			"sum":	{
				"start":	11.002419,
				"end":	12.004211,
				"seconds":	1.0017919540405273,
				"bytes":	65839200,
				"bits_per_second":	525771441.74057907,
				"omitted":	false,
				"sender":	false
			}
		}, {
			"streams":	[{
					"socket":	213,
					"start":	12.004211,
					"end":	13.004897,
					"seconds":	1.0006860494613647,
					"bytes":	78264128,
					"bits_per_second":	625683773.98387372,
					"omitted":	false,
					"sender":	false
				}],
			"sum":	{
				"start":	12.004211,
				"end":	13.004897,
				"seconds":	1.0006860494613647,
				"bytes":	78264128,
				"bits_per_second":	625683773.98387372,
				"omitted":	false,
				"sender":	false
			}
		}, {
			"streams":	[{
					"socket":	213,
					"start":	13.004897,
					"end":	14.001664,
					"seconds":	0.996766984462738,
					"bytes":	80941824,
					"bits_per_second":	649634871.63353837,
					"omitted":	false,
					"sender":	false
				}],
			"sum":	{
				"start":	13.004897,
				"end":	14.001664,
				"seconds":	0.996766984462738,
				"bytes":	80941824,
				"bits_per_second":	649634871.63353837,
				"omitted":	false,
				"sender":	false
			}
		}, {
			"streams":	[{
					"socket":	213,
					"start":	14.001664,
					"end":	15.000564,
					"seconds":	0.99889999628067017,
					"bytes":	80290976,
					"bits_per_second":	643035149.055621,
					"omitted":	false,
					"sender":	false
				}],
			"sum":	{
				"start":	14.001664,
				"end":	15.000564,
				"seconds":	0.99889999628067017,
				"bytes":	80290976,
				"bits_per_second":	643035149.055621,
				"omitted":	false,
				"sender":	false
			}
		}, {
			"streams":	[{
					"socket":	213,
					"start":	15.000564,
					"end":	16.039634,
					"seconds":	1.0390700101852417,
					"bytes":	12334112,
					"bits_per_second":	94962702.255653545,
					"omitted":	false,
					"sender":	false
				}],
			"sum":	{
				"start":	15.000564,
				"end":	16.039634,
				"seconds":	1.0390700101852417,
				"bytes":	12334112,