{
	"start":	{
		"connected":	[{
				"socket":	281,
				"local_host":	"100.124.11.206",
				"local_port":	47550,
				"remote_host":	"65.52.60.247",
				"remote_port":	5201
			}],
		"version":	"iperf 3.7",
		"system_info":	"Linux localhost 4.19.110-g9ceb3bf92e0a-ab6790968 #2 SMP PREEMPT Wed Aug 26 04:14:37 UTC 2020 aarch64",
		"timestamp":	{
			"time":	"2021-01-23 12:03:23 CST",
			"timesecs":	1611425003
		},
		"connecting_to":	{
			"host":	"65.52.60.247",
			"port":	5201
		},
		"cookie":	"tzu4aj7mfg5fom4bb7qhnusoxvne7q4gleo5",
		"tcp_mss_default":	1376,
		"target_bitrate":	3000000000,
		"sock_bufsize":	0,
		"sndbuf_actual":	2097152,
		"rcvbuf_actual":	6291456,
		"test_start":	{
			"protocol":	"TCP",
			"num_streams":	1,
			"blksize":	131072,
			"omit":	0,
			"duration":	30,
			"bytes":	0,
			"blocks":	0,
			"reverse":	1,
			"tos":	0
		}
	},
	"intervals":	[{
			"streams":	[{
					"socket":	281,
					"start":	0,
					"end":	1.000748,
					"seconds":	1.0007480382919312,
					"bytes":	20662016,
					"bits_per_second":	165172572.59092522,
					"omitted":	false,
					"sender":	false
				}],
			"sum":	{
				"start":	0,
				"end":	1.000748,
				"seconds":	1.0007480382919312,
				"bytes":	20662016,
				"bits_per_second":	165172572.59092522,
				"omitted":	false,
				"sender":	false
			}
		}, {
			"streams":	[{
					"socket":	281,
					"start":	1.000748,
					"end":	2.004752,
					"seconds":	1.0040040016174316,
					"bytes":	24318048,
					"bits_per_second":	193768534.47455651,
					"omitted":	false,
					"sender":	false
				}],
			"sum":	{
				"start":	1.000748,
				"end":	2.004752,
				"seconds":	1.0040040016174316,
				"bytes":	24318048,
				"bits_per_second":	193768534.47455651,
				"omitted":	false,
				"sender":	false
			}
		}, {
			"streams":	[{
					"socket":	281,
					"start":	2.004752,
					"end":	3.000392,
					"seconds":	0.995639979839325,
					"bytes":	24726720,
					"bits_per_second":	198680008.84408331,
					"omitted":	false,
					"sender":	false
				}],
			"sum":	{
				"start":	2.004752,
				"end":	3.000392,
				"seconds":	0.995639979839325,
				"bytes":	24726720,
				"bits_per_second":	198680008.84408331,
				"omitted":	false,
				"sender":	false
			}
		}, {
			"streams":	[{
					"socket":	281,
					"start":	3.000392,
					"end":	4.000652,
					"seconds":	1.0002599954605103,
					"bytes":	25885312,
					"bits_per_second":	207028669.48573822,
					"omitted":	false,
					"sender":	false
				}],
			"sum":	{
				"start":	3.000392,
				"end":	4.000652,
				"seconds":	1.0002599954605103,
				"bytes":	25885312,
				"bits_per_second":	207028669.48573822,
				"omitted":	false,
				"sender":	false
			}
		}, {
			"streams":	[{
					"socket":	281,
					"start":	4.000652,
					"end":	5.000206,
					"seconds":	0.99955397844314575,
					"bytes":	28294688,
					"bits_per_second":	226458509.37691519,
					"omitted":	false,
					"sender":	false
				}],
			"sum":	{
				"start":	4.000652,
				"end":	5.000206,
				"seconds":	0.99955397844314575,
				"bytes":	28294688,
				"bits_per_second":	226458509.37691519,
				"omitted":	false,
				"sender":	false
			}
		}, {
			"streams":	[{
					"socket":	281,
					"start":	5.000206,
					"end":	6.000567,
					"seconds":	1.0003609657287598,
					"bytes":	28660704,
					"bits_per_second":	229202897.60903069,
					"omitted":	false,
					"sender":	false
				}],
			"sum":	{
				"start":	5.000206,
				"end":	6.000567,
				"seconds":	1.0003609657287598,
				"bytes":	28660704,
				"bits_per_second":	229202897.60903069,
				"omitted":	false,
				"sender":	false
			}
		}, {
			"streams":	[{
					"socket":	281,
					"start":	6.000567,
					"end":	7.000719,
					"seconds":	1.0001519918441772,
					"bytes":	30011936,
					"bits_per_second":	240059000.98972821,
					"omitted":	false,
					"sender":	false
				}],
			"sum":	{
				"start":	6.000567,
				"end":	7.000719,
				"seconds":	1.0001519918441772,
				"bytes":	30011936,
				"bits_per_second":	240059000.98972821,
				"omitted":	false,
				"sender":	false
			}
		}, {
			"streams":	[{
					"socket":	281,
					"start":	7.000719,
					"end":	8.001028,
					"seconds":	1.0003089904785156,
					"bytes":	31108960,
					"bits_per_second":	248794804.77422062,
					"omitted":	false,
					"sender":	false
				}],
			"sum":	{
				"start":	7.000719,
				"end":	8.001028,
				"seconds":	1.0003089904785156,
				"bytes":	31108960,
				"bits_per_second":	248794804.77422062,
				"omitted":	false,
				"sender":	false
			}
		}, {
			"streams":	[{
					"socket":	281,
					"start":	8.001028,
					"end":	9.001818,
					"seconds":	1.000789999961853,
					"bytes":	35702720,
					"bits_per_second":	285396296.93630731,
					"omitted":	false,
					"sender":	false
				}],
			"sum":	{
				"start":	8.001028,
				"end":	9.001818,
				"seconds":	1.000789999961853,
				"bytes":	35702720,
				"bits_per_second":	285396296.93630731,
				"omitted":	false,
				"sender":	false
			}
		}, {
			"streams":	[{
					"socket":	281,
					"start":	9.001818,
					"end":	10.00122,
					"seconds":	0.99940198659896851,
					"bytes":	39979680,
					"bits_per_second":	320028821.52398765,
					"omitted":	false,
					"sender":	false
				}],
			"sum":	{
				"start":	9.001818,
				"end":	10.00122,
				"seconds":	0.99940198659896851,
				"bytes":	39979680,
				"bits_per_second":	320028821.52398765,
				"omitted":	false,
				"sender":	false
			}
		}, {
			"streams":	[{
					"socket":	281,
					"start":	10.00122,
					"end":	11.000656,
					"seconds":	0.99943602085113525,
					"bytes":	46717952,
					"bits_per_second":	373954518.55108654,
					"omitted":	false,
					"sender":	false
				}],
			"sum":	{
				"start":	10.00122,
				"end":	11.000656,
				"seconds":	0.99943602085113525,
				"bytes":	46717952,
				"bits_per_second":	373954518.55108654,
				"omitted":	false,
				"sender":	false
			}
		}, {
			"streams":	[{
					"socket":	281,
					"start":	11.000656,
					"end":	12.002725,
					"seconds":	1.0020689964294434,
					"bytes":	53614816,
					"bits_per_second":	428032929.39739263,
					"omitted":	false,
					"sender":	false
				}],
			"sum":	{
				"start":	11.000656,
				"end":	12.002725,
				"seconds":	1.0020689964294434,
				"bytes":	53614816,
				"bits_per_second":	428032929.39739263,
				"omitted":	false,
				"sender":	false
			}
		}, {
			"streams":	[{
					"socket":	281,
					"start":	12.002725,
					"end":	13.001068,
					"seconds":	0.99834299087524414,
					"bytes":	63339680,
					"bits_per_second":	507558469.01450413,
					"omitted":	false,
					"sender":	false
				}],
			"sum":	{
				"start":	12.002725,
				"end":	13.001068,
				"seconds":	0.99834299087524414,
				"bytes":	63339680,
				"bits_per_second":	507558469.01450413,
				"omitted":	false,
				"sender":	false
			}
		}, {
			"streams":	[{
					"socket":	281,
					"start":	13.001068,
					"end":	14.000474,
					"seconds":	0.99940598011016846,
					"bytes":	74049440,
					"bits_per_second":	592747623.878234,
					"omitted":	false,
					"sender":	false
				}],
			"sum":	{
				"start":	13.001068,
				"end":	14.000474,
				"seconds":	0.99940598011016846,
				"bytes":	74049440,
				"bits_per_second":	592747623.878234,
				"omitted":	false,
				"sender":	false
			}
		}, {
			"streams":	[{
					"socket":	281,
					"start":	14.000474,
					"end":	15.001077,
					"seconds":	1.0006029605865479,
					"bytes":	86242528,
					"bits_per_second":	689524467.92238247,
					"omitted":	false,
					"sender":	false
				}],
			"sum":	{
				"start":	14.000474,
				"end":	15.001077,
				"seconds":	1.0006029605865479,
				"bytes":	86242528,
				"bits_per_second":	689524467.92238247,
				"omitted":	false,
				"sender":	false
			}
		}, {
			"streams":	[{
					"socket":	281,
					"start":	15.001077,
					"end":	16.002921,
					"seconds":	1.001844048500061,
					"bytes":	100041728,
					"bits_per_second":	798860686.1499474,
					"omitted":	false,
					"sender":	false
				}],
			"sum":	{
				"start":	15.001077,
				"end":	16.002921,
				"seconds":	1.001844048500061,
				"bytes":	100041728,