{
	"start":	{
		"connected":	[{
				"socket":	86,
				"local_host":	"100.124.11.206",
				"local_port":	42480,
				"remote_host":	"52.151.250.174",
				"remote_port":	5201
			}],
		"version":	"iperf 3.7",
		"system_info":	"Linux localhost 4.19.110-g9ceb3bf92e0a-ab6790968 #2 SMP PREEMPT Wed Aug 26 04:14:37 UTC 2020 aarch64",
		"timestamp":	{
			"time":	"2021-01-23 11:24:11 CST",
			"timesecs":	1611422651
		},
		"connecting_to":	{
			"host":	"52.151.250.174",
			"port":	5201
		},
		"cookie":	"xlpbrqwoos4zvmsdox3geq5fxwul336xq75e",
		"tcp_mss_default":	1376,
		"target_bitrate":	3000000000,
		"sock_bufsize":	0,
		"sndbuf_actual":	1048576,
		"rcvbuf_actual":	6291456,
		"test_start":	{
			"protocol":	"TCP",
			"num_streams":	1,
			"blksize":	131072,
			"omit":	0,
			"duration":	30,
			"bytes":	0,
			"blocks":	0,
			"reverse":	1,
			"tos":	0
		}
	},
	"intervals":	[{
			"streams":	[{
					"socket":	86,
					"start":	0,
					"end":	1.000646,
					"seconds":	1.0006459951400757,
					"bytes":	2712448,
					"bits_per_second":	21685575.223795682,
					"omitted":	false,
					"sender":	false
				}],
			"sum":	{
				"start":	0,
				"end":	1.000646,
				"seconds":	1.0006459951400757,
				"bytes":	2712448,
				"bits_per_second":	21685575.223795682,
				"omitted":	false,
				"sender":	false
			}
		}, {
			"streams":	[{
					"socket":	86,
					"start":	1.000646,
					"end":	2.004547,
					"seconds":	1.0039010047912598,
					"bytes":	9033088,
					"bits_per_second":	71983894.482729331,
					"omitted":	false,
					"sender":	false
				}],
			"sum":	{
				"start":	1.000646,
				"end":	2.004547,
				"seconds":	1.0039010047912598,
				"bytes":	9033088,
				"bits_per_second":	71983894.482729331,
				"omitted":	false,
				"sender":	false
			}
		}, {
			"streams":	[{
					"socket":	86,
					"start":	2.004547,
					"end":	3.002682,
					"seconds":	0.998134970664978,
					"bytes":	30791104,
					"bits_per_second":	246789100.912766,
					"omitted":	false,
					"sender":	false
				}],
			"sum":	{
				"start":	2.004547,
				"end":	3.002682,
				"seconds":	0.998134970664978,
				"bytes":	30791104,
				"bits_per_second":	246789100.912766,
				"omitted":	false,
				"sender":	false
			}
		}, {
			"streams":	[{
					"socket":	86,
					"start":	3.002682,
					"end":	4.000573,
					"seconds":	0.99789100885391235,
					"bytes":	90810496,
					"bits_per_second":	728019354.37255216,
					"omitted":	false,
					"sender":	false
				}],
			"sum":	{
				"start":	3.002682,
				"end":	4.000573,
				"seconds":	0.99789100885391235,
				"bytes":	90810496,
				"bits_per_second":	728019354.37255216,
				"omitted":	false,
				"sender":	false
			}
		}, {
			"streams":	[{
					"socket":	86,
					"start":	4.000573,
					"end":	5.000809,
					"seconds":	1.0002360343933105,
					"bytes":	175961504,
					"bits_per_second":	1407359846.672421,
					"omitted":	false,
					"sender":	false
				}],
			"sum":	{
				"start":	4.000573,
				"end":	5.000809,
				"seconds":	1.0002360343933105,
				"bytes":	175961504,
				"bits_per_second":	1407359846.672421,
				"omitted":	false,
				"sender":	false
			}
		}, {
			"streams":	[{
					"socket":	86,
					"start":	5.000809,
					"end":	6.003946,
					"seconds":	1.0031369924545288,
					"bytes":	143314176,
					"bits_per_second":	1142928051.3269181,
					"omitted":	false,
					"sender":	false
				}],
			"sum":	{
				"start":	5.000809,
				"end":	6.003946,
				"seconds":	1.0031369924545288,
				"bytes":	143314176,
				"bits_per_second":	1142928051.3269181,
				"omitted":	false,
				"sender":	false
			}
		}, {
			"streams":	[{
					"socket":	86,
					"start":	6.003946,
					"end":	7.000109,
					"seconds":	0.996163010597229,
					"bytes":	157387584,
					"bits_per_second":	1263950436.4302106,
					"omitted":	false,
					"sender":	false
				}],
			"sum":	{
				"start":	6.003946,
				"end":	7.000109,
				"seconds":	0.996163010597229,
				"bytes":	157387584,
				"bits_per_second":	1263950436.4302106,
				"omitted":	false,
				"sender":	false
			}
		}, {
			"streams":	[{
					"socket":	86,
					"start":	7.000109,
					"end":	8.004944,
					"seconds":	1.0048350095748901,
					"bytes":	175010336,
					"bits_per_second":	1393345847.4862704,
					"omitted":	false,
					"sender":	false
				}],
			"sum":	{
				"start":	7.000109,
				"end":	8.004944,
				"seconds":	1.0048350095748901,
				"bytes":	175010336,
				"bits_per_second":	1393345847.4862704,
				"omitted":	false,
				"sender":	false
			}
		}, {
			"streams":	[{
					"socket":	86,
					"start":	8.004944,
					"end":	9.002941,
					"seconds":	0.997996985912323,
					"bytes":	174632288,
					"bits_per_second":	1399862247.8031569,
					"omitted":	false,
					"sender":	false
				}],
			"sum":	{
				"start":	8.004944,
				"end":	9.002941,
				"seconds":	0.997996985912323,
				"bytes":	174632288,
				"bits_per_second":	1399862247.8031569,
				"omitted":	false,
				"sender":	false
			}
		}, {
			"streams":	[{
					"socket":	86,
					"start":	9.002941,
					"end":	10.002067,
					"seconds":	0.99912601709365845,
					"bytes":	175556960,
					"bits_per_second":	1405684223.9834754,
					"omitted":	false,
					"sender":	false
				}],
			"sum":	{
				"start":	9.002941,
				"end":	10.002067,
				"seconds":	0.99912601709365845,
				"bytes":	175556960,
				"bits_per_second":	1405684223.9834754,
				"omitted":	false,
				"sender":	false
			}
		}, {
			"streams":	[{
					"socket":	86,
					"start":	10.002067,
					"end":	11.000191,
					"seconds":	0.99812400341033936,
					"bytes":	172732032,
					"bits_per_second":	1384453486.0183141,
					"omitted":	false,
					"sender":	false
				}],
			"sum":	{
				"start":	10.002067,
				"end":	11.000191,
				"seconds":	0.99812400341033936,
				"bytes":	172732032,
				"bits_per_second":	1384453486.0183141,
				"omitted":	false,
				"sender":	false
			}
		}, {
			"streams":	[{
					"socket":	86,
					"start":	11.000191,
					"end":	12.000492,
					"seconds":	1.0003010034561157,
					"bytes":	173370496,
					"bits_per_second":	1386546612.6775186,
					"omitted":	false,
					"sender":	false
				}],
			"sum":	{
				"start":	11.000191,
				"end":	12.000492,
				"seconds":	1.0003010034561157,
				"bytes":	173370496,
				"bits_per_second":	1386546612.6775186,
				"omitted":	false,
				"sender":	false
			}
		}, {
			"streams":	[{
					"socket":	86,
					"start":	12.000492,
					"end":	13.002369,
					"seconds":	1.0018769502639771,
					"bytes":	173647072,
					"bits_per_second":	1386574045.4793139,
					"omitted":	false,
					"sender":	false
				}],
			"sum":	{
				"start":	12.000492,
				"end":	13.002369,
				"seconds":	1.0018769502639771,
				"bytes":	173647072,
				"bits_per_second":	1386574045.4793139,
				"omitted":	false,
				"sender":	false
			}
		}, {
			"streams":	[{
					"socket":	86,
					"start":	13.002369,
					"end":	14.003642,
					"seconds":	1.0012730360031128,
					"bytes":	173695232,
					"bits_per_second":	1387795142.8182473,
					"omitted":	false,
					"sender":	false
				}],
			"sum":	{
				"start":	13.002369,
				"end":	14.003642,
				"seconds":	1.0012730360031128,
				"bytes":	173695232,
				"bits_per_second":	1387795142.8182473,
				"omitted":	false,
				"sender":	false
			}
		}, {
			"streams":	[{
					"socket":	86,
					"start":	14.003642,
					"end":	15.00019,
					"seconds":	0.99654799699783325,
					"bytes":	174646048,
					"bits_per_second":	1402008120.2401311,
					"omitted":	false,
					"sender":	false
				}],
			"sum":	{
				"start":	14.003642,
				"end":	15.00019,
				"seconds":	0.99654799699783325,
				"bytes":	174646048,
				"bits_per_second":	1402008120.2401311,
				"omitted":	false,
				"sender":	false
			}
		}, {
			"streams":	[{
					"socket":	86,
					"start":	15.00019,
					"end":	16.002046,
					"seconds":	1.0018559694290161,
					"bytes":	172927424,
					"bits_per_second":	1380856564.4305606,
					"omitted":	false,
					"sender":	false
				}],
			"sum":	{
				"start":	15.00019,
				"end":	16.002046,
				"seconds":	1.0018559694290161,
				"bytes":	172927424,