{
	"start":	{
		"connected":	[{
				"socket":	349,
				"local_host":	"100.124.11.206",
				"local_port":	39858,
				"remote_host":	"52.247.225.34",
				"remote_port":	5201
			}],
		"version":	"iperf 3.7",
		"system_info":	"Linux localhost 4.19.110-g9ceb3bf92e0a-ab6790968 #2 SMP PREEMPT Wed Aug 26 04:14:37 UTC 2020 aarch64",
		"timestamp":	{
			"time":	"2021-01-23 12:24:22 CST",
			"timesecs":	1611426262
		},
		"connecting_to":	{
			"host":	"52.247.225.34",
			"port":	5201
		},
		"cookie":	"j246bblttlu6sdk4gb6fjozjeiue4xjhi5kk",
		"tcp_mss_default":	1376,
		"target_bitrate":	3000000000,
		"sock_bufsize":	0,
		"sndbuf_actual":	2097152,
		"rcvbuf_actual":	6291456,
		"test_start":	{
			"protocol":	"TCP",
			"num_streams":	1,
			"blksize":	131072,
			"omit":	0,
			"duration":	30,
			"bytes":	0,
			"blocks":	0,
			"reverse":	1,
			"tos":	0
		}
	},
	"intervals":	[{
			"streams":	[{
					"socket":	349,
					"start":	0,
					"end":	1.02212,
					"seconds":	1.0221199989318848,
					"bytes":	17282144,
					"bits_per_second":	135265088.38930723,
					"omitted":	false,
					"sender":	false
				}],
			"sum":	{
				"start":	0,
				"end":	1.02212,
				"seconds":	1.0221199989318848,
				"bytes":	17282144,
				"bits_per_second":	135265088.38930723,
				"omitted":	false,
				"sender":	false
			}
		}, {
			"streams":	[{
					"socket":	349,
					"start":	1.02212,
					"end":	2.000572,
					"seconds":	0.97845202684402466,
					"bytes":	33075296,
					"bits_per_second":	270429577.27163088,
					"omitted":	false,
					"sender":	false
				}],
			"sum":	{
				"start":	1.02212,
				"end":	2.000572,
				"seconds":	0.97845202684402466,
				"bytes":	33075296,
				"bits_per_second":	270429577.27163088,
				"omitted":	false,
				"sender":	false
			}
		}, {
			"streams":	[{
					"socket":	349,
					"start":	2.000572,
					"end":	3.001266,
					"seconds":	1.0006940364837646,
					"bytes":	38621856,
					"bits_per_second":	308760556.90875781,
					"omitted":	false,
					"sender":	false
				}],
			"sum":	{
				"start":	2.000572,
				"end":	3.001266,
				"seconds":	1.0006940364837646,
				"bytes":	38621856,
				"bits_per_second":	308760556.90875781,
				"omitted":	false,
				"sender":	false
			}
		}, {
			"streams":	[{
					"socket":	349,
					"start":	3.001266,
					"end":	4.001761,
					"seconds":	1.0004949569702148,
					"bytes":	45875040,
					"bits_per_second":	366818760.49768609,
					"omitted":	false,
					"sender":	false
				}],
			"sum":	{
				"start":	3.001266,
				"end":	4.001761,
				"seconds":	1.0004949569702148,
				"bytes":	45875040,
				"bits_per_second":	366818760.49768609,
				"omitted":	false,
				"sender":	false
			}
		}, {
			"streams":	[{
					"socket":	349,
					"start":	4.001761,
					"end":	5.000786,
					"seconds":	0.99902498722076416,
					"bytes":	45226400,
					"bits_per_second":	362164314.83514744,
					"omitted":	false,
					"sender":	false
				}],
			"sum":	{
				"start":	4.001761,
				"end":	5.000786,
				"seconds":	0.99902498722076416,
				"bytes":	45226400,
				"bits_per_second":	362164314.83514744,
				"omitted":	false,
				"sender":	false
			}
		}, {
			"streams":	[{
					"socket":	349,
					"start":	5.000786,
					"end":	6.000972,
					"seconds":	1.0001859664916992,
					"bytes":	45198240,
					"bits_per_second":	361518689.63760442,
					"omitted":	false,
					"sender":	false
				}],
			"sum":	{
				"start":	5.000786,
				"end":	6.000972,
				"seconds":	1.0001859664916992,
				"bytes":	45198240,
				"bits_per_second":	361518689.63760442,
				"omitted":	false,
				"sender":	false
			}
		}, {
			"streams":	[{
					"socket":	349,
					"start":	6.000972,
					"end":	7.000144,
					"seconds":	0.99917197227478027,
					"bytes":	44980800,
					"bits_per_second":	360144609.72193819,
					"omitted":	false,
					"sender":	false
				}],
			"sum":	{
				"start":	6.000972,
				"end":	7.000144,
				"seconds":	0.99917197227478027,
				"bytes":	44980800,
				"bits_per_second":	360144609.72193819,
				"omitted":	false,
				"sender":	false
			}
		}, {
			"streams":	[{
					"socket":	349,
					"start":	7.000144,
					"end":	8.002423,
					"seconds":	1.0022790431976318,
					"bytes":	45192544,
					"bits_per_second":	360718259.50441486,
					"omitted":	false,
					"sender":	false
				}],
			"sum":	{
				"start":	7.000144,
				"end":	8.002423,
				"seconds":	1.0022790431976318,
				"bytes":	45192544,
				"bits_per_second":	360718259.50441486,
				"omitted":	false,
				"sender":	false
			}
		}, {
			"streams":	[{
					"socket":	349,
					"start":	8.002423,
					"end":	9.022671,
					"seconds":	1.0202480554580688,
					"bytes":	36326176,
					"bits_per_second":	284841913.14584059,
					"omitted":	false,
					"sender":	false
				}],
			"sum":	{
				"start":	8.002423,
				"end":	9.022671,
				"seconds":	1.0202480554580688,
				"bytes":	36326176,
				"bits_per_second":	284841913.14584059,
				"omitted":	false,
				"sender":	false
			}
		}, {
			"streams":	[{
					"socket":	349,
					"start":	9.022671,
					"end":	10.001025,
					"seconds":	0.97835397720336914,
					"bytes":	33074688,
					"bits_per_second":	270451707.833144,
					"omitted":	false,
					"sender":	false
				}],
			"sum":	{
				"start":	9.022671,
				"end":	10.001025,
				"seconds":	0.97835397720336914,
				"bytes":	33074688,
				"bits_per_second":	270451707.833144,
				"omitted":	false,
				"sender":	false
			}
		}, {
			"streams":	[{
					"socket":	349,
					"start":	10.001025,
					"end":	11.010603,
					"seconds":	1.0095779895782471,
					"bytes":	35738112,
					"bits_per_second":	283192481.36484957,
					"omitted":	false,
					"sender":	false
				}],
			"sum":	{
				"start":	10.001025,
				"end":	11.010603,
				"seconds":	1.0095779895782471,
				"bytes":	35738112,
				"bits_per_second":	283192481.36484957,
				"omitted":	false,
				"sender":	false
			}
		}, {
			"streams":	[{
					"socket":	349,
					"start":	11.010603,
					"end":	12.001538,
					"seconds":	0.99093502759933472,
					"bytes":	43795072,
					"bits_per_second":	353565638.75715721,
					"omitted":	false,
					"sender":	false
				}],
			"sum":	{
				"start":	11.010603,
				"end":	12.001538,
				"seconds":	0.99093502759933472,
				"bytes":	43795072,
				"bits_per_second":	353565638.75715721,
				"omitted":	false,
				"sender":	false
			}
		}, {
			"streams":	[{
					"socket":	349,
					"start":	12.001538,
					"end":	13.004608,
					"seconds":	1.0030699968338013,
					"bytes":	44951360,
					"bits_per_second":	358510254.653329,
					"omitted":	false,
					"sender":	false
				}],
			"sum":	{
				"start":	12.001538,
				"end":	13.004608,
				"seconds":	1.0030699968338013,
				"bytes":	44951360,
				"bits_per_second":	358510254.653329,
				"omitted":	false,
				"sender":	false
			}
		}, {
			"streams":	[{
					"socket":	349,
					"start":	13.004608,
					"end":	14.002668,
					"seconds":	0.99805998802185059,
					"bytes":	44114944,
					"bits_per_second":	353605551.00448883,
					"omitted":	false,
					"sender":	false
				}],
			"sum":	{
				"start":	13.004608,
				"end":	14.002668,
				"seconds":	0.99805998802185059,
				"bytes":	44114944,
				"bits_per_second":	353605551.00448883,
				"omitted":	false,
				"sender":	false
			}
		}, {
			"streams":	[{
					"socket":	349,
					"start":	14.002668,
					"end":	15.001559,
					"seconds":	0.99889099597930908,
					"bytes":	44610112,
					"bits_per_second":	357277117.76009679,
					"omitted":	false,
					"sender":	false
				}],
			"sum":	{
				"start":	14.002668,
				"end":	15.001559,
				"seconds":	0.99889099597930908,
				"bytes":	44610112,
				"bits_per_second":	357277117.76009679,
				"omitted":	false,
				"sender":	false
			}
		}, {
			"streams":	[{
					"socket":	349,
					"start":	15.001559,
					"end":	16.000663,
					"seconds":	0.99910402297973633,
					"bytes":	44694912,
					"bits_per_second":	357879948.209609,
					"omitted":	false,
					"sender":	false
				}],
			"sum":	{
				"start":	15.001559,
				"end":	16.000663,
				"seconds":	0.99910402297973633,
				"bytes":	44694912,