{
	"start":	{
		"connected":	[{
				"socket":	328,
				"local_host":	"100.124.11.206",
				"local_port":	49786,
				"remote_host":	"13.78.148.8",
				"remote_port":	5201
			}],
		"version":	"iperf 3.7",
		"system_info":	"Linux localhost 4.19.110-g9ceb3bf92e0a-ab6790968 #2 SMP PREEMPT Wed Aug 26 04:14:37 UTC 2020 aarch64",
		"timestamp":	{
			"time":	"2021-01-23 12:15:09 CST",
			"timesecs":	1611425709
		},
		"connecting_to":	{
			"host":	"13.78.148.8",
			"port":	5201
		},
		"cookie":	"fy777pih7lqngxsqfgwamc455oz4ijf5ou5z",
		"tcp_mss_default":	1376,
		"target_bitrate":	3000000000,
		"sock_bufsize":	0,
		"sndbuf_actual":	2097152,
		"rcvbuf_actual":	6291456,
		"test_start":	{
			"protocol":	"TCP",
			"num_streams":	1,
			"blksize":	131072,
			"omit":	0,
			"duration":	30,
			"bytes":	0,
			"blocks":	0,
			"reverse":	1,
			"tos":	0
		}
	},
	"intervals":	[{
			"streams":	[{
					"socket":	328,
					"start":	0,
					"end":	1.037973,
					"seconds":	1.0379730463027954,
					"bytes":	5450336,
					"bits_per_second":	42007533.967582732,
					"omitted":	false,
					"sender":	false
				}],
			"sum":	{
				"start":	0,
				"end":	1.037973,
				"seconds":	1.0379730463027954,
				"bytes":	5450336,
				"bits_per_second":	42007533.967582732,
				"omitted":	false,
				"sender":	false
			}
		}, {
			"streams":	[{
					"socket":	328,
					"start":	1.037973,
					"end":	2.011396,
					"seconds":	0.97342300415039062,
					"bytes":	13427008,
					"bits_per_second":	110348803.69788814,
					"omitted":	false,
					"sender":	false
				}],
			"sum":	{
				"start":	1.037973,
				"end":	2.011396,
				"seconds":	0.97342300415039062,
				"bytes":	13427008,
				"bits_per_second":	110348803.69788814,
				"omitted":	false,
				"sender":	false
			}
		}, {
			"streams":	[{
					"socket":	328,
					"start":	2.011396,
					"end":	3.000097,
					"seconds":	0.9887009859085083,
					"bytes":	44652576,
					"bits_per_second":	361302975.41046065,
					"omitted":	false,
					"sender":	false
				}],
			"sum":	{
				"start":	2.011396,
				"end":	3.000097,
				"seconds":	0.9887009859085083,
				"bytes":	44652576,
				"bits_per_second":	361302975.41046065,
				"omitted":	false,
				"sender":	false
			}
		}, {
			"streams":	[{
					"socket":	328,
					"start":	3.000097,
					"end":	4.007826,
					"seconds":	1.0077290534973145,
					"bytes":	114262016,
					"bits_per_second":	907085217.824809,
					"omitted":	false,
					"sender":	false
				}],
			"sum":	{
				"start":	3.000097,
				"end":	4.007826,
				"seconds":	1.0077290534973145,
				"bytes":	114262016,
				"bits_per_second":	907085217.824809,
				"omitted":	false,
				"sender":	false
			}
		}, {
			"streams":	[{
					"socket":	328,
					"start":	4.007826,
					"end":	5.000793,
					"seconds":	0.99296700954437256,
					"bytes":	166749184,
					"bits_per_second":	1343441885.9616585,
					"omitted":	false,
					"sender":	false
				}],
			"sum":	{
				"start":	4.007826,
				"end":	5.000793,
				"seconds":	0.99296700954437256,
				"bytes":	166749184,
				"bits_per_second":	1343441885.9616585,
				"omitted":	false,
				"sender":	false
			}
		}, {
			"streams":	[{
					"socket":	328,
					"start":	5.000793,
					"end":	6.007776,
					"seconds":	1.0069830417633057,
					"bytes":	161932832,
					"bits_per_second":	1286479118.5872843,
					"omitted":	false,
					"sender":	false
				}],
			"sum":	{
				"start":	5.000793,
				"end":	6.007776,
				"seconds":	1.0069830417633057,
				"bytes":	161932832,
				"bits_per_second":	1286479118.5872843,
				"omitted":	false,
				"sender":	false
			}
		}, {
			"streams":	[{
					"socket":	328,
					"start":	6.007776,
					"end":	7.002125,
					"seconds":	0.99434900283813477,
					"bytes":	139492352,
					"bits_per_second":	1122280821.7384598,
					"omitted":	false,
					"sender":	false
				}],
			"sum":	{
				"start":	6.007776,
				"end":	7.002125,
				"seconds":	0.99434900283813477,
				"bytes":	139492352,
				"bits_per_second":	1122280821.7384598,
				"omitted":	false,
				"sender":	false
			}
		}, {
			"streams":	[{
					"socket":	328,
					"start":	7.002125,
					"end":	8.009067,
					"seconds":	1.0069420337677002,
					"bytes":	135696992,
					"bits_per_second":	1078091786.4140337,
					"omitted":	false,
					"sender":	false
				}],
			"sum":	{
				"start":	7.002125,
				"end":	8.009067,
				"seconds":	1.0069420337677002,
				"bytes":	135696992,
				"bits_per_second":	1078091786.4140337,
				"omitted":	false,
				"sender":	false
			}
		}, {
			"streams":	[{
					"socket":	328,
					"start":	8.009067,
					"end":	9.000348,
					"seconds":	0.99128097295761108,
					"bytes":	167471232,
					"bits_per_second":	1351554092.6833577,
					"omitted":	false,
					"sender":	false
				}],
			"sum":	{
				"start":	8.009067,
				"end":	9.000348,
				"seconds":	0.99128097295761108,
				"bytes":	167471232,
				"bits_per_second":	1351554092.6833577,
				"omitted":	false,
				"sender":	false
			}
		}, {
			"streams":	[{
					"socket":	328,
					"start":	9.000348,
					"end":	10.008703,
					"seconds":	1.0083550214767456,
					"bytes":	167045376,
					"bits_per_second":	1325290180.0824907,
					"omitted":	false,
					"sender":	false
				}],
			"sum":	{
				"start":	9.000348,
				"end":	10.008703,
				"seconds":	1.0083550214767456,
				"bytes":	167045376,
				"bits_per_second":	1325290180.0824907,
				"omitted":	false,
				"sender":	false
			}
		}, {
			"streams":	[{
					"socket":	328,
					"start":	10.008703,
					"end":	11.000488,
					"seconds":	0.99178498983383179,
					"bytes":	165759840,
					"bits_per_second":	1337062703.7037306,
					"omitted":	false,
					"sender":	false
				}],
			"sum":	{
				"start":	10.008703,
				"end":	11.000488,
				"seconds":	0.99178498983383179,
				"bytes":	165759840,
				"bits_per_second":	1337062703.7037306,
				"omitted":	false,
				"sender":	false
			}
		}, {
			"streams":	[{
					"socket":	328,
					"start":	11.000488,
					"end":	12.000833,
					"seconds":	1.00034499168396,
					"bytes":	166866144,
					"bits_per_second":	1334468771.3713727,
					"omitted":	false,
					"sender":	false
				}],
			"sum":	{
				"start":	11.000488,
				"end":	12.000833,
				"seconds":	1.00034499168396,
				"bytes":	166866144,
				"bits_per_second":	1334468771.3713727,
				"omitted":	false,
				"sender":	false
			}
		}, {
			"streams":	[{
					"socket":	328,
					"start":	12.000833,
					"end":	13.000644,
					"seconds":	0.99981099367141724,
					"bytes":	157981312,
					"bits_per_second":	1264089416.8996885,
					"omitted":	false,
					"sender":	false
				}],
			"sum":	{
				"start":	12.000833,
				"end":	13.000644,
				"seconds":	0.99981099367141724,
				"bytes":	157981312,
				"bits_per_second":	1264089416.8996885,
				"omitted":	false,
				"sender":	false
			}
		}, {
			"streams":	[{
					"socket":	328,
					"start":	13.000644,
					"end":	14.005963,
					"seconds":	1.0053189992904663,
					"bytes":	167142720,
					"bits_per_second":	1330067133.8587329,
					"omitted":	false,
					"sender":	false
				}],
			"sum":	{
				"start":	13.000644,
				"end":	14.005963,
				"seconds":	1.0053189992904663,
				"bytes":	167142720,
				"bits_per_second":	1330067133.8587329,
				"omitted":	false,
				"sender":	false
			}
		}, {
			"streams":	[{
					"socket":	328,
					"start":	14.005963,
					"end":	15.000623,
					"seconds":	0.99466001987457275,
					"bytes":	164887456,
					"bits_per_second":	1326181430.4814818,
					"omitted":	false,
					"sender":	false
				}],
			"sum":	{
				"start":	14.005963,
				"end":	15.000623,
				"seconds":	0.99466001987457275,
				"bytes":	164887456,
				"bits_per_second":	1326181430.4814818,
				"omitted":	false,
				"sender":	false
			}
		}, {
			"streams":	[{
					"socket":	328,
					"start":	15.000623,
					"end":	16.012788,
					"seconds":	1.0121649503707886,
					"bytes":	163397248,
					"bits_per_second":	1291467347.8084166,
					"omitted":	false,
					"sender":	false
				}],
			"sum":	{
				"start":	15.000623,
				"end":	16.012788,
				"seconds":	1.0121649503707886,