{
	"start":	{
		"connected":	[{
				"socket":	218,
				"local_host":	"100.124.11.206",
				"local_port":	48616,
				"remote_host":	"20.55.202.130",
				"remote_port":	5201
			}],
		"version":	"iperf 3.7",
		"system_info":	"Linux localhost 4.19.110-g9ceb3bf92e0a-ab6790968 #2 SMP PREEMPT Wed Aug 26 04:14:37 UTC 2020 aarch64",
		"timestamp":	{
			"time":	"2021-01-23 11:41:05 CST",
			"timesecs":	1611423665
		},
		"connecting_to":	{
			"host":	"20.55.202.130",
			"port":	5201
		},
		"cookie":	"e4svj5fgnwqxiyskjq5v2yej7iv3t7x6amdn",
		"tcp_mss_default":	1376,
		"target_bitrate":	3000000000,
		"sock_bufsize":	0,
		"sndbuf_actual":	2097152,
		"rcvbuf_actual":	6291456,
		"test_start":	{
			"protocol":	"TCP",
			"num_streams":	1,
			"blksize":	131072,
			"omit":	0,
			"duration":	30,
			"bytes":	0,
			"blocks":	0,
			"reverse":	1,
			"tos":	0
		}
	},
	"intervals":	[{
			"streams":	[{
					"socket":	218,
					"start":	0,
					"end":	1.000076,
					"seconds":	1.0000760555267334,
					"bytes":	7135936,
					"bits_per_second":	57083146.511224486,
					"omitted":	false,
					"sender":	false
				}],
			"sum":	{
				"start":	0,
				"end":	1.000076,
				"seconds":	1.0000760555267334,
				"bytes":	7135936,
				"bits_per_second":	57083146.511224486,
				"omitted":	false,
				"sender":	false
			}
		}, {
			"streams":	[{
					"socket":	218,
					"start":	1.000076,
					"end":	2.001689,
					"seconds":	1.0016130208969116,
					"bytes":	24362432,
					"bits_per_second":	194585585.38453695,
					"omitted":	false,
					"sender":	false
				}],
			"sum":	{
				"start":	1.000076,
				"end":	2.001689,
				"seconds":	1.0016130208969116,
				"bytes":	24362432,
				"bits_per_second":	194585585.38453695,
				"omitted":	false,
				"sender":	false
			}
		}, {
			"streams":	[{
					"socket":	218,
					"start":	2.001689,
					"end":	3.005005,
					"seconds":	1.0033160448074341,
					"bytes":	54395360,
					"bits_per_second":	433724629.69384742,
					"omitted":	false,
					"sender":	false
				}],
			"sum":	{
				"start":	2.001689,
				"end":	3.005005,
				"seconds":	1.0033160448074341,
				"bytes":	54395360,
				"bits_per_second":	433724629.69384742,
				"omitted":	false,
				"sender":	false
			}
		}, {
			"streams":	[{
					"socket":	218,
					"start":	3.005005,
					"end":	4.0007,
					"seconds":	0.99569499492645264,
					"bytes":	57292480,
					"bits_per_second":	460321526.507076,
					"omitted":	false,
					"sender":	false
				}],
			"sum":	{
				"start":	3.005005,
				"end":	4.0007,
				"seconds":	0.99569499492645264,
				"bytes":	57292480,
				"bits_per_second":	460321526.507076,
				"omitted":	false,
				"sender":	false
			}
		}, {
			"streams":	[{
					"socket":	218,
					"start":	4.0007,
					"end":	5.007398,
					"seconds":	1.0066980123519897,
					"bytes":	57816480,
					"bits_per_second":	459454408.69538218,
					"omitted":	false,
					"sender":	false
				}],
			"sum":	{
				"start":	4.0007,
				"end":	5.007398,
				"seconds":	1.0066980123519897,
				"bytes":	57816480,
				"bits_per_second":	459454408.69538218,
				"omitted":	false,
				"sender":	false
			}
		}, {
			"streams":	[{
					"socket":	218,
					"start":	5.007398,
					"end":	6.00623,
					"seconds":	0.99883198738098145,
					"bytes":	56360768,
					"bits_per_second":	451413400.5482344,
					"omitted":	false,
					"sender":	false
				}],
			"sum":	{
				"start":	5.007398,
				"end":	6.00623,
				"seconds":	0.99883198738098145,
				"bytes":	56360768,
				"bits_per_second":	451413400.5482344,
				"omitted":	false,
				"sender":	false
			}
		}, {
			"streams":	[{
					"socket":	218,
					"start":	6.00623,
					"end":	7.000484,
					"seconds":	0.99425399303436279,
					"bytes":	55610944,
					"bits_per_second":	447458652.53429669,
					"omitted":	false,
					"sender":	false
				}],
			"sum":	{
				"start":	6.00623,
				"end":	7.000484,
				"seconds":	0.99425399303436279,
				"bytes":	55610944,
				"bits_per_second":	447458652.53429669,
				"omitted":	false,
				"sender":	false
			}
		}, {
			"streams":	[{
					"socket":	218,
					"start":	7.000484,
					"end":	8.010405,
					"seconds":	1.0099209547042847,
					"bytes":	56848736,
					"bits_per_second":	450322261.24386853,
					"omitted":	false,
					"sender":	false
				}],
			"sum":	{
				"start":	7.000484,
				"end":	8.010405,
				"seconds":	1.0099209547042847,
				"bytes":	56848736,
				"bits_per_second":	450322261.24386853,
				"omitted":	false,
				"sender":	false
			}
		}, {
			"streams":	[{
					"socket":	218,
					"start":	8.010405,
					"end":	9.00651,
					"seconds":	0.99610501527786255,
					"bytes":	56665504,
					"bits_per_second":	455096626.40695137,
					"omitted":	false,
					"sender":	false
				}],
			"sum":	{
				"start":	8.010405,
				"end":	9.00651,
				"seconds":	0.99610501527786255,
				"bytes":	56665504,
				"bits_per_second":	455096626.40695137,
				"omitted":	false,
				"sender":	false
			}
		}, {
			"streams":	[{
					"socket":	218,
					"start":	9.00651,
					"end":	10.0008,
					"seconds":	0.99428999423980713,
					"bytes":	8215200,
					"bits_per_second":	66099025.818164855,
					"omitted":	false,
					"sender":	false
				}],
			"sum":	{
				"start":	9.00651,
				"end":	10.0008,
				"seconds":	0.99428999423980713,
				"bytes":	8215200,
				"bits_per_second":	66099025.818164855,
				"omitted":	false,
				"sender":	false
			}
		}, {
			"streams":	[{
					"socket":	218,
					"start":	10.0008,
					"end":	11.001215,
					"seconds":	1.0004149675369263,
					"bytes":	0,
					"bits_per_second":	0,
					"omitted":	false,
					"sender":	false
				}],
			"sum":	{
				"start":	10.0008,
				"end":	11.001215,
				"seconds":	1.0004149675369263,
				"bytes":	0,
				"bits_per_second":	0,
				"omitted":	false,
				"sender":	false
			}
		}, {
			"streams":	[{
					"socket":	218,
					"start":	11.001215,
					"end":	12.040135,
					"seconds":	1.0389200448989868,
					"bytes":	20640,
					"bits_per_second":	158934.27103531771,
					"omitted":	false,
					"sender":	false
				}],
			"sum":	{
				"start":	11.001215,
				"end":	12.040135,
				"seconds":	1.0389200448989868,
				"bytes":	20640,
				"bits_per_second":	158934.27103531771,
				"omitted":	false,
				"sender":	false
			}
		}, {
			"streams":	[{
					"socket":	218,
					"start":	12.040135,
					"end":	13.009258,
					"seconds":	0.96912300586700439,
					"bytes":	1216384,
					"bits_per_second":	10041111.335804388,
					"omitted":	false,
					"sender":	false
				}],
			"sum":	{
				"start":	12.040135,
				"end":	13.009258,
				"seconds":	0.96912300586700439,
				"bytes":	1216384,
				"bits_per_second":	10041111.335804388,
				"omitted":	false,
				"sender":	false
			}
		}, {
			"streams":	[{
					"socket":	218,
					"start":	13.009258,
					"end":	14.000032,
					"seconds":	0.99077397584915161,
					"bytes":	12938752,
					"bits_per_second":	104473894.67540851,
					"omitted":	false,
					"sender":	false
				}],
			"sum":	{
				"start":	13.009258,
				"end":	14.000032,
				"seconds":	0.99077397584915161,
				"bytes":	12938752,
				"bits_per_second":	104473894.67540851,
				"omitted":	false,
				"sender":	false
			}
		}, {
			"streams":	[{
					"socket":	218,
					"start":	14.000032,
					"end":	15.010273,
					"seconds":	1.0102410316467285,
					"bytes":	18854592,
					"bits_per_second":	149307671.41197067,
					"omitted":	false,
					"sender":	false
				}],
			"sum":	{
				"start":	14.000032,
				"end":	15.010273,
				"seconds":	1.0102410316467285,
				"bytes":	18854592,
				"bits_per_second":	149307671.41197067,
				"omitted":	false,
				"sender":	false
			}
		}, {
			"streams":	[{
					"socket":	218,
					"start":	15.010273,
					"end":	16.00984,
					"seconds":	0.99956697225570679,
					"bytes":	16384000,
					"bits_per_second":	131128782.40085496,
					"omitted":	false,
					"sender":	false
				}],
			"sum":	{
				"start":	15.010273,
				"end":	16.00984,
				"seconds":	0.99956697225570679,
				"bytes":	16384000,
				"bits_per_second":	131128782.40085496,
				"omitted":	false,