{
	"start":	{
		"connected":	[{
				"socket":	294,
				"local_host":	"100.124.11.206",
				"local_port":	49778,
				"remote_host":	"13.78.148.8",
				"remote_port":	5201
			}],
		"version":	"iperf 3.7",
		"system_info":	"Linux localhost 4.19.110-g9ceb3bf92e0a-ab6790968 #2 SMP PREEMPT Wed Aug 26 04:14:37 UTC 2020 aarch64",
		"timestamp":	{
			"time":	"2021-01-23 12:14:29 CST",
			"timesecs":	1611425669
		},
		"connecting_to":	{
			"host":	"13.78.148.8",
			"port":	5201
		},
		"cookie":	"h2gj47gzwdc2xkcdfgdr2ere7gzdrucknapp",
		"tcp_mss_default":	1376,
		"target_bitrate":	3000000000,
		"sock_bufsize":	0,
		"sndbuf_actual":	2097152,
		"rcvbuf_actual":	6291456,
		"test_start":	{
			"protocol":	"TCP",
			"num_streams":	1,
			"blksize":	131072,
			"omit":	0,
			"duration":	30,
			"bytes":	0,
			"blocks":	0,
			"reverse":	1,
			"tos":	0
		}
	},
	"intervals":	[{
			"streams":	[{
					"socket":	294,
					"start":	0,
					"end":	1.001259,
					"seconds":	1.0012589693069458,
					"bytes":	5490240,
					"bits_per_second":	43866693.179689564,
					"omitted":	false,
					"sender":	false
				}],
			"sum":	{
				"start":	0,
				"end":	1.001259,
				"seconds":	1.0012589693069458,
				"bytes":	5490240,
				"bits_per_second":	43866693.179689564,
				"omitted":	false,
				"sender":	false
			}
		}, {
			"streams":	[{
					"socket":	294,
					"start":	1.001259,
					"end":	2.001579,
					"seconds":	1.0003199577331543,
					"bytes":	20962336,
					"bits_per_second":	167645048.67025292,
					"omitted":	false,
					"sender":	false
				}],
			"sum":	{
				"start":	1.001259,
				"end":	2.001579,
				"seconds":	1.0003199577331543,
				"bytes":	20962336,
				"bits_per_second":	167645048.67025292,
				"omitted":	false,
				"sender":	false
			}
		}, {
			"streams":	[{
					"socket":	294,
					"start":	2.001579,
					"end":	3.001714,
					"seconds":	1.0001349449157715,
					"bytes":	55938528,
					"bits_per_second":	447447843.18848878,
					"omitted":	false,
					"sender":	false
				}],
			"sum":	{
				"start":	2.001579,
				"end":	3.001714,
				"seconds":	1.0001349449157715,
				"bytes":	55938528,
				"bits_per_second":	447447843.18848878,
				"omitted":	false,
				"sender":	false
			}
		}, {
			"streams":	[{
					"socket":	294,
					"start":	3.001714,
					"end":	4.005222,
					"seconds":	1.0035079717636108,
					"bytes":	134122496,
					"bits_per_second":	1069229142.3597721,
					"omitted":	false,
					"sender":	false
				}],
			"sum":	{
				"start":	3.001714,
				"end":	4.005222,
				"seconds":	1.0035079717636108,
				"bytes":	134122496,
				"bits_per_second":	1069229142.3597721,
				"omitted":	false,
				"sender":	false
			}
		}, {
			"streams":	[{
					"socket":	294,
					"start":	4.005222,
					"end":	5.001633,
					"seconds":	0.9964110255241394,
					"bytes":	163129280,
					"bits_per_second":	1309734844.9285939,
					"omitted":	false,
					"sender":	false
				}],
			"sum":	{
				"start":	4.005222,
				"end":	5.001633,
				"seconds":	0.9964110255241394,
				"bytes":	163129280,
				"bits_per_second":	1309734844.9285939,
				"omitted":	false,
				"sender":	false
			}
		}, {
			"streams":	[{
					"socket":	294,
					"start":	5.001633,
					"end":	6.001582,
					"seconds":	0.99994897842407227,
					"bytes":	165907072,
					"bits_per_second":	1327324298.1774602,
					"omitted":	false,
					"sender":	false
				}],
			"sum":	{
				"start":	5.001633,
				"end":	6.001582,
				"seconds":	0.99994897842407227,
				"bytes":	165907072,
				"bits_per_second":	1327324298.1774602,
				"omitted":	false,
				"sender":	false
			}
		}, {
			"streams":	[{
					"socket":	294,
					"start":	6.001582,
					"end":	7.001581,
					"seconds":	0.99999898672103882,
					"bytes":	161854752,
					"bits_per_second":	1294839328.0334492,
					"omitted":	false,
					"sender":	false
				}],
			"sum":	{
				"start":	6.001582,
				"end":	7.001581,
				"seconds":	0.99999898672103882,
				"bytes":	161854752,
				"bits_per_second":	1294839328.0334492,
				"omitted":	false,
				"sender":	false
			}
		}, {
			"streams":	[{
					"socket":	294,
					"start":	7.001581,
					"end":	8.00085,
					"seconds":	0.99926900863647461,
					"bytes":	167010624,
					"bits_per_second":	1337062373.0471923,
					"omitted":	false,
					"sender":	false
				}],
			"sum":	{
				"start":	7.001581,
				"end":	8.00085,
				"seconds":	0.99926900863647461,
				"bytes":	167010624,
				"bits_per_second":	1337062373.0471923,
				"omitted":	false,
				"sender":	false
			}
		}, {
			"streams":	[{
					"socket":	294,
					"start":	8.00085,
					"end":	9.000162,
					"seconds":	0.99931198358535767,
					"bytes":	163966912,
					"bits_per_second":	1312638412.7744789,
					"omitted":	false,
					"sender":	false
				}],
			"sum":	{
				"start":	8.00085,
				"end":	9.000162,
				"seconds":	0.99931198358535767,
				"bytes":	163966912,
				"bits_per_second":	1312638412.7744789,
				"omitted":	false,
				"sender":	false
			}
		}, {
			"streams":	[{
					"socket":	294,
					"start":	9.000162,
					"end":	10.000887,
					"seconds":	1.0007250308990479,
					"bytes":	156876384,
					"bits_per_second":	1254101809.4376059,
					"omitted":	false,
					"sender":	false
				}],
			"sum":	{
				"start":	9.000162,
				"end":	10.000887,
				"seconds":	1.0007250308990479,
				"bytes":	156876384,
				"bits_per_second":	1254101809.4376059,
				"omitted":	false,
				"sender":	false
			}
		}, {
			"streams":	[{
					"socket":	294,
					"start":	10.000887,
					"end":	11.000737,
					"seconds":	0.99984997510910034,
					"bytes":	164427520,
					"bits_per_second":	1315617535.3772106,
					"omitted":	false,
					"sender":	false
				}],
			"sum":	{
				"start":	10.000887,
				"end":	11.000737,
				"seconds":	0.99984997510910034,
				"bytes":	164427520,
				"bits_per_second":	1315617535.3772106,
				"omitted":	false,
				"sender":	false
			}
		}, {
			"streams":	[{
					"socket":	294,
					"start":	11.000737,
					"end":	12.000066,
					"seconds":	0.99932897090911865,
					"bytes":	166135840,
					"bits_per_second":	1329979174.7165012,
					"omitted":	false,
					"sender":	false
				}],
			"sum":	{
				"start":	11.000737,
				"end":	12.000066,
				"seconds":	0.99932897090911865,
				"bytes":	166135840,
				"bits_per_second":	1329979174.7165012,
				"omitted":	false,
				"sender":	false
			}
		}, {
			"streams":	[{
					"socket":	294,
					"start":	12.000066,
					"end":	13.003884,
					"seconds":	1.0038180351257324,
					"bytes":	155766976,
					"bits_per_second":	1241396114.0316794,
					"omitted":	false,
					"sender":	false
				}],
			"sum":	{
				"start":	12.000066,
				"end":	13.003884,
				"seconds":	1.0038180351257324,
				"bytes":	155766976,
				"bits_per_second":	1241396114.0316794,
				"omitted":	false,
				"sender":	false
			}
		}, {
			"streams":	[{
					"socket":	294,
					"start":	13.003884,
					"end":	14.001859,
					"seconds":	0.99797499179840088,
					"bytes":	154802752,
					"bits_per_second":	1240934919.3894143,
					"omitted":	false,
					"sender":	false
				}],
			"sum":	{
				"start":	13.003884,
				"end":	14.001859,
				"seconds":	0.99797499179840088,
				"bytes":	154802752,
				"bits_per_second":	1240934919.3894143,
				"omitted":	false,
				"sender":	false
			}
		}, {
			"streams":	[{
					"socket":	294,
					"start":	14.001859,
					"end":	15.001873,
					"seconds":	1.0000139474868774,
					"bytes":	151405760,
					"bits_per_second":	1211229186.3968172,
					"omitted":	false,
					"sender":	false
				}],
			"sum":	{
				"start":	14.001859,
				"end":	15.001873,
				"seconds":	1.0000139474868774,
				"bytes":	151405760,
				"bits_per_second":	1211229186.3968172,
				"omitted":	false,
				"sender":	false
			}
		}, {
			"streams":	[{
					"socket":	294,
					"start":	15.001873,
					"end":	16.002616,
					"seconds":	1.00074303150177,
					"bytes":	164045344,
					"bits_per_second":	1311388349.1455307,
					"omitted":	false,
					"sender":	false
				}],
			"sum":	{
				"start":	15.001873,
				"end":	16.002616,
				"seconds":	1.00074303150177,