{
	"start":	{
		"connected":	[{
				"socket":	332,
				"local_host":	"100.124.11.206",
				"local_port":	42640,
				"remote_host":	"168.61.1.168",
				"remote_port":	5201
			}],
		"version":	"iperf 3.7",
		"system_info":	"Linux localhost 4.19.110-g9ceb3bf92e0a-ab6790968 #2 SMP PREEMPT Wed Aug 26 04:14:37 UTC 2020 aarch64",
		"timestamp":	{
			"time":	"2021-01-23 12:19:04 CST",
			"timesecs":	1611425944
		},
		"connecting_to":	{
			"host":	"168.61.1.168",
			"port":	5201
		},
		"cookie":	"xcwdb7zrvrwxbynxc4wzv5g3y7v255avvrdo",
		"tcp_mss_default":	1376,
		"target_bitrate":	3000000000,
		"sock_bufsize":	0,
		"sndbuf_actual":	2097152,
		"rcvbuf_actual":	6291456,
		"test_start":	{
			"protocol":	"TCP",
			"num_streams":	1,
			"blksize":	131072,
			"omit":	0,
			"duration":	30,
			"bytes":	0,
			"blocks":	0,
			"reverse":	1,
			"tos":	0
		}
	},
	"intervals":	[{
			"streams":	[{
					"socket":	332,
					"start":	0,
					"end":	1.010571,
					"seconds":	1.0105710029602051,
					"bytes":	13388480,
					"bits_per_second":	105987446.39046185,
					"omitted":	false,
					"sender":	false
				}],
			"sum":	{
				"start":	0,
				"end":	1.010571,
				"seconds":	1.0105710029602051,
				"bytes":	13388480,
				"bits_per_second":	105987446.39046185,
				"omitted":	false,
				"sender":	false
			}
		}, {
			"streams":	[{
					"socket":	332,
					"start":	1.010571,
					"end":	2.000588,
					"seconds":	0.99001699686050415,
					"bytes":	24714336,
					"bits_per_second":	199708377.35815004,
					"omitted":	false,
					"sender":	false
				}],
			"sum":	{
				"start":	1.010571,
				"end":	2.000588,
				"seconds":	0.99001699686050415,
				"bytes":	24714336,
				"bits_per_second":	199708377.35815004,
				"omitted":	false,
				"sender":	false
			}
		}, {
			"streams":	[{
					"socket":	332,
					"start":	2.000588,
					"end":	3.014917,
					"seconds":	1.0143289566040039,
					"bytes":	26665504,
					"bits_per_second":	210310501.94427422,
					"omitted":	false,
					"sender":	false
				}],
			"sum":	{
				"start":	2.000588,
				"end":	3.014917,
				"seconds":	1.0143289566040039,
				"bytes":	26665504,
				"bits_per_second":	210310501.94427422,
				"omitted":	false,
				"sender":	false
			}
		}, {
			"streams":	[{
					"socket":	332,
					"start":	3.014917,
					"end":	4.000786,
					"seconds":	0.98586899042129517,
					"bytes":	24934496,
					"bits_per_second":	202335168.19994223,
					"omitted":	false,
					"sender":	false
				}],
			"sum":	{
				"start":	3.014917,
				"end":	4.000786,
				"seconds":	0.98586899042129517,
				"bytes":	24934496,
				"bits_per_second":	202335168.19994223,
				"omitted":	false,
				"sender":	false
			}
		}, {
			"streams":	[{
					"socket":	332,
					"start":	4.000786,
					"end":	5.018986,
					"seconds":	1.0182000398635864,
					"bytes":	24843680,
					"bits_per_second":	195196849.55681941,
					"omitted":	false,
					"sender":	false
				}],
			"sum":	{
				"start":	4.000786,
				"end":	5.018986,
				"seconds":	1.0182000398635864,
				"bytes":	24843680,
				"bits_per_second":	195196849.55681941,
				"omitted":	false,
				"sender":	false
			}
		}, {
			"streams":	[{
					"socket":	332,
					"start":	5.018986,
					"end":	6.001135,
					"seconds":	0.98214900493621826,
					"bytes":	25387200,
					"bits_per_second":	206788989.22591624,
					"omitted":	false,
					"sender":	false
				}],
			"sum":	{
				"start":	5.018986,
				"end":	6.001135,
				"seconds":	0.98214900493621826,
				"bytes":	25387200,
				"bits_per_second":	206788989.22591624,
				"omitted":	false,
				"sender":	false
			}
		}, {
			"streams":	[{
					"socket":	332,
					"start":	6.001135,
					"end":	7.017049,
					"seconds":	1.0159139633178711,
					"bytes":	25740832,
					"bits_per_second":	202700881.60562789,
					"omitted":	false,
					"sender":	false
				}],
			"sum":	{
				"start":	6.001135,
				"end":	7.017049,
				"seconds":	1.0159139633178711,
				"bytes":	25740832,
				"bits_per_second":	202700881.60562789,
				"omitted":	false,
				"sender":	false
			}
		}, {
			"streams":	[{
					"socket":	332,
					"start":	7.017049,
					"end":	8.000902,
					"seconds":	0.98385298252105713,
					"bytes":	24542336,
					"bits_per_second":	199561003.00361472,
					"omitted":	false,
					"sender":	false
				}],
			"sum":	{
				"start":	7.017049,
				"end":	8.000902,
				"seconds":	0.98385298252105713,
				"bytes":	24542336,
				"bits_per_second":	199561003.00361472,
				"omitted":	false,
				"sender":	false
			}
		}, {
			"streams":	[{
					"socket":	332,
					"start":	8.000902,
					"end":	9.004006,
					"seconds":	1.0031039714813232,
					"bytes":	29929376,
					"bits_per_second":	238694108.29509217,
					"omitted":	false,
					"sender":	false
				}],
			"sum":	{
				"start":	8.000902,
				"end":	9.004006,
				"seconds":	1.0031039714813232,
				"bytes":	29929376,
				"bits_per_second":	238694108.29509217,
				"omitted":	false,
				"sender":	false
			}
		}, {
			"streams":	[{
					"socket":	332,
					"start":	9.004006,
					"end":	10.00104,
					"seconds":	0.99703401327133179,
					"bytes":	29257888,
					"bits_per_second":	234759397.25669351,
					"omitted":	false,
					"sender":	false
				}],
			"sum":	{
				"start":	9.004006,
				"end":	10.00104,
				"seconds":	0.99703401327133179,
				"bytes":	29257888,
				"bits_per_second":	234759397.25669351,
				"omitted":	false,
				"sender":	false
			}
		}, {
			"streams":	[{
					"socket":	332,
					"start":	10.00104,
					"end":	11.037842,
					"seconds":	1.0368020534515381,
					"bytes":	33281312,
					"bits_per_second":	256799738.30457407,
					"omitted":	false,
					"sender":	false
				}],
			"sum":	{
				"start":	10.00104,
				"end":	11.037842,
				"seconds":	1.0368020534515381,
				"bytes":	33281312,
				"bits_per_second":	256799738.30457407,
				"omitted":	false,
				"sender":	false
			}
		}, {
			"streams":	[{
					"socket":	332,
					"start":	11.037842,
					"end":	12.001421,
					"seconds":	0.963578999042511,
					"bytes":	32868352,
					"bits_per_second":	272885582.04494387,
					"omitted":	false,
					"sender":	false
				}],
			"sum":	{
				"start":	11.037842,
				"end":	12.001421,
				"seconds":	0.963578999042511,
				"bytes":	32868352,
				"bits_per_second":	272885582.04494387,
				"omitted":	false,
				"sender":	false
			}
		}, {
			"streams":	[{
					"socket":	332,
					"start":	12.001421,
					"end":	13.023146,
					"seconds":	1.021725058555603,
					"bytes":	35651904,
					"bits_per_second":	279150667.40479517,
					"omitted":	false,
					"sender":	false
				}],
			"sum":	{
				"start":	12.001421,
				"end":	13.023146,
				"seconds":	1.021725058555603,
				"bytes":	35651904,
				"bits_per_second":	279150667.40479517,
				"omitted":	false,
				"sender":	false
			}
		}, {
			"streams":	[{
					"socket":	332,
					"start":	13.023146,
					"end":	14.003292,
					"seconds":	0.98014599084854126,
					"bytes":	33190624,
					"bits_per_second":	270903512.82274508,
					"omitted":	false,
					"sender":	false
				}],
			"sum":	{
				"start":	13.023146,
				"end":	14.003292,
				"seconds":	0.98014599084854126,
				"bytes":	33190624,
				"bits_per_second":	270903512.82274508,
				"omitted":	false,
				"sender":	false
			}
		}, {
			"streams":	[{
					"socket":	332,
					"start":	14.003292,
					"end":	15.01377,
					"seconds":	1.0104780197143555,
					"bytes":	35622176,
					"bits_per_second":	282022372.02602208,
					"omitted":	false,
					"sender":	false
				}],
			"sum":	{
				"start":	14.003292,
				"end":	15.01377,
				"seconds":	1.0104780197143555,
				"bytes":	35622176,
				"bits_per_second":	282022372.02602208,
				"omitted":	false,
				"sender":	false
			}
		}, {
			"streams":	[{
					"socket":	332,
					"start":	15.01377,
					"end":	16.001711,
					"seconds":	0.98794102668762207,
					"bytes":	33201632,
					"bits_per_second":	268855173.36044836,
					"omitted":	false,
					"sender":	false
				}],
			"sum":	{
				"start":	15.01377,
				"end":	16.001711,
				"seconds":	0.98794102668762207,
				"bytes":	33201632,