{
	"start":	{
		"connected":	[{
				"socket":	333,
				"local_host":	"100.124.11.206",
				"local_port":	42652,
				"remote_host":	"168.61.1.168",
				"remote_port":	5201
			}],
		"version":	"iperf 3.7",
		"system_info":	"Linux localhost 4.19.110-g9ceb3bf92e0a-ab6790968 #2 SMP PREEMPT Wed Aug 26 04:14:37 UTC 2020 aarch64",
		"timestamp":	{
			"time":	"2021-01-23 12:20:46 CST",
			"timesecs":	1611426046
		},
		"connecting_to":	{
			"host":	"168.61.1.168",
			"port":	5201
		},
		"cookie":	"ffmv4oib6p2pwulny44aej3ejn74es7exojs",
		"tcp_mss_default":	1376,
		"target_bitrate":	3000000000,
		"sock_bufsize":	0,
		"sndbuf_actual":	2097152,
		"rcvbuf_actual":	6291456,
		"test_start":	{
			"protocol":	"TCP",
			"num_streams":	1,
			"blksize":	131072,
			"omit":	0,
			"duration":	30,
			"bytes":	0,
			"blocks":	0,
			"reverse":	1,
			"tos":	0
		}
	},
	"intervals":	[{
			"streams":	[{
					"socket":	333,
					"start":	0,
					"end":	1.007661,
					"seconds":	1.007660984992981,
					"bytes":	14245728,
					"bits_per_second":	113099371.41289027,
					"omitted":	false,
					"sender":	false
				}],
			"sum":	{
				"start":	0,
				"end":	1.007661,
				"seconds":	1.007660984992981,
				"bytes":	14245728,
				"bits_per_second":	113099371.41289027,
				"omitted":	false,
				"sender":	false
			}
		}, {
			"streams":	[{
					"socket":	333,
					"start":	1.007661,
					"end":	2.000713,
					"seconds":	0.99305200576782227,
					"bytes":	39407264,
					"bits_per_second":	317463848.99171942,
					"omitted":	false,
					"sender":	false
				}],
			"sum":	{
				"start":	1.007661,
				"end":	2.000713,
				"seconds":	0.99305200576782227,
				"bytes":	39407264,
				"bits_per_second":	317463848.99171942,
				"omitted":	false,
				"sender":	false
			}
		}, {
			"streams":	[{
					"socket":	333,
					"start":	2.000713,
					"end":	3.000992,
					"seconds":	1.0002789497375488,
					"bytes":	83158912,
					"bits_per_second":	665085770.49887192,
					"omitted":	false,
					"sender":	false
				}],
			"sum":	{
				"start":	2.000713,
				"end":	3.000992,
				"seconds":	1.0002789497375488,
				"bytes":	83158912,
				"bits_per_second":	665085770.49887192,
				"omitted":	false,
				"sender":	false
			}
		}, {
			"streams":	[{
					"socket":	333,
					"start":	3.000992,
					"end":	4.000071,
					"seconds":	0.99907898902893066,
					"bytes":	120566496,
					"bits_per_second":	965421131.45377111,
					"omitted":	false,
					"sender":	false
				}],
			"sum":	{
				"start":	3.000992,
				"end":	4.000071,
				"seconds":	0.99907898902893066,
				"bytes":	120566496,
				"bits_per_second":	965421131.45377111,
				"omitted":	false,
				"sender":	false
			}
		}, {
			"streams":	[{
					"socket":	333,
					"start":	4.000071,
					"end":	5.001006,
					"seconds":	1.0009349584579468,
					"bytes":	121679328,
					"bits_per_second":	972525353.19546223,
					"omitted":	false,
					"sender":	false
				}],
			"sum":	{
				"start":	4.000071,
				"end":	5.001006,
				"seconds":	1.0009349584579468,
				"bytes":	121679328,
				"bits_per_second":	972525353.19546223,
				"omitted":	false,
				"sender":	false
			}
		}, {
			"streams":	[{
					"socket":	333,
					"start":	5.001006,
					"end":	6.000042,
					"seconds":	0.99903601408004761,
					"bytes":	120570976,
					"bits_per_second":	965498534.9934684,
					"omitted":	false,
					"sender":	false
				}],
			"sum":	{
				"start":	5.001006,
				"end":	6.000042,
				"seconds":	0.99903601408004761,
				"bytes":	120570976,
				"bits_per_second":	965498534.9934684,
				"omitted":	false,
				"sender":	false
			}
		}, {
			"streams":	[{
					"socket":	333,
					"start":	6.000042,
					"end":	7.007563,
					"seconds":	1.0075210332870483,
					"bytes":	118118240,
					"bits_per_second":	937892003.02558815,
					"omitted":	false,
					"sender":	false
				}],
			"sum":	{
				"start":	6.000042,
				"end":	7.007563,
				"seconds":	1.0075210332870483,
				"bytes":	118118240,
				"bits_per_second":	937892003.02558815,
				"omitted":	false,
				"sender":	false
			}
		}, {
			"streams":	[{
					"socket":	333,
					"start":	7.007563,
					"end":	8.000794,
					"seconds":	0.99323099851608276,
					"bytes":	118211136,
					"bits_per_second":	952134085.03448665,
					"omitted":	false,
					"sender":	false
				}],
			"sum":	{
				"start":	7.007563,
				"end":	8.000794,
				"seconds":	0.99323099851608276,
				"bytes":	118211136,
				"bits_per_second":	952134085.03448665,
				"omitted":	false,
				"sender":	false
			}
		}, {
			"streams":	[{
					"socket":	333,
					"start":	8.000794,
					"end":	9.000049,
					"seconds":	0.99925500154495239,
					"bytes":	119619808,
					"bits_per_second":	957671928.1068821,
					"omitted":	false,
					"sender":	false
				}],
			"sum":	{
				"start":	8.000794,
				"end":	9.000049,
				"seconds":	0.99925500154495239,
				"bytes":	119619808,
				"bits_per_second":	957671928.1068821,
				"omitted":	false,
				"sender":	false
			}
		}, {
			"streams":	[{
					"socket":	333,
					"start":	9.000049,
					"end":	10.001665,
					"seconds":	1.0016160011291504,
					"bytes":	118970336,
					"bits_per_second":	950227119.90129018,
					"omitted":	false,
					"sender":	false
				}],
			"sum":	{
				"start":	9.000049,
				"end":	10.001665,
				"seconds":	1.0016160011291504,
				"bytes":	118970336,
				"bits_per_second":	950227119.90129018,
				"omitted":	false,
				"sender":	false
			}
		}, {
			"streams":	[{
					"socket":	333,
					"start":	10.001665,
					"end":	11.000269,
					"seconds":	0.99860399961471558,
					"bytes":	107288096,
					"bits_per_second":	859504636.80413234,
					"omitted":	false,
					"sender":	false
				}],
			"sum":	{
				"start":	10.001665,
				"end":	11.000269,
				"seconds":	0.99860399961471558,
				"bytes":	107288096,
				"bits_per_second":	859504636.80413234,
				"omitted":	false,
				"sender":	false
			}
		}, {
			"streams":	[{
					"socket":	333,
					"start":	11.000269,
					"end":	12.006476,
					"seconds":	1.00620698928833,
					"bytes":	108614560,
					"bits_per_second":	863556394.70817745,
					"omitted":	false,
					"sender":	false
				}],
			"sum":	{
				"start":	11.000269,
				"end":	12.006476,
				"seconds":	1.00620698928833,
				"bytes":	108614560,
				"bits_per_second":	863556394.70817745,
				"omitted":	false,
				"sender":	false
			}
		}, {
			"streams":	[{
					"socket":	333,
					"start":	12.006476,
					"end":	13.002067,
					"seconds":	0.99559098482131958,
					"bytes":	108864992,
					"bits_per_second":	874776840.36713684,
					"omitted":	false,
					"sender":	false
				}],
			"sum":	{
				"start":	12.006476,
				"end":	13.002067,
				"seconds":	0.99559098482131958,
				"bytes":	108864992,
				"bits_per_second":	874776840.36713684,
				"omitted":	false,
				"sender":	false
			}
		}, {
			"streams":	[{
					"socket":	333,
					"start":	13.002067,
					"end":	14.001906,
					"seconds":	0.99983900785446167,
					"bytes":	41695552,
					"bits_per_second":	333618125.89787877,
					"omitted":	false,
					"sender":	false
				}],
			"sum":	{
				"start":	13.002067,
				"end":	14.001906,
				"seconds":	0.99983900785446167,
				"bytes":	41695552,
				"bits_per_second":	333618125.89787877,
				"omitted":	false,
				"sender":	false
			}
		}, {
			"streams":	[{
					"socket":	333,
					"start":	14.001906,
					"end":	15.000145,
					"seconds":	0.99823898077011108,
					"bytes":	78114144,
					"bits_per_second":	626015577.470135,
					"omitted":	false,
					"sender":	false
				}],
			"sum":	{
				"start":	14.001906,
				"end":	15.000145,
				"seconds":	0.99823898077011108,
				"bytes":	78114144,
				"bits_per_second":	626015577.470135,
				"omitted":	false,
				"sender":	false
			}
		}, {
			"streams":	[{
					"socket":	333,
					"start":	15.000145,
					"end":	16.001151,
					"seconds":	1.001006007194519,
					"bytes":	88453408,
					"bits_per_second":	706916101.3161546,
					"omitted":	false,
					"sender":	false
				}],
			"sum":	{
				"start":	15.000145,
				"end":	16.001151,
				"seconds":	1.001006007194519,