{
	"start":	{
		"connected":	[{
				"socket":	232,
				"local_host":	"100.124.11.206",
				"local_port":	48620,
				"remote_host":	"20.55.202.130",
				"remote_port":	5201
			}],
		"version":	"iperf 3.7",
		"system_info":	"Linux localhost 4.19.110-g9ceb3bf92e0a-ab6790968 #2 SMP PREEMPT Wed Aug 26 04:14:37 UTC 2020 aarch64",
		"timestamp":	{
			"time":	"2021-01-23 11:41:49 CST",
			"timesecs":	1611423709
		},
		"connecting_to":	{
			"host":	"20.55.202.130",
			"port":	5201
		},
		"cookie":	"4etbls7iauj6pvkzctd7d7w45axgvrd4iobb",
		"tcp_mss_default":	1376,
		"target_bitrate":	3000000000,
		"sock_bufsize":	0,
		"sndbuf_actual":	1048576,
		"rcvbuf_actual":	6291456,
		"test_start":	{
			"protocol":	"TCP",
			"num_streams":	1,
			"blksize":	131072,
			"omit":	0,
			"duration":	30,
			"bytes":	0,
			"blocks":	0,
			"reverse":	1,
			"tos":	0
		}
	},
	"intervals":	[{
			"streams":	[{
					"socket":	232,
					"start":	0,
					"end":	1.001276,
					"seconds":	1.0012760162353516,
					"bytes":	1747520,
					"bits_per_second":	13962343.822598804,
					"omitted":	false,
					"sender":	false
				}],
			"sum":	{
				"start":	0,
				"end":	1.001276,
				"seconds":	1.0012760162353516,
				"bytes":	1747520,
				"bits_per_second":	13962343.822598804,
				"omitted":	false,
				"sender":	false
			}
		}, {
			"streams":	[{
					"socket":	232,
					"start":	1.001276,
					"end":	2.000564,
					"seconds":	0.999288022518158,
					"bytes":	8039744,
					"bits_per_second":	64363777.5602692,
					"omitted":	false,
					"sender":	false
				}],
			"sum":	{
				"start":	1.001276,
				"end":	2.000564,
				"seconds":	0.999288022518158,
				"bytes":	8039744,
				"bits_per_second":	64363777.5602692,
				"omitted":	false,
				"sender":	false
			}
		}, {
			"streams":	[{
					"socket":	232,
					"start":	2.000564,
					"end":	3.027669,
					"seconds":	1.0271049737930298,
					"bytes":	10502656,
					"bits_per_second":	81803953.971437961,
					"omitted":	false,
					"sender":	false
				}],
			"sum":	{
				"start":	2.000564,
				"end":	3.027669,
				"seconds":	1.0271049737930298,
				"bytes":	10502656,
				"bits_per_second":	81803953.971437961,
				"omitted":	false,
				"sender":	false
			}
		}, {
			"streams":	[{
					"socket":	232,
					"start":	3.027669,
					"end":	4.040288,
					"seconds":	1.0126190185546875,
					"bytes":	10838752,
					"bits_per_second":	85629456.302096054,
					"omitted":	false,
					"sender":	false
				}],
			"sum":	{
				"start":	3.027669,
				"end":	4.040288,
				"seconds":	1.0126190185546875,
				"bytes":	10838752,
				"bits_per_second":	85629456.302096054,
				"omitted":	false,
				"sender":	false
			}
		}, {
			"streams":	[{
					"socket":	232,
					"start":	4.040288,
					"end":	5.032951,
					"seconds":	0.99266302585601807,
					"bytes":	11585920,
					"bits_per_second":	93372431.112835616,
					"omitted":	false,
					"sender":	false
				}],
			"sum":	{
				"start":	4.040288,
				"end":	5.032951,
				"seconds":	0.99266302585601807,
				"bytes":	11585920,
				"bits_per_second":	93372431.112835616,
				"omitted":	false,
				"sender":	false
			}
		}, {
			"streams":	[{
					"socket":	232,
					"start":	5.032951,
					"end":	6.004401,
					"seconds":	0.97144997119903564,
					"bytes":	13921344,
					"bits_per_second":	114643836.84374189,
					"omitted":	false,
					"sender":	false
				}],
			"sum":	{
				"start":	5.032951,
				"end":	6.004401,
				"seconds":	0.97144997119903564,
				"bytes":	13921344,
				"bits_per_second":	114643836.84374189,
				"omitted":	false,
				"sender":	false
			}
		}, {
			"streams":	[{
					"socket":	232,
					"start":	6.004401,
					"end":	7.003477,
					"seconds":	0.99907600879669189,
					"bytes":	12806080,
					"bits_per_second":	102543389.18956856,
					"omitted":	false,
					"sender":	false
				}],
			"sum":	{
				"start":	6.004401,
				"end":	7.003477,
				"seconds":	0.99907600879669189,
				"bytes":	12806080,
				"bits_per_second":	102543389.18956856,
				"omitted":	false,
				"sender":	false
			}
		}, {
			"streams":	[{
					"socket":	232,
					"start":	7.003477,
					"end":	8.039732,
					"seconds":	1.0362550020217896,
					"bytes":	12891744,
					"bits_per_second":	99525649.3804904,
					"omitted":	false,
					"sender":	false
				}],
			"sum":	{
				"start":	7.003477,
				"end":	8.039732,
				"seconds":	1.0362550020217896,
				"bytes":	12891744,
				"bits_per_second":	99525649.3804904,
				"omitted":	false,
				"sender":	false
			}
		}, {
			"streams":	[{
					"socket":	232,
					"start":	8.039732,
					"end":	9.033417,
					"seconds":	0.99368500709533691,
					"bytes":	13229216,
					"bits_per_second":	106506314.62113428,
					"omitted":	false,
					"sender":	false
				}],
			"sum":	{
				"start":	8.039732,
				"end":	9.033417,
				"seconds":	0.99368500709533691,
				"bytes":	13229216,
				"bits_per_second":	106506314.62113428,
				"omitted":	false,
				"sender":	false
			}
		}, {
			"streams":	[{
					"socket":	232,
					"start":	9.033417,
					"end":	10.000519,
					"seconds":	0.96710199117660522,
					"bytes":	14548448,
					"bits_per_second":	120346752.52648315,
					"omitted":	false,
					"sender":	false
				}],
			"sum":	{
				"start":	9.033417,
				"end":	10.000519,
				"seconds":	0.96710199117660522,
				"bytes":	14548448,
				"bits_per_second":	120346752.52648315,
				"omitted":	false,
				"sender":	false
			}
		}, {
			"streams":	[{
					"socket":	232,
					"start":	10.000519,
					"end":	11.011916,
					"seconds":	1.0113970041275024,
					"bytes":	14067872,
					"bits_per_second":	111274776.90828931,
					"omitted":	false,
					"sender":	false
				}],
			"sum":	{
				"start":	10.000519,
				"end":	11.011916,
				"seconds":	1.0113970041275024,
				"bytes":	14067872,
				"bits_per_second":	111274776.90828931,
				"omitted":	false,
				"sender":	false
			}
		}, {
			"streams":	[{
					"socket":	232,
					"start":	11.011916,
					"end":	12.040787,
					"seconds":	1.0288710594177246,
					"bytes":	13332064,
					"bits_per_second":	103663633.08961259,
					"omitted":	false,
					"sender":	false
				}],
			"sum":	{
				"start":	11.011916,
				"end":	12.040787,
				"seconds":	1.0288710594177246,
				"bytes":	13332064,
				"bits_per_second":	103663633.08961259,
				"omitted":	false,
				"sender":	false
			}
		}, {
			"streams":	[{
					"socket":	232,
					"start":	12.040787,
					"end":	13.033135,
					"seconds":	0.99234801530838013,
					"bytes":	13376096,
					"bits_per_second":	107833911.43957311,
					"omitted":	false,
					"sender":	false
				}],
			"sum":	{
				"start":	12.040787,
				"end":	13.033135,
				"seconds":	0.99234801530838013,
				"bytes":	13376096,
				"bits_per_second":	107833911.43957311,
				"omitted":	false,
				"sender":	false
			}
		}, {
			"streams":	[{
					"socket":	232,
					"start":	13.033135,
					"end":	14.004141,
					"seconds":	0.97100597620010376,
					"bytes":	13776864,
					"bits_per_second":	113505904.9083412,
					"omitted":	false,
					"sender":	false
				}],
			"sum":	{
				"start":	13.033135,
				"end":	14.004141,
				"seconds":	0.97100597620010376,
				"bytes":	13776864,
				"bits_per_second":	113505904.9083412,
				"omitted":	false,
				"sender":	false
			}
		}, {
			"streams":	[{
					"socket":	232,
					"start":	14.004141,
					"end":	15.023047,
					"seconds":	1.0189059972763062,
					"bytes":	15095744,
					"bits_per_second":	118525116.47082864,
					"omitted":	false,
					"sender":	false
				}],
			"sum":	{
				"start":	14.004141,
				"end":	15.023047,
				"seconds":	1.0189059972763062,
				"bytes":	15095744,
				"bits_per_second":	118525116.47082864,
				"omitted":	false,
				"sender":	false
			}
		}, {
			"streams":	[{
					"socket":	232,
					"start":	15.023047,
					"end":	16.040394,
					"seconds":	1.017346978187561,
					"bytes":	13411872,
					"bits_per_second":	105465468.81296067,
					"omitted":	false,
					"sender":	false
				}],
			"sum":	{
				"start":	15.023047,
				"end":	16.040394,
				"seconds":	1.017346978187561,
				"bytes":	13411872,