{
	"start":	{
		"connected":	[{
				"socket":	196,
				"local_host":	"100.124.11.206",
				"local_port":	48270,
				"remote_host":	"52.165.96.183",
				"remote_port":	5201
			}],
		"version":	"iperf 3.7",
		"system_info":	"Linux localhost 4.19.110-g9ceb3bf92e0a-ab6790968 #2 SMP PREEMPT Wed Aug 26 04:14:37 UTC 2020 aarch64",
		"timestamp":	{
			"time":	"2021-01-23 11:32:08 CST",
			"timesecs":	1611423128
		},
		"connecting_to":	{
			"host":	"52.165.96.183",
			"port":	5201
		},
		"cookie":	"fcyhtkgrrwdbqkix7uv3hcf4kiqeseif6b7g",
		"tcp_mss_default":	1376,
		"target_bitrate":	3000000000,
		"sock_bufsize":	0,
		"sndbuf_actual":	1048576,
		"rcvbuf_actual":	6291456,
		"test_start":	{
			"protocol":	"TCP",
			"num_streams":	1,
			"blksize":	131072,
			"omit":	0,
			"duration":	30,
			"bytes":	0,
			"blocks":	0,
			"reverse":	1,
			"tos":	0
		}
	},
	"intervals":	[{
			"streams":	[{
					"socket":	196,
					"start":	0,
					"end":	1.005793,
					"seconds":	1.0057929754257202,
					"bytes":	10704256,
					"bits_per_second":	85140829.268323168,
					"omitted":	false,
					"sender":	false
				}],
			"sum":	{
				"start":	0,
				"end":	1.005793,
				"seconds":	1.0057929754257202,
				"bytes":	10704256,
				"bits_per_second":	85140829.268323168,
				"omitted":	false,
				"sender":	false
			}
		}, {
			"streams":	[{
					"socket":	196,
					"start":	1.005793,
					"end":	2.003368,
					"seconds":	0.99757498502731323,
					"bytes":	38321600,
					"bits_per_second":	307318050.87474817,
					"omitted":	false,
					"sender":	false
				}],
			"sum":	{
				"start":	1.005793,
				"end":	2.003368,
				"seconds":	0.99757498502731323,
				"bytes":	38321600,
				"bits_per_second":	307318050.87474817,
				"omitted":	false,
				"sender":	false
			}
		}, {
			"streams":	[{
					"socket":	196,
					"start":	2.003368,
					"end":	3.00016,
					"seconds":	0.9967920184135437,
					"bytes":	49818080,
					"bits_per_second":	399827278.54734284,
					"omitted":	false,
					"sender":	false
				}],
			"sum":	{
				"start":	2.003368,
				"end":	3.00016,
				"seconds":	0.9967920184135437,
				"bytes":	49818080,
				"bits_per_second":	399827278.54734284,
				"omitted":	false,
				"sender":	false
			}
		}, {
			"streams":	[{
					"socket":	196,
					"start":	3.00016,
					"end":	4.001052,
					"seconds":	1.0008920431137085,
					"bytes":	49995232,
					"bits_per_second":	399605390.76296908,
					"omitted":	false,
					"sender":	false
				}],
			"sum":	{
				"start":	3.00016,
				"end":	4.001052,
				"seconds":	1.0008920431137085,
				"bytes":	49995232,
				"bits_per_second":	399605390.76296908,
				"omitted":	false,
				"sender":	false
			}
		}, {
			"streams":	[{
					"socket":	196,
					"start":	4.001052,
					"end":	5.004191,
					"seconds":	1.0031390190124512,
					"bytes":	51450016,
					"bits_per_second":	410312150.3589834,
					"omitted":	false,
					"sender":	false
				}],
			"sum":	{
				"start":	4.001052,
				"end":	5.004191,
				"seconds":	1.0031390190124512,
				"bytes":	51450016,
				"bits_per_second":	410312150.3589834,
				"omitted":	false,
				"sender":	false
			}
		}, {
			"streams":	[{
					"socket":	196,
					"start":	5.004191,
					"end":	6.005782,
					"seconds":	1.0015909671783447,
					"bytes":	49543232,
					"bits_per_second":	395716284.37961549,
					"omitted":	false,
					"sender":	false
				}],
			"sum":	{
				"start":	5.004191,
				"end":	6.005782,
				"seconds":	1.0015909671783447,
				"bytes":	49543232,
				"bits_per_second":	395716284.37961549,
				"omitted":	false,
				"sender":	false
			}
		}, {
			"streams":	[{
					"socket":	196,
					"start":	6.005782,
					"end":	7.002909,
					"seconds":	0.9971269965171814,
					"bytes":	51004192,
					"bits_per_second":	409209195.44371116,
					"omitted":	false,
					"sender":	false
				}],
			"sum":	{
				"start":	6.005782,
				"end":	7.002909,
				"seconds":	0.9971269965171814,
				"bytes":	51004192,
				"bits_per_second":	409209195.44371116,
				"omitted":	false,
				"sender":	false
			}
		}, {
			"streams":	[{
					"socket":	196,
					"start":	7.002909,
					"end":	8.003134,
					"seconds":	1.0002249479293823,
					"bytes":	52098112,
					"bits_per_second":	416691162.1858744,
					"omitted":	false,
					"sender":	false
				}],
			"sum":	{
				"start":	7.002909,
				"end":	8.003134,
				"seconds":	1.0002249479293823,
				"bytes":	52098112,
				"bits_per_second":	416691162.1858744,
				"omitted":	false,
				"sender":	false
			}
		}, {
			"streams":	[{
					"socket":	196,
					"start":	8.003134,
					"end":	9.005259,
					"seconds":	1.0021250247955322,
					"bytes":	53679136,
					"bits_per_second":	428522467.13190204,
					"omitted":	false,
					"sender":	false
				}],
			"sum":	{
				"start":	8.003134,
				"end":	9.005259,
				"seconds":	1.0021250247955322,
				"bytes":	53679136,
				"bits_per_second":	428522467.13190204,
				"omitted":	false,
				"sender":	false
			}
		}, {
			"streams":	[{
					"socket":	196,
					"start":	9.005259,
					"end":	10.003033,
					"seconds":	0.99777400493621826,
					"bytes":	54122208,
					"bits_per_second":	433943620.356874,
					"omitted":	false,
					"sender":	false
				}],
			"sum":	{
				"start":	9.005259,
				"end":	10.003033,
				"seconds":	0.99777400493621826,
				"bytes":	54122208,
				"bits_per_second":	433943620.356874,
				"omitted":	false,
				"sender":	false
			}
		}, {
			"streams":	[{
					"socket":	196,
					"start":	10.003033,
					"end":	11.005938,
					"seconds":	1.002905011177063,
					"bytes":	58827776,
					"bits_per_second":	469259005.34453666,
					"omitted":	false,
					"sender":	false
				}],
			"sum":	{
				"start":	10.003033,
				"end":	11.005938,
				"seconds":	1.002905011177063,
				"bytes":	58827776,
				"bits_per_second":	469259005.34453666,
				"omitted":	false,
				"sender":	false
			}
		}, {
			"streams":	[{
					"socket":	196,
					"start":	11.005938,
					"end":	12.002132,
					"seconds":	0.99619400501251221,
					"bytes":	63106112,
					"bits_per_second":	506777689.34541929,
					"omitted":	false,
					"sender":	false
				}],
			"sum":	{
				"start":	11.005938,
				"end":	12.002132,
				"seconds":	0.99619400501251221,
				"bytes":	63106112,
				"bits_per_second":	506777689.34541929,
				"omitted":	false,
				"sender":	false
			}
		}, {
			"streams":	[{
					"socket":	196,
					"start":	12.002132,
					"end":	13.000061,
					"seconds":	0.99792897701263428,
					"bytes":	66597728,
					"bits_per_second":	533887517.3210395,
					"omitted":	false,
					"sender":	false
				}],
			"sum":	{
				"start":	12.002132,
				"end":	13.000061,
				"seconds":	0.99792897701263428,
				"bytes":	66597728,
				"bits_per_second":	533887517.3210395,
				"omitted":	false,
				"sender":	false
			}
		}, {
			"streams":	[{
					"socket":	196,
					"start":	13.000061,
					"end":	14.001546,
					"seconds":	1.0014849901199341,
					"bytes":	72619424,
					"bits_per_second":	580093958.20343447,
					"omitted":	false,
					"sender":	false
				}],
			"sum":	{
				"start":	13.000061,
				"end":	14.001546,
				"seconds":	1.0014849901199341,
				"bytes":	72619424,
				"bits_per_second":	580093958.20343447,
				"omitted":	false,
				"sender":	false
			}
		}, {
			"streams":	[{
					"socket":	196,
					"start":	14.001546,
					"end":	15.002689,
					"seconds":	1.0011429786682129,
					"bytes":	79721312,
					"bits_per_second":	637042370.16015911,
					"omitted":	false,
					"sender":	false
				}],
			"sum":	{
				"start":	14.001546,
				"end":	15.002689,
				"seconds":	1.0011429786682129,
				"bytes":	79721312,
				"bits_per_second":	637042370.16015911,
				"omitted":	false,
				"sender":	false
			}
		}, {
			"streams":	[{
					"socket":	196,
					"start":	15.002689,
					"end":	16.001122,
					"seconds":	0.998432993888855,
					"bytes":	86743040,
					"bits_per_second":	695033441.65051651,
					"omitted":	false,
					"sender":	false
				}],
			"sum":	{
				"start":	15.002689,
				"end":	16.001122,
				"seconds":	0.998432993888855,
				"bytes":	86743040,