{
	"start":	{
		"connected":	[{
				"socket":	275,
				"local_host":	"100.124.11.206",
				"local_port":	47554,
				"remote_host":	"65.52.60.247",
				"remote_port":	5201
			}],
		"version":	"iperf 3.7",
		"system_info":	"Linux localhost 4.19.110-g9ceb3bf92e0a-ab6790968 #2 SMP PREEMPT Wed Aug 26 04:14:37 UTC 2020 aarch64",
		"timestamp":	{
			"time":	"2021-01-23 12:04:04 CST",
			"timesecs":	1611425044
		},
		"connecting_to":	{
			"host":	"65.52.60.247",
			"port":	5201
		},
		"cookie":	"nwhibrvwvnio4yygntacsmunzpa4rb3eauwx",
		"tcp_mss_default":	1376,
		"target_bitrate":	3000000000,
		"sock_bufsize":	0,
		"sndbuf_actual":	2097152,
		"rcvbuf_actual":	6291456,
		"test_start":	{
			"protocol":	"TCP",
			"num_streams":	1,
			"blksize":	131072,
			"omit":	0,
			"duration":	30,
			"bytes":	0,
			"blocks":	0,
			"reverse":	1,
			"tos":	0
		}
	},
	"intervals":	[{
			"streams":	[{
					"socket":	275,
					"start":	0,
					"end":	1.003676,
					"seconds":	1.0036760568618774,
					"bytes":	28571264,
					"bits_per_second":	227732952.71649092,
					"omitted":	false,
					"sender":	false
				}],
			"sum":	{
				"start":	0,
				"end":	1.003676,
				"seconds":	1.0036760568618774,
				"bytes":	28571264,
				"bits_per_second":	227732952.71649092,
				"omitted":	false,
				"sender":	false
			}
		}, {
			"streams":	[{
					"socket":	275,
					"start":	1.003676,
					"end":	2.001507,
					"seconds":	0.99783098697662354,
					"bytes":	160968960,
					"bits_per_second":	1290550901.713146,
					"omitted":	false,
					"sender":	false
				}],
			"sum":	{
				"start":	1.003676,
				"end":	2.001507,
				"seconds":	0.99783098697662354,
				"bytes":	160968960,
				"bits_per_second":	1290550901.713146,
				"omitted":	false,
				"sender":	false
			}
		}, {
			"streams":	[{
					"socket":	275,
					"start":	2.001507,
					"end":	3.001009,
					"seconds":	0.99950200319290161,
					"bytes":	235262976,
					"bits_per_second":	1883041556.6828616,
					"omitted":	false,
					"sender":	false
				}],
			"sum":	{
				"start":	2.001507,
				"end":	3.001009,
				"seconds":	0.99950200319290161,
				"bytes":	235262976,
				"bits_per_second":	1883041556.6828616,
				"omitted":	false,
				"sender":	false
			}
		}, {
			"streams":	[{
					"socket":	275,
					"start":	3.001009,
					"end":	4.001171,
					"seconds":	1.0001620054244995,
					"bytes":	231656480,
					"bits_per_second":	1852951651.7810762,
					"omitted":	false,
					"sender":	false
				}],
			"sum":	{
				"start":	3.001009,
				"end":	4.001171,
				"seconds":	1.0001620054244995,
				"bytes":	231656480,
				"bits_per_second":	1852951651.7810762,
				"omitted":	false,
				"sender":	false
			}
		}, {
			"streams":	[{
					"socket":	275,
					"start":	4.001171,
					"end":	5.000097,
					"seconds":	0.99892598390579224,
					"bytes":	234970240,
					"bits_per_second":	1881782985.2119238,
					"omitted":	false,
					"sender":	false
				}],
			"sum":	{
				"start":	4.001171,
				"end":	5.000097,
				"seconds":	0.99892598390579224,
				"bytes":	234970240,
				"bits_per_second":	1881782985.2119238,
				"omitted":	false,
				"sender":	false
			}
		}, {
			"streams":	[{
					"socket":	275,
					"start":	5.000097,
					"end":	6.001237,
					"seconds":	1.0011399984359741,
					"bytes":	234768640,
					"bits_per_second":	1876010470.9971921,
					"omitted":	false,
					"sender":	false
				}],
			"sum":	{
				"start":	5.000097,
				"end":	6.001237,
				"seconds":	1.0011399984359741,
				"bytes":	234768640,
				"bits_per_second":	1876010470.9971921,
				"omitted":	false,
				"sender":	false
			}
		}, {
			"streams":	[{
					"socket":	275,
					"start":	6.001237,
					"end":	7.001436,
					"seconds":	1.0001989603042603,
					"bytes":	231487232,
					"bits_per_second":	1851529475.1322808,
					"omitted":	false,
					"sender":	false
				}],
			"sum":	{
				"start":	6.001237,
				"end":	7.001436,
				"seconds":	1.0001989603042603,
				"bytes":	231487232,
				"bits_per_second":	1851529475.1322808,
				"omitted":	false,
				"sender":	false
			}
		}, {
			"streams":	[{
					"socket":	275,
					"start":	7.001436,
					"end":	8.005194,
					"seconds":	1.0037579536437988,
					"bytes":	227089536,
					"bits_per_second":	1809914712.4115279,
					"omitted":	false,
					"sender":	false
				}],
			"sum":	{
				"start":	7.001436,
				"end":	8.005194,
				"seconds":	1.0037579536437988,
				"bytes":	227089536,
				"bits_per_second":	1809914712.4115279,
				"omitted":	false,
				"sender":	false
			}
		}, {
			"streams":	[{
					"socket":	275,
					"start":	8.005194,
					"end":	9.001276,
					"seconds":	0.99608200788497925,
					"bytes":	190870464,
					"bits_per_second":	1532969875.8862867,
					"omitted":	false,
					"sender":	false
				}],
			"sum":	{
				"start":	8.005194,
				"end":	9.001276,
				"seconds":	0.99608200788497925,
				"bytes":	190870464,
				"bits_per_second":	1532969875.8862867,
				"omitted":	false,
				"sender":	false
			}
		}, {
			"streams":	[{
					"socket":	275,
					"start":	9.001276,
					"end":	10.001548,
					"seconds":	1.0002720355987549,
					"bytes":	167672480,
					"bits_per_second":	1341015036.1716957,
					"omitted":	false,
					"sender":	false
				}],
			"sum":	{
				"start":	9.001276,
				"end":	10.001548,
				"seconds":	1.0002720355987549,
				"bytes":	167672480,
				"bits_per_second":	1341015036.1716957,
				"omitted":	false,
				"sender":	false
			}
		}, {
			"streams":	[{
					"socket":	275,
					"start":	10.001548,
					"end":	11.000185,
					"seconds":	0.99863702058792114,
					"bytes":	230131200,
					"bits_per_second":	1843562337.5109115,
					"omitted":	false,
					"sender":	false
				}],
			"sum":	{
				"start":	10.001548,
				"end":	11.000185,
				"seconds":	0.99863702058792114,
				"bytes":	230131200,
				"bits_per_second":	1843562337.5109115,
				"omitted":	false,
				"sender":	false
			}
		}, {
			"streams":	[{
					"socket":	275,
					"start":	11.000185,
					"end":	12.002007,
					"seconds":	1.0018219947814941,
					"bytes":	229225760,
					"bits_per_second":	1830470971.4423556,
					"omitted":	false,
					"sender":	false
				}],
			"sum":	{
				"start":	11.000185,
				"end":	12.002007,
				"seconds":	1.0018219947814941,
				"bytes":	229225760,
				"bits_per_second":	1830470971.4423556,
				"omitted":	false,
				"sender":	false
			}
		}, {
			"streams":	[{
					"socket":	275,
					"start":	12.002007,
					"end":	13.000092,
					"seconds":	0.99808502197265625,
					"bytes":	226790624,
					"bits_per_second":	1817806050.6449575,
					"omitted":	false,
					"sender":	false
				}],
			"sum":	{
				"start":	12.002007,
				"end":	13.000092,
				"seconds":	0.99808502197265625,
				"bytes":	226790624,
				"bits_per_second":	1817806050.6449575,
				"omitted":	false,
				"sender":	false
			}
		}, {
			"streams":	[{
					"socket":	275,
					"start":	13.000092,
					"end":	14.000275,
					"seconds":	1.0001829862594604,
					"bytes":	222063328,
					"bits_per_second":	1776181607.1715813,
					"omitted":	false,
					"sender":	false
				}],
			"sum":	{
				"start":	13.000092,
				"end":	14.000275,
				"seconds":	1.0001829862594604,
				"bytes":	222063328,
				"bits_per_second":	1776181607.1715813,
				"omitted":	false,
				"sender":	false
			}
		}, {
			"streams":	[{
					"socket":	275,
					"start":	14.000275,
					"end":	15.000706,
					"seconds":	1.0004309415817261,
					"bytes":	226246048,
					"bits_per_second":	1809188729.3473341,
					"omitted":	false,
					"sender":	false
				}],
			"sum":	{
				"start":	14.000275,
				"end":	15.000706,
				"seconds":	1.0004309415817261,
				"bytes":	226246048,
				"bits_per_second":	1809188729.3473341,
				"omitted":	false,
				"sender":	false
			}
		}, {
			"streams":	[{
					"socket":	275,
					"start":	15.000706,
					"end":	16.000804,
					"seconds":	1.0000979900360107,
					"bytes":	232428416,
					"bits_per_second":	1859245140.5017295,
					"omitted":	false,
					"sender":	false
				}],
			"sum":	{
				"start":	15.000706,
				"end":	16.000804,
				"seconds":	1.0000979900360107,