{
	"start":	{
		"connected":	[{
				"socket":	401,
				"local_host":	"100.124.11.206",
				"local_port":	39922,
				"remote_host":	"52.247.225.34",
				"remote_port":	5201
			}],
		"version":	"iperf 3.7",
		"system_info":	"Linux localhost 4.19.110-g9ceb3bf92e0a-ab6790968 #2 SMP PREEMPT Wed Aug 26 04:14:37 UTC 2020 aarch64",
		"timestamp":	{
			"time":	"2021-01-23 12:42:44 CST",
			"timesecs":	1611427364
		},
		"connecting_to":	{
			"host":	"52.247.225.34",
			"port":	5201
		},
		"cookie":	"5oio5ipedubdok3spi43sytuxkjquvgkeirk",
		"tcp_mss_default":	1376,
		"target_bitrate":	3000000000,
		"sock_bufsize":	0,
		"sndbuf_actual":	2097152,
		"rcvbuf_actual":	6291456,
		"test_start":	{
			"protocol":	"TCP",
			"num_streams":	1,
			"blksize":	131072,
			"omit":	0,
			"duration":	30,
			"bytes":	0,
			"blocks":	0,
			"reverse":	1,
			"tos":	0
		}
	},
	"intervals":	[{
			"streams":	[{
					"socket":	401,
					"start":	0,
					"end":	1.023549,
					"seconds":	1.02354896068573,
					"bytes":	4626112,
					"bits_per_second":	36157426.192104936,
					"omitted":	false,
					"sender":	false
				}],
			"sum":	{
				"start":	0,
				"end":	1.023549,
				"seconds":	1.02354896068573,
				"bytes":	4626112,
				"bits_per_second":	36157426.192104936,
				"omitted":	false,
				"sender":	false
			}
		}, {
			"streams":	[{
					"socket":	401,
					"start":	1.023549,
					"end":	2.000416,
					"seconds":	0.97686702013015747,
					"bytes":	10454848,
					"bits_per_second":	85619416.23216638,
					"omitted":	false,
					"sender":	false
				}],
			"sum":	{
				"start":	1.023549,
				"end":	2.000416,
				"seconds":	0.97686702013015747,
				"bytes":	10454848,
				"bits_per_second":	85619416.23216638,
				"omitted":	false,
				"sender":	false
			}
		}, {
			"streams":	[{
					"socket":	401,
					"start":	2.000416,
					"end":	3.027143,
					"seconds":	1.0267269611358643,
					"bytes":	20528544,
					"bits_per_second":	159953286.72222143,
					"omitted":	false,
					"sender":	false
				}],
			"sum":	{
				"start":	2.000416,
				"end":	3.027143,
				"seconds":	1.0267269611358643,
				"bytes":	20528544,
				"bits_per_second":	159953286.72222143,
				"omitted":	false,
				"sender":	false
			}
		}, {
			"streams":	[{
					"socket":	401,
					"start":	3.027143,
					"end":	4.001568,
					"seconds":	0.97442501783370972,
					"bytes":	31842656,
					"bits_per_second":	261427245.13203418,
					"omitted":	false,
					"sender":	false
				}],
			"sum":	{
				"start":	3.027143,
				"end":	4.001568,
				"seconds":	0.97442501783370972,
				"bytes":	31842656,
				"bits_per_second":	261427245.13203418,
				"omitted":	false,
				"sender":	false
			}
		}, {
			"streams":	[{
					"socket":	401,
					"start":	4.001568,
					"end":	5.004302,
					"seconds":	1.0027339458465576,
					"bytes":	43907008,
					"bits_per_second":	350298367.23384511,
					"omitted":	false,
					"sender":	false
				}],
			"sum":	{
				"start":	4.001568,
				"end":	5.004302,
				"seconds":	1.0027339458465576,
				"bytes":	43907008,
				"bits_per_second":	350298367.23384511,
				"omitted":	false,
				"sender":	false
			}
		}, {
			"streams":	[{
					"socket":	401,
					"start":	5.004302,
					"end":	6.00024,
					"seconds":	0.9959380030632019,
					"bytes":	42980288,
					"bits_per_second":	345244686.86047304,
					"omitted":	false,
					"sender":	false
				}],
			"sum":	{
				"start":	5.004302,
				"end":	6.00024,
				"seconds":	0.9959380030632019,
				"bytes":	42980288,
				"bits_per_second":	345244686.86047304,
				"omitted":	false,
				"sender":	false
			}
		}, {
			"streams":	[{
					"socket":	401,
					"start":	6.00024,
					"end":	7.000714,
					"seconds":	1.0004739761352539,
					"bytes":	43776288,
					"bits_per_second":	350044391.31223851,
					"omitted":	false,
					"sender":	false
				}],
			"sum":	{
				"start":	6.00024,
				"end":	7.000714,
				"seconds":	1.0004739761352539,
				"bytes":	43776288,
				"bits_per_second":	350044391.31223851,
				"omitted":	false,
				"sender":	false
			}
		}, {
			"streams":	[{
					"socket":	401,
					"start":	7.000714,
					"end":	8.004965,
					"seconds":	1.0042510032653809,
					"bytes":	42337024,
					"bits_per_second":	337262488.06195813,
					"omitted":	false,
					"sender":	false
				}],
			"sum":	{
				"start":	7.000714,
				"end":	8.004965,
				"seconds":	1.0042510032653809,
				"bytes":	42337024,
				"bits_per_second":	337262488.06195813,
				"omitted":	false,
				"sender":	false
			}
		}, {
			"streams":	[{
					"socket":	401,
					"start":	8.004965,
					"end":	9.001325,
					"seconds":	0.99636000394821167,
					"bytes":	32505728,
					"bits_per_second":	260995847.855728,
					"omitted":	false,
					"sender":	false
				}],
			"sum":	{
				"start":	8.004965,
				"end":	9.001325,
				"seconds":	0.99636000394821167,
				"bytes":	32505728,
				"bits_per_second":	260995847.855728,
				"omitted":	false,
				"sender":	false
			}
		}, {
			"streams":	[{
					"socket":	401,
					"start":	9.001325,
					"end":	10.002757,
					"seconds":	1.001431941986084,
					"bytes":	33292384,
					"bits_per_second":	265958235.23642015,
					"omitted":	false,
					"sender":	false
				}],
			"sum":	{
				"start":	9.001325,
				"end":	10.002757,
				"seconds":	1.001431941986084,
				"bytes":	33292384,
				"bits_per_second":	265958235.23642015,
				"omitted":	false,
				"sender":	false
			}
		}, {
			"streams":	[{
					"socket":	401,
					"start":	10.002757,
					"end":	11.023607,
					"seconds":	1.0208499431610107,
					"bytes":	31457536,
					"bits_per_second":	246520352.65902695,
					"omitted":	false,
					"sender":	false
				}],
			"sum":	{
				"start":	10.002757,
				"end":	11.023607,
				"seconds":	1.0208499431610107,
				"bytes":	31457536,
				"bits_per_second":	246520352.65902695,
				"omitted":	false,
				"sender":	false
			}
		}, {
			"streams":	[{
					"socket":	401,
					"start":	11.023607,
					"end":	12.000411,
					"seconds":	0.97680401802062988,
					"bytes":	33145856,
					"bits_per_second":	271463715.45166981,
					"omitted":	false,
					"sender":	false
				}],
			"sum":	{
				"start":	11.023607,
				"end":	12.000411,
				"seconds":	0.97680401802062988,
				"bytes":	33145856,
				"bits_per_second":	271463715.45166981,
				"omitted":	false,
				"sender":	false
			}
		}, {
			"streams":	[{
					"socket":	401,
					"start":	12.000411,
					"end":	13.001106,
					"seconds":	1.0006949901580811,
					"bytes":	35416608,
					"bits_per_second":	283136087.20599425,
					"omitted":	false,
					"sender":	false
				}],
			"sum":	{
				"start":	12.000411,
				"end":	13.001106,
				"seconds":	1.0006949901580811,
				"bytes":	35416608,
				"bits_per_second":	283136087.20599425,
				"omitted":	false,
				"sender":	false
			}
		}, {
			"streams":	[{
					"socket":	401,
					"start":	13.001106,
					"end":	14.000253,
					"seconds":	0.99914699792861938,
					"bytes":	37482816,
					"bits_per_second":	300118529.72751725,
					"omitted":	false,
					"sender":	false
				}],
			"sum":	{
				"start":	13.001106,
				"end":	14.000253,
				"seconds":	0.99914699792861938,
				"bytes":	37482816,
				"bits_per_second":	300118529.72751725,
				"omitted":	false,
				"sender":	false
			}
		}, {
			"streams":	[{
					"socket":	401,
					"start":	14.000253,
					"end":	15.000177,
					"seconds":	0.99992400407791138,
					"bytes":	43769088,
					"bits_per_second":	350179316.200031,
					"omitted":	false,
					"sender":	false
				}],
			"sum":	{
				"start":	14.000253,
				"end":	15.000177,
				"seconds":	0.99992400407791138,
				"bytes":	43769088,
				"bits_per_second":	350179316.200031,
				"omitted":	false,
				"sender":	false
			}
		}, {
			"streams":	[{
					"socket":	401,
					"start":	15.000177,
					"end":	16.006585,
					"seconds":	1.0064079761505127,
					"bytes":	41565920,
					"bits_per_second":	330410099.95957053,
					"omitted":	false,
					"sender":	false
				}],
			"sum":	{
				"start":	15.000177,
				"end":	16.006585,
				"seconds":	1.0064079761505127,
				"bytes":	41565920,