{
	"start":	{
		"connected":	[{
				"socket":	6,
				"local_host":	"10.5.0.4",
				"local_port":	5201,
				"remote_host":	"174.248.221.155",
				"remote_port":	6311
			}],
		"version":	"iperf 3.1.3",
		"system_info":	"Linux az-north-central 5.4.0-1047-azure #49~18.04.1-Ubuntu SMP Thu Apr 22 21:28:54 UTC 2021 x86_64",
		"timestamp":	{
			"time":	"Mon, 17 May 2021 22:15:12 GMT",
			"timesecs":	1621289712
		},
		"accepted_connection":	{
			"host":	"174.248.221.155",
			"port":	6313
		},
		"cookie":	"h54yggkc7nezo7asja2cm6gtcxh7d6tetewn",
		"tcp_mss_default":	1376,
		"test_start":	{
			"protocol":	"TCP",
			"num_streams":	1,
			"blksize":	131072,
			"omit":	0,
			"duration":	10,
			"bytes":	0,
			"blocks":	0,
			"reverse":	1
		}
	},
	"intervals":	[{
			"streams":	[{
					"socket":	6,
					"start":	0,
					"end":	0.500109,
					"seconds":	0.500109,
					"bytes":	1027232,
					"bits_per_second":	16432131.199010,
					"retransmits":	0,
					"snd_cwnd":	159616,
					"rtt":	68994,
					"omitted":	false
				}],
			"sum":	{
				"start":	0,
				"end":	0.500109,
				"seconds":	0.500109,
				"bytes":	1027232,
				"bits_per_second":	16432131.199010,
				"retransmits":	0,
				"omitted":	false
			}
		}, {
			"streams":	[{
					"socket":	6,
					"start":	0.500109,
					"end":	1.000102,
					"seconds":	0.499993,
					"bytes":	1835008,
					"bits_per_second":	29360534.005614,
					"retransmits":	0,
					"snd_cwnd":	242176,
					"rtt":	62004,
					"omitted":	false
				}],
			"sum":	{
				"start":	0.500109,
				"end":	1.000102,
				"seconds":	0.499993,
				"bytes":	1835008,
				"bits_per_second":	29360534.005614,
				"retransmits":	0,
				"omitted":	false
			}
		}, {
			"streams":	[{
					"socket":	6,
					"start":	1.000102,
					"end":	1.500110,
					"seconds":	0.500008,
					"bytes":	2883584,
					"bits_per_second":	46136618.011424,
					"retransmits":	0,
					"snd_cwnd":	371520,
					"rtt":	55960,
					"omitted":	false
				}],
			"sum":	{
				"start":	1.000102,
				"end":	1.500110,
				"seconds":	0.500008,
				"bytes":	2883584,
				"bits_per_second":	46136618.011424,
				"retransmits":	0,
				"omitted":	false
			}
		}, {
			"streams":	[{
					"socket":	6,
					"start":	1.500110,
					"end":	2.000140,
					"seconds":	0.500030,
					"bytes":	2752512,
					"bits_per_second":	44037546.158966,
					"retransmits":	0,
					"snd_cwnd":	496736,
					"rtt":	74650,
					"omitted":	false
				}],
			"sum":	{
				"start":	1.500110,
				"end":	2.000140,
				"seconds":	0.500030,
				"bytes":	2752512,
				"bits_per_second":	44037546.158966,
				"retransmits":	0,
				"omitted":	false
			}
		}, {
			"streams":	[{
					"socket":	6,
					"start":	2.000140,
					"end":	2.500133,
					"seconds":	0.499993,
					"bytes":	4063232,
					"bits_per_second":	65012611.012432,
					"retransmits":	0,
					"snd_cwnd":	675616,
					"rtt":	87886,
					"omitted":	false
				}],
			"sum":	{
				"start":	2.000140,
				"end":	2.500133,
				"seconds":	0.499993,
				"bytes":	4063232,
				"bits_per_second":	65012611.012432,
				"retransmits":	0,
				"omitted":	false
			}
		}, {
			"streams":	[{
					"socket":	6,
					"start":	2.500133,
					"end":	3.000132,
					"seconds":	0.499999,
					"bytes":	3276800,
					"bits_per_second":	52428900.000191,
					"retransmits":	0,
					"snd_cwnd":	831104,
					"rtt":	123309,
					"omitted":	false
				}],
			"sum":	{
				"start":	2.500133,
				"end":	3.000132,
				"seconds":	0.499999,
				"bytes":	3276800,
				"bits_per_second":	52428900.000191,
				"retransmits":	0,
				"omitted":	false
			}
		}, {
			"streams":	[{
					"socket":	6,
					"start":	3.000132,
					"end":	3.500112,
					"seconds":	0.499980,
					"bytes":	2228224,
					"bits_per_second":	35653012.057200,
					"retransmits":	0,
					"snd_cwnd":	937056,
					"rtt":	186576,
					"omitted":	false
				}],
			"sum":	{
				"start":	3.000132,
				"end":	3.500112,
				"seconds":	0.499980,
				"bytes":	2228224,
				"bits_per_second":	35653012.057200,
				"retransmits":	0,
				"omitted":	false
			}
		}, {
			"streams":	[{
					"socket":	6,
					"start":	3.500112,
					"end":	4.000104,
					"seconds":	0.499992,
					"bytes":	3407872,
					"bits_per_second":	54526836.014332,
					"retransmits":	0,
					"snd_cwnd":	1088416,
					"rtt":	187485,
					"omitted":	false
				}],
			"sum":	{
				"start":	3.500112,
				"end":	4.000104,
				"seconds":	0.499992,
				"bytes":	3407872,
				"bits_per_second":	54526836.014332,
				"retransmits":	0,
				"omitted":	false
			}
		}, {
			"streams":	[{
					"socket":	6,
					"start":	4.000104,
					"end":	4.500119,
					"seconds":	0.500015,
					"bytes":	3014656,
					"bits_per_second":	48233047.043528,
					"retransmits":	0,
					"snd_cwnd":	1221888,
					"rtt":	233279,
					"omitted":	false
				}],
			"sum":	{
				"start":	4.000104,
				"end":	4.500119,
				"seconds":	0.500015,
				"bytes":	3014656,
				"bits_per_second":	48233047.043528,
				"retransmits":	0,
				"omitted":	false
			}
		}, {
			"streams":	[{
					"socket":	6,
					"start":	4.500119,
					"end":	5.000144,
					"seconds":	0.500025,
					"bytes":	3670016,
					"bits_per_second":	58717316.147192,
					"retransmits":	0,
					"snd_cwnd":	1399392,
					"rtt":	193298,
					"omitted":	false
				}],
			"sum":	{
				"start":	4.500119,
				"end":	5.000144,
				"seconds":	0.500025,
				"bytes":	3670016,
				"bits_per_second":	58717316.147192,
				"retransmits":	0,
				"omitted":	false
			}
		}, {
			"streams":	[{
					"socket":	6,
					"start":	5.000144,
					"end":	5.500106,
					"seconds":	0.499962,
					"bytes":	2883584,
					"bits_per_second":	46140842.265228,
					"retransmits":	0,
					"snd_cwnd":	1546624,
					"rtt":	266130,
					"omitted":	false
				}],
			"sum":	{
				"start":	5.000144,
				"end":	5.500106,
				"seconds":	0.499962,
				"bytes":	2883584,
				"bits_per_second":	46140842.265228,
				"retransmits":	0,
				"omitted":	false
			}
		}, {
			"streams":	[{
					"socket":	6,
					"start":	5.500106,
					"end":	6.000115,
					"seconds":	0.500009,
					"bytes":	2490368,
					"bits_per_second":	39845185.012403,
					"retransmits":	0,
					"snd_cwnd":	1673216,
					"rtt":	316014,
					"omitted":	false
				}],
			"sum":	{
				"start":	5.500106,
				"end":	6.000115,
				"seconds":	0.500009,
				"bytes":	2490368,
				"bits_per_second":	39845185.012403,
				"retransmits":	0,
				"omitted":	false
			}
		}, {
			"streams":	[{
					"socket":	6,
					"start":	6.000115,
					"end":	6.500128,
					"seconds":	0.500013,
					"bytes":	2883584,
					"bits_per_second":	46136134.031733,
					"retransmits":	0,
					"snd_cwnd":	1819072,
					"rtt":	290720,
					"omitted":	false
				}],
			"sum":	{
				"start":	6.000115,
				"end":	6.500128,
				"seconds":	0.500013,
				"bytes":	2883584,
				"bits_per_second":	46136134.031733,
				"retransmits":	0,
				"omitted":	false
			}
		}, {
			"streams":	[{
					"socket":	6,
					"start":	6.500128,
					"end":	7.000076,
					"seconds":	0.499948,
					"bytes":	3538944,
					"bits_per_second":	56628990.611916,
					"retransmits":	0,
					"snd_cwnd":	1995200,
					"rtt":	266919,
					"omitted":	false
				}],
			"sum":	{
				"start":	6.500128,
				"end":	7.000076,
				"seconds":	0.499948,
				"bytes":	3538944,
				"bits_per_second":	56628990.611916,
				"retransmits":	0,
				"omitted":	false
			}
		}, {
			"streams":	[{
					"socket":	6,
					"start":	7.000076,
					"end":	7.500119,
					"seconds":	0.500043,
					"bytes":	3538944,
					"bits_per_second":	56618244.417101,
					"retransmits":	0,
					"snd_cwnd":	2169952,
					"rtt":	273883,
					"omitted":	false
				}],
			"sum":	{
				"start":	7.000076,
				"end":	7.500119,
				"seconds":	0.500043,
				"bytes":	3538944,
				"bits_per_second":	56618244.417101,
				"retransmits":	0,
				"omitted":	false
			}
		}, {
			"streams":	[{
					"socket":	6,
					"start":	7.500119,
					"end":	8.000114,
					"seconds":	0.499995,
					"bytes":	3145728,
					"bits_per_second":	50332152.005047,
					"retransmits":	0,
					"snd_cwnd":	2329568,
					"rtt":	310719,