{
	"start":	{
		"connected":	[{
				"socket":	6,
				"local_host":	"10.1.0.4",
				"local_port":	5201,
				"remote_host":	"174.248.222.236",
				"remote_port":	3190
			}],
		"version":	"iperf 3.1.3",
		"system_info":	"Linux ratelimit-east2 5.4.0-1046-azure #48~18.04.1-Ubuntu SMP Tue Apr 13 19:41:38 UTC 2021 x86_64",
		"timestamp":	{
			"time":	"Tue, 11 May 2021 01:15:13 GMT",
			"timesecs":	1620695713
		},
		"accepted_connection":	{
			"host":	"174.248.222.236",
			"port":	3191
		},
		"cookie":	"4oohb4wgamndhgnf6gc6s5p5bjyl55xjdgby",
		"tcp_mss_default":	1376,
		"test_start":	{
			"protocol":	"TCP",
			"num_streams":	1,
			"blksize":	131072,
			"omit":	0,
			"duration":	15,
			"bytes":	0,
			"blocks":	0,
			"reverse":	1
		}
	},
	"intervals":	[{
			"streams":	[{
					"socket":	6,
					"start":	0,
					"end":	0.500158,
					"seconds":	0.500158,
					"bytes":	416928,
					"bits_per_second":	6668739.724378,
					"retransmits":	0,
					"snd_cwnd":	61920,
					"rtt":	75888,
					"omitted":	false
				}],
			"sum":	{
				"start":	0,
				"end":	0.500158,
				"seconds":	0.500158,
				"bytes":	416928,
				"bits_per_second":	6668739.724378,
				"retransmits":	0,
				"omitted":	false
			}
		}, {
			"streams":	[{
					"socket":	6,
					"start":	0.500158,
					"end":	1.000205,
					"seconds":	0.500047,
					"bytes":	517056,
					"bits_per_second":	8272118.942623,
					"retransmits":	0,
					"snd_cwnd":	85312,
					"rtt":	74153,
					"omitted":	false
				}],
			"sum":	{
				"start":	0.500158,
				"end":	1.000205,
				"seconds":	0.500047,
				"bytes":	517056,
				"bits_per_second":	8272118.942623,
				"retransmits":	0,
				"omitted":	false
			}
		}, {
			"streams":	[{
					"socket":	6,
					"start":	1.000205,
					"end":	1.500148,
					"seconds":	0.499943,
					"bytes":	907488,
					"bits_per_second":	14521462.925174,
					"retransmits":	0,
					"snd_cwnd":	123840,
					"rtt":	72828,
					"omitted":	false
				}],
			"sum":	{
				"start":	1.000205,
				"end":	1.500148,
				"seconds":	0.499943,
				"bytes":	907488,
				"bits_per_second":	14521462.925174,
				"retransmits":	0,
				"omitted":	false
			}
		}, {
			"streams":	[{
					"socket":	6,
					"start":	1.500148,
					"end":	2.000089,
					"seconds":	0.499941,
					"bytes":	1048576,
					"bits_per_second":	16779192.232758,
					"retransmits":	0,
					"snd_cwnd":	173376,
					"rtt":	68297,
					"omitted":	false
				}],
			"sum":	{
				"start":	1.500148,
				"end":	2.000089,
				"seconds":	0.499941,
				"bytes":	1048576,
				"bits_per_second":	16779192.232758,
				"retransmits":	0,
				"omitted":	false
			}
		}, {
			"streams":	[{
					"socket":	6,
					"start":	2.000089,
					"end":	2.500138,
					"seconds":	0.500049,
					"bytes":	1441792,
					"bits_per_second":	23066417.220408,
					"retransmits":	0,
					"snd_cwnd":	238048,
					"rtt":	76572,
					"omitted":	false
				}],
			"sum":	{
				"start":	2.000089,
				"end":	2.500138,
				"seconds":	0.500049,
				"bytes":	1441792,
				"bits_per_second":	23066417.220408,
				"retransmits":	0,
				"omitted":	false
			}
		}, {
			"streams":	[{
					"socket":	6,
					"start":	2.500138,
					"end":	3.000140,
					"seconds":	0.500002,
					"bytes":	1835008,
					"bits_per_second":	29360016.000427,
					"retransmits":	0,
					"snd_cwnd":	323360,
					"rtt":	72245,
					"omitted":	false
				}],
			"sum":	{
				"start":	2.500138,
				"end":	3.000140,
				"seconds":	0.500002,
				"bytes":	1835008,
				"bits_per_second":	29360016.000427,
				"retransmits":	0,
				"omitted":	false
			}
		}, {
			"streams":	[{
					"socket":	6,
					"start":	3.000140,
					"end":	3.500174,
					"seconds":	0.500034,
					"bytes":	2359296,
					"bits_per_second":	37746162.175503,
					"retransmits":	0,
					"snd_cwnd":	427936,
					"rtt":	101069,
					"omitted":	false
				}],
			"sum":	{
				"start":	3.000140,
				"end":	3.500174,
				"seconds":	0.500034,
				"bytes":	2359296,
				"bits_per_second":	37746162.175503,
				"retransmits":	0,
				"omitted":	false
			}
		}, {
			"streams":	[{
					"socket":	6,
					"start":	3.500174,
					"end":	4.000138,
					"seconds":	0.499964,
					"bytes":	3014656,
					"bits_per_second":	48237969.250082,
					"retransmits":	0,
					"snd_cwnd":	565536,
					"rtt":	92074,
					"omitted":	false
				}],
			"sum":	{
				"start":	3.500174,
				"end":	4.000138,
				"seconds":	0.499964,
				"bytes":	3014656,
				"bits_per_second":	48237969.250082,
				"retransmits":	0,
				"omitted":	false
			}
		}, {
			"streams":	[{
					"socket":	6,
					"start":	4.000138,
					"end":	4.500087,
					"seconds":	0.499949,
					"bytes":	2752512,
					"bits_per_second":	44044686.458629,
					"retransmits":	0,
					"snd_cwnd":	690752,
					"rtt":	145961,
					"omitted":	false
				}],
			"sum":	{
				"start":	4.000138,
				"end":	4.500087,
				"seconds":	0.499949,
				"bytes":	2752512,
				"bits_per_second":	44044686.458629,
				"retransmits":	0,
				"omitted":	false
			}
		}, {
			"streams":	[{
					"socket":	6,
					"start":	4.500087,
					"end":	5.000075,
					"seconds":	0.499988,
					"bytes":	3276800,
					"bits_per_second":	52430050.029803,
					"retransmits":	0,
					"snd_cwnd":	837984,
					"rtt":	112449,
					"omitted":	false
				}],
			"sum":	{
				"start":	4.500087,
				"end":	5.000075,
				"seconds":	0.499988,
				"bytes":	3276800,
				"bits_per_second":	52430050.029803,
				"retransmits":	0,
				"omitted":	false
			}
		}, {
			"streams":	[{
					"socket":	6,
					"start":	5.000075,
					"end":	5.500081,
					"seconds":	0.500006,
					"bytes":	3145728,
					"bits_per_second":	50331048.007152,
					"retransmits":	0,
					"snd_cwnd":	976960,
					"rtt":	153019,
					"omitted":	false
				}],
			"sum":	{
				"start":	5.000075,
				"end":	5.500081,
				"seconds":	0.500006,
				"bytes":	3145728,
				"bits_per_second":	50331048.007152,
				"retransmits":	0,
				"omitted":	false
			}
		}, {
			"streams":	[{
					"socket":	6,
					"start":	5.500081,
					"end":	6.000154,
					"seconds":	0.500073,
					"bytes":	2490368,
					"bits_per_second":	39840074.848210,
					"retransmits":	0,
					"snd_cwnd":	1096672,
					"rtt":	210345,
					"omitted":	false
				}],
			"sum":	{
				"start":	5.500081,
				"end":	6.000154,
				"seconds":	0.500073,
				"bytes":	2490368,
				"bits_per_second":	39840074.848210,
				"retransmits":	0,
				"omitted":	false
			}
		}, {
			"streams":	[{
					"socket":	6,
					"start":	6.000154,
					"end":	6.500095,
					"seconds":	0.499941,
					"bytes":	2883584,
					"bits_per_second":	46142778.640085,
					"retransmits":	0,
					"snd_cwnd":	1226016,
					"rtt":	220779,
					"omitted":	false
				}],
			"sum":	{
				"start":	6.000154,
				"end":	6.500095,
				"seconds":	0.499941,
				"bytes":	2883584,
				"bits_per_second":	46142778.640085,
				"retransmits":	0,
				"omitted":	false
			}
		}, {
			"streams":	[{
					"socket":	6,
					"start":	6.500095,
					"end":	7.000096,
					"seconds":	0.500001,
					"bytes":	2228224,
					"bits_per_second":	35651516.000130,
					"retransmits":	0,
					"snd_cwnd":	1340224,
					"rtt":	275428,
					"omitted":	false
				}],
			"sum":	{
				"start":	6.500095,
				"end":	7.000096,
				"seconds":	0.500001,
				"bytes":	2228224,
				"bits_per_second":	35651516.000130,
				"retransmits":	0,
				"omitted":	false
			}
		}, {
			"streams":	[{
					"socket":	6,
					"start":	7.000096,
					"end":	7.500163,
					"seconds":	0.500067,
					"bytes":	3670016,
					"bits_per_second":	58712389.054102,
					"retransmits":	0,
					"snd_cwnd":	1516352,
					"rtt":	211181,
					"omitted":	false
				}],
			"sum":	{
				"start":	7.000096,
				"end":	7.500163,
				"seconds":	0.500067,
				"bytes":	3670016,
				"bits_per_second":	58712389.054102,
				"retransmits":	0,
				"omitted":	false
			}
		}, {
			"streams":	[{
					"socket":	6,
					"start":	7.500163,
					"end":	8.000152,
					"seconds":	0.499989,
					"bytes":	3407872,
					"bits_per_second":	54527148.026234,
					"retransmits":	0,
					"snd_cwnd":	1689728,
					"rtt":	224275,
					"omitted":	false
				}],