{
	"start":	{
		"connected":	[{
				"socket":	6,
				"local_host":	"10.3.0.4",
				"local_port":	5201,
				"remote_host":	"174.248.221.155",
				"remote_port":	6334
			}],
		"version":	"iperf 3.1.3",
		"system_info":	"Linux az-west2 5.4.0-1047-azure #49~18.04.1-Ubuntu SMP Thu Apr 22 21:28:54 UTC 2021 x86_64",
		"timestamp":	{
			"time":	"Mon, 17 May 2021 22:04:26 GMT",
			"timesecs":	1621289066
		},
		"accepted_connection":	{
			"host":	"174.248.221.155",
			"port":	6333
		},
		"cookie":	"asady6mguupwo5jkuufr3wsnwe27lrj2l32z",
		"tcp_mss_default":	1376,
		"test_start":	{
			"protocol":	"TCP",
			"num_streams":	1,
			"blksize":	131072,
			"omit":	0,
			"duration":	10,
			"bytes":	0,
			"blocks":	0,
			"reverse":	1
		}
	},
	"intervals":	[{
			"streams":	[{
					"socket":	6,
					"start":	0,
					"end":	0.500141,
					"seconds":	0.500141,
					"bytes":	487456,
					"bits_per_second":	7797098.693687,
					"retransmits":	0,
					"snd_cwnd":	132096,
					"rtt":	97770,
					"omitted":	false
				}],
			"sum":	{
				"start":	0,
				"end":	0.500141,
				"seconds":	0.500141,
				"bytes":	487456,
				"bits_per_second":	7797098.693687,
				"retransmits":	0,
				"omitted":	false
			}
		}, {
			"streams":	[{
					"socket":	6,
					"start":	0.500141,
					"end":	1.000085,
					"seconds":	0.499944,
					"bytes":	786432,
					"bits_per_second":	12584316.156676,
					"retransmits":	0,
					"snd_cwnd":	166496,
					"rtt":	101136,
					"omitted":	false
				}],
			"sum":	{
				"start":	0.500141,
				"end":	1.000085,
				"seconds":	0.499944,
				"bytes":	786432,
				"bits_per_second":	12584316.156676,
				"retransmits":	0,
				"omitted":	false
			}
		}, {
			"streams":	[{
					"socket":	6,
					"start":	1.000085,
					"end":	1.500142,
					"seconds":	0.500057,
					"bytes":	786432,
					"bits_per_second":	12581478.163406,
					"retransmits":	0,
					"snd_cwnd":	205024,
					"rtt":	127331,
					"omitted":	false
				}],
			"sum":	{
				"start":	1.000085,
				"end":	1.500142,
				"seconds":	0.500057,
				"bytes":	786432,
				"bits_per_second":	12581478.163406,
				"retransmits":	0,
				"omitted":	false
			}
		}, {
			"streams":	[{
					"socket":	6,
					"start":	1.500142,
					"end":	2.000098,
					"seconds":	0.499956,
					"bytes":	917504,
					"bits_per_second":	14681359.114248,
					"retransmits":	0,
					"snd_cwnd":	246304,
					"rtt":	147464,
					"omitted":	false
				}],
			"sum":	{
				"start":	1.500142,
				"end":	2.000098,
				"seconds":	0.499956,
				"bytes":	917504,
				"bits_per_second":	14681359.114248,
				"retransmits":	0,
				"omitted":	false
			}
		}, {
			"streams":	[{
					"socket":	6,
					"start":	2.000098,
					"end":	2.500107,
					"seconds":	0.500009,
					"bytes":	786432,
					"bits_per_second":	12582684.004131,
					"retransmits":	0,
					"snd_cwnd":	283456,
					"rtt":	188836,
					"omitted":	false
				}],
			"sum":	{
				"start":	2.000098,
				"end":	2.500107,
				"seconds":	0.500009,
				"bytes":	786432,
				"bits_per_second":	12582684.004131,
				"retransmits":	0,
				"omitted":	false
			}
		}, {
			"streams":	[{
					"socket":	6,
					"start":	2.500107,
					"end":	3.000103,
					"seconds":	0.499996,
					"bytes":	917504,
					"bits_per_second":	14680183.000965,
					"retransmits":	0,
					"snd_cwnd":	321984,
					"rtt":	186739,
					"omitted":	false
				}],
			"sum":	{
				"start":	2.500107,
				"end":	3.000103,
				"seconds":	0.499996,
				"bytes":	917504,
				"bits_per_second":	14680183.000965,
				"retransmits":	0,
				"omitted":	false
			}
		}, {
			"streams":	[{
					"socket":	6,
					"start":	3.000103,
					"end":	3.500098,
					"seconds":	0.499995,
					"bytes":	917504,
					"bits_per_second":	14680211.001472,
					"retransmits":	0,
					"snd_cwnd":	363264,
					"rtt":	215832,
					"omitted":	false
				}],
			"sum":	{
				"start":	3.000103,
				"end":	3.500098,
				"seconds":	0.499995,
				"bytes":	917504,
				"bits_per_second":	14680211.001472,
				"retransmits":	0,
				"omitted":	false
			}
		}, {
			"streams":	[{
					"socket":	6,
					"start":	3.500098,
					"end":	4.000106,
					"seconds":	0.500008,
					"bytes":	786432,
					"bits_per_second":	12582708.003307,
					"retransmits":	0,
					"snd_cwnd":	400416,
					"rtt":	268611,
					"omitted":	false
				}],
			"sum":	{
				"start":	3.500098,
				"end":	4.000106,
				"seconds":	0.500008,
				"bytes":	786432,
				"bits_per_second":	12582708.003307,
				"retransmits":	0,
				"omitted":	false
			}
		}, {
			"streams":	[{
					"socket":	6,
					"start":	4.000106,
					"end":	4.500108,
					"seconds":	0.500002,
					"bytes":	786432,
					"bits_per_second":	12582864.000183,
					"retransmits":	0,
					"snd_cwnd":	438944,
					"rtt":	278922,
					"omitted":	false
				}],
			"sum":	{
				"start":	4.000106,
				"end":	4.500108,
				"seconds":	0.500002,
				"bytes":	786432,
				"bits_per_second":	12582864.000183,
				"retransmits":	0,
				"omitted":	false
			}
		}, {
			"streams":	[{
					"socket":	6,
					"start":	4.500108,
					"end":	5.000121,
					"seconds":	0.500013,
					"bytes":	786432,
					"bits_per_second":	12582582.008654,
					"retransmits":	0,
					"snd_cwnd":	476096,
					"rtt":	299409,
					"omitted":	false
				}],
			"sum":	{
				"start":	4.500108,
				"end":	5.000121,
				"seconds":	0.500013,
				"bytes":	786432,
				"bits_per_second":	12582582.008654,
				"retransmits":	0,
				"omitted":	false
			}
		}, {
			"streams":	[{
					"socket":	6,
					"start":	5.000121,
					"end":	5.500097,
					"seconds":	0.499976,
					"bytes":	917504,
					"bits_per_second":	14680771.034051,
					"retransmits":	0,
					"snd_cwnd":	514624,
					"rtt":	329613,
					"omitted":	false
				}],
			"sum":	{
				"start":	5.000121,
				"end":	5.500097,
				"seconds":	0.499976,
				"bytes":	917504,
				"bits_per_second":	14680771.034051,
				"retransmits":	0,
				"omitted":	false
			}
		}, {
			"streams":	[{
					"socket":	6,
					"start":	5.500097,
					"end":	6.000114,
					"seconds":	0.500017,
					"bytes":	786432,
					"bits_per_second":	12582486.014422,
					"retransmits":	0,
					"snd_cwnd":	554528,
					"rtt":	325989,
					"omitted":	false
				}],
			"sum":	{
				"start":	5.500097,
				"end":	6.000114,
				"seconds":	0.500017,
				"bytes":	786432,
				"bits_per_second":	12582486.014422,
				"retransmits":	0,
				"omitted":	false
			}
		}, {
			"streams":	[{
					"socket":	6,
					"start":	6.000114,
					"end":	6.500101,
					"seconds":	0.499987,
					"bytes":	917504,
					"bits_per_second":	14680442.009733,
					"retransmits":	0,
					"snd_cwnd":	597184,
					"rtt":	336378,
					"omitted":	false
				}],
			"sum":	{
				"start":	6.000114,
				"end":	6.500101,
				"seconds":	0.499987,
				"bytes":	917504,
				"bits_per_second":	14680442.009733,
				"retransmits":	0,
				"omitted":	false
			}
		}, {
			"streams":	[{
					"socket":	6,
					"start":	6.500101,
					"end":	7.000106,
					"seconds":	0.500005,
					"bytes":	917504,
					"bits_per_second":	14679917.001472,
					"retransmits":	0,
					"snd_cwnd":	639840,
					"rtt":	352566,
					"omitted":	false
				}],
			"sum":	{
				"start":	6.500101,
				"end":	7.000106,
				"seconds":	0.500005,
				"bytes":	917504,
				"bits_per_second":	14679917.001472,
				"retransmits":	0,
				"omitted":	false
			}
		}, {
			"streams":	[{
					"socket":	6,
					"start":	7.000106,
					"end":	7.500119,
					"seconds":	0.500013,
					"bytes":	917504,
					"bits_per_second":	14679686.009733,
					"retransmits":	0,
					"snd_cwnd":	682496,
					"rtt":	391079,
					"omitted":	false
				}],
			"sum":	{
				"start":	7.000106,
				"end":	7.500119,
				"seconds":	0.500013,
				"bytes":	917504,
				"bits_per_second":	14679686.009733,
				"retransmits":	0,
				"omitted":	false
			}
		}, {
			"streams":	[{
					"socket":	6,
					"start":	7.500119,
					"end":	8.000101,
					"seconds":	0.499982,
					"bytes":	1048576,
					"bits_per_second":	16777816.021458,
					"retransmits":	0,
					"snd_cwnd":	725152,
					"rtt":	394650,
					"omitted":	false
				}],