{
	"start":	{
		"connected":	[{
				"socket":	6,
				"local_host":	"10.4.0.4",
				"local_port":	5201,
				"remote_host":	"174.248.222.236",
				"remote_port":	3187
			}],
		"version":	"iperf 3.1.3",
		"system_info":	"Linux ratelimit-north-central 5.4.0-1046-azure #48~18.04.1-Ubuntu SMP Tue Apr 13 19:41:38 UTC 2021 x86_64",
		"timestamp":	{
			"time":	"Tue, 11 May 2021 01:17:00 GMT",
			"timesecs":	1620695820
		},
		"accepted_connection":	{
			"host":	"174.248.222.236",
			"port":	3170
		},
		"cookie":	"547ts6ndrbexfiy3ehtm4kfqlpe5jmmvv3wj",
		"tcp_mss_default":	1376,
		"test_start":	{
			"protocol":	"TCP",
			"num_streams":	1,
			"blksize":	131072,
			"omit":	0,
			"duration":	15,
			"bytes":	0,
			"blocks":	0,
			"reverse":	1
		}
	},
	"intervals":	[{
			"streams":	[{
					"socket":	6,
					"start":	0,
					"end":	0.500089,
					"seconds":	0.500089,
					"bytes":	524256,
					"bits_per_second":	8386604.356369,
					"retransmits":	0,
					"snd_cwnd":	64672,
					"rtt":	58802,
					"omitted":	false
				}],
			"sum":	{
				"start":	0,
				"end":	0.500089,
				"seconds":	0.500089,
				"bytes":	524256,
				"bits_per_second":	8386604.356369,
				"retransmits":	0,
				"omitted":	false
			}
		}, {
			"streams":	[{
					"socket":	6,
					"start":	0.500089,
					"end":	1.000112,
					"seconds":	0.500023,
					"bytes":	776768,
					"bits_per_second":	12427713.178443,
					"retransmits":	0,
					"snd_cwnd":	99072,
					"rtt":	56697,
					"omitted":	false
				}],
			"sum":	{
				"start":	0.500089,
				"end":	1.000112,
				"seconds":	0.500023,
				"bytes":	776768,
				"bits_per_second":	12427713.178443,
				"retransmits":	0,
				"omitted":	false
			}
		}, {
			"streams":	[{
					"socket":	6,
					"start":	1.000112,
					"end":	1.500090,
					"seconds":	0.499978,
					"bytes":	1040640,
					"bits_per_second":	16650978.401886,
					"retransmits":	0,
					"snd_cwnd":	149984,
					"rtt":	57551,
					"omitted":	false
				}],
			"sum":	{
				"start":	1.000112,
				"end":	1.500090,
				"seconds":	0.499978,
				"bytes":	1040640,
				"bits_per_second":	16650978.401886,
				"retransmits":	0,
				"omitted":	false
			}
		}, {
			"streams":	[{
					"socket":	6,
					"start":	1.500090,
					"end":	2.000147,
					"seconds":	0.500057,
					"bytes":	1572864,
					"bits_per_second":	25162956.326812,
					"retransmits":	0,
					"snd_cwnd":	218784,
					"rtt":	63973,
					"omitted":	false
				}],
			"sum":	{
				"start":	1.500090,
				"end":	2.000147,
				"seconds":	0.500057,
				"bytes":	1572864,
				"bits_per_second":	25162956.326812,
				"retransmits":	0,
				"omitted":	false
			}
		}, {
			"streams":	[{
					"socket":	6,
					"start":	2.000147,
					"end":	2.500171,
					"seconds":	0.500024,
					"bytes":	1966080,
					"bits_per_second":	31455765.072960,
					"retransmits":	0,
					"snd_cwnd":	308224,
					"rtt":	75267,
					"omitted":	false
				}],
			"sum":	{
				"start":	2.000147,
				"end":	2.500171,
				"seconds":	0.500024,
				"bytes":	1966080,
				"bits_per_second":	31455765.072960,
				"retransmits":	0,
				"omitted":	false
			}
		}, {
			"streams":	[{
					"socket":	6,
					"start":	2.500171,
					"end":	3.000146,
					"seconds":	0.499975,
					"bytes":	3145728,
					"bits_per_second":	50334168.126177,
					"retransmits":	0,
					"snd_cwnd":	448576,
					"rtt":	63783,
					"omitted":	false
				}],
			"sum":	{
				"start":	2.500171,
				"end":	3.000146,
				"seconds":	0.499975,
				"bytes":	3145728,
				"bits_per_second":	50334168.126177,
				"retransmits":	0,
				"omitted":	false
			}
		}, {
			"streams":	[{
					"socket":	6,
					"start":	3.000146,
					"end":	3.500100,
					"seconds":	0.499954,
					"bytes":	3407872,
					"bits_per_second":	54530970.461847,
					"retransmits":	0,
					"snd_cwnd":	605440,
					"rtt":	88770,
					"omitted":	false
				}],
			"sum":	{
				"start":	3.000146,
				"end":	3.500100,
				"seconds":	0.499954,
				"bytes":	3407872,
				"bits_per_second":	54530970.461847,
				"retransmits":	0,
				"omitted":	false
			}
		}, {
			"streams":	[{
					"socket":	6,
					"start":	3.500100,
					"end":	4.000232,
					"seconds":	0.500132,
					"bytes":	3670016,
					"bits_per_second":	58704748.096688,
					"retransmits":	0,
					"snd_cwnd":	773312,
					"rtt":	109267,
					"omitted":	false
				}],
			"sum":	{
				"start":	3.500100,
				"end":	4.000232,
				"seconds":	0.500132,
				"bytes":	3670016,
				"bits_per_second":	58704748.096688,
				"retransmits":	0,
				"omitted":	false
			}
		}, {
			"streams":	[{
					"socket":	6,
					"start":	4.000232,
					"end":	4.500156,
					"seconds":	0.499924,
					"bytes":	3538944,
					"bits_per_second":	56631718.310332,
					"retransmits":	0,
					"snd_cwnd":	932928,
					"rtt":	122522,
					"omitted":	false
				}],
			"sum":	{
				"start":	4.000232,
				"end":	4.500156,
				"seconds":	0.499924,
				"bytes":	3538944,
				"bits_per_second":	56631718.310332,
				"retransmits":	0,
				"omitted":	false
			}
		}, {
			"streams":	[{
					"socket":	6,
					"start":	4.500156,
					"end":	5.000151,
					"seconds":	0.499995,
					"bytes":	3670016,
					"bits_per_second":	58720844.005888,
					"retransmits":	0,
					"snd_cwnd":	1095296,
					"rtt":	174573,
					"omitted":	false
				}],
			"sum":	{
				"start":	4.500156,
				"end":	5.000151,
				"seconds":	0.499995,
				"bytes":	3670016,
				"bits_per_second":	58720844.005888,
				"retransmits":	0,
				"omitted":	false
			}
		}, {
			"streams":	[{
					"socket":	6,
					"start":	5.000151,
					"end":	5.500080,
					"seconds":	0.499929,
					"bytes":	3932160,
					"bits_per_second":	62923501.270532,
					"retransmits":	0,
					"snd_cwnd":	1278304,
					"rtt":	157556,
					"omitted":	false
				}],
			"sum":	{
				"start":	5.000151,
				"end":	5.500080,
				"seconds":	0.499929,
				"bytes":	3932160,
				"bits_per_second":	62923501.270532,
				"retransmits":	0,
				"omitted":	false
			}
		}, {
			"streams":	[{
					"socket":	6,
					"start":	5.500080,
					"end":	6.000138,
					"seconds":	0.500058,
					"bytes":	3670016,
					"bits_per_second":	58713424.794799,
					"retransmits":	0,
					"snd_cwnd":	1462688,
					"rtt":	187177,
					"omitted":	false
				}],
			"sum":	{
				"start":	5.500080,
				"end":	6.000138,
				"seconds":	0.500058,
				"bytes":	3670016,
				"bits_per_second":	58713424.794799,
				"retransmits":	0,
				"omitted":	false
			}
		}, {
			"streams":	[{
					"socket":	6,
					"start":	6.000138,
					"end":	6.500143,
					"seconds":	0.500005,
					"bytes":	3407872,
					"bits_per_second":	54525406.005467,
					"retransmits":	0,
					"snd_cwnd":	1636064,
					"rtt":	196914,
					"omitted":	false
				}],
			"sum":	{
				"start":	6.000138,
				"end":	6.500143,
				"seconds":	0.500005,
				"bytes":	3407872,
				"bits_per_second":	54525406.005467,
				"retransmits":	0,
				"omitted":	false
			}
		}, {
			"streams":	[{
					"socket":	6,
					"start":	6.500143,
					"end":	7.000155,
					"seconds":	0.500012,
					"bytes":	3145728,
					"bits_per_second":	50330448.028610,
					"retransmits":	0,
					"snd_cwnd":	1795680,
					"rtt":	268438,
					"omitted":	false
				}],
			"sum":	{
				"start":	6.500143,
				"end":	7.000155,
				"seconds":	0.500012,
				"bytes":	3145728,
				"bits_per_second":	50330448.028610,
				"retransmits":	0,
				"omitted":	false
			}
		}, {
			"streams":	[{
					"socket":	6,
					"start":	7.000155,
					"end":	7.500151,
					"seconds":	0.499996,
					"bytes":	1703936,
					"bits_per_second":	27263197.001791,
					"retransmits":	0,
					"snd_cwnd":	1883744,
					"rtt":	500759,
					"omitted":	false
				}],
			"sum":	{
				"start":	7.000155,
				"end":	7.500151,
				"seconds":	0.499996,
				"bytes":	1703936,
				"bits_per_second":	27263197.001791,
				"retransmits":	0,
				"omitted":	false
			}
		}, {
			"streams":	[{
					"socket":	6,
					"start":	7.500151,
					"end":	8.000092,
					"seconds":	0.499941,
					"bytes":	1572864,
					"bits_per_second":	25168788.349137,
					"retransmits":	0,
					"snd_cwnd":	1973184,
					"rtt":	506766,