{
	"start":	{
		"connected":	[{
				"socket":	6,
				"local_host":	"10.0.0.4",
				"local_port":	5201,
				"remote_host":	"174.248.222.236",
				"remote_port":	3196
			}],
		"version":	"iperf 3.1.3",
		"system_info":	"Linux ratelimit-east 5.4.0-1046-azure #48~18.04.1-Ubuntu SMP Tue Apr 13 19:41:38 UTC 2021 x86_64",
		"timestamp":	{
			"time":	"Tue, 11 May 2021 00:43:02 GMT",
			"timesecs":	1620693782
		},
		"accepted_connection":	{
			"host":	"174.248.222.236",
			"port":	3183
		},
		"cookie":	"fzj3gjzf77w3xpklghx66esae4yjqd7ftagl",
		"tcp_mss_default":	1376,
		"test_start":	{
			"protocol":	"TCP",
			"num_streams":	1,
			"blksize":	131072,
			"omit":	0,
			"duration":	15,
			"bytes":	0,
			"blocks":	0,
			"reverse":	1
		}
	},
	"intervals":	[{
			"streams":	[{
					"socket":	6,
					"start":	0,
					"end":	0.500132,
					"seconds":	0.500132,
					"bytes":	249056,
					"bits_per_second":	3983843.596859,
					"retransmits":	0,
					"snd_cwnd":	55040,
					"rtt":	88002,
					"omitted":	false
				}],
			"sum":	{
				"start":	0,
				"end":	0.500132,
				"seconds":	0.500132,
				"bytes":	249056,
				"bits_per_second":	3983843.596859,
				"retransmits":	0,
				"omitted":	false
			}
		}, {
			"streams":	[{
					"socket":	6,
					"start":	0.500132,
					"end":	1.000201,
					"seconds":	0.500069,
					"bytes":	331616,
					"bits_per_second":	5305124.922280,
					"retransmits":	0,
					"snd_cwnd":	67424,
					"rtt":	75749,
					"omitted":	false
				}],
			"sum":	{
				"start":	0.500132,
				"end":	1.000201,
				"seconds":	0.500069,
				"bytes":	331616,
				"bits_per_second":	5305124.922280,
				"retransmits":	0,
				"omitted":	false
			}
		}, {
			"streams":	[{
					"socket":	6,
					"start":	1.000201,
					"end":	1.500165,
					"seconds":	0.499964,
					"bytes":	392160,
					"bits_per_second":	6275011.815979,
					"retransmits":	0,
					"snd_cwnd":	82560,
					"rtt":	172759,
					"omitted":	false
				}],
			"sum":	{
				"start":	1.000201,
				"end":	1.500165,
				"seconds":	0.499964,
				"bytes":	392160,
				"bits_per_second":	6275011.815979,
				"retransmits":	0,
				"omitted":	false
			}
		}, {
			"streams":	[{
					"socket":	6,
					"start":	1.500165,
					"end":	2.000078,
					"seconds":	0.499913,
					"bytes":	510848,
					"bits_per_second":	8174990.820878,
					"retransmits":	0,
					"snd_cwnd":	105952,
					"rtt":	89836,
					"omitted":	false
				}],
			"sum":	{
				"start":	1.500165,
				"end":	2.000078,
				"seconds":	0.499913,
				"bytes":	510848,
				"bits_per_second":	8174990.820878,
				"retransmits":	0,
				"omitted":	false
			}
		}, {
			"streams":	[{
					"socket":	6,
					"start":	2.000078,
					"end":	2.500088,
					"seconds":	0.500010,
					"bytes":	655360,
					"bits_per_second":	10485550.004206,
					"retransmits":	0,
					"snd_cwnd":	137600,
					"rtt":	88275,
					"omitted":	false
				}],
			"sum":	{
				"start":	2.000078,
				"end":	2.500088,
				"seconds":	0.500010,
				"bytes":	655360,
				"bits_per_second":	10485550.004206,
				"retransmits":	0,
				"omitted":	false
			}
		}, {
			"streams":	[{
					"socket":	6,
					"start":	2.500088,
					"end":	3.000158,
					"seconds":	0.500070,
					"bytes":	786432,
					"bits_per_second":	12581148.247261,
					"retransmits":	0,
					"snd_cwnd":	174752,
					"rtt":	105734,
					"omitted":	false
				}],
			"sum":	{
				"start":	2.500088,
				"end":	3.000158,
				"seconds":	0.500070,
				"bytes":	786432,
				"bits_per_second":	12581148.247261,
				"retransmits":	0,
				"omitted":	false
			}
		}, {
			"streams":	[{
					"socket":	6,
					"start":	3.000158,
					"end":	3.500082,
					"seconds":	0.499924,
					"bytes":	917504,
					"bits_per_second":	14682297.339716,
					"retransmits":	0,
					"snd_cwnd":	217408,
					"rtt":	100951,
					"omitted":	false
				}],
			"sum":	{
				"start":	3.000158,
				"end":	3.500082,
				"seconds":	0.499924,
				"bytes":	917504,
				"bits_per_second":	14682297.339716,
				"retransmits":	0,
				"omitted":	false
			}
		}, {
			"streams":	[{
					"socket":	6,
					"start":	3.500082,
					"end":	4.000129,
					"seconds":	0.500047,
					"bytes":	917504,
					"bits_per_second":	14678685.129527,
					"retransmits":	0,
					"snd_cwnd":	260064,
					"rtt":	140401,
					"omitted":	false
				}],
			"sum":	{
				"start":	3.500082,
				"end":	4.000129,
				"seconds":	0.500047,
				"bytes":	917504,
				"bits_per_second":	14678685.129527,
				"retransmits":	0,
				"omitted":	false
			}
		}, {
			"streams":	[{
					"socket":	6,
					"start":	4.000129,
					"end":	4.500152,
					"seconds":	0.500023,
					"bytes":	917504,
					"bits_per_second":	14679385.031404,
					"retransmits":	0,
					"snd_cwnd":	302720,
					"rtt":	176324,
					"omitted":	false
				}],
			"sum":	{
				"start":	4.000129,
				"end":	4.500152,
				"seconds":	0.500023,
				"bytes":	917504,
				"bits_per_second":	14679385.031404,
				"retransmits":	0,
				"omitted":	false
			}
		}, {
			"streams":	[{
					"socket":	6,
					"start":	4.500152,
					"end":	5.000105,
					"seconds":	0.499953,
					"bytes":	1179648,
					"bits_per_second":	18876150.168261,
					"retransmits":	0,
					"snd_cwnd":	355008,
					"rtt":	156217,
					"omitted":	false
				}],
			"sum":	{
				"start":	4.500152,
				"end":	5.000105,
				"seconds":	0.499953,
				"bytes":	1179648,
				"bits_per_second":	18876150.168261,
				"retransmits":	0,
				"omitted":	false
			}
		}, {
			"streams":	[{
					"socket":	6,
					"start":	5.000105,
					"end":	5.500174,
					"seconds":	0.500069,
					"bytes":	1048576,
					"bits_per_second":	16774896.320772,
					"retransmits":	0,
					"snd_cwnd":	403168,
					"rtt":	172135,
					"omitted":	false
				}],
			"sum":	{
				"start":	5.000105,
				"end":	5.500174,
				"seconds":	0.500069,
				"bytes":	1048576,
				"bits_per_second":	16774896.320772,
				"retransmits":	0,
				"omitted":	false
			}
		}, {
			"streams":	[{
					"socket":	6,
					"start":	5.500174,
					"end":	6.000153,
					"seconds":	0.499979,
					"bytes":	1179648,
					"bits_per_second":	18875160.033235,
					"retransmits":	0,
					"snd_cwnd":	458208,
					"rtt":	195591,
					"omitted":	false
				}],
			"sum":	{
				"start":	5.500174,
				"end":	6.000153,
				"seconds":	0.499979,
				"bytes":	1179648,
				"bits_per_second":	18875160.033235,
				"retransmits":	0,
				"omitted":	false
			}
		}, {
			"streams":	[{
					"socket":	6,
					"start":	6.000153,
					"end":	6.500194,
					"seconds":	0.500041,
					"bytes":	917504,
					"bits_per_second":	14678860.098739,
					"retransmits":	0,
					"snd_cwnd":	498112,
					"rtt":	277298,
					"omitted":	false
				}],
			"sum":	{
				"start":	6.000153,
				"end":	6.500194,
				"seconds":	0.500041,
				"bytes":	917504,
				"bits_per_second":	14678860.098739,
				"retransmits":	0,
				"omitted":	false
			}
		}, {
			"streams":	[{
					"socket":	6,
					"start":	6.500194,
					"end":	7.000107,
					"seconds":	0.499913,
					"bytes":	1179648,
					"bits_per_second":	18877653.571839,
					"retransmits":	0,
					"snd_cwnd":	553152,
					"rtt":	251849,
					"omitted":	false
				}],
			"sum":	{
				"start":	6.500194,
				"end":	7.000107,
				"seconds":	0.499913,
				"bytes":	1179648,
				"bits_per_second":	18877653.571839,
				"retransmits":	0,
				"omitted":	false
			}
		}, {
			"streams":	[{
					"socket":	6,
					"start":	7.000107,
					"end":	7.500101,
					"seconds":	0.499994,
					"bytes":	1048576,
					"bits_per_second":	16777416.002384,
					"retransmits":	0,
					"snd_cwnd":	601312,
					"rtt":	310928,
					"omitted":	false
				}],
			"sum":	{
				"start":	7.000107,
				"end":	7.500101,
				"seconds":	0.499994,
				"bytes":	1048576,
				"bits_per_second":	16777416.002384,
				"retransmits":	0,
				"omitted":	false
			}
		}, {
			"streams":	[{
					"socket":	6,
					"start":	7.500101,
					"end":	8.000086,
					"seconds":	0.499985,
					"bytes":	917504,
					"bits_per_second":	14680505.013248,
					"retransmits":	0,
					"snd_cwnd":	645344,
					"rtt":	294949,
					"omitted":	false
				}],