{
	"start":	{
		"connected":	[{
				"socket":	6,
				"local_host":	"10.4.0.4",
				"local_port":	5201,
				"remote_host":	"174.248.221.155",
				"remote_port":	6333
			}],
		"version":	"iperf 3.1.3",
		"system_info":	"Linux az-west-central 5.4.0-1047-azure #49~18.04.1-Ubuntu SMP Thu Apr 22 21:28:54 UTC 2021 x86_64",
		"timestamp":	{
			"time":	"Mon, 17 May 2021 22:14:40 GMT",
			"timesecs":	1621289680
		},
		"accepted_connection":	{
			"host":	"174.248.221.155",
			"port":	6314
		},
		"cookie":	"pmi3kr2b5zobstofd3vfiiymrqeacu7zaff3",
		"tcp_mss_default":	1376,
		"test_start":	{
			"protocol":	"TCP",
			"num_streams":	1,
			"blksize":	131072,
			"omit":	0,
			"duration":	10,
			"bytes":	0,
			"blocks":	0,
			"reverse":	1
		}
	},
	"intervals":	[{
			"streams":	[{
					"socket":	6,
					"start":	0,
					"end":	0.500115,
					"seconds":	0.500115,
					"bytes":	360512,
					"bits_per_second":	5766866.569279,
					"retransmits":	0,
					"snd_cwnd":	57792,
					"rtt":	74120,
					"omitted":	false
				}],
			"sum":	{
				"start":	0,
				"end":	0.500115,
				"seconds":	0.500115,
				"bytes":	360512,
				"bits_per_second":	5766866.569279,
				"retransmits":	0,
				"omitted":	false
			}
		}, {
			"streams":	[{
					"socket":	6,
					"start":	0.500115,
					"end":	1.000099,
					"seconds":	0.499984,
					"bytes":	467840,
					"bits_per_second":	7485679.153148,
					"retransmits":	0,
					"snd_cwnd":	75680,
					"rtt":	77687,
					"omitted":	false
				}],
			"sum":	{
				"start":	0.500115,
				"end":	1.000099,
				"seconds":	0.499984,
				"bytes":	467840,
				"bits_per_second":	7485679.153148,
				"retransmits":	0,
				"omitted":	false
			}
		}, {
			"streams":	[{
					"socket":	6,
					"start":	1.000099,
					"end":	1.500166,
					"seconds":	0.500067,
					"bytes":	495360,
					"bits_per_second":	7924698.159855,
					"retransmits":	0,
					"snd_cwnd":	103200,
					"rtt":	82720,
					"omitted":	false
				}],
			"sum":	{
				"start":	1.000099,
				"end":	1.500166,
				"seconds":	0.500067,
				"bytes":	495360,
				"bits_per_second":	7924698.159855,
				"retransmits":	0,
				"omitted":	false
			}
		}, {
			"streams":	[{
					"socket":	6,
					"start":	1.500166,
					"end":	2.000103,
					"seconds":	0.499937,
					"bytes":	771968,
					"bits_per_second":	12353043.062947,
					"retransmits":	0,
					"snd_cwnd":	138976,
					"rtt":	81789,
					"omitted":	false
				}],
			"sum":	{
				"start":	1.500166,
				"end":	2.000103,
				"seconds":	0.499937,
				"bytes":	771968,
				"bits_per_second":	12353043.062947,
				"retransmits":	0,
				"omitted":	false
			}
		}, {
			"streams":	[{
					"socket":	6,
					"start":	2.000103,
					"end":	2.500142,
					"seconds":	0.500039,
					"bytes":	1048576,
					"bits_per_second":	16775912.101345,
					"retransmits":	0,
					"snd_cwnd":	181632,
					"rtt":	101030,
					"omitted":	false
				}],
			"sum":	{
				"start":	2.000103,
				"end":	2.500142,
				"seconds":	0.500039,
				"bytes":	1048576,
				"bits_per_second":	16775912.101345,
				"retransmits":	0,
				"omitted":	false
			}
		}, {
			"streams":	[{
					"socket":	6,
					"start":	2.500142,
					"end":	3.000094,
					"seconds":	0.499952,
					"bytes":	1179648,
					"bits_per_second":	18876177.173399,
					"retransmits":	0,
					"snd_cwnd":	236672,
					"rtt":	95537,
					"omitted":	false
				}],
			"sum":	{
				"start":	2.500142,
				"end":	3.000094,
				"seconds":	0.499952,
				"bytes":	1179648,
				"bits_per_second":	18876177.173399,
				"retransmits":	0,
				"omitted":	false
			}
		}, {
			"streams":	[{
					"socket":	6,
					"start":	3.000094,
					"end":	3.500095,
					"seconds":	0.500001,
					"bytes":	1310720,
					"bits_per_second":	20971480.000076,
					"retransmits":	0,
					"snd_cwnd":	298592,
					"rtt":	104846,
					"omitted":	false
				}],
			"sum":	{
				"start":	3.000094,
				"end":	3.500095,
				"seconds":	0.500001,
				"bytes":	1310720,
				"bits_per_second":	20971480.000076,
				"retransmits":	0,
				"omitted":	false
			}
		}, {
			"streams":	[{
					"socket":	6,
					"start":	3.500095,
					"end":	4.000101,
					"seconds":	0.500006,
					"bytes":	1179648,
					"bits_per_second":	18874143.002682,
					"retransmits":	0,
					"snd_cwnd":	352256,
					"rtt":	115263,
					"omitted":	false
				}],
			"sum":	{
				"start":	3.500095,
				"end":	4.000101,
				"seconds":	0.500006,
				"bytes":	1179648,
				"bits_per_second":	18874143.002682,
				"retransmits":	0,
				"omitted":	false
			}
		}, {
			"streams":	[{
					"socket":	6,
					"start":	4.000101,
					"end":	4.500106,
					"seconds":	0.500005,
					"bytes":	1179648,
					"bits_per_second":	18874179.001893,
					"retransmits":	0,
					"snd_cwnd":	408672,
					"rtt":	173981,
					"omitted":	false
				}],
			"sum":	{
				"start":	4.000101,
				"end":	4.500106,
				"seconds":	0.500005,
				"bytes":	1179648,
				"bits_per_second":	18874179.001893,
				"retransmits":	0,
				"omitted":	false
			}
		}, {
			"streams":	[{
					"socket":	6,
					"start":	4.500106,
					"end":	5.000081,
					"seconds":	0.499975,
					"bytes":	1310720,
					"bits_per_second":	20972570.052574,
					"retransmits":	0,
					"snd_cwnd":	469216,
					"rtt":	192989,
					"omitted":	false
				}],
			"sum":	{
				"start":	4.500106,
				"end":	5.000081,
				"seconds":	0.499975,
				"bytes":	1310720,
				"bits_per_second":	20972570.052574,
				"retransmits":	0,
				"omitted":	false
			}
		}, {
			"streams":	[{
					"socket":	6,
					"start":	5.000081,
					"end":	5.500097,
					"seconds":	0.500016,
					"bytes":	1310720,
					"bits_per_second":	20970850.021405,
					"retransmits":	0,
					"snd_cwnd":	525632,
					"rtt":	192986,
					"omitted":	false
				}],
			"sum":	{
				"start":	5.000081,
				"end":	5.500097,
				"seconds":	0.500016,
				"bytes":	1310720,
				"bits_per_second":	20970850.021405,
				"retransmits":	0,
				"omitted":	false
			}
		}, {
			"streams":	[{
					"socket":	6,
					"start":	5.500097,
					"end":	6.000104,
					"seconds":	0.500007,
					"bytes":	1179648,
					"bits_per_second":	18874098.003862,
					"retransmits":	0,
					"snd_cwnd":	584800,
					"rtt":	237744,
					"omitted":	false
				}],
			"sum":	{
				"start":	5.500097,
				"end":	6.000104,
				"seconds":	0.500007,
				"bytes":	1179648,
				"bits_per_second":	18874098.003862,
				"retransmits":	0,
				"omitted":	false
			}
		}, {
			"streams":	[{
					"socket":	6,
					"start":	6.000104,
					"end":	6.500113,
					"seconds":	0.500009,
					"bytes":	1310720,
					"bits_per_second":	20971150.006528,
					"retransmits":	0,
					"snd_cwnd":	643968,
					"rtt":	256984,
					"omitted":	false
				}],
			"sum":	{
				"start":	6.000104,
				"end":	6.500113,
				"seconds":	0.500009,
				"bytes":	1310720,
				"bits_per_second":	20971150.006528,
				"retransmits":	0,
				"omitted":	false
			}
		}, {
			"streams":	[{
					"socket":	6,
					"start":	6.500113,
					"end":	7.000097,
					"seconds":	0.499984,
					"bytes":	1310720,
					"bits_per_second":	20972190.021406,
					"retransmits":	0,
					"snd_cwnd":	705888,
					"rtt":	278919,
					"omitted":	false
				}],
			"sum":	{
				"start":	6.500113,
				"end":	7.000097,
				"seconds":	0.499984,
				"bytes":	1310720,
				"bits_per_second":	20972190.021406,
				"retransmits":	0,
				"omitted":	false
			}
		}, {
			"streams":	[{
					"socket":	6,
					"start":	7.000097,
					"end":	7.500105,
					"seconds":	0.500008,
					"bytes":	1310720,
					"bits_per_second":	20971180.005512,
					"retransmits":	0,
					"snd_cwnd":	765056,
					"rtt":	311215,
					"omitted":	false
				}],
			"sum":	{
				"start":	7.000097,
				"end":	7.500105,
				"seconds":	0.500008,
				"bytes":	1310720,
				"bits_per_second":	20971180.005512,
				"retransmits":	0,
				"omitted":	false
			}
		}, {
			"streams":	[{
					"socket":	6,
					"start":	7.500105,
					"end":	8.000094,
					"seconds":	0.499989,
					"bytes":	1310720,
					"bits_per_second":	20971980.010090,
					"retransmits":	0,
					"snd_cwnd":	821472,
					"rtt":	342367,
					"omitted":	false
				}],