{
	"start":	{
		"connected":	[{
				"socket":	6,
				"local_host":	"10.6.0.4",
				"local_port":	5201,
				"remote_host":	"174.248.222.236",
				"remote_port":	3189
			}],
		"version":	"iperf 3.1.3",
		"system_info":	"Linux ratelimit-west-central 5.4.0-1046-azure #48~18.04.1-Ubuntu SMP Tue Apr 13 19:41:38 UTC 2021 x86_64",
		"timestamp":	{
			"time":	"Tue, 11 May 2021 01:17:53 GMT",
			"timesecs":	1620695873
		},
		"accepted_connection":	{
			"host":	"174.248.222.236",
			"port":	3199
		},
		"cookie":	"z4evafde2o6tx5c5cfndzinkbyeyiyiziwlg",
		"tcp_mss_default":	1376,
		"test_start":	{
			"protocol":	"TCP",
			"num_streams":	1,
			"blksize":	131072,
			"omit":	0,
			"duration":	15,
			"bytes":	0,
			"blocks":	0,
			"reverse":	1
		}
	},
	"intervals":	[{
			"streams":	[{
					"socket":	6,
					"start":	0,
					"end":	0.500080,
					"seconds":	0.500080,
					"bytes":	950848,
					"bits_per_second":	15211130.913901,
					"retransmits":	1,
					"snd_cwnd":	196768,
					"rtt":	75654,
					"omitted":	false
				}],
			"sum":	{
				"start":	0,
				"end":	0.500080,
				"seconds":	0.500080,
				"bytes":	950848,
				"bits_per_second":	15211130.913901,
				"retransmits":	1,
				"omitted":	false
			}
		}, {
			"streams":	[{
					"socket":	6,
					"start":	0.500080,
					"end":	1.000109,
					"seconds":	0.500029,
					"bytes":	1441792,
					"bits_per_second":	23067330.078065,
					"retransmits":	0,
					"snd_cwnd":	202272,
					"rtt":	81534,
					"omitted":	false
				}],
			"sum":	{
				"start":	0.500080,
				"end":	1.000109,
				"seconds":	0.500029,
				"bytes":	1441792,
				"bits_per_second":	23067330.078065,
				"retransmits":	0,
				"omitted":	false
			}
		}, {
			"streams":	[{
					"socket":	6,
					"start":	1.000109,
					"end":	1.500086,
					"seconds":	0.499977,
					"bytes":	1310720,
					"bits_per_second":	20972490.044868,
					"retransmits":	0,
					"snd_cwnd":	207776,
					"rtt":	77957,
					"omitted":	false
				}],
			"sum":	{
				"start":	1.000109,
				"end":	1.500086,
				"seconds":	0.499977,
				"bytes":	1310720,
				"bits_per_second":	20972490.044868,
				"retransmits":	0,
				"omitted":	false
			}
		}, {
			"streams":	[{
					"socket":	6,
					"start":	1.500086,
					"end":	2.000090,
					"seconds":	0.500004,
					"bytes":	1310720,
					"bits_per_second":	20971350.001378,
					"retransmits":	0,
					"snd_cwnd":	211904,
					"rtt":	81895,
					"omitted":	false
				}],
			"sum":	{
				"start":	1.500086,
				"end":	2.000090,
				"seconds":	0.500004,
				"bytes":	1310720,
				"bits_per_second":	20971350.001378,
				"retransmits":	0,
				"omitted":	false
			}
		}, {
			"streams":	[{
					"socket":	6,
					"start":	2.000090,
					"end":	2.500147,
					"seconds":	0.500057,
					"bytes":	1179648,
					"bits_per_second":	18872217.245109,
					"retransmits":	0,
					"snd_cwnd":	216032,
					"rtt":	76581,
					"omitted":	false
				}],
			"sum":	{
				"start":	2.000090,
				"end":	2.500147,
				"seconds":	0.500057,
				"bytes":	1179648,
				"bits_per_second":	18872217.245109,
				"retransmits":	0,
				"omitted":	false
			}
		}, {
			"streams":	[{
					"socket":	6,
					"start":	2.500147,
					"end":	3.000103,
					"seconds":	0.499956,
					"bytes":	1572864,
					"bits_per_second":	25168044.195854,
					"retransmits":	0,
					"snd_cwnd":	220160,
					"rtt":	79970,
					"omitted":	false
				}],
			"sum":	{
				"start":	2.500147,
				"end":	3.000103,
				"seconds":	0.499956,
				"bytes":	1572864,
				"bits_per_second":	25168044.195854,
				"retransmits":	0,
				"omitted":	false
			}
		}, {
			"streams":	[{
					"socket":	6,
					"start":	3.000103,
					"end":	3.500087,
					"seconds":	0.499984,
					"bytes":	1310720,
					"bits_per_second":	20972190.021406,
					"retransmits":	0,
					"snd_cwnd":	225664,
					"rtt":	83595,
					"omitted":	false
				}],
			"sum":	{
				"start":	3.000103,
				"end":	3.500087,
				"seconds":	0.499984,
				"bytes":	1310720,
				"bits_per_second":	20972190.021406,
				"retransmits":	0,
				"omitted":	false
			}
		}, {
			"streams":	[{
					"socket":	6,
					"start":	3.500087,
					"end":	4.000108,
					"seconds":	0.500021,
					"bytes":	1441792,
					"bits_per_second":	23067704.040617,
					"retransmits":	0,
					"snd_cwnd":	229792,
					"rtt":	73313,
					"omitted":	false
				}],
			"sum":	{
				"start":	3.500087,
				"end":	4.000108,
				"seconds":	0.500021,
				"bytes":	1441792,
				"bits_per_second":	23067704.040617,
				"retransmits":	0,
				"omitted":	false
			}
		}, {
			"streams":	[{
					"socket":	6,
					"start":	4.000108,
					"end":	4.500109,
					"seconds":	0.500001,
					"bytes":	1310720,
					"bits_per_second":	20971470.000119,
					"retransmits":	0,
					"snd_cwnd":	235296,
					"rtt":	75667,
					"omitted":	false
				}],
			"sum":	{
				"start":	4.000108,
				"end":	4.500109,
				"seconds":	0.500001,
				"bytes":	1310720,
				"bits_per_second":	20971470.000119,
				"retransmits":	0,
				"omitted":	false
			}
		}, {
			"streams":	[{
					"socket":	6,
					"start":	4.500109,
					"end":	5.000106,
					"seconds":	0.499997,
					"bytes":	1572864,
					"bits_per_second":	25165980.000967,
					"retransmits":	0,
					"snd_cwnd":	250432,
					"rtt":	75834,
					"omitted":	false
				}],
			"sum":	{
				"start":	4.500109,
				"end":	5.000106,
				"seconds":	0.499997,
				"bytes":	1572864,
				"bits_per_second":	25165980.000967,
				"retransmits":	0,
				"omitted":	false
			}
		}, {
			"streams":	[{
					"socket":	6,
					"start":	5.000106,
					"end":	5.500080,
					"seconds":	0.499974,
					"bytes":	1835008,
					"bits_per_second":	29361654.079318,
					"retransmits":	0,
					"snd_cwnd":	271072,
					"rtt":	75006,
					"omitted":	false
				}],
			"sum":	{
				"start":	5.000106,
				"end":	5.500080,
				"seconds":	0.499974,
				"bytes":	1835008,
				"bits_per_second":	29361654.079318,
				"retransmits":	0,
				"omitted":	false
			}
		}, {
			"streams":	[{
					"socket":	6,
					"start":	5.500080,
					"end":	6.000106,
					"seconds":	0.500026,
					"bytes":	1703936,
					"bits_per_second":	27261559.073645,
					"retransmits":	0,
					"snd_cwnd":	294464,
					"rtt":	82968,
					"omitted":	false
				}],
			"sum":	{
				"start":	5.500080,
				"end":	6.000106,
				"seconds":	0.500026,
				"bytes":	1703936,
				"bits_per_second":	27261559.073645,
				"retransmits":	0,
				"omitted":	false
			}
		}, {
			"streams":	[{
					"socket":	6,
					"start":	6.000106,
					"end":	6.500118,
					"seconds":	0.500012,
					"bytes":	1703936,
					"bits_per_second":	27262326.015497,
					"retransmits":	0,
					"snd_cwnd":	321984,
					"rtt":	87762,
					"omitted":	false
				}],
			"sum":	{
				"start":	6.000106,
				"end":	6.500118,
				"seconds":	0.500012,
				"bytes":	1703936,
				"bits_per_second":	27262326.015497,
				"retransmits":	0,
				"omitted":	false
			}
		}, {
			"streams":	[{
					"socket":	6,
					"start":	6.500118,
					"end":	7.000073,
					"seconds":	0.499955,
					"bytes":	1703936,
					"bits_per_second":	27265420.219113,
					"retransmits":	0,
					"snd_cwnd":	357760,
					"rtt":	102048,
					"omitted":	false
				}],
			"sum":	{
				"start":	6.500118,
				"end":	7.000073,
				"seconds":	0.499955,
				"bytes":	1703936,
				"bits_per_second":	27265420.219113,
				"retransmits":	0,
				"omitted":	false
			}
		}, {
			"streams":	[{
					"socket":	6,
					"start":	7.000073,
					"end":	7.500145,
					"seconds":	0.500072,
					"bytes":	2228224,
					"bits_per_second":	35646450.739214,
					"retransmits":	0,
					"snd_cwnd":	396288,
					"rtt":	81018,
					"omitted":	false
				}],
			"sum":	{
				"start":	7.000073,
				"end":	7.500145,
				"seconds":	0.500072,
				"bytes":	2228224,
				"bits_per_second":	35646450.739214,
				"retransmits":	0,
				"omitted":	false
			}
		}, {
			"streams":	[{
					"socket":	6,
					"start":	7.500145,
					"end":	8.000097,
					"seconds":	0.499952,
					"bytes":	2621440,
					"bits_per_second":	41947080.389175,
					"retransmits":	0,
					"snd_cwnd":	441696,
					"rtt":	87593,