{
	"start":	{
		"connected":	[{
				"socket":	6,
				"local_host":	"10.5.0.4",
				"local_port":	5201,
				"remote_host":	"174.248.222.236",
				"remote_port":	3172
			}],
		"version":	"iperf 3.1.3",
		"system_info":	"Linux ratelimit-south-central 5.4.0-1046-azure #48~18.04.1-Ubuntu SMP Tue Apr 13 19:41:38 UTC 2021 x86_64",
		"timestamp":	{
			"time":	"Tue, 11 May 2021 01:17:27 GMT",
			"timesecs":	1620695847
		},
		"accepted_connection":	{
			"host":	"174.248.222.236",
			"port":	3178
		},
		"cookie":	"j6tfmsll4vatdjhymq7li6vuue7hq7ite3ik",
		"tcp_mss_default":	1376,
		"test_start":	{
			"protocol":	"TCP",
			"num_streams":	1,
			"blksize":	131072,
			"omit":	0,
			"duration":	15,
			"bytes":	0,
			"blocks":	0,
			"reverse":	1
		}
	},
	"intervals":	[{
			"streams":	[{
					"socket":	6,
					"start":	0,
					"end":	0.500157,
					"seconds":	0.500157,
					"bytes":	441024,
					"bits_per_second":	7054170.691515,
					"retransmits":	1,
					"snd_cwnd":	77056,
					"rtt":	83736,
					"omitted":	false
				}],
			"sum":	{
				"start":	0,
				"end":	0.500157,
				"seconds":	0.500157,
				"bytes":	441024,
				"bits_per_second":	7054170.691515,
				"retransmits":	1,
				"omitted":	false
			}
		}, {
			"streams":	[{
					"socket":	6,
					"start":	0.500157,
					"end":	1.000164,
					"seconds":	0.500007,
					"bytes":	505664,
					"bits_per_second":	8090512.122153,
					"retransmits":	0,
					"snd_cwnd":	81184,
					"rtt":	76769,
					"omitted":	false
				}],
			"sum":	{
				"start":	0.500157,
				"end":	1.000164,
				"seconds":	0.500007,
				"bytes":	505664,
				"bits_per_second":	8090512.122153,
				"retransmits":	0,
				"omitted":	false
			}
		}, {
			"streams":	[{
					"socket":	6,
					"start":	1.000164,
					"end":	1.500185,
					"seconds":	0.500021,
					"bytes":	495360,
					"bits_per_second":	7925423.656852,
					"retransmits":	0,
					"snd_cwnd":	85312,
					"rtt":	75774,
					"omitted":	false
				}],
			"sum":	{
				"start":	1.000164,
				"end":	1.500185,
				"seconds":	0.500021,
				"bytes":	495360,
				"bits_per_second":	7925423.656852,
				"retransmits":	0,
				"omitted":	false
			}
		}, {
			"streams":	[{
					"socket":	6,
					"start":	1.500185,
					"end":	2.000101,
					"seconds":	0.499916,
					"bytes":	633664,
					"bits_per_second":	10140330.856152,
					"retransmits":	0,
					"snd_cwnd":	90816,
					"rtt":	75425,
					"omitted":	false
				}],
			"sum":	{
				"start":	1.500185,
				"end":	2.000101,
				"seconds":	0.499916,
				"bytes":	633664,
				"bits_per_second":	10140330.856152,
				"retransmits":	0,
				"omitted":	false
			}
		}, {
			"streams":	[{
					"socket":	6,
					"start":	2.000101,
					"end":	2.500168,
					"seconds":	0.500067,
					"bytes":	524288,
					"bits_per_second":	8387484.150586,
					"retransmits":	0,
					"snd_cwnd":	94944,
					"rtt":	85426,
					"omitted":	false
				}],
			"sum":	{
				"start":	2.000101,
				"end":	2.500168,
				"seconds":	0.500067,
				"bytes":	524288,
				"bits_per_second":	8387484.150586,
				"retransmits":	0,
				"omitted":	false
			}
		}, {
			"streams":	[{
					"socket":	6,
					"start":	2.500168,
					"end":	3.000128,
					"seconds":	0.499960,
					"bytes":	652192,
					"bits_per_second":	10435908.006424,
					"retransmits":	0,
					"snd_cwnd":	99072,
					"rtt":	83525,
					"omitted":	false
				}],
			"sum":	{
				"start":	2.500168,
				"end":	3.000128,
				"seconds":	0.499960,
				"bytes":	652192,
				"bits_per_second":	10435908.006424,
				"retransmits":	0,
				"omitted":	false
			}
		}, {
			"streams":	[{
					"socket":	6,
					"start":	3.000128,
					"end":	3.500126,
					"seconds":	0.499998,
					"bytes":	524288,
					"bits_per_second":	8388640.000122,
					"retransmits":	0,
					"snd_cwnd":	103200,
					"rtt":	82201,
					"omitted":	false
				}],
			"sum":	{
				"start":	3.000128,
				"end":	3.500126,
				"seconds":	0.499998,
				"bytes":	524288,
				"bits_per_second":	8388640.000122,
				"retransmits":	0,
				"omitted":	false
			}
		}, {
			"streams":	[{
					"socket":	6,
					"start":	3.500126,
					"end":	4.000130,
					"seconds":	0.500004,
					"bytes":	652192,
					"bits_per_second":	10434987.411574,
					"retransmits":	0,
					"snd_cwnd":	107328,
					"rtt":	81768,
					"omitted":	false
				}],
			"sum":	{
				"start":	3.500126,
				"end":	4.000130,
				"seconds":	0.500004,
				"bytes":	652192,
				"bits_per_second":	10434987.411574,
				"retransmits":	0,
				"omitted":	false
			}
		}, {
			"streams":	[{
					"socket":	6,
					"start":	4.000130,
					"end":	4.500137,
					"seconds":	0.500007,
					"bytes":	655360,
					"bits_per_second":	10485615.002005,
					"retransmits":	0,
					"snd_cwnd":	116960,
					"rtt":	82119,
					"omitted":	false
				}],
			"sum":	{
				"start":	4.000130,
				"end":	4.500137,
				"seconds":	0.500007,
				"bytes":	655360,
				"bits_per_second":	10485615.002005,
				"retransmits":	0,
				"omitted":	false
			}
		}, {
			"streams":	[{
					"socket":	6,
					"start":	4.500137,
					"end":	5.000066,
					"seconds":	0.499929,
					"bytes":	786432,
					"bits_per_second":	12584700.254106,
					"retransmits":	0,
					"snd_cwnd":	133472,
					"rtt":	80770,
					"omitted":	false
				}],
			"sum":	{
				"start":	4.500137,
				"end":	5.000066,
				"seconds":	0.499929,
				"bytes":	786432,
				"bits_per_second":	12584700.254106,
				"retransmits":	0,
				"omitted":	false
			}
		}, {
			"streams":	[{
					"socket":	6,
					"start":	5.000066,
					"end":	5.500128,
					"seconds":	0.500062,
					"bytes":	917504,
					"bits_per_second":	14678244.225611,
					"retransmits":	0,
					"snd_cwnd":	154112,
					"rtt":	81113,
					"omitted":	false
				}],
			"sum":	{
				"start":	5.000066,
				"end":	5.500128,
				"seconds":	0.500062,
				"bytes":	917504,
				"bits_per_second":	14678244.225611,
				"retransmits":	0,
				"omitted":	false
			}
		}, {
			"streams":	[{
					"socket":	6,
					"start":	5.500128,
					"end":	6.000112,
					"seconds":	0.499984,
					"bytes":	1048576,
					"bits_per_second":	16777752.017125,
					"retransmits":	0,
					"snd_cwnd":	178880,
					"rtt":	85870,
					"omitted":	false
				}],
			"sum":	{
				"start":	5.500128,
				"end":	6.000112,
				"seconds":	0.499984,
				"bytes":	1048576,
				"bits_per_second":	16777752.017125,
				"retransmits":	0,
				"omitted":	false
			}
		}, {
			"streams":	[{
					"socket":	6,
					"start":	6.000112,
					"end":	6.500133,
					"seconds":	0.500021,
					"bytes":	1048576,
					"bits_per_second":	16776512.029540,
					"retransmits":	0,
					"snd_cwnd":	207776,
					"rtt":	81256,
					"omitted":	false
				}],
			"sum":	{
				"start":	6.000112,
				"end":	6.500133,
				"seconds":	0.500021,
				"bytes":	1048576,
				"bits_per_second":	16776512.029540,
				"retransmits":	0,
				"omitted":	false
			}
		}, {
			"streams":	[{
					"socket":	6,
					"start":	6.500133,
					"end":	7.000227,
					"seconds":	0.500094,
					"bytes":	1441792,
					"bits_per_second":	23064327.818230,
					"retransmits":	0,
					"snd_cwnd":	243552,
					"rtt":	87625,
					"omitted":	false
				}],
			"sum":	{
				"start":	6.500133,
				"end":	7.000227,
				"seconds":	0.500094,
				"bytes":	1441792,
				"bits_per_second":	23064327.818230,
				"retransmits":	0,
				"omitted":	false
			}
		}, {
			"streams":	[{
					"socket":	6,
					"start":	7.000227,
					"end":	7.500117,
					"seconds":	0.499890,
					"bytes":	1310720,
					"bits_per_second":	20976141.018005,
					"retransmits":	0,
					"snd_cwnd":	280704,
					"rtt":	115112,
					"omitted":	false
				}],
			"sum":	{
				"start":	7.000227,
				"end":	7.500117,
				"seconds":	0.499890,
				"bytes":	1310720,
				"bits_per_second":	20976141.018005,
				"retransmits":	0,
				"omitted":	false
			}
		}, {
			"streams":	[{
					"socket":	6,
					"start":	7.500117,
					"end":	8.000112,
					"seconds":	0.499995,
					"bytes":	1310720,
					"bits_per_second":	20971730.002103,
					"retransmits":	0,
					"snd_cwnd":	326112,
					"rtt":	120236,
					"omitted":	false
				}],