{
	"start":	{
		"connected":	[{
				"socket":	6,
				"local_host":	"10.2.0.4",
				"local_port":	5201,
				"remote_host":	"174.248.222.236",
				"remote_port":	3174
			}],
		"version":	"iperf 3.1.3",
		"system_info":	"Linux ratelimit-west2 5.4.0-1046-azure #48~18.04.1-Ubuntu SMP Tue Apr 13 19:41:38 UTC 2021 x86_64",
		"timestamp":	{
			"time":	"Tue, 11 May 2021 01:16:07 GMT",
			"timesecs":	1620695767
		},
		"accepted_connection":	{
			"host":	"174.248.222.236",
			"port":	3193
		},
		"cookie":	"6w2k2yr5ep6gvccdchdp72yih2st5dzdth2f",
		"tcp_mss_default":	1376,
		"test_start":	{
			"protocol":	"TCP",
			"num_streams":	1,
			"blksize":	131072,
			"omit":	0,
			"duration":	15,
			"bytes":	0,
			"blocks":	0,
			"reverse":	1
		}
	},
	"intervals":	[{
			"streams":	[{
					"socket":	6,
					"start":	0,
					"end":	0.500122,
					"seconds":	0.500122,
					"bytes":	954304,
					"bits_per_second":	15265137.159873,
					"retransmits":	0,
					"snd_cwnd":	250432,
					"rtt":	101995,
					"omitted":	false
				}],
			"sum":	{
				"start":	0,
				"end":	0.500122,
				"seconds":	0.500122,
				"bytes":	954304,
				"bits_per_second":	15265137.159873,
				"retransmits":	0,
				"omitted":	false
			}
		}, {
			"streams":	[{
					"socket":	6,
					"start":	0.500122,
					"end":	1.000077,
					"seconds":	0.499955,
					"bytes":	1703936,
					"bits_per_second":	27265433.221450,
					"retransmits":	0,
					"snd_cwnd":	326112,
					"rtt":	86529,
					"omitted":	false
				}],
			"sum":	{
				"start":	0.500122,
				"end":	1.000077,
				"seconds":	0.499955,
				"bytes":	1703936,
				"bits_per_second":	27265433.221450,
				"retransmits":	0,
				"omitted":	false
			}
		}, {
			"streams":	[{
					"socket":	6,
					"start":	1.000077,
					"end":	1.500109,
					"seconds":	0.500032,
					"bytes":	1703936,
					"bits_per_second":	27261234.111300,
					"retransmits":	0,
					"snd_cwnd":	404544,
					"rtt":	106467,
					"omitted":	false
				}],
			"sum":	{
				"start":	1.000077,
				"end":	1.500109,
				"seconds":	0.500032,
				"bytes":	1703936,
				"bits_per_second":	27261234.111300,
				"retransmits":	0,
				"omitted":	false
			}
		}, {
			"streams":	[{
					"socket":	6,
					"start":	1.500109,
					"end":	2.000158,
					"seconds":	0.500049,
					"bytes":	1966080,
					"bits_per_second":	31454190.303496,
					"retransmits":	0,
					"snd_cwnd":	493984,
					"rtt":	101346,
					"omitted":	false
				}],
			"sum":	{
				"start":	1.500109,
				"end":	2.000158,
				"seconds":	0.500049,
				"bytes":	1966080,
				"bits_per_second":	31454190.303496,
				"retransmits":	0,
				"omitted":	false
			}
		}, {
			"streams":	[{
					"socket":	6,
					"start":	2.000158,
					"end":	2.500131,
					"seconds":	0.499973,
					"bytes":	3014656,
					"bits_per_second":	48237118.142538,
					"retransmits":	0,
					"snd_cwnd":	628832,
					"rtt":	103470,
					"omitted":	false
				}],
			"sum":	{
				"start":	2.000158,
				"end":	2.500131,
				"seconds":	0.499973,
				"bytes":	3014656,
				"bits_per_second":	48237118.142538,
				"retransmits":	0,
				"omitted":	false
			}
		}, {
			"streams":	[{
					"socket":	6,
					"start":	2.500131,
					"end":	3.000109,
					"seconds":	0.499978,
					"bytes":	3276800,
					"bits_per_second":	52431100.100903,
					"retransmits":	0,
					"snd_cwnd":	777440,
					"rtt":	116864,
					"omitted":	false
				}],
			"sum":	{
				"start":	2.500131,
				"end":	3.000109,
				"seconds":	0.499978,
				"bytes":	3276800,
				"bits_per_second":	52431100.100903,
				"retransmits":	0,
				"omitted":	false
			}
		}, {
			"streams":	[{
					"socket":	6,
					"start":	3.000109,
					"end":	3.500104,
					"seconds":	0.499995,
					"bytes":	3145728,
					"bits_per_second":	50332152.005047,
					"retransmits":	0,
					"snd_cwnd":	921920,
					"rtt":	153521,
					"omitted":	false
				}],
			"sum":	{
				"start":	3.000109,
				"end":	3.500104,
				"seconds":	0.499995,
				"bytes":	3145728,
				"bits_per_second":	50332152.005047,
				"retransmits":	0,
				"omitted":	false
			}
		}, {
			"streams":	[{
					"socket":	6,
					"start":	3.500104,
					"end":	4.000102,
					"seconds":	0.499998,
					"bytes":	2621440,
					"bits_per_second":	41943200.000610,
					"retransmits":	0,
					"snd_cwnd":	1044384,
					"rtt":	214547,
					"omitted":	false
				}],
			"sum":	{
				"start":	3.500104,
				"end":	4.000102,
				"seconds":	0.499998,
				"bytes":	2621440,
				"bits_per_second":	41943200.000610,
				"retransmits":	0,
				"omitted":	false
			}
		}, {
			"streams":	[{
					"socket":	6,
					"start":	4.000102,
					"end":	4.500104,
					"seconds":	0.500002,
					"bytes":	3276800,
					"bits_per_second":	52428600.000763,
					"retransmits":	0,
					"snd_cwnd":	1188864,
					"rtt":	171519,
					"omitted":	false
				}],
			"sum":	{
				"start":	4.000102,
				"end":	4.500104,
				"seconds":	0.500002,
				"bytes":	3276800,
				"bits_per_second":	52428600.000763,
				"retransmits":	0,
				"omitted":	false
			}
		}, {
			"streams":	[{
					"socket":	6,
					"start":	4.500104,
					"end":	5.000125,
					"seconds":	0.500021,
					"bytes":	3670016,
					"bits_per_second":	58717792.103389,
					"retransmits":	0,
					"snd_cwnd":	1363616,
					"rtt":	183780,
					"omitted":	false
				}],
			"sum":	{
				"start":	4.500104,
				"end":	5.000125,
				"seconds":	0.500021,
				"bytes":	3670016,
				"bits_per_second":	58717792.103389,
				"retransmits":	0,
				"omitted":	false
			}
		}, {
			"streams":	[{
					"socket":	6,
					"start":	5.000125,
					"end":	5.500107,
					"seconds":	0.499982,
					"bytes":	3145728,
					"bits_per_second":	50333448.064375,
					"retransmits":	0,
					"snd_cwnd":	1525984,
					"rtt":	243857,
					"omitted":	false
				}],
			"sum":	{
				"start":	5.000125,
				"end":	5.500107,
				"seconds":	0.499982,
				"bytes":	3145728,
				"bits_per_second":	50333448.064375,
				"retransmits":	0,
				"omitted":	false
			}
		}, {
			"streams":	[{
					"socket":	6,
					"start":	5.500107,
					"end":	6.000104,
					"seconds":	0.499997,
					"bytes":	3276800,
					"bits_per_second":	52429125.002015,
					"retransmits":	0,
					"snd_cwnd":	1686976,
					"rtt":	205292,
					"omitted":	false
				}],
			"sum":	{
				"start":	5.500107,
				"end":	6.000104,
				"seconds":	0.499997,
				"bytes":	3276800,
				"bits_per_second":	52429125.002015,
				"retransmits":	0,
				"omitted":	false
			}
		}, {
			"streams":	[{
					"socket":	6,
					"start":	6.000104,
					"end":	6.500140,
					"seconds":	0.500036,
					"bytes":	3145728,
					"bits_per_second":	50328024.260918,
					"retransmits":	0,
					"snd_cwnd":	1849344,
					"rtt":	250422,
					"omitted":	false
				}],
			"sum":	{
				"start":	6.000104,
				"end":	6.500140,
				"seconds":	0.500036,
				"bytes":	3145728,
				"bits_per_second":	50328024.260918,
				"retransmits":	0,
				"omitted":	false
			}
		}, {
			"streams":	[{
					"socket":	6,
					"start":	6.500140,
					"end":	7.000104,
					"seconds":	0.499964,
					"bytes":	3145728,
					"bits_per_second":	50335272.260956,
					"retransmits":	0,
					"snd_cwnd":	2007584,
					"rtt":	341035,
					"omitted":	false
				}],
			"sum":	{
				"start":	6.500140,
				"end":	7.000104,
				"seconds":	0.499964,
				"bytes":	3145728,
				"bits_per_second":	50335272.260956,
				"retransmits":	0,
				"omitted":	false
			}
		}, {
			"streams":	[{
					"socket":	6,
					"start":	7.000104,
					"end":	7.500113,
					"seconds":	0.500009,
					"bytes":	2752512,
					"bits_per_second":	44039394.014459,
					"retransmits":	0,
					"snd_cwnd":	2143808,
					"rtt":	382015,
					"omitted":	false
				}],
			"sum":	{
				"start":	7.000104,
				"end":	7.500113,
				"seconds":	0.500009,
				"bytes":	2752512,
				"bits_per_second":	44039394.014459,
				"retransmits":	0,
				"omitted":	false
			}
		}, {
			"streams":	[{
					"socket":	6,
					"start":	7.500113,
					"end":	8.000084,
					"seconds":	0.499971,
					"bytes":	2621440,
					"bits_per_second":	41945480.141953,
					"retransmits":	0,
					"snd_cwnd":	2282784,
					"rtt":	398823,