{
	"start":	{
		"connected":	[{
				"socket":	6,
				"local_host":	"10.4.0.5",
				"local_port":	5201,
				"remote_host":	"174.248.221.155",
				"remote_port":	6320
			}],
		"version":	"iperf 3.1.3",
		"system_info":	"Linux az-central 5.4.0-1047-azure #49~18.04.1-Ubuntu SMP Thu Apr 22 21:28:54 UTC 2021 x86_64",
		"timestamp":	{
			"time":	"Mon, 17 May 2021 22:36:27 GMT",
			"timesecs":	1621290987
		},
		"accepted_connection":	{
			"host":	"174.248.221.155",
			"port":	6307
		},
		"cookie":	"s57ouahb3kwuifaah53hduluqislhnxb6ku6",
		"tcp_mss_default":	1376,
		"test_start":	{
			"protocol":	"TCP",
			"num_streams":	1,
			"blksize":	131072,
			"omit":	0,
			"duration":	10,
			"bytes":	0,
			"blocks":	0,
			"reverse":	1
		}
	},
	"intervals":	[{
			"streams":	[{
					"socket":	6,
					"start":	0,
					"end":	0.500164,
					"seconds":	0.500164,
					"bytes":	489856,
					"bits_per_second":	7835125.577638,
					"retransmits":	0,
					"snd_cwnd":	81184,
					"rtt":	116997,
					"omitted":	false
				}],
			"sum":	{
				"start":	0,
				"end":	0.500164,
				"seconds":	0.500164,
				"bytes":	489856,
				"bits_per_second":	7835125.577638,
				"retransmits":	0,
				"omitted":	false
			}
		}, {
			"streams":	[{
					"socket":	6,
					"start":	0.500164,
					"end":	1.000117,
					"seconds":	0.499953,
					"bytes":	634688,
					"bits_per_second":	10155962.019793,
					"retransmits":	0,
					"snd_cwnd":	108704,
					"rtt":	81865,
					"omitted":	false
				}],
			"sum":	{
				"start":	0.500164,
				"end":	1.000117,
				"seconds":	0.499953,
				"bytes":	634688,
				"bits_per_second":	10155962.019793,
				"retransmits":	0,
				"omitted":	false
			}
		}, {
			"streams":	[{
					"socket":	6,
					"start":	1.000117,
					"end":	1.500107,
					"seconds":	0.499990,
					"bytes":	655360,
					"bits_per_second":	10485970.004206,
					"retransmits":	0,
					"snd_cwnd":	138976,
					"rtt":	103772,
					"omitted":	false
				}],
			"sum":	{
				"start":	1.000117,
				"end":	1.500107,
				"seconds":	0.499990,
				"bytes":	655360,
				"bits_per_second":	10485970.004206,
				"retransmits":	0,
				"omitted":	false
			}
		}, {
			"streams":	[{
					"socket":	6,
					"start":	1.500107,
					"end":	2.000112,
					"seconds":	0.500005,
					"bytes":	917504,
					"bits_per_second":	14679917.001472,
					"retransmits":	0,
					"snd_cwnd":	183008,
					"rtt":	98404,
					"omitted":	false
				}],
			"sum":	{
				"start":	1.500107,
				"end":	2.000112,
				"seconds":	0.500005,
				"bytes":	917504,
				"bits_per_second":	14679917.001472,
				"retransmits":	0,
				"omitted":	false
			}
		}, {
			"streams":	[{
					"socket":	6,
					"start":	2.000112,
					"end":	2.500121,
					"seconds":	0.500009,
					"bytes":	1048576,
					"bits_per_second":	16776912.005508,
					"retransmits":	0,
					"snd_cwnd":	232544,
					"rtt":	117221,
					"omitted":	false
				}],
			"sum":	{
				"start":	2.000112,
				"end":	2.500121,
				"seconds":	0.500009,
				"bytes":	1048576,
				"bits_per_second":	16776912.005508,
				"retransmits":	0,
				"omitted":	false
			}
		}, {
			"streams":	[{
					"socket":	6,
					"start":	2.500121,
					"end":	3.000080,
					"seconds":	0.499959,
					"bytes":	1048576,
					"bits_per_second":	16778592.112863,
					"retransmits":	0,
					"snd_cwnd":	279328,
					"rtt":	148244,
					"omitted":	false
				}],
			"sum":	{
				"start":	2.500121,
				"end":	3.000080,
				"seconds":	0.499959,
				"bytes":	1048576,
				"bits_per_second":	16778592.112863,
				"retransmits":	0,
				"omitted":	false
			}
		}, {
			"streams":	[{
					"socket":	6,
					"start":	3.000080,
					"end":	3.500107,
					"seconds":	0.500027,
					"bytes":	1048576,
					"bits_per_second":	16776312.048707,
					"retransmits":	0,
					"snd_cwnd":	328864,
					"rtt":	142517,
					"omitted":	false
				}],
			"sum":	{
				"start":	3.000080,
				"end":	3.500107,
				"seconds":	0.500027,
				"bytes":	1048576,
				"bits_per_second":	16776312.048707,
				"retransmits":	0,
				"omitted":	false
			}
		}, {
			"streams":	[{
					"socket":	6,
					"start":	3.500107,
					"end":	4.000136,
					"seconds":	0.500029,
					"bytes":	1179648,
					"bits_per_second":	18873270.063871,
					"retransmits":	0,
					"snd_cwnd":	383904,
					"rtt":	169268,
					"omitted":	false
				}],
			"sum":	{
				"start":	3.500107,
				"end":	4.000136,
				"seconds":	0.500029,
				"bytes":	1179648,
				"bits_per_second":	18873270.063871,
				"retransmits":	0,
				"omitted":	false
			}
		}, {
			"streams":	[{
					"socket":	6,
					"start":	4.000136,
					"end":	4.500133,
					"seconds":	0.499997,
					"bytes":	1179648,
					"bits_per_second":	18874485.000725,
					"retransmits":	0,
					"snd_cwnd":	434816,
					"rtt":	195688,
					"omitted":	false
				}],
			"sum":	{
				"start":	4.000136,
				"end":	4.500133,
				"seconds":	0.499997,
				"bytes":	1179648,
				"bits_per_second":	18874485.000725,
				"retransmits":	0,
				"omitted":	false
			}
		}, {
			"streams":	[{
					"socket":	6,
					"start":	4.500133,
					"end":	5.000114,
					"seconds":	0.499981,
					"bytes":	1048576,
					"bits_per_second":	16777856.024415,
					"retransmits":	0,
					"snd_cwnd":	484352,
					"rtt":	237342,
					"omitted":	false
				}],
			"sum":	{
				"start":	4.500133,
				"end":	5.000114,
				"seconds":	0.499981,
				"bytes":	1048576,
				"bits_per_second":	16777856.024415,
				"retransmits":	0,
				"omitted":	false
			}
		}, {
			"streams":	[{
					"socket":	6,
					"start":	5.000114,
					"end":	5.500109,
					"seconds":	0.499995,
					"bytes":	917504,
					"bits_per_second":	14680211.001472,
					"retransmits":	0,
					"snd_cwnd":	527008,
					"rtt":	308277,
					"omitted":	false
				}],
			"sum":	{
				"start":	5.000114,
				"end":	5.500109,
				"seconds":	0.499995,
				"bytes":	917504,
				"bits_per_second":	14680211.001472,
				"retransmits":	0,
				"omitted":	false
			}
		}, {
			"streams":	[{
					"socket":	6,
					"start":	5.500109,
					"end":	6.000137,
					"seconds":	0.500028,
					"bytes":	917504,
					"bits_per_second":	14679238.046474,
					"retransmits":	0,
					"snd_cwnd":	568288,
					"rtt":	315729,
					"omitted":	false
				}],
			"sum":	{
				"start":	5.500109,
				"end":	6.000137,
				"seconds":	0.500028,
				"bytes":	917504,
				"bits_per_second":	14679238.046474,
				"retransmits":	0,
				"omitted":	false
			}
		}, {
			"streams":	[{
					"socket":	6,
					"start":	6.000137,
					"end":	6.500105,
					"seconds":	0.499968,
					"bytes":	917504,
					"bits_per_second":	14681002.059938,
					"retransmits":	0,
					"snd_cwnd":	610944,
					"rtt":	355492,
					"omitted":	false
				}],
			"sum":	{
				"start":	6.000137,
				"end":	6.500105,
				"seconds":	0.499968,
				"bytes":	917504,
				"bits_per_second":	14681002.059938,
				"retransmits":	0,
				"omitted":	false
			}
		}, {
			"streams":	[{
					"socket":	6,
					"start":	6.500105,
					"end":	7.000113,
					"seconds":	0.500008,
					"bytes":	1048576,
					"bits_per_second":	16776952.004154,
					"retransmits":	0,
					"snd_cwnd":	657728,
					"rtt":	326398,
					"omitted":	false
				}],
			"sum":	{
				"start":	6.500105,
				"end":	7.000113,
				"seconds":	0.500008,
				"bytes":	1048576,
				"bits_per_second":	16776952.004154,
				"retransmits":	0,
				"omitted":	false
			}
		}, {
			"streams":	[{
					"socket":	6,
					"start":	7.000113,
					"end":	7.500117,
					"seconds":	0.500004,
					"bytes":	1048576,
					"bits_per_second":	16777080.001102,
					"retransmits":	0,
					"snd_cwnd":	705888,
					"rtt":	338560,
					"omitted":	false
				}],
			"sum":	{
				"start":	7.000113,
				"end":	7.500117,
				"seconds":	0.500004,
				"bytes":	1048576,
				"bits_per_second":	16777080.001102,
				"retransmits":	0,
				"omitted":	false
			}
		}, {
			"streams":	[{
					"socket":	6,
					"start":	7.500117,
					"end":	8.000115,
					"seconds":	0.499998,
					"bytes":	1048576,
					"bits_per_second":	16777280.000244,
					"retransmits":	0,
					"snd_cwnd":	755424,
					"rtt":	359722,
					"omitted":	false
				}],