{
	"start":	{
		"connected":	[{
				"socket":	6,
				"local_host":	"10.3.0.4",
				"local_port":	5201,
				"remote_host":	"174.248.222.236",
				"remote_port":	3197
			}],
		"version":	"iperf 3.1.3",
		"system_info":	"Linux ratelimit-central 5.4.0-1046-azure #48~18.04.1-Ubuntu SMP Tue Apr 13 19:41:38 UTC 2021 x86_64",
		"timestamp":	{
			"time":	"Tue, 11 May 2021 01:16:35 GMT",
			"timesecs":	1620695795
		},
		"accepted_connection":	{
			"host":	"174.248.222.236",
			"port":	3196
		},
		"cookie":	"jjydxbu7x3shsvywvpxsin24svyw5udrfrkq",
		"tcp_mss_default":	1376,
		"test_start":	{
			"protocol":	"TCP",
			"num_streams":	1,
			"blksize":	131072,
			"omit":	0,
			"duration":	15,
			"bytes":	0,
			"blocks":	0,
			"reverse":	1
		}
	},
	"intervals":	[{
			"streams":	[{
					"socket":	6,
					"start":	0,
					"end":	0.500089,
					"seconds":	0.500089,
					"bytes":	418304,
					"bits_per_second":	6691670.626885,
					"retransmits":	0,
					"snd_cwnd":	57792,
					"rtt":	88242,
					"omitted":	false
				}],
			"sum":	{
				"start":	0,
				"end":	0.500089,
				"seconds":	0.500089,
				"bytes":	418304,
				"bits_per_second":	6691670.626885,
				"retransmits":	0,
				"omitted":	false
			}
		}, {
			"streams":	[{
					"socket":	6,
					"start":	0.500089,
					"end":	1.000166,
					"seconds":	0.500077,
					"bytes":	503616,
					"bits_per_second":	8056615.133011,
					"retransmits":	0,
					"snd_cwnd":	82560,
					"rtt":	69489,
					"omitted":	false
				}],
			"sum":	{
				"start":	0.500089,
				"end":	1.000166,
				"seconds":	0.500077,
				"bytes":	503616,
				"bits_per_second":	8056615.133011,
				"retransmits":	0,
				"omitted":	false
			}
		}, {
			"streams":	[{
					"socket":	6,
					"start":	1.000166,
					"end":	1.500144,
					"seconds":	0.499978,
					"bytes":	757504,
					"bits_per_second":	12120601.498445,
					"retransmits":	0,
					"snd_cwnd":	115584,
					"rtt":	67193,
					"omitted":	false
				}],
			"sum":	{
				"start":	1.000166,
				"end":	1.500144,
				"seconds":	0.499978,
				"bytes":	757504,
				"bits_per_second":	12120601.498445,
				"retransmits":	0,
				"omitted":	false
			}
		}, {
			"streams":	[{
					"socket":	6,
					"start":	1.500144,
					"end":	2.000130,
					"seconds":	0.499986,
					"bytes":	917504,
					"bits_per_second":	14680470.011229,
					"retransmits":	1,
					"snd_cwnd":	101824,
					"rtt":	61008,
					"omitted":	false
				}],
			"sum":	{
				"start":	1.500144,
				"end":	2.000130,
				"seconds":	0.499986,
				"bytes":	917504,
				"bits_per_second":	14680470.011229,
				"retransmits":	1,
				"omitted":	false
			}
		}, {
			"streams":	[{
					"socket":	6,
					"start":	2.000130,
					"end":	2.500115,
					"seconds":	0.499985,
					"bytes":	786432,
					"bits_per_second":	12583290.011356,
					"retransmits":	0,
					"snd_cwnd":	115584,
					"rtt":	71526,
					"omitted":	false
				}],
			"sum":	{
				"start":	2.000130,
				"end":	2.500115,
				"seconds":	0.499985,
				"bytes":	786432,
				"bits_per_second":	12583290.011356,
				"retransmits":	0,
				"omitted":	false
			}
		}, {
			"streams":	[{
					"socket":	6,
					"start":	2.500115,
					"end":	3.000132,
					"seconds":	0.500017,
					"bytes":	786432,
					"bits_per_second":	12582486.014422,
					"retransmits":	0,
					"snd_cwnd":	123840,
					"rtt":	98982,
					"omitted":	false
				}],
			"sum":	{
				"start":	2.500115,
				"end":	3.000132,
				"seconds":	0.500017,
				"bytes":	786432,
				"bits_per_second":	12582486.014422,
				"retransmits":	0,
				"omitted":	false
			}
		}, {
			"streams":	[{
					"socket":	6,
					"start":	3.000132,
					"end":	3.500116,
					"seconds":	0.499984,
					"bytes":	786432,
					"bits_per_second":	12583314.012844,
					"retransmits":	0,
					"snd_cwnd":	132096,
					"rtt":	70929,
					"omitted":	false
				}],
			"sum":	{
				"start":	3.000132,
				"end":	3.500116,
				"seconds":	0.499984,
				"bytes":	786432,
				"bits_per_second":	12583314.012844,
				"retransmits":	0,
				"omitted":	false
			}
		}, {
			"streams":	[{
					"socket":	6,
					"start":	3.500116,
					"end":	4.000161,
					"seconds":	0.500045,
					"bytes":	655360,
					"bits_per_second":	10484815.085158,
					"retransmits":	0,
					"snd_cwnd":	136224,
					"rtt":	151869,
					"omitted":	false
				}],
			"sum":	{
				"start":	3.500116,
				"end":	4.000161,
				"seconds":	0.500045,
				"bytes":	655360,
				"bits_per_second":	10484815.085158,
				"retransmits":	0,
				"omitted":	false
			}
		}, {
			"streams":	[{
					"socket":	6,
					"start":	4.000161,
					"end":	4.500117,
					"seconds":	0.499956,
					"bytes":	1048576,
					"bits_per_second":	16778696.130570,
					"retransmits":	0,
					"snd_cwnd":	138976,
					"rtt":	65752,
					"omitted":	false
				}],
			"sum":	{
				"start":	4.000161,
				"end":	4.500117,
				"seconds":	0.499956,
				"bytes":	1048576,
				"bits_per_second":	16778696.130570,
				"retransmits":	0,
				"omitted":	false
			}
		}, {
			"streams":	[{
					"socket":	6,
					"start":	4.500117,
					"end":	5.000119,
					"seconds":	0.500002,
					"bytes":	917504,
					"bits_per_second":	14680008.000214,
					"retransmits":	0,
					"snd_cwnd":	140352,
					"rtt":	69101,
					"omitted":	false
				}],
			"sum":	{
				"start":	4.500117,
				"end":	5.000119,
				"seconds":	0.500002,
				"bytes":	917504,
				"bits_per_second":	14680008.000214,
				"retransmits":	0,
				"omitted":	false
			}
		}, {
			"streams":	[{
					"socket":	6,
					"start":	5.000119,
					"end":	5.500128,
					"seconds":	0.500009,
					"bytes":	1048576,
					"bits_per_second":	16776912.005508,
					"retransmits":	0,
					"snd_cwnd":	140352,
					"rtt":	64478,
					"omitted":	false
				}],
			"sum":	{
				"start":	5.000119,
				"end":	5.500128,
				"seconds":	0.500009,
				"bytes":	1048576,
				"bits_per_second":	16776912.005508,
				"retransmits":	0,
				"omitted":	false
			}
		}, {
			"streams":	[{
					"socket":	6,
					"start":	5.500128,
					"end":	6.000106,
					"seconds":	0.499978,
					"bytes":	1048576,
					"bits_per_second":	16777952.032289,
					"retransmits":	0,
					"snd_cwnd":	140352,
					"rtt":	67542,
					"omitted":	false
				}],
			"sum":	{
				"start":	5.500128,
				"end":	6.000106,
				"seconds":	0.499978,
				"bytes":	1048576,
				"bits_per_second":	16777952.032289,
				"retransmits":	0,
				"omitted":	false
			}
		}, {
			"streams":	[{
					"socket":	6,
					"start":	6.000106,
					"end":	6.500153,
					"seconds":	0.500047,
					"bytes":	917504,
					"bits_per_second":	14678685.129527,
					"retransmits":	0,
					"snd_cwnd":	143104,
					"rtt":	66377,
					"omitted":	false
				}],
			"sum":	{
				"start":	6.000106,
				"end":	6.500153,
				"seconds":	0.500047,
				"bytes":	917504,
				"bits_per_second":	14678685.129527,
				"retransmits":	0,
				"omitted":	false
			}
		}, {
			"streams":	[{
					"socket":	6,
					"start":	6.500153,
					"end":	7.000105,
					"seconds":	0.499952,
					"bytes":	917504,
					"bits_per_second":	14681471.134866,
					"retransmits":	0,
					"snd_cwnd":	148608,
					"rtt":	78317,
					"omitted":	false
				}],
			"sum":	{
				"start":	6.500153,
				"end":	7.000105,
				"seconds":	0.499952,
				"bytes":	917504,
				"bits_per_second":	14681471.134866,
				"retransmits":	0,
				"omitted":	false
			}
		}, {
			"streams":	[{
					"socket":	6,
					"start":	7.000105,
					"end":	7.500090,
					"seconds":	0.499985,
					"bytes":	1048576,
					"bits_per_second":	16777720.015141,
					"retransmits":	0,
					"snd_cwnd":	152736,
					"rtt":	70684,
					"omitted":	false
				}],
			"sum":	{
				"start":	7.000105,
				"end":	7.500090,
				"seconds":	0.499985,
				"bytes":	1048576,
				"bits_per_second":	16777720.015141,
				"retransmits":	0,
				"omitted":	false
			}
		}, {
			"streams":	[{
					"socket":	6,
					"start":	7.500090,
					"end":	8.000108,
					"seconds":	0.500018,
					"bytes":	1179648,
					"bits_per_second":	18873693.024139,
					"retransmits":	0,
					"snd_cwnd":	158240,
					"rtt":	67819,
					"omitted":	false
				}],